window_id,source_id,strategy_authority,strategy_fear,imp_public,imp_financial,strategy_info_extraction_sem,sensitive_info_request_sem,auth_info_request_sem,strategy_diversity_sem,action_diversity_sem,ix_identityclaim_authority_sem,ix_info_sensitive_sem,signal_family_count_delta_sem,y_phishing,split,window_count_in_case,sample_weight_case_equal
normal_21-1_bk_01_000455__w0000,normal_21-1_bk_01_000455,0,1,0,1,0,0,0,1,0,0,0,0.0,0,train,2,0.5
normal_21-1_bk_01_000455__w0001,normal_21-1_bk_01_000455,0,1,0,0,0,0,0,1,0,0,0,-1.0,0,train,2,0.5
normal_21-1_bk_01_003183__w0000,normal_21-1_bk_01_003183,0,0,0,1,1,0,1,1,1,0,0,0.0,0,train,3,0.3333333333333333
normal_21-1_bk_01_003183__w0001,normal_21-1_bk_01_003183,0,0,0,0,1,0,1,1,1,0,0,-1.0,0,train,3,0.3333333333333333
normal_21-1_bk_01_003183__w0002,normal_21-1_bk_01_003183,0,0,0,0,0,0,0,0,0,0,0,-2.0,0,train,3,0.3333333333333333
normal_21-1_bk_01_005083__w0000,normal_21-1_bk_01_005083,0,0,0,1,0,0,0,0,0,0,0,0.0,0,train,9,0.1111111111111111
normal_21-1_bk_01_005083__w0001,normal_21-1_bk_01_005083,0,0,0,0,0,0,0,0,0,0,0,-1.0,0,train,9,0.1111111111111111
normal_21-1_bk_01_005083__w0002,normal_21-1_bk_01_005083,0,0,0,0,0,0,0,0,0,0,0,0.0,0,train,9,0.1111111111111111
normal_21-1_bk_01_005083__w0003,normal_21-1_bk_01_005083,0,0,0,0,0,0,0,0,0,0,0,0.0,0,train,9,0.1111111111111111
normal_21-1_bk_01_005083__w0004,normal_21-1_bk_01_005083,0,0,0,0,1,0,1,1,1,0,0,2.0,0,train,9,0.1111111111111111
normal_21-1_bk_01_005083__w0005,normal_21-1_bk_01_005083,0,0,0,0,1,0,1,1,1,0,0,0.0,0,train,9,0.1111111111111111
normal_21-1_bk_01_005083__w0006,normal_21-1_bk_01_005083,0,0,0,0,0,0,0,0,0,0,0,-2.0,0,train,9,0.1111111111111111
normal_21-1_bk_01_005083__w0007,normal_21-1_bk_01_005083,0,0,0,0,0,0,0,0,0,0,0,0.0,0,train,9,0.1111111111111111
normal_21-1_bk_01_005083__w0008,normal_21-1_bk_01_005083,0,0,0,0,0,0,0,0,0,0,0,0.0,0,train,9,0.1111111111111111
normal_21-1_bk_01_010610__w0000,normal_21-1_bk_01_010610,0,0,0,1,0,0,0,0,0,0,0,0.0,0,train,2,0.5
normal_21-1_bk_01_010610__w0001,normal_21-1_bk_01_010610,0,0,0,0,0,0,0,0,0,0,0,-1.0,0,train,2,0.5
normal_21-1_bk_01_010758__w0000,normal_21-1_bk_01_010758,0,0,0,1,0,0,0,0,0,0,0,0.0,0,validation,5,0.2
normal_21-1_bk_01_010758__w0001,normal_21-1_bk_01_010758,0,0,0,0,0,0,0,0,0,0,0,-1.0,0,validation,5,0.2
normal_21-1_bk_01_010758__w0002,normal_21-1_bk_01_010758,0,0,0,0,1,0,0,1,0,0,0,1.0,0,validation,5,0.2
normal_21-1_bk_01_010758__w0003,normal_21-1_bk_01_010758,0,0,0,0,1,0,0,1,0,0,0,0.0,0,validation,5,0.2
normal_21-1_bk_01_010758__w0004,normal_21-1_bk_01_010758,0,0,0,0,0,0,0,0,0,0,0,-1.0,0,validation,5,0.2
normal_21-1_bk_01_011826__w0000,normal_21-1_bk_01_011826,0,0,0,1,0,0,0,0,0,0,0,0.0,0,validation,5,0.2
normal_21-1_bk_01_011826__w0001,normal_21-1_bk_01_011826,0,0,0,0,1,0,1,1,1,0,0,1.0,0,validation,5,0.2
normal_21-1_bk_01_011826__w0002,normal_21-1_bk_01_011826,0,0,0,0,1,0,1,1,1,0,0,0.0,0,validation,5,0.2
normal_21-1_bk_01_011826__w0003,normal_21-1_bk_01_011826,0,0,0,0,1,0,1,1,1,0,0,0.0,0,validation,5,0.2
normal_21-1_bk_01_011826__w0004,normal_21-1_bk_01_011826,0,0,0,0,0,0,0,0,0,0,0,-2.0,0,validation,5,0.2
normal_21-1_bk_01_014751__w0000,normal_21-1_bk_01_014751,0,0,0,1,1,0,0,1,0,0,0,0.0,0,test,5,0.2
normal_21-1_bk_01_014751__w0001,normal_21-1_bk_01_014751,0,0,0,0,1,0,1,1,1,0,0,0.0,0,test,5,0.2
normal_21-1_bk_01_014751__w0002,normal_21-1_bk_01_014751,0,0,0,0,1,0,1,1,1,0,0,0.0,0,test,5,0.2
normal_21-1_bk_01_014751__w0003,normal_21-1_bk_01_014751,0,0,0,0,0,0,0,0,0,0,0,-2.0,0,test,5,0.2
normal_21-1_bk_01_014751__w0004,normal_21-1_bk_01_014751,0,0,0,0,0,0,0,0,0,0,0,0.0,0,test,5,0.2
normal_21-1_bk_01_015893__w0000,normal_21-1_bk_01_015893,0,0,0,1,0,0,0,0,0,0,0,0.0,0,train,1,1.0
normal_21-1_bk_01_017755__w0000,normal_21-1_bk_01_017755,0,0,0,1,0,0,0,0,0,0,0,0.0,0,train,4,0.25
normal_21-1_bk_01_017755__w0001,normal_21-1_bk_01_017755,0,0,0,0,0,0,0,1,1,0,0,1.0,0,train,4,0.25
normal_21-1_bk_01_017755__w0002,normal_21-1_bk_01_017755,0,0,0,0,0,0,0,1,1,0,0,0.0,0,train,4,0.25
normal_21-1_bk_01_017755__w0003,normal_21-1_bk_01_017755,0,0,0,0,0,0,0,0,0,0,0,-2.0,0,train,4,0.25
normal_21-1_bk_01_017911__w0000,normal_21-1_bk_01_017911,0,0,0,1,0,0,0,0,0,0,0,0.0,0,train,5,0.2
normal_21-1_bk_01_017911__w0001,normal_21-1_bk_01_017911,0,0,0,0,0,0,0,0,0,0,0,-1.0,0,train,5,0.2
normal_21-1_bk_01_017911__w0002,normal_21-1_bk_01_017911,0,0,0,0,0,0,0,0,0,0,0,0.0,0,train,5,0.2
normal_21-1_bk_01_017911__w0003,normal_21-1_bk_01_017911,0,0,0,0,0,0,0,0,0,0,0,0.0,0,train,5,0.2
normal_21-1_bk_01_017911__w0004,normal_21-1_bk_01_017911,0,0,0,0,0,0,0,0,0,0,0,0.0,0,train,5,0.2
normal_21-1_bk_01_018381__w0000,normal_21-1_bk_01_018381,0,0,0,1,0,0,0,0,0,0,0,0.0,0,test,7,0.14285714285714285
normal_21-1_bk_01_018381__w0001,normal_21-1_bk_01_018381,0,0,0,1,1,0,1,2,1,0,0,3.0,0,test,7,0.14285714285714285
normal_21-1_bk_01_018381__w0002,normal_21-1_bk_01_018381,0,0,0,0,1,0,1,2,1,0,0,-1.0,0,test,7,0.14285714285714285
normal_21-1_bk_01_018381__w0003,normal_21-1_bk_01_018381,0,0,0,0,0,0,0,0,0,0,0,-3.0,0,test,7,0.14285714285714285
normal_21-1_bk_01_018381__w0004,normal_21-1_bk_01_018381,0,0,0,0,0,0,0,0,0,0,0,0.0,0,test,7,0.14285714285714285
normal_21-1_bk_01_018381__w0005,normal_21-1_bk_01_018381,0,0,0,0,0,0,0,0,0,0,0,0.0,0,test,7,0.14285714285714285
normal_21-1_bk_01_018381__w0006,normal_21-1_bk_01_018381,0,0,0,0,0,0,0,0,0,0,0,0.0,0,test,7,0.14285714285714285
normal_21-1_bk_01_020476__w0000,normal_21-1_bk_01_020476,0,0,0,1,1,0,0,2,0,0,0,0.0,0,train,3,0.3333333333333333
normal_21-1_bk_01_020476__w0001,normal_21-1_bk_01_020476,0,0,0,0,1,0,1,2,1,0,0,0.0,0,train,3,0.3333333333333333
normal_21-1_bk_01_020476__w0002,normal_21-1_bk_01_020476,0,0,0,0,1,0,1,1,1,0,0,-1.0,0,train,3,0.3333333333333333
normal_21-1_bk_01_022058__w0000,normal_21-1_bk_01_022058,0,0,0,0,1,0,0,1,0,0,0,0.0,0,train,11,0.09090909090909091
normal_21-1_bk_01_022058__w0001,normal_21-1_bk_01_022058,0,0,0,0,1,0,0,1,0,0,0,0.0,0,train,11,0.09090909090909091
normal_21-1_bk_01_022058__w0002,normal_21-1_bk_01_022058,0,0,0,0,0,0,0,0,0,0,0,-1.0,0,train,11,0.09090909090909091
normal_21-1_bk_01_022058__w0003,normal_21-1_bk_01_022058,0,0,0,0,1,0,1,1,1,0,0,2.0,0,train,11,0.09090909090909091
normal_21-1_bk_01_022058__w0004,normal_21-1_bk_01_022058,0,0,0,0,1,0,1,1,1,0,0,0.0,0,train,11,0.09090909090909091
normal_21-1_bk_01_022058__w0005,normal_21-1_bk_01_022058,0,0,0,0,1,0,0,1,0,0,0,-1.0,0,train,11,0.09090909090909091
normal_21-1_bk_01_022058__w0006,normal_21-1_bk_01_022058,0,0,0,0,0,0,0,0,0,0,0,-1.0,0,train,11,0.09090909090909091
normal_21-1_bk_01_022058__w0007,normal_21-1_bk_01_022058,0,0,0,0,0,0,0,0,0,0,0,0.0,0,train,11,0.09090909090909091
normal_21-1_bk_01_022058__w0008,normal_21-1_bk_01_022058,0,0,0,0,0,0,0,0,0,0,0,0.0,0,train,11,0.09090909090909091
normal_21-1_bk_01_022058__w0009,normal_21-1_bk_01_022058,0,0,0,0,0,0,0,0,0,0,0,0.0,0,train,11,0.09090909090909091
normal_21-1_bk_01_022058__w0010,normal_21-1_bk_01_022058,0,0,0,0,0,0,0,0,0,0,0,0.0,0,train,11,0.09090909090909091
normal_21-1_bk_01_025338__w0000,normal_21-1_bk_01_025338,0,0,0,1,0,0,0,0,0,0,0,0.0,0,validation,4,0.25
normal_21-1_bk_01_025338__w0001,normal_21-1_bk_01_025338,0,0,0,0,0,0,0,0,0,0,0,-1.0,0,validation,4,0.25
normal_21-1_bk_01_025338__w0002,normal_21-1_bk_01_025338,0,0,0,0,0,0,0,0,0,0,0,0.0,0,validation,4,0.25
normal_21-1_bk_01_025338__w0003,normal_21-1_bk_01_025338,0,0,0,0,0,0,0,0,0,0,0,0.0,0,validation,4,0.25
normal_21-1_bk_01_025728__w0000,normal_21-1_bk_01_025728,0,0,0,1,1,0,0,1,0,0,0,0.0,0,train,3,0.3333333333333333
normal_21-1_bk_01_025728__w0001,normal_21-1_bk_01_025728,0,0,0,0,1,0,1,1,1,0,0,0.0,0,train,3,0.3333333333333333
normal_21-1_bk_01_025728__w0002,normal_21-1_bk_01_025728,0,0,0,0,1,0,1,1,1,0,0,0.0,0,train,3,0.3333333333333333
normal_21-1_bk_01_029392__w0000,normal_21-1_bk_01_029392,0,0,0,1,0,0,0,0,0,0,0,0.0,0,validation,6,0.16666666666666666
normal_21-1_bk_01_029392__w0001,normal_21-1_bk_01_029392,0,0,0,0,0,0,0,0,0,0,0,-1.0,0,validation,6,0.16666666666666666
normal_21-1_bk_01_029392__w0002,normal_21-1_bk_01_029392,0,0,0,0,1,1,0,1,1,0,1,2.0,0,validation,6,0.16666666666666666
normal_21-1_bk_01_029392__w0003,normal_21-1_bk_01_029392,0,0,0,0,1,1,1,1,2,0,1,1.0,0,validation,6,0.16666666666666666
normal_21-1_bk_01_029392__w0004,normal_21-1_bk_01_029392,0,0,0,0,1,0,1,1,1,0,0,-1.0,0,validation,6,0.16666666666666666
normal_21-1_bk_01_029392__w0005,normal_21-1_bk_01_029392,0,0,0,0,0,0,0,0,0,0,0,-2.0,0,validation,6,0.16666666666666666
normal_21-1_bk_01_031345__w0000,normal_21-1_bk_01_031345,0,0,0,1,0,0,0,0,0,0,0,0.0,0,train,2,0.5
normal_21-1_bk_01_031345__w0001,normal_21-1_bk_01_031345,0,0,0,0,0,0,0,0,0,0,0,-1.0,0,train,2,0.5
normal_21-1_bk_01_031720__w0000,normal_21-1_bk_01_031720,0,0,0,1,0,0,0,0,0,0,0,0.0,0,train,3,0.3333333333333333
normal_21-1_bk_01_031720__w0001,normal_21-1_bk_01_031720,0,0,0,0,0,0,0,0,0,0,0,0.0,0,train,3,0.3333333333333333
normal_21-1_bk_01_031720__w0002,normal_21-1_bk_01_031720,0,0,0,0,0,0,0,0,0,0,0,-1.0,0,train,3,0.3333333333333333
normal_21-1_bk_02_010934__w0000,normal_21-1_bk_02_010934,0,0,0,1,0,0,0,0,0,0,0,0.0,0,validation,4,0.25
normal_21-1_bk_02_010934__w0001,normal_21-1_bk_02_010934,0,0,0,0,0,0,0,0,0,0,0,-1.0,0,validation,4,0.25
normal_21-1_bk_02_010934__w0002,normal_21-1_bk_02_010934,0,0,0,0,0,0,0,0,0,0,0,0.0,0,validation,4,0.25
normal_21-1_bk_02_010934__w0003,normal_21-1_bk_02_010934,0,0,0,0,0,0,0,0,0,0,0,0.0,0,validation,4,0.25
normal_21-1_bk_02_024375__w0000,normal_21-1_bk_02_024375,0,0,0,1,0,0,0,0,0,0,0,0.0,0,train,9,0.1111111111111111
normal_21-1_bk_02_024375__w0001,normal_21-1_bk_02_024375,0,0,0,0,0,0,0,0,0,0,0,-1.0,0,train,9,0.1111111111111111
normal_21-1_bk_02_024375__w0002,normal_21-1_bk_02_024375,0,0,0,1,0,0,0,0,0,0,0,1.0,0,train,9,0.1111111111111111
normal_21-1_bk_02_024375__w0003,normal_21-1_bk_02_024375,0,0,0,1,0,0,0,0,0,0,0,0.0,0,train,9,0.1111111111111111
normal_21-1_bk_02_024375__w0004,normal_21-1_bk_02_024375,0,0,0,0,0,0,0,0,0,0,0,-1.0,0,train,9,0.1111111111111111
normal_21-1_bk_02_024375__w0005,normal_21-1_bk_02_024375,0,0,0,0,0,0,0,0,0,0,0,0.0,0,train,9,0.1111111111111111
normal_21-1_bk_02_024375__w0006,normal_21-1_bk_02_024375,0,0,0,0,0,0,0,0,0,0,0,0.0,0,train,9,0.1111111111111111
normal_21-1_bk_02_024375__w0007,normal_21-1_bk_02_024375,0,0,0,0,0,0,0,0,0,0,0,0.0,0,train,9,0.1111111111111111
normal_21-1_bk_02_024375__w0008,normal_21-1_bk_02_024375,0,0,0,0,0,0,0,0,0,0,0,0.0,0,train,9,0.1111111111111111
normal_21-1_bk_02_026313__w0000,normal_21-1_bk_02_026313,0,0,0,0,0,0,0,0,0,0,0,0.0,0,validation,4,0.25
normal_21-1_bk_02_026313__w0001,normal_21-1_bk_02_026313,0,0,0,0,0,0,0,0,0,0,0,0.0,0,validation,4,0.25
normal_21-1_bk_02_026313__w0002,normal_21-1_bk_02_026313,0,0,0,0,0,0,0,0,0,0,0,0.0,0,validation,4,0.25
normal_21-1_bk_02_026313__w0003,normal_21-1_bk_02_026313,0,0,0,0,1,0,1,1,1,0,0,2.0,0,validation,4,0.25
normal_21-1_bk_02_028892__w0000,normal_21-1_bk_02_028892,0,0,0,1,0,0,0,0,0,0,0,0.0,0,train,5,0.2
normal_21-1_bk_02_028892__w0001,normal_21-1_bk_02_028892,0,0,0,1,0,0,0,0,0,0,0,0.0,0,train,5,0.2
normal_21-1_bk_02_028892__w0002,normal_21-1_bk_02_028892,0,0,0,0,0,0,0,0,0,0,0,-1.0,0,train,5,0.2
normal_21-1_bk_02_028892__w0003,normal_21-1_bk_02_028892,0,0,0,0,0,0,0,0,0,0,0,0.0,0,train,5,0.2
normal_21-1_bk_02_028892__w0004,normal_21-1_bk_02_028892,0,0,0,0,0,0,0,0,0,0,0,0.0,0,train,5,0.2
normal_21-1_bk_02_031087__w0000,normal_21-1_bk_02_031087,0,0,0,1,0,0,0,0,0,0,0,0.0,0,validation,4,0.25
normal_21-1_bk_02_031087__w0001,normal_21-1_bk_02_031087,0,0,0,1,0,0,0,0,0,0,0,0.0,0,validation,4,0.25
normal_21-1_bk_02_031087__w0002,normal_21-1_bk_02_031087,0,0,0,1,0,0,0,0,0,0,0,0.0,0,validation,4,0.25
normal_21-1_bk_02_031087__w0003,normal_21-1_bk_02_031087,0,0,0,0,0,0,0,0,0,0,0,-1.0,0,validation,4,0.25
normal_21-1_bk_02_032255__w0000,normal_21-1_bk_02_032255,0,0,0,1,0,0,0,0,0,0,0,0.0,0,train,4,0.25
normal_21-1_bk_02_032255__w0001,normal_21-1_bk_02_032255,0,0,0,0,1,0,1,1,1,0,0,1.0,0,train,4,0.25
normal_21-1_bk_02_032255__w0002,normal_21-1_bk_02_032255,0,0,0,0,1,0,1,1,1,0,0,0.0,0,train,4,0.25
normal_21-1_bk_02_032255__w0003,normal_21-1_bk_02_032255,0,0,0,0,0,0,0,0,0,0,0,-2.0,0,train,4,0.25
normal_21-1_bk_03_001966__w0000,normal_21-1_bk_03_001966,0,0,0,0,0,0,0,0,0,0,0,0.0,0,train,3,0.3333333333333333
normal_21-1_bk_03_001966__w0001,normal_21-1_bk_03_001966,0,0,0,0,0,0,0,0,0,0,0,0.0,0,train,3,0.3333333333333333
normal_21-1_bk_03_001966__w0002,normal_21-1_bk_03_001966,0,0,0,0,0,0,0,0,0,0,0,0.0,0,train,3,0.3333333333333333
normal_21-1_bk_03_003075__w0000,normal_21-1_bk_03_003075,0,0,0,0,0,0,0,0,0,0,0,0.0,0,validation,4,0.25
normal_21-1_bk_03_003075__w0001,normal_21-1_bk_03_003075,0,0,0,0,1,0,0,1,0,0,0,1.0,0,validation,4,0.25
normal_21-1_bk_03_003075__w0002,normal_21-1_bk_03_003075,0,0,0,1,1,0,0,1,0,0,0,1.0,0,validation,4,0.25
normal_21-1_bk_03_003075__w0003,normal_21-1_bk_03_003075,0,0,0,1,0,0,0,0,0,0,0,-1.0,0,validation,4,0.25
normal_21-1_bk_03_004472__w0000,normal_21-1_bk_03_004472,0,0,0,0,0,0,0,0,0,0,0,0.0,0,test,1,1.0
normal_21-1_bk_03_004541__w0000,normal_21-1_bk_03_004541,0,0,0,1,0,0,0,0,0,0,0,0.0,0,train,6,0.16666666666666666
normal_21-1_bk_03_004541__w0001,normal_21-1_bk_03_004541,0,0,0,0,0,0,0,0,0,0,0,-1.0,0,train,6,0.16666666666666666
normal_21-1_bk_03_004541__w0002,normal_21-1_bk_03_004541,0,0,0,0,0,0,0,0,0,0,0,0.0,0,train,6,0.16666666666666666
normal_21-1_bk_03_004541__w0003,normal_21-1_bk_03_004541,0,0,0,0,0,0,0,0,0,0,0,0.0,0,train,6,0.16666666666666666
normal_21-1_bk_03_004541__w0004,normal_21-1_bk_03_004541,0,0,0,0,0,0,0,0,0,0,0,0.0,0,train,6,0.16666666666666666
normal_21-1_bk_03_004541__w0005,normal_21-1_bk_03_004541,0,0,0,0,0,0,0,0,0,0,0,0.0,0,train,6,0.16666666666666666
normal_21-1_bk_03_004628__w0000,normal_21-1_bk_03_004628,0,0,0,1,0,0,0,0,0,0,0,0.0,0,train,6,0.16666666666666666
normal_21-1_bk_03_004628__w0001,normal_21-1_bk_03_004628,0,0,0,0,1,0,1,1,1,0,0,1.0,0,train,6,0.16666666666666666
normal_21-1_bk_03_004628__w0002,normal_21-1_bk_03_004628,0,0,0,0,1,0,1,1,1,0,0,0.0,0,train,6,0.16666666666666666
normal_21-1_bk_03_004628__w0003,normal_21-1_bk_03_004628,0,0,0,0,1,0,1,1,1,0,0,0.0,0,train,6,0.16666666666666666
normal_21-1_bk_03_004628__w0004,normal_21-1_bk_03_004628,0,0,0,0,0,0,0,0,0,0,0,-2.0,0,train,6,0.16666666666666666
normal_21-1_bk_03_004628__w0005,normal_21-1_bk_03_004628,0,0,0,0,0,0,0,0,0,0,0,0.0,0,train,6,0.16666666666666666
normal_21-1_bk_03_007200__w0000,normal_21-1_bk_03_007200,0,0,0,1,0,0,0,0,0,0,0,0.0,0,train,7,0.14285714285714285
normal_21-1_bk_03_007200__w0001,normal_21-1_bk_03_007200,0,0,0,0,0,0,0,0,0,0,0,-1.0,0,train,7,0.14285714285714285
normal_21-1_bk_03_007200__w0002,normal_21-1_bk_03_007200,0,0,0,0,0,0,0,0,0,0,0,0.0,0,train,7,0.14285714285714285
normal_21-1_bk_03_007200__w0003,normal_21-1_bk_03_007200,0,0,0,1,0,0,0,0,0,0,0,1.0,0,train,7,0.14285714285714285
normal_21-1_bk_03_007200__w0004,normal_21-1_bk_03_007200,0,0,0,1,0,0,0,0,0,0,0,0.0,0,train,7,0.14285714285714285
normal_21-1_bk_03_007200__w0005,normal_21-1_bk_03_007200,0,0,0,1,0,0,0,0,0,0,0,0.0,0,train,7,0.14285714285714285
normal_21-1_bk_03_007200__w0006,normal_21-1_bk_03_007200,0,0,0,0,0,0,0,0,0,0,0,-1.0,0,train,7,0.14285714285714285
normal_21-1_bk_03_009209__w0000,normal_21-1_bk_03_009209,0,0,0,1,0,0,0,0,0,0,0,0.0,0,validation,11,0.09090909090909091
normal_21-1_bk_03_009209__w0001,normal_21-1_bk_03_009209,0,0,0,0,0,0,0,0,0,0,0,-1.0,0,validation,11,0.09090909090909091
normal_21-1_bk_03_009209__w0002,normal_21-1_bk_03_009209,0,0,0,0,0,0,0,0,0,0,0,0.0,0,validation,11,0.09090909090909091
normal_21-1_bk_03_009209__w0003,normal_21-1_bk_03_009209,0,0,0,0,1,1,0,1,1,0,1,2.0,0,validation,11,0.09090909090909091
normal_21-1_bk_03_009209__w0004,normal_21-1_bk_03_009209,0,0,0,0,1,1,0,1,1,0,1,0.0,0,validation,11,0.09090909090909091
normal_21-1_bk_03_009209__w0005,normal_21-1_bk_03_009209,0,0,0,0,0,0,0,0,0,0,0,-2.0,0,validation,11,0.09090909090909091
normal_21-1_bk_03_009209__w0006,normal_21-1_bk_03_009209,0,0,0,0,0,0,0,0,0,0,0,0.0,0,validation,11,0.09090909090909091
normal_21-1_bk_03_009209__w0007,normal_21-1_bk_03_009209,0,0,0,0,0,0,0,0,0,0,0,0.0,0,validation,11,0.09090909090909091
normal_21-1_bk_03_009209__w0008,normal_21-1_bk_03_009209,0,0,0,0,0,0,0,0,0,0,0,0.0,0,validation,11,0.09090909090909091
normal_21-1_bk_03_009209__w0009,normal_21-1_bk_03_009209,0,0,0,0,0,0,0,0,0,0,0,0.0,0,validation,11,0.09090909090909091
normal_21-1_bk_03_009209__w0010,normal_21-1_bk_03_009209,0,0,0,0,0,0,0,0,0,0,0,0.0,0,validation,11,0.09090909090909091
normal_21-1_bk_03_013806__w0000,normal_21-1_bk_03_013806,0,0,0,0,0,0,0,0,0,0,0,0.0,0,train,7,0.14285714285714285
normal_21-1_bk_03_013806__w0001,normal_21-1_bk_03_013806,0,0,0,0,0,0,0,0,0,0,0,0.0,0,train,7,0.14285714285714285
normal_21-1_bk_03_013806__w0002,normal_21-1_bk_03_013806,0,0,0,0,0,0,0,0,0,0,0,0.0,0,train,7,0.14285714285714285
normal_21-1_bk_03_013806__w0003,normal_21-1_bk_03_013806,0,0,0,0,0,0,0,0,0,0,0,0.0,0,train,7,0.14285714285714285
normal_21-1_bk_03_013806__w0004,normal_21-1_bk_03_013806,0,0,0,0,0,0,0,0,0,0,0,0.0,0,train,7,0.14285714285714285
normal_21-1_bk_03_013806__w0005,normal_21-1_bk_03_013806,0,0,0,0,0,0,0,0,0,0,0,0.0,0,train,7,0.14285714285714285
normal_21-1_bk_03_013806__w0006,normal_21-1_bk_03_013806,0,0,0,0,0,0,0,0,0,0,0,0.0,0,train,7,0.14285714285714285
normal_21-1_bk_03_014535__w0000,normal_21-1_bk_03_014535,0,0,0,0,0,0,0,0,0,0,0,0.0,0,train,1,1.0
normal_21-1_bk_03_018048__w0000,normal_21-1_bk_03_018048,0,0,0,1,0,0,0,0,0,0,0,0.0,0,train,2,0.5
normal_21-1_bk_03_018048__w0001,normal_21-1_bk_03_018048,0,0,0,0,0,0,0,0,0,0,0,-1.0,0,train,2,0.5
normal_21-1_bk_03_018059__w0000,normal_21-1_bk_03_018059,0,0,0,1,1,0,0,1,0,0,0,0.0,0,train,3,0.3333333333333333
normal_21-1_bk_03_018059__w0001,normal_21-1_bk_03_018059,0,0,0,0,1,0,1,1,1,0,0,0.0,0,train,3,0.3333333333333333
normal_21-1_bk_03_018059__w0002,normal_21-1_bk_03_018059,0,0,0,0,1,0,1,1,1,0,0,0.0,0,train,3,0.3333333333333333
normal_21-1_bk_03_020293__w0000,normal_21-1_bk_03_020293,0,0,0,1,0,0,0,0,0,0,0,0.0,0,train,4,0.25
normal_21-1_bk_03_020293__w0001,normal_21-1_bk_03_020293,0,0,0,0,0,0,0,0,0,0,0,-1.0,0,train,4,0.25
normal_21-1_bk_03_020293__w0002,normal_21-1_bk_03_020293,0,0,0,0,0,0,0,0,0,0,0,0.0,0,train,4,0.25
normal_21-1_bk_03_020293__w0003,normal_21-1_bk_03_020293,0,0,0,0,0,0,0,0,0,0,0,0.0,0,train,4,0.25
normal_21-1_bk_03_022557__w0000,normal_21-1_bk_03_022557,0,0,0,1,0,0,0,0,0,0,0,0.0,0,test,3,0.3333333333333333
normal_21-1_bk_03_022557__w0001,normal_21-1_bk_03_022557,0,0,0,0,1,0,1,1,1,0,0,1.0,0,test,3,0.3333333333333333
normal_21-1_bk_03_022557__w0002,normal_21-1_bk_03_022557,0,0,0,0,1,0,1,1,1,0,0,0.0,0,test,3,0.3333333333333333
normal_21-1_bk_03_023434__w0000,normal_21-1_bk_03_023434,0,0,0,1,0,0,0,0,0,0,0,0.0,0,train,2,0.5
normal_21-1_bk_03_023434__w0001,normal_21-1_bk_03_023434,0,0,0,0,0,0,0,0,0,0,0,-1.0,0,train,2,0.5
normal_21-1_bk_03_024160__w0000,normal_21-1_bk_03_024160,0,0,0,1,0,0,0,0,0,0,0,0.0,0,train,4,0.25
normal_21-1_bk_03_024160__w0001,normal_21-1_bk_03_024160,0,0,0,0,1,0,1,1,1,0,0,1.0,0,train,4,0.25
normal_21-1_bk_03_024160__w0002,normal_21-1_bk_03_024160,0,0,0,0,1,0,1,1,1,0,0,0.0,0,train,4,0.25
normal_21-1_bk_03_024160__w0003,normal_21-1_bk_03_024160,0,0,0,0,0,0,0,0,0,0,0,-2.0,0,train,4,0.25
normal_21-1_bk_03_025727__w0000,normal_21-1_bk_03_025727,0,0,0,0,0,0,0,0,0,0,0,0.0,0,train,4,0.25
normal_21-1_bk_03_025727__w0001,normal_21-1_bk_03_025727,0,0,0,0,0,0,0,0,0,0,0,0.0,0,train,4,0.25
normal_21-1_bk_03_025727__w0002,normal_21-1_bk_03_025727,0,0,0,0,0,0,0,0,0,0,0,0.0,0,train,4,0.25
normal_21-1_bk_03_025727__w0003,normal_21-1_bk_03_025727,0,0,0,0,0,0,0,0,0,0,0,0.0,0,train,4,0.25
normal_21-1_bk_03_029316__w0000,normal_21-1_bk_03_029316,0,0,0,1,1,0,1,1,1,0,0,0.0,0,train,7,0.14285714285714285
normal_21-1_bk_03_029316__w0001,normal_21-1_bk_03_029316,0,0,0,0,1,0,1,1,1,0,0,-1.0,0,train,7,0.14285714285714285
normal_21-1_bk_03_029316__w0002,normal_21-1_bk_03_029316,0,0,0,0,0,0,0,0,0,0,0,-2.0,0,train,7,0.14285714285714285
normal_21-1_bk_03_029316__w0003,normal_21-1_bk_03_029316,0,0,0,0,0,0,0,0,0,0,0,0.0,0,train,7,0.14285714285714285
normal_21-1_bk_03_029316__w0004,normal_21-1_bk_03_029316,0,0,0,0,0,0,0,0,0,0,0,0.0,0,train,7,0.14285714285714285
normal_21-1_bk_03_029316__w0005,normal_21-1_bk_03_029316,0,0,0,0,0,0,0,0,0,0,0,0.0,0,train,7,0.14285714285714285
normal_21-1_bk_03_029316__w0006,normal_21-1_bk_03_029316,0,0,0,0,0,0,0,0,0,0,0,0.0,0,train,7,0.14285714285714285
normal_21-1_bk_03_029557__w0000,normal_21-1_bk_03_029557,0,0,0,1,0,0,0,0,0,0,0,0.0,0,train,2,0.5
normal_21-1_bk_03_029557__w0001,normal_21-1_bk_03_029557,0,0,0,0,0,0,0,0,0,0,0,-1.0,0,train,2,0.5
normal_21-1_bk_03_032507__w0000,normal_21-1_bk_03_032507,0,0,0,0,0,0,0,0,0,0,0,0.0,0,test,4,0.25
normal_21-1_bk_03_032507__w0001,normal_21-1_bk_03_032507,0,0,0,0,0,0,0,0,0,0,0,0.0,0,test,4,0.25
normal_21-1_bk_03_032507__w0002,normal_21-1_bk_03_032507,0,0,0,0,0,0,0,0,0,0,0,0.0,0,test,4,0.25
normal_21-1_bk_03_032507__w0003,normal_21-1_bk_03_032507,0,0,0,0,0,0,0,0,0,0,0,0.0,0,test,4,0.25
normal_21-1_bk_03_033125__w0000,normal_21-1_bk_03_033125,0,0,0,1,0,0,0,0,0,0,0,0.0,0,train,3,0.3333333333333333
normal_21-1_bk_03_033125__w0001,normal_21-1_bk_03_033125,0,0,0,0,0,0,0,0,0,0,0,-1.0,0,train,3,0.3333333333333333
normal_21-1_bk_03_033125__w0002,normal_21-1_bk_03_033125,0,0,0,0,0,0,0,0,0,0,0,0.0,0,train,3,0.3333333333333333
normal_21-1_bk_04_003580__w0000,normal_21-1_bk_04_003580,0,0,0,1,0,0,0,0,0,0,0,0.0,0,train,6,0.16666666666666666
normal_21-1_bk_04_003580__w0001,normal_21-1_bk_04_003580,0,0,0,0,1,0,1,1,1,0,0,1.0,0,train,6,0.16666666666666666
normal_21-1_bk_04_003580__w0002,normal_21-1_bk_04_003580,0,0,0,0,1,0,1,1,1,0,0,0.0,0,train,6,0.16666666666666666
normal_21-1_bk_04_003580__w0003,normal_21-1_bk_04_003580,0,0,0,0,1,0,1,1,1,0,0,0.0,0,train,6,0.16666666666666666
normal_21-1_bk_04_003580__w0004,normal_21-1_bk_04_003580,0,0,0,0,0,0,0,0,0,0,0,-2.0,0,train,6,0.16666666666666666
normal_21-1_bk_04_003580__w0005,normal_21-1_bk_04_003580,0,0,0,0,0,0,0,0,0,0,0,0.0,0,train,6,0.16666666666666666
normal_21-1_bk_04_004945__w0000,normal_21-1_bk_04_004945,0,0,0,1,1,0,1,1,1,0,0,0.0,0,train,7,0.14285714285714285
normal_21-1_bk_04_004945__w0001,normal_21-1_bk_04_004945,0,0,0,0,1,0,1,1,1,0,0,-1.0,0,train,7,0.14285714285714285
normal_21-1_bk_04_004945__w0002,normal_21-1_bk_04_004945,0,0,0,0,0,0,0,0,0,0,0,-2.0,0,train,7,0.14285714285714285
normal_21-1_bk_04_004945__w0003,normal_21-1_bk_04_004945,0,0,0,0,0,0,0,0,0,0,0,0.0,0,train,7,0.14285714285714285
normal_21-1_bk_04_004945__w0004,normal_21-1_bk_04_004945,0,0,0,0,0,0,0,0,0,0,0,0.0,0,train,7,0.14285714285714285
normal_21-1_bk_04_004945__w0005,normal_21-1_bk_04_004945,0,0,0,0,0,0,0,0,0,0,0,0.0,0,train,7,0.14285714285714285
normal_21-1_bk_04_004945__w0006,normal_21-1_bk_04_004945,0,0,0,0,0,0,0,0,0,0,0,0.0,0,train,7,0.14285714285714285
normal_21-1_bk_04_010267__w0000,normal_21-1_bk_04_010267,0,0,0,1,0,0,0,0,0,0,0,0.0,0,test,3,0.3333333333333333
normal_21-1_bk_04_010267__w0001,normal_21-1_bk_04_010267,0,0,0,0,0,0,0,0,0,0,0,-1.0,0,test,3,0.3333333333333333
normal_21-1_bk_04_010267__w0002,normal_21-1_bk_04_010267,0,0,0,0,0,0,0,0,0,0,0,0.0,0,test,3,0.3333333333333333
normal_21-1_bk_04_011105__w0000,normal_21-1_bk_04_011105,0,0,0,1,0,0,0,0,0,0,0,0.0,0,train,6,0.16666666666666666
normal_21-1_bk_04_011105__w0001,normal_21-1_bk_04_011105,0,0,0,0,0,0,0,0,0,0,0,-1.0,0,train,6,0.16666666666666666
normal_21-1_bk_04_011105__w0002,normal_21-1_bk_04_011105,0,0,0,0,0,0,0,0,0,0,0,0.0,0,train,6,0.16666666666666666
normal_21-1_bk_04_011105__w0003,normal_21-1_bk_04_011105,0,0,0,0,0,0,0,0,0,0,0,0.0,0,train,6,0.16666666666666666
normal_21-1_bk_04_011105__w0004,normal_21-1_bk_04_011105,0,0,0,0,0,0,0,0,0,0,0,0.0,0,train,6,0.16666666666666666
normal_21-1_bk_04_011105__w0005,normal_21-1_bk_04_011105,0,0,0,0,0,0,0,0,0,0,0,0.0,0,train,6,0.16666666666666666
normal_21-1_bk_04_011610__w0000,normal_21-1_bk_04_011610,0,0,0,0,1,0,1,1,1,0,0,0.0,0,validation,8,0.125
normal_21-1_bk_04_011610__w0001,normal_21-1_bk_04_011610,0,0,0,0,1,0,1,1,1,0,0,0.0,0,validation,8,0.125
normal_21-1_bk_04_011610__w0002,normal_21-1_bk_04_011610,0,0,0,0,1,0,1,1,1,0,0,0.0,0,validation,8,0.125
normal_21-1_bk_04_011610__w0003,normal_21-1_bk_04_011610,0,0,0,0,1,0,1,1,1,0,0,0.0,0,validation,8,0.125
normal_21-1_bk_04_011610__w0004,normal_21-1_bk_04_011610,0,0,0,0,0,0,0,0,0,0,0,-2.0,0,validation,8,0.125
normal_21-1_bk_04_011610__w0005,normal_21-1_bk_04_011610,0,0,0,0,0,0,0,0,0,0,0,0.0,0,validation,8,0.125
normal_21-1_bk_04_011610__w0006,normal_21-1_bk_04_011610,0,0,0,0,0,0,0,0,0,0,0,0.0,0,validation,8,0.125
normal_21-1_bk_04_011610__w0007,normal_21-1_bk_04_011610,0,0,0,0,0,0,0,0,0,0,0,0.0,0,validation,8,0.125
normal_21-1_bk_04_013127__w0000,normal_21-1_bk_04_013127,0,0,0,1,1,0,1,1,1,0,0,0.0,0,train,2,0.5
normal_21-1_bk_04_013127__w0001,normal_21-1_bk_04_013127,0,0,0,0,1,0,1,1,1,0,0,-1.0,0,train,2,0.5
normal_21-1_bk_04_015490__w0000,normal_21-1_bk_04_015490,0,0,0,1,1,0,0,1,0,0,0,0.0,0,train,3,0.3333333333333333
normal_21-1_bk_04_015490__w0001,normal_21-1_bk_04_015490,0,0,0,0,1,0,0,1,0,0,0,-1.0,0,train,3,0.3333333333333333
normal_21-1_bk_04_015490__w0002,normal_21-1_bk_04_015490,1,0,0,0,0,0,0,1,0,0,0,0.0,0,train,3,0.3333333333333333
normal_21-1_bk_04_015875__w0000,normal_21-1_bk_04_015875,0,0,0,0,0,0,0,0,0,0,0,0.0,0,train,8,0.125
normal_21-1_bk_04_015875__w0001,normal_21-1_bk_04_015875,0,0,0,0,0,0,0,0,0,0,0,0.0,0,train,8,0.125
normal_21-1_bk_04_015875__w0002,normal_21-1_bk_04_015875,0,0,0,0,0,0,0,0,0,0,0,0.0,0,train,8,0.125
normal_21-1_bk_04_015875__w0003,normal_21-1_bk_04_015875,0,0,0,0,1,0,1,1,1,0,0,2.0,0,train,8,0.125
normal_21-1_bk_04_015875__w0004,normal_21-1_bk_04_015875,0,0,0,0,1,0,1,1,1,0,0,0.0,0,train,8,0.125
normal_21-1_bk_04_015875__w0005,normal_21-1_bk_04_015875,0,0,0,0,1,0,0,1,0,0,0,-1.0,0,train,8,0.125
normal_21-1_bk_04_015875__w0006,normal_21-1_bk_04_015875,0,0,0,0,0,0,0,0,0,0,0,-1.0,0,train,8,0.125
normal_21-1_bk_04_015875__w0007,normal_21-1_bk_04_015875,0,0,0,0,0,0,0,0,0,0,0,0.0,0,train,8,0.125
normal_21-1_bk_04_016335__w0000,normal_21-1_bk_04_016335,0,0,0,0,0,0,0,0,0,0,0,0.0,0,test,5,0.2
normal_21-1_bk_04_016335__w0001,normal_21-1_bk_04_016335,0,0,0,0,0,0,0,0,0,0,0,0.0,0,test,5,0.2
normal_21-1_bk_04_016335__w0002,normal_21-1_bk_04_016335,0,0,0,0,0,0,0,0,0,0,0,0.0,0,test,5,0.2
normal_21-1_bk_04_016335__w0003,normal_21-1_bk_04_016335,0,0,0,0,0,0,0,0,0,0,0,0.0,0,test,5,0.2
normal_21-1_bk_04_016335__w0004,normal_21-1_bk_04_016335,0,0,0,0,0,0,0,0,0,0,0,0.0,0,test,5,0.2
normal_21-1_bk_04_022962__w0000,normal_21-1_bk_04_022962,1,0,0,1,0,0,0,1,0,1,0,0.0,0,train,1,1.0
normal_21-1_bk_04_023007__w0000,normal_21-1_bk_04_023007,0,0,0,0,0,1,0,0,1,0,0,0.0,0,train,1,1.0
normal_21-1_bk_04_024161__w0000,normal_21-1_bk_04_024161,0,0,0,0,0,0,0,0,0,0,0,0.0,0,test,1,1.0
normal_21-1_bk_04_027708__w0000,normal_21-1_bk_04_027708,0,0,0,1,0,0,0,0,0,0,0,0.0,0,train,3,0.3333333333333333
normal_21-1_bk_04_027708__w0001,normal_21-1_bk_04_027708,0,0,0,0,0,0,0,0,0,0,0,-1.0,0,train,3,0.3333333333333333
normal_21-1_bk_04_027708__w0002,normal_21-1_bk_04_027708,0,0,0,0,0,0,0,0,0,0,0,0.0,0,train,3,0.3333333333333333
normal_21-1_bk_04_027786__w0000,normal_21-1_bk_04_027786,0,0,0,1,0,0,0,0,0,0,0,0.0,0,train,3,0.3333333333333333
normal_21-1_bk_04_027786__w0001,normal_21-1_bk_04_027786,0,0,0,0,0,0,0,0,0,0,0,-1.0,0,train,3,0.3333333333333333
normal_21-1_bk_04_027786__w0002,normal_21-1_bk_04_027786,0,0,0,0,0,0,0,0,0,0,0,0.0,0,train,3,0.3333333333333333
normal_21-1_bk_05_000891__w0000,normal_21-1_bk_05_000891,0,0,0,1,0,0,0,0,0,0,0,0.0,0,train,3,0.3333333333333333
normal_21-1_bk_05_000891__w0001,normal_21-1_bk_05_000891,0,0,0,0,0,0,0,0,0,0,0,-1.0,0,train,3,0.3333333333333333
normal_21-1_bk_05_000891__w0002,normal_21-1_bk_05_000891,0,0,0,0,0,0,0,0,0,0,0,0.0,0,train,3,0.3333333333333333
normal_21-1_bk_05_001003__w0000,normal_21-1_bk_05_001003,0,0,0,1,0,1,0,0,1,0,0,0.0,0,train,2,0.5
normal_21-1_bk_05_001003__w0001,normal_21-1_bk_05_001003,1,0,0,0,0,0,0,1,0,0,0,-1.0,0,train,2,0.5
normal_21-1_bk_05_004354__w0000,normal_21-1_bk_05_004354,0,0,0,1,0,0,0,0,0,0,0,0.0,0,test,4,0.25
normal_21-1_bk_05_004354__w0001,normal_21-1_bk_05_004354,0,0,0,0,0,0,0,0,0,0,0,-1.0,0,test,4,0.25
normal_21-1_bk_05_004354__w0002,normal_21-1_bk_05_004354,0,0,0,0,0,0,0,0,0,0,0,0.0,0,test,4,0.25
normal_21-1_bk_05_004354__w0003,normal_21-1_bk_05_004354,0,0,0,0,0,0,0,0,0,0,0,0.0,0,test,4,0.25
normal_21-1_bk_05_007174__w0000,normal_21-1_bk_05_007174,0,0,0,1,0,0,0,0,0,0,0,0.0,0,train,9,0.1111111111111111
normal_21-1_bk_05_007174__w0001,normal_21-1_bk_05_007174,0,0,0,0,0,0,0,0,0,0,0,-1.0,0,train,9,0.1111111111111111
normal_21-1_bk_05_007174__w0002,normal_21-1_bk_05_007174,0,0,0,0,1,0,1,1,1,0,0,2.0,0,train,9,0.1111111111111111
normal_21-1_bk_05_007174__w0003,normal_21-1_bk_05_007174,0,0,0,0,1,0,1,1,1,0,0,0.0,0,train,9,0.1111111111111111
normal_21-1_bk_05_007174__w0004,normal_21-1_bk_05_007174,0,0,0,0,0,0,0,0,0,0,0,-2.0,0,train,9,0.1111111111111111
normal_21-1_bk_05_007174__w0005,normal_21-1_bk_05_007174,0,0,0,0,0,0,0,0,0,0,0,0.0,0,train,9,0.1111111111111111
normal_21-1_bk_05_007174__w0006,normal_21-1_bk_05_007174,1,0,0,0,0,0,0,1,0,0,0,1.0,0,train,9,0.1111111111111111
normal_21-1_bk_05_007174__w0007,normal_21-1_bk_05_007174,1,0,0,0,0,0,0,1,0,0,0,0.0,0,train,9,0.1111111111111111
normal_21-1_bk_05_007174__w0008,normal_21-1_bk_05_007174,0,0,0,0,0,0,0,0,0,0,0,-1.0,0,train,9,0.1111111111111111
normal_21-1_bk_05_007320__w0000,normal_21-1_bk_05_007320,0,0,0,1,0,0,0,0,0,0,0,0.0,0,train,5,0.2
normal_21-1_bk_05_007320__w0001,normal_21-1_bk_05_007320,0,0,0,0,0,0,0,0,0,0,0,-1.0,0,train,5,0.2
normal_21-1_bk_05_007320__w0002,normal_21-1_bk_05_007320,0,0,0,0,0,0,0,0,0,0,0,0.0,0,train,5,0.2
normal_21-1_bk_05_007320__w0003,normal_21-1_bk_05_007320,0,0,0,0,0,0,0,0,0,0,0,0.0,0,train,5,0.2
normal_21-1_bk_05_007320__w0004,normal_21-1_bk_05_007320,0,0,0,0,1,1,0,1,1,0,1,2.0,0,train,5,0.2
normal_21-1_bk_05_008160__w0000,normal_21-1_bk_05_008160,0,0,0,0,1,0,1,1,1,0,0,0.0,0,train,7,0.14285714285714285
normal_21-1_bk_05_008160__w0001,normal_21-1_bk_05_008160,0,0,0,0,1,0,1,1,1,0,0,0.0,0,train,7,0.14285714285714285
normal_21-1_bk_05_008160__w0002,normal_21-1_bk_05_008160,0,0,0,0,1,0,1,1,1,0,0,0.0,0,train,7,0.14285714285714285
normal_21-1_bk_05_008160__w0003,normal_21-1_bk_05_008160,0,0,0,0,0,0,0,0,0,0,0,-2.0,0,train,7,0.14285714285714285
normal_21-1_bk_05_008160__w0004,normal_21-1_bk_05_008160,0,0,0,0,0,0,0,0,0,0,0,0.0,0,train,7,0.14285714285714285
normal_21-1_bk_05_008160__w0005,normal_21-1_bk_05_008160,0,0,0,0,0,0,0,0,0,0,0,0.0,0,train,7,0.14285714285714285
normal_21-1_bk_05_008160__w0006,normal_21-1_bk_05_008160,0,0,0,0,0,0,0,0,0,0,0,0.0,0,train,7,0.14285714285714285
normal_21-1_bk_05_009293__w0000,normal_21-1_bk_05_009293,0,0,0,1,0,0,0,0,0,0,0,0.0,0,test,5,0.2
normal_21-1_bk_05_009293__w0001,normal_21-1_bk_05_009293,0,0,0,0,0,0,0,0,0,0,0,-1.0,0,test,5,0.2
normal_21-1_bk_05_009293__w0002,normal_21-1_bk_05_009293,0,0,0,0,0,0,0,0,0,0,0,0.0,0,test,5,0.2
normal_21-1_bk_05_009293__w0003,normal_21-1_bk_05_009293,0,0,0,0,0,0,0,0,0,0,0,0.0,0,test,5,0.2
normal_21-1_bk_05_009293__w0004,normal_21-1_bk_05_009293,0,0,0,0,0,1,0,0,1,0,0,1.0,0,test,5,0.2
normal_21-1_bk_05_013374__w0000,normal_21-1_bk_05_013374,0,0,0,0,0,0,0,0,0,0,0,0.0,0,train,5,0.2
normal_21-1_bk_05_013374__w0001,normal_21-1_bk_05_013374,0,0,0,0,0,0,0,0,0,0,0,0.0,0,train,5,0.2
normal_21-1_bk_05_013374__w0002,normal_21-1_bk_05_013374,0,0,0,0,0,0,0,0,0,0,0,0.0,0,train,5,0.2
normal_21-1_bk_05_013374__w0003,normal_21-1_bk_05_013374,0,0,0,1,0,0,0,0,0,0,0,1.0,0,train,5,0.2
normal_21-1_bk_05_013374__w0004,normal_21-1_bk_05_013374,0,0,0,1,0,0,0,0,0,0,0,0.0,0,train,5,0.2
normal_21-1_bk_05_013754__w0000,normal_21-1_bk_05_013754,0,0,0,1,0,0,0,0,0,0,0,0.0,0,train,5,0.2
normal_21-1_bk_05_013754__w0001,normal_21-1_bk_05_013754,1,0,0,0,0,0,0,1,0,0,0,0.0,0,train,5,0.2
normal_21-1_bk_05_013754__w0002,normal_21-1_bk_05_013754,1,0,0,0,0,0,0,1,0,0,0,0.0,0,train,5,0.2
normal_21-1_bk_05_013754__w0003,normal_21-1_bk_05_013754,0,0,0,0,0,0,0,0,0,0,0,-1.0,0,train,5,0.2
normal_21-1_bk_05_013754__w0004,normal_21-1_bk_05_013754,0,0,0,0,0,0,0,0,0,0,0,0.0,0,train,5,0.2
normal_21-1_bk_05_016380__w0000,normal_21-1_bk_05_016380,1,0,0,1,0,0,0,1,0,1,0,0.0,0,validation,5,0.2
normal_21-1_bk_05_016380__w0001,normal_21-1_bk_05_016380,0,0,0,0,0,0,0,0,0,0,0,-2.0,0,validation,5,0.2
normal_21-1_bk_05_016380__w0002,normal_21-1_bk_05_016380,1,0,0,0,0,0,0,1,0,0,0,1.0,0,validation,5,0.2
normal_21-1_bk_05_016380__w0003,normal_21-1_bk_05_016380,1,0,0,0,0,0,0,1,0,0,0,0.0,0,validation,5,0.2
normal_21-1_bk_05_016380__w0004,normal_21-1_bk_05_016380,0,0,0,0,0,0,0,0,0,0,0,-1.0,0,validation,5,0.2
normal_21-1_bk_05_019745__w0000,normal_21-1_bk_05_019745,0,0,0,1,0,0,0,0,0,0,0,0.0,0,train,3,0.3333333333333333
normal_21-1_bk_05_019745__w0001,normal_21-1_bk_05_019745,0,0,0,0,0,0,0,0,0,0,0,-1.0,0,train,3,0.3333333333333333
normal_21-1_bk_05_019745__w0002,normal_21-1_bk_05_019745,0,0,0,0,0,0,0,0,0,0,0,0.0,0,train,3,0.3333333333333333
normal_21-1_bk_05_021390__w0000,normal_21-1_bk_05_021390,0,0,0,0,0,0,0,0,0,0,0,0.0,0,validation,1,1.0
normal_21-1_bk_05_023239__w0000,normal_21-1_bk_05_023239,0,0,0,0,0,0,0,0,0,0,0,0.0,0,train,2,0.5
normal_21-1_bk_05_023239__w0001,normal_21-1_bk_05_023239,0,0,0,0,0,0,0,0,0,0,0,0.0,0,train,2,0.5
normal_21-1_bk_05_025324__w0000,normal_21-1_bk_05_025324,0,0,0,0,0,0,0,0,0,0,0,0.0,0,train,4,0.25
normal_21-1_bk_05_025324__w0001,normal_21-1_bk_05_025324,0,0,0,0,0,0,0,0,0,0,0,0.0,0,train,4,0.25
normal_21-1_bk_05_025324__w0002,normal_21-1_bk_05_025324,0,0,0,0,0,0,0,0,0,0,0,0.0,0,train,4,0.25
normal_21-1_bk_05_025324__w0003,normal_21-1_bk_05_025324,0,0,0,0,0,0,0,0,0,0,0,0.0,0,train,4,0.25
normal_21-1_bk_05_031046__w0000,normal_21-1_bk_05_031046,0,0,0,0,1,0,1,1,1,0,0,0.0,0,train,6,0.16666666666666666
normal_21-1_bk_05_031046__w0001,normal_21-1_bk_05_031046,0,0,0,0,1,0,1,1,1,0,0,0.0,0,train,6,0.16666666666666666
normal_21-1_bk_05_031046__w0002,normal_21-1_bk_05_031046,0,0,0,0,1,0,1,1,1,0,0,0.0,0,train,6,0.16666666666666666
normal_21-1_bk_05_031046__w0003,normal_21-1_bk_05_031046,0,0,0,0,0,0,0,0,0,0,0,-2.0,0,train,6,0.16666666666666666
normal_21-1_bk_05_031046__w0004,normal_21-1_bk_05_031046,0,0,0,0,0,0,0,0,0,0,0,0.0,0,train,6,0.16666666666666666
normal_21-1_bk_05_031046__w0005,normal_21-1_bk_05_031046,0,0,0,0,0,0,0,0,0,0,0,0.0,0,train,6,0.16666666666666666
normal_21-1_bk_06_000890__w0000,normal_21-1_bk_06_000890,0,0,0,1,1,0,0,1,0,0,0,0.0,0,test,3,0.3333333333333333
normal_21-1_bk_06_000890__w0001,normal_21-1_bk_06_000890,0,0,0,0,0,0,0,0,0,0,0,-2.0,0,test,3,0.3333333333333333
normal_21-1_bk_06_000890__w0002,normal_21-1_bk_06_000890,0,0,0,0,0,0,0,0,0,0,0,0.0,0,test,3,0.3333333333333333
normal_21-1_bk_06_001248__w0000,normal_21-1_bk_06_001248,0,0,0,1,1,0,0,1,0,0,0,0.0,0,test,4,0.25
normal_21-1_bk_06_001248__w0001,normal_21-1_bk_06_001248,0,0,0,0,0,0,0,0,0,0,0,-2.0,0,test,4,0.25
normal_21-1_bk_06_001248__w0002,normal_21-1_bk_06_001248,0,0,0,0,0,0,0,0,0,0,0,0.0,0,test,4,0.25
normal_21-1_bk_06_001248__w0003,normal_21-1_bk_06_001248,0,0,0,0,0,0,0,1,1,0,0,2.0,0,test,4,0.25
normal_21-1_bk_06_002787__w0000,normal_21-1_bk_06_002787,0,0,0,1,0,0,0,0,0,0,0,0.0,0,test,4,0.25
normal_21-1_bk_06_002787__w0001,normal_21-1_bk_06_002787,0,0,0,0,1,0,1,1,1,0,0,1.0,0,test,4,0.25
normal_21-1_bk_06_002787__w0002,normal_21-1_bk_06_002787,0,0,0,0,1,0,1,1,1,0,0,0.0,0,test,4,0.25
normal_21-1_bk_06_002787__w0003,normal_21-1_bk_06_002787,0,0,0,0,0,0,0,1,0,0,0,-1.0,0,test,4,0.25
normal_21-1_bk_06_003192__w0000,normal_21-1_bk_06_003192,0,0,0,1,1,0,1,2,1,0,0,0.0,0,train,4,0.25
normal_21-1_bk_06_003192__w0001,normal_21-1_bk_06_003192,0,0,0,0,1,0,1,2,1,0,0,-1.0,0,train,4,0.25
normal_21-1_bk_06_003192__w0002,normal_21-1_bk_06_003192,0,0,0,0,0,0,0,0,0,0,0,-3.0,0,train,4,0.25
normal_21-1_bk_06_003192__w0003,normal_21-1_bk_06_003192,0,0,0,0,0,0,0,0,0,0,0,0.0,0,train,4,0.25
normal_21-1_bk_06_003610__w0000,normal_21-1_bk_06_003610,0,0,0,1,1,1,0,1,1,0,1,0.0,0,train,5,0.2
normal_21-1_bk_06_003610__w0001,normal_21-1_bk_06_003610,0,0,0,0,1,1,1,1,2,0,1,0.0,0,train,5,0.2
normal_21-1_bk_06_003610__w0002,normal_21-1_bk_06_003610,0,0,0,0,1,0,1,1,1,0,0,-1.0,0,train,5,0.2
normal_21-1_bk_06_003610__w0003,normal_21-1_bk_06_003610,0,0,0,0,0,0,0,0,0,0,0,-2.0,0,train,5,0.2
normal_21-1_bk_06_003610__w0004,normal_21-1_bk_06_003610,0,0,0,0,0,0,0,0,0,0,0,0.0,0,train,5,0.2
normal_21-1_bk_06_004157__w0000,normal_21-1_bk_06_004157,0,0,0,1,1,1,1,1,2,0,1,0.0,0,test,3,0.3333333333333333
normal_21-1_bk_06_004157__w0001,normal_21-1_bk_06_004157,0,0,0,0,1,0,1,1,1,0,0,-2.0,0,test,3,0.3333333333333333
normal_21-1_bk_06_004157__w0002,normal_21-1_bk_06_004157,0,0,0,0,0,0,0,0,0,0,0,-2.0,0,test,3,0.3333333333333333
normal_21-1_bk_06_005592__w0000,normal_21-1_bk_06_005592,0,0,0,1,0,0,0,0,0,0,0,0.0,0,train,4,0.25
normal_21-1_bk_06_005592__w0001,normal_21-1_bk_06_005592,0,0,0,0,0,0,0,0,0,0,0,-1.0,0,train,4,0.25
normal_21-1_bk_06_005592__w0002,normal_21-1_bk_06_005592,0,0,0,0,0,0,0,0,0,0,0,0.0,0,train,4,0.25
normal_21-1_bk_06_005592__w0003,normal_21-1_bk_06_005592,0,0,0,0,0,0,0,0,0,0,0,0.0,0,train,4,0.25
normal_21-1_bk_06_005707__w0000,normal_21-1_bk_06_005707,0,0,0,1,1,0,0,2,0,0,0,0.0,0,train,9,0.1111111111111111
normal_21-1_bk_06_005707__w0001,normal_21-1_bk_06_005707,0,0,0,0,1,0,1,2,1,0,0,0.0,0,train,9,0.1111111111111111
normal_21-1_bk_06_005707__w0002,normal_21-1_bk_06_005707,0,0,0,0,1,0,1,1,1,0,0,-1.0,0,train,9,0.1111111111111111
normal_21-1_bk_06_005707__w0003,normal_21-1_bk_06_005707,0,0,0,0,0,0,0,0,0,0,0,-2.0,0,train,9,0.1111111111111111
normal_21-1_bk_06_005707__w0004,normal_21-1_bk_06_005707,0,0,0,0,0,0,0,1,1,0,0,2.0,0,train,9,0.1111111111111111
normal_21-1_bk_06_005707__w0005,normal_21-1_bk_06_005707,0,0,0,0,0,0,0,1,1,0,0,0.0,0,train,9,0.1111111111111111
normal_21-1_bk_06_005707__w0006,normal_21-1_bk_06_005707,0,0,0,0,1,0,1,1,1,0,0,0.0,0,train,9,0.1111111111111111
normal_21-1_bk_06_005707__w0007,normal_21-1_bk_06_005707,0,0,0,0,1,0,1,1,1,0,0,0.0,0,train,9,0.1111111111111111
normal_21-1_bk_06_005707__w0008,normal_21-1_bk_06_005707,0,0,0,0,1,0,0,1,0,0,0,-1.0,0,train,9,0.1111111111111111
normal_21-1_bk_06_006415__w0000,normal_21-1_bk_06_006415,0,0,0,1,1,1,1,2,2,0,1,0.0,0,validation,5,0.2
normal_21-1_bk_06_006415__w0001,normal_21-1_bk_06_006415,0,0,0,0,1,0,1,1,1,0,0,-3.0,0,validation,5,0.2
normal_21-1_bk_06_006415__w0002,normal_21-1_bk_06_006415,0,0,0,0,0,0,0,0,0,0,0,-2.0,0,validation,5,0.2
normal_21-1_bk_06_006415__w0003,normal_21-1_bk_06_006415,0,0,0,0,1,0,0,1,0,0,0,1.0,0,validation,5,0.2
normal_21-1_bk_06_006415__w0004,normal_21-1_bk_06_006415,0,0,0,0,1,0,0,1,0,0,0,0.0,0,validation,5,0.2
normal_21-1_bk_06_010341__w0000,normal_21-1_bk_06_010341,0,0,0,1,0,0,0,1,0,0,0,0.0,0,train,6,0.16666666666666666
normal_21-1_bk_06_010341__w0001,normal_21-1_bk_06_010341,0,0,0,0,1,1,0,2,1,0,1,1.0,0,train,6,0.16666666666666666
normal_21-1_bk_06_010341__w0002,normal_21-1_bk_06_010341,0,0,0,0,1,1,0,2,1,0,1,0.0,0,train,6,0.16666666666666666
normal_21-1_bk_06_010341__w0003,normal_21-1_bk_06_010341,0,0,0,0,0,0,0,0,0,0,0,-3.0,0,train,6,0.16666666666666666
normal_21-1_bk_06_010341__w0004,normal_21-1_bk_06_010341,0,0,0,0,1,0,1,1,1,0,0,2.0,0,train,6,0.16666666666666666
normal_21-1_bk_06_010341__w0005,normal_21-1_bk_06_010341,0,0,0,0,1,0,1,1,1,0,0,0.0,0,train,6,0.16666666666666666
normal_21-1_bk_06_010675__w0000,normal_21-1_bk_06_010675,0,0,0,1,0,0,0,1,0,0,0,0.0,0,train,3,0.3333333333333333
normal_21-1_bk_06_010675__w0001,normal_21-1_bk_06_010675,0,0,0,0,0,0,0,0,0,0,0,-2.0,0,train,3,0.3333333333333333
normal_21-1_bk_06_010675__w0002,normal_21-1_bk_06_010675,0,0,0,0,0,0,0,0,0,0,0,0.0,0,train,3,0.3333333333333333
normal_21-1_bk_06_011537__w0000,normal_21-1_bk_06_011537,0,0,0,1,1,0,1,1,1,0,0,0.0,0,test,5,0.2
normal_21-1_bk_06_011537__w0001,normal_21-1_bk_06_011537,0,0,0,0,1,0,1,1,1,0,0,-1.0,0,test,5,0.2
normal_21-1_bk_06_011537__w0002,normal_21-1_bk_06_011537,0,0,0,0,1,0,0,2,1,0,0,1.0,0,test,5,0.2
normal_21-1_bk_06_011537__w0003,normal_21-1_bk_06_011537,0,0,0,0,0,0,0,1,1,0,0,-1.0,0,test,5,0.2
normal_21-1_bk_06_011537__w0004,normal_21-1_bk_06_011537,0,0,0,0,0,0,0,1,1,0,0,0.0,0,test,5,0.2
normal_21-1_bk_06_012764__w0000,normal_21-1_bk_06_012764,0,0,0,1,0,0,0,0,0,0,0,0.0,0,test,2,0.5
normal_21-1_bk_06_012764__w0001,normal_21-1_bk_06_012764,0,0,0,0,0,0,0,0,0,0,0,-1.0,0,test,2,0.5
normal_21-1_bk_06_013253__w0000,normal_21-1_bk_06_013253,0,0,0,1,1,0,1,2,1,0,0,0.0,0,train,1,1.0
normal_21-1_bk_06_013543__w0000,normal_21-1_bk_06_013543,0,0,0,1,1,0,1,1,1,0,0,0.0,0,test,2,0.5
normal_21-1_bk_06_013543__w0001,normal_21-1_bk_06_013543,0,0,0,0,1,0,1,1,1,0,0,-1.0,0,test,2,0.5
normal_21-1_bk_06_014498__w0000,normal_21-1_bk_06_014498,0,0,0,1,1,1,1,1,2,0,1,0.0,0,train,3,0.3333333333333333
normal_21-1_bk_06_014498__w0001,normal_21-1_bk_06_014498,0,0,0,0,0,0,0,0,0,0,0,-4.0,0,train,3,0.3333333333333333
normal_21-1_bk_06_014498__w0002,normal_21-1_bk_06_014498,0,0,0,1,0,0,0,0,0,0,0,1.0,0,train,3,0.3333333333333333
normal_21-1_bk_06_017527__w0000,normal_21-1_bk_06_017527,0,0,0,1,1,1,1,1,2,0,1,0.0,0,train,4,0.25
normal_21-1_bk_06_017527__w0001,normal_21-1_bk_06_017527,0,0,0,0,1,0,1,1,1,0,0,-2.0,0,train,4,0.25
normal_21-1_bk_06_017527__w0002,normal_21-1_bk_06_017527,0,0,0,0,0,0,0,1,1,0,0,0.0,0,train,4,0.25
normal_21-1_bk_06_017527__w0003,normal_21-1_bk_06_017527,0,0,0,0,0,0,0,1,1,0,0,0.0,0,train,4,0.25
normal_21-1_bk_06_017925__w0000,normal_21-1_bk_06_017925,0,0,0,1,0,0,0,0,0,0,0,0.0,0,train,2,0.5
normal_21-1_bk_06_017925__w0001,normal_21-1_bk_06_017925,0,0,0,0,0,0,0,0,0,0,0,-1.0,0,train,2,0.5
normal_21-1_bk_06_017977__w0000,normal_21-1_bk_06_017977,0,0,0,1,0,0,0,0,0,0,0,0.0,0,train,9,0.1111111111111111
normal_21-1_bk_06_017977__w0001,normal_21-1_bk_06_017977,0,0,0,0,0,0,0,0,0,0,0,-1.0,0,train,9,0.1111111111111111
normal_21-1_bk_06_017977__w0002,normal_21-1_bk_06_017977,0,0,0,0,1,0,1,1,1,0,0,2.0,0,train,9,0.1111111111111111
normal_21-1_bk_06_017977__w0003,normal_21-1_bk_06_017977,0,0,0,0,1,0,1,1,1,0,0,0.0,0,train,9,0.1111111111111111
normal_21-1_bk_06_017977__w0004,normal_21-1_bk_06_017977,0,0,0,0,0,0,0,0,0,0,0,-2.0,0,train,9,0.1111111111111111
normal_21-1_bk_06_017977__w0005,normal_21-1_bk_06_017977,0,0,0,0,0,0,0,0,0,0,0,0.0,0,train,9,0.1111111111111111
normal_21-1_bk_06_017977__w0006,normal_21-1_bk_06_017977,0,0,0,0,0,0,0,0,0,0,0,0.0,0,train,9,0.1111111111111111
normal_21-1_bk_06_017977__w0007,normal_21-1_bk_06_017977,0,0,0,0,0,0,0,0,0,0,0,0.0,0,train,9,0.1111111111111111
normal_21-1_bk_06_017977__w0008,normal_21-1_bk_06_017977,0,0,0,0,0,0,0,0,0,0,0,0.0,0,train,9,0.1111111111111111
normal_21-1_bk_06_018207__w0000,normal_21-1_bk_06_018207,0,0,0,0,1,1,0,1,1,0,1,0.0,0,train,4,0.25
normal_21-1_bk_06_018207__w0001,normal_21-1_bk_06_018207,0,0,0,0,1,0,1,1,1,0,0,0.0,0,train,4,0.25
normal_21-1_bk_06_018207__w0002,normal_21-1_bk_06_018207,0,0,0,0,1,0,1,2,2,0,0,2.0,0,train,4,0.25
normal_21-1_bk_06_018207__w0003,normal_21-1_bk_06_018207,0,0,0,0,0,0,0,1,1,0,0,-2.0,0,train,4,0.25
normal_21-1_bk_06_021345__w0000,normal_21-1_bk_06_021345,0,0,0,0,1,0,1,1,1,0,0,0.0,0,train,3,0.3333333333333333
normal_21-1_bk_06_021345__w0001,normal_21-1_bk_06_021345,0,0,0,0,1,0,1,1,1,0,0,0.0,0,train,3,0.3333333333333333
normal_21-1_bk_06_021345__w0002,normal_21-1_bk_06_021345,0,0,0,0,1,0,0,1,0,0,0,-1.0,0,train,3,0.3333333333333333
normal_21-1_bk_06_022042__w0000,normal_21-1_bk_06_022042,0,0,0,1,1,0,0,1,0,0,0,0.0,0,validation,6,0.16666666666666666
normal_21-1_bk_06_022042__w0001,normal_21-1_bk_06_022042,0,0,0,0,1,0,1,1,1,0,0,0.0,0,validation,6,0.16666666666666666
normal_21-1_bk_06_022042__w0002,normal_21-1_bk_06_022042,0,0,0,0,1,0,1,1,1,0,0,0.0,0,validation,6,0.16666666666666666
normal_21-1_bk_06_022042__w0003,normal_21-1_bk_06_022042,0,0,0,0,0,0,0,0,0,0,0,-2.0,0,validation,6,0.16666666666666666
normal_21-1_bk_06_022042__w0004,normal_21-1_bk_06_022042,0,0,0,0,0,0,0,0,0,0,0,0.0,0,validation,6,0.16666666666666666
normal_21-1_bk_06_022042__w0005,normal_21-1_bk_06_022042,0,0,0,0,0,0,0,0,0,0,0,0.0,0,validation,6,0.16666666666666666
normal_21-1_bk_06_022535__w0000,normal_21-1_bk_06_022535,0,0,0,0,0,0,0,0,0,0,0,0.0,0,test,3,0.3333333333333333
normal_21-1_bk_06_022535__w0001,normal_21-1_bk_06_022535,0,0,0,0,0,0,0,0,0,0,0,0.0,0,test,3,0.3333333333333333
normal_21-1_bk_06_022535__w0002,normal_21-1_bk_06_022535,0,0,0,0,0,0,0,0,0,0,0,0.0,0,test,3,0.3333333333333333
normal_21-1_bk_06_022708__w0000,normal_21-1_bk_06_022708,0,0,0,1,1,0,1,1,1,0,0,0.0,0,train,6,0.16666666666666666
normal_21-1_bk_06_022708__w0001,normal_21-1_bk_06_022708,0,0,0,0,1,0,1,1,1,0,0,-1.0,0,train,6,0.16666666666666666
normal_21-1_bk_06_022708__w0002,normal_21-1_bk_06_022708,0,0,0,0,0,0,0,0,0,0,0,-2.0,0,train,6,0.16666666666666666
normal_21-1_bk_06_022708__w0003,normal_21-1_bk_06_022708,0,0,0,0,0,0,0,0,0,0,0,0.0,0,train,6,0.16666666666666666
normal_21-1_bk_06_022708__w0004,normal_21-1_bk_06_022708,0,0,0,0,0,0,0,0,0,0,0,0.0,0,train,6,0.16666666666666666
normal_21-1_bk_06_022708__w0005,normal_21-1_bk_06_022708,0,0,0,0,0,0,0,0,0,0,0,0.0,0,train,6,0.16666666666666666
normal_21-1_bk_06_023052__w0000,normal_21-1_bk_06_023052,0,0,0,1,1,1,0,1,1,0,1,0.0,0,train,8,0.125
normal_21-1_bk_06_023052__w0001,normal_21-1_bk_06_023052,0,0,0,0,1,1,0,1,1,0,1,-1.0,0,train,8,0.125
normal_21-1_bk_06_023052__w0002,normal_21-1_bk_06_023052,0,0,0,0,0,0,0,0,0,0,0,-2.0,0,train,8,0.125
normal_21-1_bk_06_023052__w0003,normal_21-1_bk_06_023052,0,0,0,0,1,0,0,1,0,0,0,1.0,0,train,8,0.125
normal_21-1_bk_06_023052__w0004,normal_21-1_bk_06_023052,0,0,0,0,1,0,0,1,0,0,0,0.0,0,train,8,0.125
normal_21-1_bk_06_023052__w0005,normal_21-1_bk_06_023052,0,0,0,0,1,0,0,1,0,0,0,0.0,0,train,8,0.125
normal_21-1_bk_06_023052__w0006,normal_21-1_bk_06_023052,0,0,0,0,1,0,1,1,1,0,0,1.0,0,train,8,0.125
normal_21-1_bk_06_023052__w0007,normal_21-1_bk_06_023052,0,0,0,0,1,0,1,1,1,0,0,0.0,0,train,8,0.125
normal_21-1_bk_06_024143__w0000,normal_21-1_bk_06_024143,0,0,0,1,0,0,0,0,0,0,0,0.0,0,train,4,0.25
normal_21-1_bk_06_024143__w0001,normal_21-1_bk_06_024143,0,0,0,0,1,0,1,1,1,0,0,1.0,0,train,4,0.25
normal_21-1_bk_06_024143__w0002,normal_21-1_bk_06_024143,0,0,0,0,1,0,1,1,1,0,0,0.0,0,train,4,0.25
normal_21-1_bk_06_024143__w0003,normal_21-1_bk_06_024143,0,0,0,0,0,0,0,0,0,0,0,-2.0,0,train,4,0.25
normal_21-1_bk_06_024241__w0000,normal_21-1_bk_06_024241,0,0,0,0,1,0,0,1,0,0,0,0.0,0,train,3,0.3333333333333333
normal_21-1_bk_06_024241__w0001,normal_21-1_bk_06_024241,0,0,0,0,1,0,1,1,1,0,0,1.0,0,train,3,0.3333333333333333
normal_21-1_bk_06_024241__w0002,normal_21-1_bk_06_024241,0,0,0,0,1,0,1,2,1,0,0,1.0,0,train,3,0.3333333333333333
normal_21-1_bk_06_024411__w0000,normal_21-1_bk_06_024411,0,0,0,1,0,0,0,0,0,0,0,0.0,0,train,5,0.2
normal_21-1_bk_06_024411__w0001,normal_21-1_bk_06_024411,0,0,0,0,1,0,1,1,1,0,0,1.0,0,train,5,0.2
normal_21-1_bk_06_024411__w0002,normal_21-1_bk_06_024411,0,0,0,0,1,0,1,1,1,0,0,0.0,0,train,5,0.2
normal_21-1_bk_06_024411__w0003,normal_21-1_bk_06_024411,0,0,0,0,1,0,0,2,1,0,0,1.0,0,train,5,0.2
normal_21-1_bk_06_024411__w0004,normal_21-1_bk_06_024411,0,0,0,0,0,0,0,1,1,0,0,-1.0,0,train,5,0.2
normal_21-1_bk_06_024433__w0000,normal_21-1_bk_06_024433,0,0,0,1,0,0,0,0,0,0,0,0.0,0,test,2,0.5
normal_21-1_bk_06_024433__w0001,normal_21-1_bk_06_024433,0,0,0,0,0,0,0,0,0,0,0,-1.0,0,test,2,0.5
normal_21-1_bk_06_024865__w0000,normal_21-1_bk_06_024865,0,0,0,1,0,0,0,0,0,0,0,0.0,0,test,8,0.125
normal_21-1_bk_06_024865__w0001,normal_21-1_bk_06_024865,0,0,0,0,0,0,0,0,0,0,0,-1.0,0,test,8,0.125
normal_21-1_bk_06_024865__w0002,normal_21-1_bk_06_024865,0,0,0,0,1,0,1,1,1,0,0,2.0,0,test,8,0.125
normal_21-1_bk_06_024865__w0003,normal_21-1_bk_06_024865,0,0,0,0,1,0,1,1,1,0,0,0.0,0,test,8,0.125
normal_21-1_bk_06_024865__w0004,normal_21-1_bk_06_024865,0,0,0,0,0,0,0,0,0,0,0,-2.0,0,test,8,0.125
normal_21-1_bk_06_024865__w0005,normal_21-1_bk_06_024865,0,0,0,0,0,0,0,0,0,0,0,0.0,0,test,8,0.125
normal_21-1_bk_06_024865__w0006,normal_21-1_bk_06_024865,0,0,0,0,0,0,0,1,0,0,0,1.0,0,test,8,0.125
normal_21-1_bk_06_024865__w0007,normal_21-1_bk_06_024865,0,0,0,0,0,0,0,1,0,0,0,0.0,0,test,8,0.125
normal_21-1_bk_06_025741__w0000,normal_21-1_bk_06_025741,0,0,0,0,1,0,1,1,1,0,0,0.0,0,train,2,0.5
normal_21-1_bk_06_025741__w0001,normal_21-1_bk_06_025741,0,0,0,0,1,0,1,1,1,0,0,0.0,0,train,2,0.5
normal_21-1_bk_06_026788__w0000,normal_21-1_bk_06_026788,0,0,0,1,1,0,1,1,1,0,0,0.0,0,train,3,0.3333333333333333
normal_21-1_bk_06_026788__w0001,normal_21-1_bk_06_026788,0,0,0,1,1,0,1,2,1,0,0,1.0,0,train,3,0.3333333333333333
normal_21-1_bk_06_026788__w0002,normal_21-1_bk_06_026788,0,0,0,0,1,0,0,2,0,0,0,-2.0,0,train,3,0.3333333333333333
normal_21-1_bk_06_026891__w0000,normal_21-1_bk_06_026891,0,0,0,0,1,0,1,1,1,0,0,0.0,0,train,4,0.25
normal_21-1_bk_06_026891__w0001,normal_21-1_bk_06_026891,0,0,0,0,1,0,1,1,1,0,0,0.0,0,train,4,0.25
normal_21-1_bk_06_026891__w0002,normal_21-1_bk_06_026891,0,0,0,0,0,0,0,0,0,0,0,-2.0,0,train,4,0.25
normal_21-1_bk_06_026891__w0003,normal_21-1_bk_06_026891,0,0,0,0,0,0,0,0,0,0,0,0.0,0,train,4,0.25
normal_21-1_bk_06_026970__w0000,normal_21-1_bk_06_026970,0,0,0,1,0,0,0,0,0,0,0,0.0,0,train,5,0.2
normal_21-1_bk_06_026970__w0001,normal_21-1_bk_06_026970,0,0,0,0,0,0,0,0,0,0,0,-1.0,0,train,5,0.2
normal_21-1_bk_06_026970__w0002,normal_21-1_bk_06_026970,0,0,0,0,1,0,1,1,1,0,0,2.0,0,train,5,0.2
normal_21-1_bk_06_026970__w0003,normal_21-1_bk_06_026970,0,0,0,0,1,0,1,1,1,0,0,0.0,0,train,5,0.2
normal_21-1_bk_06_026970__w0004,normal_21-1_bk_06_026970,0,0,0,0,0,0,0,1,0,0,0,-1.0,0,train,5,0.2
normal_21-1_bk_06_027432__w0000,normal_21-1_bk_06_027432,0,0,0,0,1,1,0,1,1,0,1,0.0,0,validation,7,0.14285714285714285
normal_21-1_bk_06_027432__w0001,normal_21-1_bk_06_027432,0,0,0,0,1,1,0,1,1,0,1,0.0,0,validation,7,0.14285714285714285
normal_21-1_bk_06_027432__w0002,normal_21-1_bk_06_027432,0,0,0,0,0,0,0,0,0,0,0,-2.0,0,validation,7,0.14285714285714285
normal_21-1_bk_06_027432__w0003,normal_21-1_bk_06_027432,0,0,0,0,1,0,1,1,1,0,0,2.0,0,validation,7,0.14285714285714285
normal_21-1_bk_06_027432__w0004,normal_21-1_bk_06_027432,0,0,0,0,1,0,1,1,1,0,0,0.0,0,validation,7,0.14285714285714285
normal_21-1_bk_06_027432__w0005,normal_21-1_bk_06_027432,0,0,0,0,1,0,1,2,2,0,0,2.0,0,validation,7,0.14285714285714285
normal_21-1_bk_06_027432__w0006,normal_21-1_bk_06_027432,0,0,0,0,0,0,0,1,1,0,0,-2.0,0,validation,7,0.14285714285714285
normal_21-1_bk_06_028157__w0000,normal_21-1_bk_06_028157,0,0,0,0,0,0,0,0,0,0,0,0.0,0,train,4,0.25
normal_21-1_bk_06_028157__w0001,normal_21-1_bk_06_028157,0,0,0,0,0,0,0,0,0,0,0,0.0,0,train,4,0.25
normal_21-1_bk_06_028157__w0002,normal_21-1_bk_06_028157,0,0,0,0,0,0,0,0,0,0,0,0.0,0,train,4,0.25
normal_21-1_bk_06_028157__w0003,normal_21-1_bk_06_028157,0,0,0,0,0,0,0,0,0,0,0,0.0,0,train,4,0.25
normal_21-1_bk_06_028183__w0000,normal_21-1_bk_06_028183,0,0,0,1,0,0,0,0,0,0,0,0.0,0,validation,4,0.25
normal_21-1_bk_06_028183__w0001,normal_21-1_bk_06_028183,0,0,0,0,0,0,0,0,0,0,0,-1.0,0,validation,4,0.25
normal_21-1_bk_06_028183__w0002,normal_21-1_bk_06_028183,0,0,0,0,0,0,0,1,1,0,0,2.0,0,validation,4,0.25
normal_21-1_bk_06_028183__w0003,normal_21-1_bk_06_028183,0,0,0,0,0,0,0,1,1,0,0,0.0,0,validation,4,0.25
normal_21-1_bk_06_029092__w0000,normal_21-1_bk_06_029092,0,0,0,1,1,0,1,1,1,0,0,0.0,0,train,2,0.5
normal_21-1_bk_06_029092__w0001,normal_21-1_bk_06_029092,0,0,0,0,1,0,1,1,1,0,0,-1.0,0,train,2,0.5
normal_21-1_bk_06_029594__w0000,normal_21-1_bk_06_029594,0,0,0,1,0,0,0,0,0,0,0,0.0,0,train,3,0.3333333333333333
normal_21-1_bk_06_029594__w0001,normal_21-1_bk_06_029594,0,0,0,0,0,0,0,0,0,0,0,-1.0,0,train,3,0.3333333333333333
normal_21-1_bk_06_029594__w0002,normal_21-1_bk_06_029594,0,0,0,0,0,0,0,0,0,0,0,0.0,0,train,3,0.3333333333333333
normal_21-1_bk_06_031780__w0000,normal_21-1_bk_06_031780,0,0,0,0,0,0,0,0,0,0,0,0.0,0,train,6,0.16666666666666666
normal_21-1_bk_06_031780__w0001,normal_21-1_bk_06_031780,0,0,0,0,1,1,0,1,1,0,1,2.0,0,train,6,0.16666666666666666
normal_21-1_bk_06_031780__w0002,normal_21-1_bk_06_031780,0,0,0,0,1,1,1,1,2,0,1,1.0,0,train,6,0.16666666666666666
normal_21-1_bk_06_031780__w0003,normal_21-1_bk_06_031780,0,0,0,0,1,0,1,1,1,0,0,-1.0,0,train,6,0.16666666666666666
normal_21-1_bk_06_031780__w0004,normal_21-1_bk_06_031780,0,0,0,0,0,0,0,0,0,0,0,-2.0,0,train,6,0.16666666666666666
normal_21-1_bk_06_031780__w0005,normal_21-1_bk_06_031780,0,0,0,0,1,0,1,1,1,0,0,2.0,0,train,6,0.16666666666666666
normal_21-1_bk_07_009378__w0000,normal_21-1_bk_07_009378,0,0,0,1,0,0,0,0,0,0,0,0.0,0,train,8,0.125
normal_21-1_bk_07_009378__w0001,normal_21-1_bk_07_009378,0,0,0,0,0,0,0,0,0,0,0,-1.0,0,train,8,0.125
normal_21-1_bk_07_009378__w0002,normal_21-1_bk_07_009378,0,0,0,0,0,0,0,0,0,0,0,0.0,0,train,8,0.125
normal_21-1_bk_07_009378__w0003,normal_21-1_bk_07_009378,0,0,0,0,0,0,0,0,0,0,0,0.0,0,train,8,0.125
normal_21-1_bk_07_009378__w0004,normal_21-1_bk_07_009378,0,0,0,0,0,0,0,0,0,0,0,0.0,0,train,8,0.125
normal_21-1_bk_07_009378__w0005,normal_21-1_bk_07_009378,0,0,0,0,0,0,0,0,0,0,0,0.0,0,train,8,0.125
normal_21-1_bk_07_009378__w0006,normal_21-1_bk_07_009378,0,0,0,0,0,0,0,0,0,0,0,0.0,0,train,8,0.125
normal_21-1_bk_07_009378__w0007,normal_21-1_bk_07_009378,0,0,0,0,0,0,0,0,0,0,0,0.0,0,train,8,0.125
normal_21-1_bk_07_009996__w0000,normal_21-1_bk_07_009996,0,0,0,1,1,0,0,1,0,0,0,0.0,0,validation,11,0.09090909090909091
normal_21-1_bk_07_009996__w0001,normal_21-1_bk_07_009996,0,0,0,0,1,0,1,1,1,0,0,0.0,0,validation,11,0.09090909090909091
normal_21-1_bk_07_009996__w0002,normal_21-1_bk_07_009996,0,0,0,0,1,0,1,1,1,0,0,0.0,0,validation,11,0.09090909090909091
normal_21-1_bk_07_009996__w0003,normal_21-1_bk_07_009996,0,0,0,0,0,0,0,0,0,0,0,-2.0,0,validation,11,0.09090909090909091
normal_21-1_bk_07_009996__w0004,normal_21-1_bk_07_009996,0,0,0,0,0,0,0,0,0,0,0,0.0,0,validation,11,0.09090909090909091
normal_21-1_bk_07_009996__w0005,normal_21-1_bk_07_009996,0,0,0,0,0,0,0,0,0,0,0,0.0,0,validation,11,0.09090909090909091
normal_21-1_bk_07_009996__w0006,normal_21-1_bk_07_009996,0,0,0,0,0,0,0,0,0,0,0,0.0,0,validation,11,0.09090909090909091
normal_21-1_bk_07_009996__w0007,normal_21-1_bk_07_009996,0,0,0,0,0,0,0,0,0,0,0,0.0,0,validation,11,0.09090909090909091
normal_21-1_bk_07_009996__w0008,normal_21-1_bk_07_009996,0,0,0,0,0,0,0,0,0,0,0,0.0,0,validation,11,0.09090909090909091
normal_21-1_bk_07_009996__w0009,normal_21-1_bk_07_009996,0,0,0,0,0,0,0,0,0,0,0,0.0,0,validation,11,0.09090909090909091
normal_21-1_bk_07_009996__w0010,normal_21-1_bk_07_009996,0,0,0,0,0,0,0,0,0,0,0,0.0,0,validation,11,0.09090909090909091
normal_21-1_bk_07_014801__w0000,normal_21-1_bk_07_014801,0,0,0,1,0,0,0,0,0,0,0,0.0,0,train,4,0.25
normal_21-1_bk_07_014801__w0001,normal_21-1_bk_07_014801,0,0,0,0,0,0,0,0,0,0,0,-1.0,0,train,4,0.25
normal_21-1_bk_07_014801__w0002,normal_21-1_bk_07_014801,0,0,0,0,0,0,0,0,0,0,0,0.0,0,train,4,0.25
normal_21-1_bk_07_014801__w0003,normal_21-1_bk_07_014801,0,0,0,0,0,0,0,0,0,0,0,0.0,0,train,4,0.25
normal_21-1_bk_07_016943__w0000,normal_21-1_bk_07_016943,0,0,0,0,0,0,0,0,0,0,0,0.0,0,train,3,0.3333333333333333
normal_21-1_bk_07_016943__w0001,normal_21-1_bk_07_016943,0,0,0,0,0,0,0,1,0,0,0,0.0,0,train,3,0.3333333333333333
normal_21-1_bk_07_016943__w0002,normal_21-1_bk_07_016943,0,0,0,0,0,0,0,1,0,0,0,0.0,0,train,3,0.3333333333333333
normal_21-1_bk_07_021772__w0000,normal_21-1_bk_07_021772,0,0,0,1,0,0,0,0,0,0,0,0.0,0,test,4,0.25
normal_21-1_bk_07_021772__w0001,normal_21-1_bk_07_021772,0,0,0,0,0,0,0,0,0,0,0,-1.0,0,test,4,0.25
normal_21-1_bk_07_021772__w0002,normal_21-1_bk_07_021772,0,0,0,0,0,0,0,0,0,0,0,0.0,0,test,4,0.25
normal_21-1_bk_07_021772__w0003,normal_21-1_bk_07_021772,0,0,0,0,0,0,0,0,0,0,0,0.0,0,test,4,0.25
normal_21-1_bk_07_024199__w0000,normal_21-1_bk_07_024199,0,0,0,1,1,1,0,1,1,0,1,0.0,0,train,5,0.2
normal_21-1_bk_07_024199__w0001,normal_21-1_bk_07_024199,0,0,0,0,0,0,0,0,0,0,0,-3.0,0,train,5,0.2
normal_21-1_bk_07_024199__w0002,normal_21-1_bk_07_024199,0,0,0,0,0,0,0,0,0,0,0,0.0,0,train,5,0.2
normal_21-1_bk_07_024199__w0003,normal_21-1_bk_07_024199,0,0,0,0,0,0,0,0,0,0,0,0.0,0,train,5,0.2
normal_21-1_bk_07_024199__w0004,normal_21-1_bk_07_024199,0,0,0,0,0,0,0,0,0,0,0,0.0,0,train,5,0.2
normal_21-1_bk_07_030314__w0000,normal_21-1_bk_07_030314,0,0,0,0,1,0,1,1,1,0,0,0.0,0,train,9,0.1111111111111111
normal_21-1_bk_07_030314__w0001,normal_21-1_bk_07_030314,0,0,0,0,1,0,1,1,1,0,0,0.0,0,train,9,0.1111111111111111
normal_21-1_bk_07_030314__w0002,normal_21-1_bk_07_030314,0,0,0,0,1,0,1,1,1,0,0,0.0,0,train,9,0.1111111111111111
normal_21-1_bk_07_030314__w0003,normal_21-1_bk_07_030314,0,0,0,0,1,0,1,1,1,0,0,0.0,0,train,9,0.1111111111111111
normal_21-1_bk_07_030314__w0004,normal_21-1_bk_07_030314,0,0,0,0,0,0,0,0,0,0,0,-2.0,0,train,9,0.1111111111111111
normal_21-1_bk_07_030314__w0005,normal_21-1_bk_07_030314,0,0,0,0,0,0,0,0,0,0,0,0.0,0,train,9,0.1111111111111111
normal_21-1_bk_07_030314__w0006,normal_21-1_bk_07_030314,0,0,0,0,0,0,0,0,0,0,0,0.0,0,train,9,0.1111111111111111
normal_21-1_bk_07_030314__w0007,normal_21-1_bk_07_030314,0,0,0,0,0,0,0,0,0,0,0,0.0,0,train,9,0.1111111111111111
normal_21-1_bk_07_030314__w0008,normal_21-1_bk_07_030314,0,0,0,0,0,0,0,0,0,0,0,0.0,0,train,9,0.1111111111111111
normal_21-1_bk_08_000360__w0000,normal_21-1_bk_08_000360,0,0,0,0,1,0,1,1,1,0,0,0.0,0,train,2,0.5
normal_21-1_bk_08_000360__w0001,normal_21-1_bk_08_000360,0,0,0,0,1,0,1,1,1,0,0,0.0,0,train,2,0.5
normal_21-1_bk_08_000824__w0000,normal_21-1_bk_08_000824,0,0,0,0,1,1,1,1,2,0,1,0.0,0,train,3,0.3333333333333333
normal_21-1_bk_08_000824__w0001,normal_21-1_bk_08_000824,0,0,0,0,1,0,1,1,1,0,0,-1.0,0,train,3,0.3333333333333333
normal_21-1_bk_08_000824__w0002,normal_21-1_bk_08_000824,0,0,0,0,0,0,0,0,0,0,0,-2.0,0,train,3,0.3333333333333333
normal_21-1_bk_08_002392__w0000,normal_21-1_bk_08_002392,0,0,0,1,1,0,1,1,1,0,0,0.0,0,train,4,0.25
normal_21-1_bk_08_002392__w0001,normal_21-1_bk_08_002392,0,0,0,0,1,0,1,1,1,0,0,-1.0,0,train,4,0.25
normal_21-1_bk_08_002392__w0002,normal_21-1_bk_08_002392,0,0,0,0,0,0,0,0,0,0,0,-2.0,0,train,4,0.25
normal_21-1_bk_08_002392__w0003,normal_21-1_bk_08_002392,0,0,0,0,0,0,0,1,0,0,0,1.0,0,train,4,0.25
normal_21-1_bk_08_002672__w0000,normal_21-1_bk_08_002672,0,0,0,0,1,0,1,1,1,0,0,0.0,0,train,2,0.5
normal_21-1_bk_08_002672__w0001,normal_21-1_bk_08_002672,0,0,0,0,1,0,1,1,1,0,0,0.0,0,train,2,0.5
normal_21-1_bk_08_003371__w0000,normal_21-1_bk_08_003371,0,0,0,1,1,0,0,1,0,0,0,0.0,0,train,3,0.3333333333333333
normal_21-1_bk_08_003371__w0001,normal_21-1_bk_08_003371,0,0,0,0,1,0,0,1,0,0,0,-1.0,0,train,3,0.3333333333333333
normal_21-1_bk_08_003371__w0002,normal_21-1_bk_08_003371,0,0,0,0,0,0,0,0,0,0,0,-1.0,0,train,3,0.3333333333333333
normal_21-1_bk_08_003987__w0000,normal_21-1_bk_08_003987,0,0,0,0,0,0,0,0,0,0,0,0.0,0,train,2,0.5
normal_21-1_bk_08_003987__w0001,normal_21-1_bk_08_003987,0,0,0,0,0,0,0,0,0,0,0,0.0,0,train,2,0.5
normal_21-1_bk_08_005219__w0000,normal_21-1_bk_08_005219,0,0,0,0,1,0,1,1,1,0,0,0.0,0,validation,14,0.07142857142857142
normal_21-1_bk_08_005219__w0001,normal_21-1_bk_08_005219,0,0,0,0,1,0,1,1,1,0,0,0.0,0,validation,14,0.07142857142857142
normal_21-1_bk_08_005219__w0002,normal_21-1_bk_08_005219,0,0,0,0,1,0,0,1,0,0,0,-1.0,0,validation,14,0.07142857142857142
normal_21-1_bk_08_005219__w0003,normal_21-1_bk_08_005219,0,0,0,0,0,0,0,0,0,0,0,-1.0,0,validation,14,0.07142857142857142
normal_21-1_bk_08_005219__w0004,normal_21-1_bk_08_005219,0,0,0,0,0,0,0,0,0,0,0,0.0,0,validation,14,0.07142857142857142
normal_21-1_bk_08_005219__w0005,normal_21-1_bk_08_005219,0,0,0,0,0,0,0,0,0,0,0,0.0,0,validation,14,0.07142857142857142
normal_21-1_bk_08_005219__w0006,normal_21-1_bk_08_005219,0,0,0,0,0,0,0,0,0,0,0,0.0,0,validation,14,0.07142857142857142
normal_21-1_bk_08_005219__w0007,normal_21-1_bk_08_005219,0,0,0,0,0,0,0,0,0,0,0,0.0,0,validation,14,0.07142857142857142
normal_21-1_bk_08_005219__w0008,normal_21-1_bk_08_005219,0,0,0,0,0,0,0,0,0,0,0,0.0,0,validation,14,0.07142857142857142
normal_21-1_bk_08_005219__w0009,normal_21-1_bk_08_005219,0,0,0,0,0,0,0,0,0,0,0,0.0,0,validation,14,0.07142857142857142
normal_21-1_bk_08_005219__w0010,normal_21-1_bk_08_005219,0,0,0,0,0,0,0,0,0,0,0,0.0,0,validation,14,0.07142857142857142
normal_21-1_bk_08_005219__w0011,normal_21-1_bk_08_005219,0,0,0,0,0,0,0,0,0,0,0,0.0,0,validation,14,0.07142857142857142
normal_21-1_bk_08_005219__w0012,normal_21-1_bk_08_005219,0,0,0,0,0,0,0,0,1,0,0,1.0,0,validation,14,0.07142857142857142
normal_21-1_bk_08_005219__w0013,normal_21-1_bk_08_005219,0,0,0,0,1,0,1,1,2,0,0,2.0,0,validation,14,0.07142857142857142
normal_21-1_bk_08_006101__w0000,normal_21-1_bk_08_006101,0,0,0,0,0,0,0,0,0,0,0,0.0,0,validation,2,0.5
normal_21-1_bk_08_006101__w0001,normal_21-1_bk_08_006101,0,0,0,0,0,0,0,0,0,0,0,0.0,0,validation,2,0.5
normal_21-1_bk_08_006578__w0000,normal_21-1_bk_08_006578,0,0,0,1,1,1,1,1,2,0,1,0.0,0,test,2,0.5
normal_21-1_bk_08_006578__w0001,normal_21-1_bk_08_006578,0,0,0,0,1,0,1,1,1,0,0,-2.0,0,test,2,0.5
normal_21-1_bk_08_007391__w0000,normal_21-1_bk_08_007391,0,0,0,0,0,0,0,0,0,0,0,0.0,0,train,6,0.16666666666666666
normal_21-1_bk_08_007391__w0001,normal_21-1_bk_08_007391,0,0,0,0,0,0,0,0,0,0,0,0.0,0,train,6,0.16666666666666666
normal_21-1_bk_08_007391__w0002,normal_21-1_bk_08_007391,0,0,0,0,0,0,0,0,0,0,0,0.0,0,train,6,0.16666666666666666
normal_21-1_bk_08_007391__w0003,normal_21-1_bk_08_007391,0,0,0,0,0,0,0,0,0,0,0,0.0,0,train,6,0.16666666666666666
normal_21-1_bk_08_007391__w0004,normal_21-1_bk_08_007391,0,0,0,0,0,0,0,0,0,0,0,0.0,0,train,6,0.16666666666666666
normal_21-1_bk_08_007391__w0005,normal_21-1_bk_08_007391,0,0,0,0,0,0,0,0,0,0,0,0.0,0,train,6,0.16666666666666666
normal_21-1_bk_08_008179__w0000,normal_21-1_bk_08_008179,0,0,0,0,0,0,0,0,0,0,0,0.0,0,train,2,0.5
normal_21-1_bk_08_008179__w0001,normal_21-1_bk_08_008179,0,0,0,0,0,0,0,0,0,0,0,0.0,0,train,2,0.5
normal_21-1_bk_08_008433__w0000,normal_21-1_bk_08_008433,0,0,0,1,0,0,0,0,0,0,0,0.0,0,test,10,0.1
normal_21-1_bk_08_008433__w0001,normal_21-1_bk_08_008433,0,0,0,0,1,1,1,1,2,0,1,2.0,0,test,10,0.1
normal_21-1_bk_08_008433__w0002,normal_21-1_bk_08_008433,0,0,0,0,1,1,1,1,2,0,1,0.0,0,test,10,0.1
normal_21-1_bk_08_008433__w0003,normal_21-1_bk_08_008433,0,0,0,0,0,0,0,0,0,0,0,-3.0,0,test,10,0.1
normal_21-1_bk_08_008433__w0004,normal_21-1_bk_08_008433,0,0,0,0,0,0,0,0,0,0,0,0.0,0,test,10,0.1
normal_21-1_bk_08_008433__w0005,normal_21-1_bk_08_008433,0,0,0,0,0,0,0,0,0,0,0,0.0,0,test,10,0.1
normal_21-1_bk_08_008433__w0006,normal_21-1_bk_08_008433,0,0,0,0,0,0,0,0,0,0,0,0.0,0,test,10,0.1
normal_21-1_bk_08_008433__w0007,normal_21-1_bk_08_008433,0,0,0,0,0,0,0,0,0,0,0,0.0,0,test,10,0.1
normal_21-1_bk_08_008433__w0008,normal_21-1_bk_08_008433,0,0,0,0,0,0,0,0,0,0,0,0.0,0,test,10,0.1
normal_21-1_bk_08_008433__w0009,normal_21-1_bk_08_008433,0,0,0,0,0,0,0,0,0,0,0,0.0,0,test,10,0.1
normal_21-1_bk_08_009199__w0000,normal_21-1_bk_08_009199,0,0,0,0,0,0,0,0,0,0,0,0.0,0,train,4,0.25
normal_21-1_bk_08_009199__w0001,normal_21-1_bk_08_009199,0,0,0,0,0,0,0,0,0,0,0,0.0,0,train,4,0.25
normal_21-1_bk_08_009199__w0002,normal_21-1_bk_08_009199,0,0,0,0,0,0,0,0,0,0,0,0.0,0,train,4,0.25
normal_21-1_bk_08_009199__w0003,normal_21-1_bk_08_009199,0,0,0,0,0,0,0,0,0,0,0,0.0,0,train,4,0.25
normal_21-1_bk_08_011515__w0000,normal_21-1_bk_08_011515,0,0,0,1,1,0,1,1,1,0,0,0.0,0,train,6,0.16666666666666666
normal_21-1_bk_08_011515__w0001,normal_21-1_bk_08_011515,0,0,0,0,1,0,1,1,1,0,0,-1.0,0,train,6,0.16666666666666666
normal_21-1_bk_08_011515__w0002,normal_21-1_bk_08_011515,0,0,0,0,0,0,0,0,0,0,0,-2.0,0,train,6,0.16666666666666666
normal_21-1_bk_08_011515__w0003,normal_21-1_bk_08_011515,0,0,0,0,0,0,0,0,0,0,0,0.0,0,train,6,0.16666666666666666
normal_21-1_bk_08_011515__w0004,normal_21-1_bk_08_011515,0,0,0,0,0,0,0,0,0,0,0,0.0,0,train,6,0.16666666666666666
normal_21-1_bk_08_011515__w0005,normal_21-1_bk_08_011515,0,0,0,0,0,0,0,0,0,0,0,0.0,0,train,6,0.16666666666666666
normal_21-1_bk_08_012480__w0000,normal_21-1_bk_08_012480,0,0,0,1,0,0,0,0,0,0,0,0.0,0,train,3,0.3333333333333333
normal_21-1_bk_08_012480__w0001,normal_21-1_bk_08_012480,0,0,0,0,0,0,0,0,0,0,0,-1.0,0,train,3,0.3333333333333333
normal_21-1_bk_08_012480__w0002,normal_21-1_bk_08_012480,0,0,0,0,0,0,0,0,0,0,0,0.0,0,train,3,0.3333333333333333
normal_21-1_bk_08_014542__w0000,normal_21-1_bk_08_014542,0,0,0,1,0,0,0,0,0,0,0,0.0,0,train,3,0.3333333333333333
normal_21-1_bk_08_014542__w0001,normal_21-1_bk_08_014542,0,0,0,0,0,0,0,0,0,0,0,-1.0,0,train,3,0.3333333333333333
normal_21-1_bk_08_014542__w0002,normal_21-1_bk_08_014542,0,0,0,0,0,0,0,0,0,0,0,0.0,0,train,3,0.3333333333333333
normal_21-1_bk_08_015156__w0000,normal_21-1_bk_08_015156,0,0,0,0,0,0,0,0,0,0,0,0.0,0,train,7,0.14285714285714285
normal_21-1_bk_08_015156__w0001,normal_21-1_bk_08_015156,0,0,0,0,0,0,0,0,0,0,0,0.0,0,train,7,0.14285714285714285
normal_21-1_bk_08_015156__w0002,normal_21-1_bk_08_015156,0,0,0,0,0,0,0,0,0,0,0,0.0,0,train,7,0.14285714285714285
normal_21-1_bk_08_015156__w0003,normal_21-1_bk_08_015156,0,0,0,0,1,0,1,1,1,0,0,2.0,0,train,7,0.14285714285714285
normal_21-1_bk_08_015156__w0004,normal_21-1_bk_08_015156,0,0,0,0,1,0,1,1,1,0,0,0.0,0,train,7,0.14285714285714285
normal_21-1_bk_08_015156__w0005,normal_21-1_bk_08_015156,0,0,0,0,0,0,0,0,0,0,0,-2.0,0,train,7,0.14285714285714285
normal_21-1_bk_08_015156__w0006,normal_21-1_bk_08_015156,1,0,0,0,0,0,0,1,0,0,0,1.0,0,train,7,0.14285714285714285
normal_21-1_bk_08_015586__w0000,normal_21-1_bk_08_015586,0,0,0,0,1,0,1,2,1,0,0,0.0,0,train,5,0.2
normal_21-1_bk_08_015586__w0001,normal_21-1_bk_08_015586,0,0,0,0,1,0,1,2,1,0,0,0.0,0,train,5,0.2
normal_21-1_bk_08_015586__w0002,normal_21-1_bk_08_015586,0,0,0,0,1,0,1,1,1,0,0,-1.0,0,train,5,0.2
normal_21-1_bk_08_015586__w0003,normal_21-1_bk_08_015586,0,0,0,0,0,0,0,0,0,0,0,-2.0,0,train,5,0.2
normal_21-1_bk_08_015586__w0004,normal_21-1_bk_08_015586,0,0,0,0,0,0,0,0,0,0,0,0.0,0,train,5,0.2
normal_21-1_bk_08_015882__w0000,normal_21-1_bk_08_015882,0,0,0,1,1,1,1,2,2,0,1,0.0,0,test,7,0.14285714285714285
normal_21-1_bk_08_015882__w0001,normal_21-1_bk_08_015882,0,0,0,0,1,0,1,1,1,0,0,-3.0,0,test,7,0.14285714285714285
normal_21-1_bk_08_015882__w0002,normal_21-1_bk_08_015882,0,0,0,0,1,0,1,1,1,0,0,0.0,0,test,7,0.14285714285714285
normal_21-1_bk_08_015882__w0003,normal_21-1_bk_08_015882,0,0,0,0,0,0,0,0,0,0,0,-2.0,0,test,7,0.14285714285714285
normal_21-1_bk_08_015882__w0004,normal_21-1_bk_08_015882,0,0,0,0,0,0,0,0,0,0,0,0.0,0,test,7,0.14285714285714285
normal_21-1_bk_08_015882__w0005,normal_21-1_bk_08_015882,0,0,0,0,0,0,0,0,0,0,0,0.0,0,test,7,0.14285714285714285
normal_21-1_bk_08_015882__w0006,normal_21-1_bk_08_015882,0,0,0,0,0,0,0,0,0,0,0,0.0,0,test,7,0.14285714285714285
normal_21-1_bk_08_016268__w0000,normal_21-1_bk_08_016268,0,0,0,0,1,0,1,2,1,0,0,0.0,0,train,6,0.16666666666666666
normal_21-1_bk_08_016268__w0001,normal_21-1_bk_08_016268,0,0,0,0,0,0,0,0,0,0,0,-3.0,0,train,6,0.16666666666666666
normal_21-1_bk_08_016268__w0002,normal_21-1_bk_08_016268,0,0,0,0,0,0,0,0,0,0,0,0.0,0,train,6,0.16666666666666666
normal_21-1_bk_08_016268__w0003,normal_21-1_bk_08_016268,0,0,0,0,0,0,0,0,0,0,0,0.0,0,train,6,0.16666666666666666
normal_21-1_bk_08_016268__w0004,normal_21-1_bk_08_016268,0,0,0,0,0,0,0,0,0,0,0,0.0,0,train,6,0.16666666666666666
normal_21-1_bk_08_016268__w0005,normal_21-1_bk_08_016268,0,0,0,0,0,0,0,0,0,0,0,0.0,0,train,6,0.16666666666666666
normal_21-1_bk_08_016307__w0000,normal_21-1_bk_08_016307,0,0,0,1,1,1,1,1,2,0,1,0.0,0,train,4,0.25
normal_21-1_bk_08_016307__w0001,normal_21-1_bk_08_016307,0,0,0,0,1,0,1,1,1,0,0,-2.0,0,train,4,0.25
normal_21-1_bk_08_016307__w0002,normal_21-1_bk_08_016307,0,0,0,0,0,0,0,0,0,0,0,-2.0,0,train,4,0.25
normal_21-1_bk_08_016307__w0003,normal_21-1_bk_08_016307,0,0,0,0,0,0,0,0,0,0,0,0.0,0,train,4,0.25
normal_21-1_bk_08_016706__w0000,normal_21-1_bk_08_016706,0,0,0,0,0,0,0,0,0,0,0,0.0,0,train,5,0.2
normal_21-1_bk_08_016706__w0001,normal_21-1_bk_08_016706,0,0,0,0,1,0,1,1,1,0,0,2.0,0,train,5,0.2
normal_21-1_bk_08_016706__w0002,normal_21-1_bk_08_016706,0,0,0,0,1,0,1,1,1,0,0,0.0,0,train,5,0.2
normal_21-1_bk_08_016706__w0003,normal_21-1_bk_08_016706,0,0,0,0,1,0,1,1,1,0,0,0.0,0,train,5,0.2
normal_21-1_bk_08_016706__w0004,normal_21-1_bk_08_016706,0,0,0,0,0,0,0,0,0,0,0,-2.0,0,train,5,0.2
normal_21-1_bk_08_018542__w0000,normal_21-1_bk_08_018542,0,0,0,1,0,0,0,0,0,0,0,0.0,0,train,1,1.0
normal_21-1_bk_08_019043__w0000,normal_21-1_bk_08_019043,0,0,0,1,1,1,1,1,2,0,1,0.0,0,train,2,0.5
normal_21-1_bk_08_019043__w0001,normal_21-1_bk_08_019043,0,0,0,0,1,1,1,1,2,0,1,-1.0,0,train,2,0.5
normal_21-1_bk_08_019390__w0000,normal_21-1_bk_08_019390,0,0,0,1,1,0,1,1,1,0,0,0.0,0,validation,4,0.25
normal_21-1_bk_08_019390__w0001,normal_21-1_bk_08_019390,0,0,0,0,1,0,1,1,1,0,0,-1.0,0,validation,4,0.25
normal_21-1_bk_08_019390__w0002,normal_21-1_bk_08_019390,0,0,0,0,0,0,0,0,0,0,0,-2.0,0,validation,4,0.25
normal_21-1_bk_08_019390__w0003,normal_21-1_bk_08_019390,0,0,0,0,0,0,0,0,0,0,0,0.0,0,validation,4,0.25
normal_21-1_bk_08_019433__w0000,normal_21-1_bk_08_019433,0,0,0,1,0,0,0,0,0,0,0,0.0,0,test,2,0.5
normal_21-1_bk_08_019433__w0001,normal_21-1_bk_08_019433,0,0,0,0,0,0,0,0,0,0,0,-1.0,0,test,2,0.5
normal_21-1_bk_08_021261__w0000,normal_21-1_bk_08_021261,0,0,0,0,0,0,0,0,0,0,0,0.0,0,train,2,0.5
normal_21-1_bk_08_021261__w0001,normal_21-1_bk_08_021261,0,0,0,0,0,0,0,0,0,0,0,0.0,0,train,2,0.5
normal_21-1_bk_08_021763__w0000,normal_21-1_bk_08_021763,0,0,0,0,0,0,0,0,0,0,0,0.0,0,train,2,0.5
normal_21-1_bk_08_021763__w0001,normal_21-1_bk_08_021763,0,0,0,0,1,0,1,1,1,0,0,2.0,0,train,2,0.5
normal_21-1_bk_08_021878__w0000,normal_21-1_bk_08_021878,0,0,0,1,1,1,1,1,2,0,1,0.0,0,train,3,0.3333333333333333
normal_21-1_bk_08_021878__w0001,normal_21-1_bk_08_021878,0,0,0,0,1,0,1,1,1,0,0,-2.0,0,train,3,0.3333333333333333
normal_21-1_bk_08_021878__w0002,normal_21-1_bk_08_021878,0,0,0,0,1,0,0,1,0,0,0,-1.0,0,train,3,0.3333333333333333
normal_21-1_bk_08_021993__w0000,normal_21-1_bk_08_021993,0,0,0,1,1,0,1,1,1,0,0,0.0,0,train,6,0.16666666666666666
normal_21-1_bk_08_021993__w0001,normal_21-1_bk_08_021993,0,0,0,0,1,0,1,1,1,0,0,-1.0,0,train,6,0.16666666666666666
normal_21-1_bk_08_021993__w0002,normal_21-1_bk_08_021993,0,0,0,0,1,0,1,1,1,0,0,0.0,0,train,6,0.16666666666666666
normal_21-1_bk_08_021993__w0003,normal_21-1_bk_08_021993,0,0,0,0,0,0,0,0,0,0,0,-2.0,0,train,6,0.16666666666666666
normal_21-1_bk_08_021993__w0004,normal_21-1_bk_08_021993,0,0,0,0,0,0,0,0,0,0,0,0.0,0,train,6,0.16666666666666666
normal_21-1_bk_08_021993__w0005,normal_21-1_bk_08_021993,0,0,0,0,0,0,0,0,0,0,0,0.0,0,train,6,0.16666666666666666
normal_21-1_bk_08_022577__w0000,normal_21-1_bk_08_022577,0,0,0,0,0,0,0,0,0,0,0,0.0,0,validation,2,0.5
normal_21-1_bk_08_022577__w0001,normal_21-1_bk_08_022577,0,0,0,0,0,0,0,0,0,0,0,0.0,0,validation,2,0.5
normal_21-1_bk_08_022780__w0000,normal_21-1_bk_08_022780,0,0,0,0,0,0,0,0,0,0,0,0.0,0,validation,9,0.1111111111111111
normal_21-1_bk_08_022780__w0001,normal_21-1_bk_08_022780,0,0,0,0,0,0,0,0,0,0,0,0.0,0,validation,9,0.1111111111111111
normal_21-1_bk_08_022780__w0002,normal_21-1_bk_08_022780,0,0,0,0,0,0,0,0,0,0,0,0.0,0,validation,9,0.1111111111111111
normal_21-1_bk_08_022780__w0003,normal_21-1_bk_08_022780,0,0,0,0,0,0,0,0,0,0,0,0.0,0,validation,9,0.1111111111111111
normal_21-1_bk_08_022780__w0004,normal_21-1_bk_08_022780,0,0,0,0,0,0,0,0,0,0,0,0.0,0,validation,9,0.1111111111111111
normal_21-1_bk_08_022780__w0005,normal_21-1_bk_08_022780,0,0,0,0,0,0,0,0,0,0,0,0.0,0,validation,9,0.1111111111111111
normal_21-1_bk_08_022780__w0006,normal_21-1_bk_08_022780,0,0,0,0,0,0,0,0,0,0,0,0.0,0,validation,9,0.1111111111111111
normal_21-1_bk_08_022780__w0007,normal_21-1_bk_08_022780,0,0,0,0,0,0,0,0,0,0,0,0.0,0,validation,9,0.1111111111111111
normal_21-1_bk_08_022780__w0008,normal_21-1_bk_08_022780,0,0,0,0,0,0,0,0,0,0,0,0.0,0,validation,9,0.1111111111111111
normal_21-1_bk_08_023002__w0000,normal_21-1_bk_08_023002,0,0,0,1,0,0,0,0,0,0,0,0.0,0,train,5,0.2
normal_21-1_bk_08_023002__w0001,normal_21-1_bk_08_023002,0,0,0,0,0,0,0,1,1,0,0,1.0,0,train,5,0.2
normal_21-1_bk_08_023002__w0002,normal_21-1_bk_08_023002,0,0,0,0,0,0,0,1,1,0,0,0.0,0,train,5,0.2
normal_21-1_bk_08_023002__w0003,normal_21-1_bk_08_023002,0,0,0,0,0,0,0,0,0,0,0,-2.0,0,train,5,0.2
normal_21-1_bk_08_023002__w0004,normal_21-1_bk_08_023002,0,0,0,0,0,0,0,0,0,0,0,0.0,0,train,5,0.2
normal_21-1_bk_08_023111__w0000,normal_21-1_bk_08_023111,0,0,0,1,1,0,1,1,1,0,0,0.0,0,train,4,0.25
normal_21-1_bk_08_023111__w0001,normal_21-1_bk_08_023111,0,0,0,0,1,0,1,1,1,0,0,-1.0,0,train,4,0.25
normal_21-1_bk_08_023111__w0002,normal_21-1_bk_08_023111,0,0,0,0,0,0,0,0,0,0,0,-2.0,0,train,4,0.25
normal_21-1_bk_08_023111__w0003,normal_21-1_bk_08_023111,0,0,0,0,0,0,0,0,0,0,0,0.0,0,train,4,0.25
normal_21-1_bk_08_023865__w0000,normal_21-1_bk_08_023865,0,0,0,1,0,0,0,0,0,0,0,0.0,0,train,2,0.5
normal_21-1_bk_08_023865__w0001,normal_21-1_bk_08_023865,0,0,0,0,0,0,0,0,0,0,0,-1.0,0,train,2,0.5
normal_21-1_bk_08_023921__w0000,normal_21-1_bk_08_023921,0,0,0,0,0,0,0,0,0,0,0,0.0,0,train,6,0.16666666666666666
normal_21-1_bk_08_023921__w0001,normal_21-1_bk_08_023921,0,0,0,0,1,0,1,1,1,0,0,2.0,0,train,6,0.16666666666666666
normal_21-1_bk_08_023921__w0002,normal_21-1_bk_08_023921,0,0,0,0,1,0,1,1,1,0,0,0.0,0,train,6,0.16666666666666666
normal_21-1_bk_08_023921__w0003,normal_21-1_bk_08_023921,0,0,0,0,0,0,0,0,0,0,0,-2.0,0,train,6,0.16666666666666666
normal_21-1_bk_08_023921__w0004,normal_21-1_bk_08_023921,0,0,0,0,0,0,0,0,0,0,0,0.0,0,train,6,0.16666666666666666
normal_21-1_bk_08_023921__w0005,normal_21-1_bk_08_023921,0,0,0,0,0,0,0,0,0,0,0,0.0,0,train,6,0.16666666666666666
normal_21-1_bk_08_024014__w0000,normal_21-1_bk_08_024014,0,0,0,1,1,1,0,2,1,0,1,0.0,0,train,5,0.2
normal_21-1_bk_08_024014__w0001,normal_21-1_bk_08_024014,0,0,0,0,0,0,0,0,0,0,0,-4.0,0,train,5,0.2
normal_21-1_bk_08_024014__w0002,normal_21-1_bk_08_024014,0,0,0,0,0,0,0,0,0,0,0,0.0,0,train,5,0.2
normal_21-1_bk_08_024014__w0003,normal_21-1_bk_08_024014,0,0,0,0,0,0,0,0,0,0,0,0.0,0,train,5,0.2
normal_21-1_bk_08_024014__w0004,normal_21-1_bk_08_024014,0,0,0,0,0,0,0,0,0,0,0,0.0,0,train,5,0.2
normal_21-1_bk_08_025717__w0000,normal_21-1_bk_08_025717,0,0,0,1,1,1,0,2,1,0,1,0.0,0,train,3,0.3333333333333333
normal_21-1_bk_08_025717__w0001,normal_21-1_bk_08_025717,0,0,0,0,1,1,1,2,2,0,1,0.0,0,train,3,0.3333333333333333
normal_21-1_bk_08_025717__w0002,normal_21-1_bk_08_025717,0,0,0,0,1,0,1,1,1,0,0,-2.0,0,train,3,0.3333333333333333
normal_21-1_bk_08_026272__w0000,normal_21-1_bk_08_026272,0,0,0,1,1,0,0,1,0,0,0,0.0,0,train,6,0.16666666666666666
normal_21-1_bk_08_026272__w0001,normal_21-1_bk_08_026272,0,0,0,0,1,0,0,1,0,0,0,-1.0,0,train,6,0.16666666666666666
normal_21-1_bk_08_026272__w0002,normal_21-1_bk_08_026272,0,0,0,0,1,0,1,1,1,0,0,1.0,0,train,6,0.16666666666666666
normal_21-1_bk_08_026272__w0003,normal_21-1_bk_08_026272,0,0,0,0,1,0,1,1,1,0,0,0.0,0,train,6,0.16666666666666666
normal_21-1_bk_08_026272__w0004,normal_21-1_bk_08_026272,0,0,0,0,0,0,0,0,0,0,0,-2.0,0,train,6,0.16666666666666666
normal_21-1_bk_08_026272__w0005,normal_21-1_bk_08_026272,0,0,0,0,0,0,0,0,0,0,0,0.0,0,train,6,0.16666666666666666
normal_21-1_bk_08_026470__w0000,normal_21-1_bk_08_026470,0,0,0,0,1,1,1,1,2,0,1,0.0,0,validation,3,0.3333333333333333
normal_21-1_bk_08_026470__w0001,normal_21-1_bk_08_026470,0,0,0,0,1,0,0,1,0,0,0,-2.0,0,validation,3,0.3333333333333333
normal_21-1_bk_08_026470__w0002,normal_21-1_bk_08_026470,0,0,0,0,0,0,0,0,0,0,0,-1.0,0,validation,3,0.3333333333333333
normal_21-1_bk_08_027368__w0000,normal_21-1_bk_08_027368,0,0,0,1,0,0,0,0,0,0,0,0.0,0,test,10,0.1
normal_21-1_bk_08_027368__w0001,normal_21-1_bk_08_027368,0,0,0,0,0,0,0,0,0,0,0,-1.0,0,test,10,0.1
normal_21-1_bk_08_027368__w0002,normal_21-1_bk_08_027368,0,0,0,0,0,0,0,1,0,0,0,1.0,0,test,10,0.1
normal_21-1_bk_08_027368__w0003,normal_21-1_bk_08_027368,0,0,0,0,0,0,0,1,0,0,0,0.0,0,test,10,0.1
normal_21-1_bk_08_027368__w0004,normal_21-1_bk_08_027368,0,0,0,0,0,0,0,0,0,0,0,-1.0,0,test,10,0.1
normal_21-1_bk_08_027368__w0005,normal_21-1_bk_08_027368,0,0,0,0,0,0,0,0,0,0,0,0.0,0,test,10,0.1
normal_21-1_bk_08_027368__w0006,normal_21-1_bk_08_027368,0,0,0,0,1,0,1,1,1,0,0,2.0,0,test,10,0.1
normal_21-1_bk_08_027368__w0007,normal_21-1_bk_08_027368,0,0,0,0,1,0,1,1,1,0,0,0.0,0,test,10,0.1
normal_21-1_bk_08_027368__w0008,normal_21-1_bk_08_027368,0,0,0,0,1,0,1,1,1,0,0,0.0,0,test,10,0.1
normal_21-1_bk_08_027368__w0009,normal_21-1_bk_08_027368,0,0,0,0,0,0,0,0,0,0,0,-2.0,0,test,10,0.1
normal_21-1_bk_08_027582__w0000,normal_21-1_bk_08_027582,0,0,0,0,0,0,0,0,0,0,0,0.0,0,train,5,0.2
normal_21-1_bk_08_027582__w0001,normal_21-1_bk_08_027582,0,0,0,0,0,0,0,0,0,0,0,0.0,0,train,5,0.2
normal_21-1_bk_08_027582__w0002,normal_21-1_bk_08_027582,0,0,0,0,1,0,0,1,0,0,0,1.0,0,train,5,0.2
normal_21-1_bk_08_027582__w0003,normal_21-1_bk_08_027582,0,0,0,0,1,0,0,1,0,0,0,0.0,0,train,5,0.2
normal_21-1_bk_08_027582__w0004,normal_21-1_bk_08_027582,0,0,0,0,0,0,0,0,0,0,0,-1.0,0,train,5,0.2
normal_21-1_bk_08_027665__w0000,normal_21-1_bk_08_027665,0,0,0,1,0,0,0,1,0,0,0,0.0,0,test,2,0.5
normal_21-1_bk_08_027665__w0001,normal_21-1_bk_08_027665,0,0,0,0,1,0,1,2,1,0,0,1.0,0,test,2,0.5
normal_21-1_bk_08_028356__w0000,normal_21-1_bk_08_028356,0,0,0,1,0,0,0,0,0,0,0,0.0,0,validation,3,0.3333333333333333
normal_21-1_bk_08_028356__w0001,normal_21-1_bk_08_028356,0,0,0,0,0,0,0,0,0,0,0,-1.0,0,validation,3,0.3333333333333333
normal_21-1_bk_08_028356__w0002,normal_21-1_bk_08_028356,0,0,0,0,0,0,0,0,0,0,0,0.0,0,validation,3,0.3333333333333333
normal_21-1_bk_08_028728__w0000,normal_21-1_bk_08_028728,0,0,0,1,1,1,1,1,2,0,1,0.0,0,train,3,0.3333333333333333
normal_21-1_bk_08_028728__w0001,normal_21-1_bk_08_028728,0,0,0,0,1,0,1,1,1,0,0,-2.0,0,train,3,0.3333333333333333
normal_21-1_bk_08_028728__w0002,normal_21-1_bk_08_028728,0,0,0,0,1,0,1,1,1,0,0,0.0,0,train,3,0.3333333333333333
normal_21-1_bk_08_028863__w0000,normal_21-1_bk_08_028863,0,0,0,1,1,0,1,1,1,0,0,0.0,0,train,2,0.5
normal_21-1_bk_08_028863__w0001,normal_21-1_bk_08_028863,0,0,0,0,1,0,1,1,1,0,0,-1.0,0,train,2,0.5
normal_21-1_bk_08_029467__w0000,normal_21-1_bk_08_029467,0,0,0,1,0,0,0,0,0,0,0,0.0,0,train,2,0.5
normal_21-1_bk_08_029467__w0001,normal_21-1_bk_08_029467,0,0,0,0,0,0,0,0,0,0,0,-1.0,0,train,2,0.5
normal_21-1_bk_08_030206__w0000,normal_21-1_bk_08_030206,0,0,0,1,0,0,0,0,0,0,0,0.0,0,train,4,0.25
normal_21-1_bk_08_030206__w0001,normal_21-1_bk_08_030206,0,0,0,0,0,0,0,0,0,0,0,-1.0,0,train,4,0.25
normal_21-1_bk_08_030206__w0002,normal_21-1_bk_08_030206,0,0,0,0,0,0,0,0,0,0,0,0.0,0,train,4,0.25
normal_21-1_bk_08_030206__w0003,normal_21-1_bk_08_030206,0,0,0,0,0,0,0,0,0,0,0,0.0,0,train,4,0.25
normal_21-1_bk_08_030627__w0000,normal_21-1_bk_08_030627,0,0,0,1,0,0,0,0,0,0,0,0.0,0,train,4,0.25
normal_21-1_bk_08_030627__w0001,normal_21-1_bk_08_030627,0,0,0,0,0,0,0,0,0,0,0,-1.0,0,train,4,0.25
normal_21-1_bk_08_030627__w0002,normal_21-1_bk_08_030627,0,0,0,0,0,0,0,0,0,0,0,0.0,0,train,4,0.25
normal_21-1_bk_08_030627__w0003,normal_21-1_bk_08_030627,0,0,0,0,0,0,0,0,0,0,0,0.0,0,train,4,0.25
normal_21-1_bk_08_031988__w0000,normal_21-1_bk_08_031988,0,0,0,0,0,0,0,0,0,0,0,0.0,0,train,2,0.5
normal_21-1_bk_08_031988__w0001,normal_21-1_bk_08_031988,0,0,0,0,0,0,0,0,0,0,0,0.0,0,train,2,0.5
normal_21-1_bk_09_009504__w0000,normal_21-1_bk_09_009504,0,0,0,1,0,0,0,0,0,0,0,0.0,0,train,5,0.2
normal_21-1_bk_09_009504__w0001,normal_21-1_bk_09_009504,0,0,0,0,0,0,0,0,0,0,0,-1.0,0,train,5,0.2
normal_21-1_bk_09_009504__w0002,normal_21-1_bk_09_009504,0,0,0,0,0,0,0,0,0,0,0,0.0,0,train,5,0.2
normal_21-1_bk_09_009504__w0003,normal_21-1_bk_09_009504,0,0,0,0,0,0,0,0,0,0,0,0.0,0,train,5,0.2
normal_21-1_bk_09_009504__w0004,normal_21-1_bk_09_009504,0,0,0,0,0,0,0,0,0,0,0,0.0,0,train,5,0.2
normal_21-1_bk_09_011359__w0000,normal_21-1_bk_09_011359,0,0,0,0,0,0,0,0,0,0,0,0.0,0,train,2,0.5
normal_21-1_bk_09_011359__w0001,normal_21-1_bk_09_011359,0,0,0,0,0,0,0,0,0,0,0,0.0,0,train,2,0.5
normal_21-1_bk_09_014850__w0000,normal_21-1_bk_09_014850,0,0,0,1,0,0,0,0,0,0,0,0.0,0,train,3,0.3333333333333333
normal_21-1_bk_09_014850__w0001,normal_21-1_bk_09_014850,0,0,0,0,0,0,0,0,0,0,0,-1.0,0,train,3,0.3333333333333333
normal_21-1_bk_09_014850__w0002,normal_21-1_bk_09_014850,0,0,0,0,0,0,0,0,0,0,0,0.0,0,train,3,0.3333333333333333
normal_21-1_bk_09_016095__w0000,normal_21-1_bk_09_016095,1,0,0,1,0,0,0,1,0,1,0,0.0,0,train,1,1.0
normal_21-1_bk_09_016126__w0000,normal_21-1_bk_09_016126,0,0,0,1,0,0,0,0,0,0,0,0.0,0,train,2,0.5
normal_21-1_bk_09_016126__w0001,normal_21-1_bk_09_016126,0,0,0,0,0,0,0,0,0,0,0,-1.0,0,train,2,0.5
normal_21-1_bk_09_017733__w0000,normal_21-1_bk_09_017733,0,0,0,1,0,0,0,0,0,0,0,0.0,0,train,3,0.3333333333333333
normal_21-1_bk_09_017733__w0001,normal_21-1_bk_09_017733,0,0,0,0,0,0,0,0,0,0,0,-1.0,0,train,3,0.3333333333333333
normal_21-1_bk_09_017733__w0002,normal_21-1_bk_09_017733,0,0,0,0,0,0,0,0,0,0,0,0.0,0,train,3,0.3333333333333333
normal_21-1_bk_09_020622__w0000,normal_21-1_bk_09_020622,0,0,0,1,0,0,0,0,0,0,0,0.0,0,train,4,0.25
normal_21-1_bk_09_020622__w0001,normal_21-1_bk_09_020622,0,0,0,0,0,0,0,0,0,0,0,-1.0,0,train,4,0.25
normal_21-1_bk_09_020622__w0002,normal_21-1_bk_09_020622,0,0,0,0,0,0,0,0,0,0,0,0.0,0,train,4,0.25
normal_21-1_bk_09_020622__w0003,normal_21-1_bk_09_020622,0,0,0,0,0,0,0,0,0,0,0,0.0,0,train,4,0.25
normal_21-1_bk_09_022910__w0000,normal_21-1_bk_09_022910,0,0,0,1,0,0,0,0,0,0,0,0.0,0,train,3,0.3333333333333333
normal_21-1_bk_09_022910__w0001,normal_21-1_bk_09_022910,0,0,0,0,0,0,0,0,0,0,0,-1.0,0,train,3,0.3333333333333333
normal_21-1_bk_09_022910__w0002,normal_21-1_bk_09_022910,0,0,0,0,0,0,0,0,0,0,0,0.0,0,train,3,0.3333333333333333
normal_21-1_bk_09_024194__w0000,normal_21-1_bk_09_024194,0,0,0,0,0,0,0,0,0,0,0,0.0,0,train,1,1.0
normal_21-1_bk_09_024205__w0000,normal_21-1_bk_09_024205,0,0,0,1,0,0,0,0,0,0,0,0.0,0,train,6,0.16666666666666666
normal_21-1_bk_09_024205__w0001,normal_21-1_bk_09_024205,0,0,0,0,0,0,0,0,0,0,0,-1.0,0,train,6,0.16666666666666666
normal_21-1_bk_09_024205__w0002,normal_21-1_bk_09_024205,0,0,0,0,0,0,0,0,0,0,0,0.0,0,train,6,0.16666666666666666
normal_21-1_bk_09_024205__w0003,normal_21-1_bk_09_024205,0,0,0,0,0,0,0,0,0,0,0,0.0,0,train,6,0.16666666666666666
normal_21-1_bk_09_024205__w0004,normal_21-1_bk_09_024205,0,0,0,0,0,0,0,0,0,0,0,0.0,0,train,6,0.16666666666666666
normal_21-1_bk_09_024205__w0005,normal_21-1_bk_09_024205,0,0,0,0,0,0,0,0,0,0,0,0.0,0,train,6,0.16666666666666666
normal_21-1_bk_09_029897__w0000,normal_21-1_bk_09_029897,0,0,0,1,0,0,0,0,0,0,0,0.0,0,train,1,1.0
normal_21-1_bk_09_031953__w0000,normal_21-1_bk_09_031953,0,0,0,0,0,0,0,0,0,0,0,0.0,0,train,1,1.0
normal_21-1_ins_01_000134__w0000,normal_21-1_ins_01_000134,0,0,0,0,0,0,0,0,0,0,0,0.0,0,train,4,0.25
normal_21-1_ins_01_000134__w0001,normal_21-1_ins_01_000134,0,0,0,0,0,0,0,0,0,0,0,0.0,0,train,4,0.25
normal_21-1_ins_01_000134__w0002,normal_21-1_ins_01_000134,0,0,0,0,0,0,0,0,0,0,0,0.0,0,train,4,0.25
normal_21-1_ins_01_000134__w0003,normal_21-1_ins_01_000134,0,0,0,0,0,0,0,0,0,0,0,0.0,0,train,4,0.25
normal_21-1_ins_01_000390__w0000,normal_21-1_ins_01_000390,0,0,0,0,0,0,0,0,0,0,0,0.0,0,train,5,0.2
normal_21-1_ins_01_000390__w0001,normal_21-1_ins_01_000390,0,0,0,0,0,0,0,0,0,0,0,0.0,0,train,5,0.2
normal_21-1_ins_01_000390__w0002,normal_21-1_ins_01_000390,0,0,0,0,0,0,0,0,0,0,0,0.0,0,train,5,0.2
normal_21-1_ins_01_000390__w0003,normal_21-1_ins_01_000390,0,0,0,0,0,0,0,0,0,0,0,0.0,0,train,5,0.2
normal_21-1_ins_01_000390__w0004,normal_21-1_ins_01_000390,0,0,0,0,0,0,0,0,0,0,0,0.0,0,train,5,0.2
normal_21-1_ins_01_004227__w0000,normal_21-1_ins_01_004227,0,0,0,0,0,0,0,0,0,0,0,0.0,0,validation,4,0.25
normal_21-1_ins_01_004227__w0001,normal_21-1_ins_01_004227,0,0,0,0,0,0,0,0,0,0,0,0.0,0,validation,4,0.25
normal_21-1_ins_01_004227__w0002,normal_21-1_ins_01_004227,0,0,0,0,0,0,0,0,0,0,0,0.0,0,validation,4,0.25
normal_21-1_ins_01_004227__w0003,normal_21-1_ins_01_004227,0,0,0,0,1,1,0,1,1,0,1,2.0,0,validation,4,0.25
normal_21-1_ins_01_004889__w0000,normal_21-1_ins_01_004889,0,0,0,0,0,0,0,0,0,0,0,0.0,0,validation,3,0.3333333333333333
normal_21-1_ins_01_004889__w0001,normal_21-1_ins_01_004889,0,0,0,0,0,0,0,0,0,0,0,0.0,0,validation,3,0.3333333333333333
normal_21-1_ins_01_004889__w0002,normal_21-1_ins_01_004889,0,0,0,0,0,0,0,0,0,0,0,0.0,0,validation,3,0.3333333333333333
normal_21-1_ins_01_005721__w0000,normal_21-1_ins_01_005721,0,0,0,0,0,0,0,0,0,0,0,0.0,0,test,4,0.25
normal_21-1_ins_01_005721__w0001,normal_21-1_ins_01_005721,0,0,0,0,0,0,0,0,0,0,0,0.0,0,test,4,0.25
normal_21-1_ins_01_005721__w0002,normal_21-1_ins_01_005721,0,0,0,0,0,0,0,0,0,0,0,0.0,0,test,4,0.25
normal_21-1_ins_01_005721__w0003,normal_21-1_ins_01_005721,0,0,0,0,0,0,0,0,0,0,0,0.0,0,test,4,0.25
normal_21-1_ins_01_007055__w0000,normal_21-1_ins_01_007055,0,0,0,0,0,0,0,0,0,0,0,0.0,0,train,4,0.25
normal_21-1_ins_01_007055__w0001,normal_21-1_ins_01_007055,0,0,0,0,0,0,0,0,0,0,0,0.0,0,train,4,0.25
normal_21-1_ins_01_007055__w0002,normal_21-1_ins_01_007055,0,0,0,0,0,0,0,0,0,0,0,0.0,0,train,4,0.25
normal_21-1_ins_01_007055__w0003,normal_21-1_ins_01_007055,1,0,1,0,0,0,0,1,0,1,0,2.0,0,train,4,0.25
normal_21-1_ins_01_008460__w0000,normal_21-1_ins_01_008460,0,0,0,0,0,0,0,0,0,0,0,0.0,0,train,4,0.25
normal_21-1_ins_01_008460__w0001,normal_21-1_ins_01_008460,0,0,0,0,0,0,0,0,0,0,0,0.0,0,train,4,0.25
normal_21-1_ins_01_008460__w0002,normal_21-1_ins_01_008460,0,0,0,0,0,0,0,0,0,0,0,0.0,0,train,4,0.25
normal_21-1_ins_01_008460__w0003,normal_21-1_ins_01_008460,0,0,0,0,0,0,0,0,0,0,0,0.0,0,train,4,0.25
normal_21-1_ins_01_008920__w0000,normal_21-1_ins_01_008920,0,0,0,0,0,0,0,0,0,0,0,0.0,0,validation,5,0.2
normal_21-1_ins_01_008920__w0001,normal_21-1_ins_01_008920,0,0,0,0,0,0,0,0,0,0,0,0.0,0,validation,5,0.2
normal_21-1_ins_01_008920__w0002,normal_21-1_ins_01_008920,0,0,0,0,0,0,0,0,0,0,0,0.0,0,validation,5,0.2
normal_21-1_ins_01_008920__w0003,normal_21-1_ins_01_008920,0,0,0,0,0,0,0,0,0,0,0,0.0,0,validation,5,0.2
normal_21-1_ins_01_008920__w0004,normal_21-1_ins_01_008920,0,0,0,0,0,0,0,0,0,0,0,0.0,0,validation,5,0.2
normal_21-1_ins_01_011631__w0000,normal_21-1_ins_01_011631,0,0,0,0,0,0,0,0,0,0,0,0.0,0,train,12,0.08333333333333333
normal_21-1_ins_01_011631__w0001,normal_21-1_ins_01_011631,0,0,0,0,0,0,0,0,0,0,0,0.0,0,train,12,0.08333333333333333
normal_21-1_ins_01_011631__w0002,normal_21-1_ins_01_011631,0,0,0,0,0,0,0,0,0,0,0,0.0,0,train,12,0.08333333333333333
normal_21-1_ins_01_011631__w0003,normal_21-1_ins_01_011631,0,0,0,0,0,0,0,0,0,0,0,0.0,0,train,12,0.08333333333333333
normal_21-1_ins_01_011631__w0004,normal_21-1_ins_01_011631,0,0,0,0,0,0,0,0,0,0,0,0.0,0,train,12,0.08333333333333333
normal_21-1_ins_01_011631__w0005,normal_21-1_ins_01_011631,0,0,0,0,0,0,0,0,0,0,0,0.0,0,train,12,0.08333333333333333
normal_21-1_ins_01_011631__w0006,normal_21-1_ins_01_011631,0,0,0,0,0,0,0,0,0,0,0,0.0,0,train,12,0.08333333333333333
normal_21-1_ins_01_011631__w0007,normal_21-1_ins_01_011631,0,0,0,0,0,0,0,0,0,0,0,0.0,0,train,12,0.08333333333333333
normal_21-1_ins_01_011631__w0008,normal_21-1_ins_01_011631,0,0,0,0,0,0,0,0,0,0,0,0.0,0,train,12,0.08333333333333333
normal_21-1_ins_01_011631__w0009,normal_21-1_ins_01_011631,0,0,0,0,0,0,0,0,0,0,0,0.0,0,train,12,0.08333333333333333
normal_21-1_ins_01_011631__w0010,normal_21-1_ins_01_011631,0,0,0,0,0,0,0,0,0,0,0,0.0,0,train,12,0.08333333333333333
normal_21-1_ins_01_011631__w0011,normal_21-1_ins_01_011631,0,0,0,0,0,0,0,0,0,0,0,0.0,0,train,12,0.08333333333333333
normal_21-1_ins_01_015864__w0000,normal_21-1_ins_01_015864,0,0,0,0,0,0,0,0,0,0,0,0.0,0,train,8,0.125
normal_21-1_ins_01_015864__w0001,normal_21-1_ins_01_015864,0,0,0,0,0,0,0,0,0,0,0,0.0,0,train,8,0.125
normal_21-1_ins_01_015864__w0002,normal_21-1_ins_01_015864,0,0,0,0,0,0,0,0,0,0,0,0.0,0,train,8,0.125
normal_21-1_ins_01_015864__w0003,normal_21-1_ins_01_015864,0,0,0,0,0,0,0,0,0,0,0,0.0,0,train,8,0.125
normal_21-1_ins_01_015864__w0004,normal_21-1_ins_01_015864,0,0,0,0,0,0,0,0,0,0,0,0.0,0,train,8,0.125
normal_21-1_ins_01_015864__w0005,normal_21-1_ins_01_015864,0,0,0,0,0,0,0,0,0,0,0,0.0,0,train,8,0.125
normal_21-1_ins_01_015864__w0006,normal_21-1_ins_01_015864,0,0,0,0,0,0,0,0,0,0,0,0.0,0,train,8,0.125
normal_21-1_ins_01_015864__w0007,normal_21-1_ins_01_015864,0,0,0,0,0,0,0,0,0,0,0,0.0,0,train,8,0.125
normal_21-1_ins_01_016900__w0000,normal_21-1_ins_01_016900,0,0,0,0,0,0,0,0,0,0,0,0.0,0,test,15,0.06666666666666667
normal_21-1_ins_01_016900__w0001,normal_21-1_ins_01_016900,0,0,0,0,0,0,0,0,0,0,0,0.0,0,test,15,0.06666666666666667
normal_21-1_ins_01_016900__w0002,normal_21-1_ins_01_016900,0,0,0,0,0,0,0,0,0,0,0,0.0,0,test,15,0.06666666666666667
normal_21-1_ins_01_016900__w0003,normal_21-1_ins_01_016900,0,0,0,0,0,0,0,0,0,0,0,0.0,0,test,15,0.06666666666666667
normal_21-1_ins_01_016900__w0004,normal_21-1_ins_01_016900,0,0,0,0,0,0,0,0,0,0,0,0.0,0,test,15,0.06666666666666667
normal_21-1_ins_01_016900__w0005,normal_21-1_ins_01_016900,0,0,0,0,0,0,0,0,0,0,0,0.0,0,test,15,0.06666666666666667
normal_21-1_ins_01_016900__w0006,normal_21-1_ins_01_016900,0,0,0,0,0,0,0,0,0,0,0,0.0,0,test,15,0.06666666666666667
normal_21-1_ins_01_016900__w0007,normal_21-1_ins_01_016900,0,0,0,0,0,0,0,0,0,0,0,0.0,0,test,15,0.06666666666666667
normal_21-1_ins_01_016900__w0008,normal_21-1_ins_01_016900,0,0,0,0,0,0,0,0,0,0,0,0.0,0,test,15,0.06666666666666667
normal_21-1_ins_01_016900__w0009,normal_21-1_ins_01_016900,0,0,0,0,0,0,0,0,0,0,0,0.0,0,test,15,0.06666666666666667
normal_21-1_ins_01_016900__w0010,normal_21-1_ins_01_016900,0,0,0,0,0,0,0,0,0,0,0,0.0,0,test,15,0.06666666666666667
normal_21-1_ins_01_016900__w0011,normal_21-1_ins_01_016900,0,0,0,0,0,0,0,0,0,0,0,0.0,0,test,15,0.06666666666666667
normal_21-1_ins_01_016900__w0012,normal_21-1_ins_01_016900,0,0,0,0,0,0,0,0,0,0,0,0.0,0,test,15,0.06666666666666667
normal_21-1_ins_01_016900__w0013,normal_21-1_ins_01_016900,0,0,0,0,0,0,0,0,0,0,0,0.0,0,test,15,0.06666666666666667
normal_21-1_ins_01_016900__w0014,normal_21-1_ins_01_016900,0,0,0,0,0,0,0,0,0,0,0,0.0,0,test,15,0.06666666666666667
normal_21-1_ins_01_017270__w0000,normal_21-1_ins_01_017270,0,0,0,0,0,0,0,0,0,0,0,0.0,0,validation,7,0.14285714285714285
normal_21-1_ins_01_017270__w0001,normal_21-1_ins_01_017270,0,0,0,0,0,0,0,0,0,0,0,0.0,0,validation,7,0.14285714285714285
normal_21-1_ins_01_017270__w0002,normal_21-1_ins_01_017270,0,0,0,0,0,0,0,0,0,0,0,0.0,0,validation,7,0.14285714285714285
normal_21-1_ins_01_017270__w0003,normal_21-1_ins_01_017270,0,0,0,0,0,0,0,0,0,0,0,0.0,0,validation,7,0.14285714285714285
normal_21-1_ins_01_017270__w0004,normal_21-1_ins_01_017270,0,0,0,0,0,0,0,0,0,0,0,0.0,0,validation,7,0.14285714285714285
normal_21-1_ins_01_017270__w0005,normal_21-1_ins_01_017270,0,0,0,0,0,0,0,0,0,0,0,0.0,0,validation,7,0.14285714285714285
normal_21-1_ins_01_017270__w0006,normal_21-1_ins_01_017270,0,0,0,0,0,0,0,0,0,0,0,0.0,0,validation,7,0.14285714285714285
normal_21-1_ins_01_017502__w0000,normal_21-1_ins_01_017502,0,0,0,0,0,0,0,0,0,0,0,0.0,0,validation,14,0.07142857142857142
normal_21-1_ins_01_017502__w0001,normal_21-1_ins_01_017502,0,0,0,0,0,0,0,0,0,0,0,0.0,0,validation,14,0.07142857142857142
normal_21-1_ins_01_017502__w0002,normal_21-1_ins_01_017502,0,0,0,0,0,0,0,0,0,0,0,0.0,0,validation,14,0.07142857142857142
normal_21-1_ins_01_017502__w0003,normal_21-1_ins_01_017502,0,0,0,0,1,0,0,1,0,0,0,1.0,0,validation,14,0.07142857142857142
normal_21-1_ins_01_017502__w0004,normal_21-1_ins_01_017502,0,0,0,0,1,0,0,1,0,0,0,0.0,0,validation,14,0.07142857142857142
normal_21-1_ins_01_017502__w0005,normal_21-1_ins_01_017502,0,0,0,0,0,0,0,0,0,0,0,-1.0,0,validation,14,0.07142857142857142
normal_21-1_ins_01_017502__w0006,normal_21-1_ins_01_017502,0,0,0,0,0,0,0,0,0,0,0,0.0,0,validation,14,0.07142857142857142
normal_21-1_ins_01_017502__w0007,normal_21-1_ins_01_017502,0,0,0,0,0,0,0,0,0,0,0,0.0,0,validation,14,0.07142857142857142
normal_21-1_ins_01_017502__w0008,normal_21-1_ins_01_017502,0,0,0,0,0,0,0,0,0,0,0,0.0,0,validation,14,0.07142857142857142
normal_21-1_ins_01_017502__w0009,normal_21-1_ins_01_017502,0,0,0,0,0,0,0,0,0,0,0,0.0,0,validation,14,0.07142857142857142
normal_21-1_ins_01_017502__w0010,normal_21-1_ins_01_017502,0,1,0,0,0,0,0,1,0,0,0,1.0,0,validation,14,0.07142857142857142
normal_21-1_ins_01_017502__w0011,normal_21-1_ins_01_017502,0,1,0,0,0,0,0,1,0,0,0,0.0,0,validation,14,0.07142857142857142
normal_21-1_ins_01_017502__w0012,normal_21-1_ins_01_017502,0,0,0,0,0,0,0,0,0,0,0,-1.0,0,validation,14,0.07142857142857142
normal_21-1_ins_01_017502__w0013,normal_21-1_ins_01_017502,0,0,0,0,0,0,0,0,0,0,0,0.0,0,validation,14,0.07142857142857142
normal_21-1_ins_02_000095__w0000,normal_21-1_ins_02_000095,0,0,0,0,0,0,0,0,0,0,0,0.0,0,train,9,0.1111111111111111
normal_21-1_ins_02_000095__w0001,normal_21-1_ins_02_000095,0,0,0,0,0,0,0,0,0,0,0,0.0,0,train,9,0.1111111111111111
normal_21-1_ins_02_000095__w0002,normal_21-1_ins_02_000095,0,1,0,0,0,0,0,1,0,0,0,1.0,0,train,9,0.1111111111111111
normal_21-1_ins_02_000095__w0003,normal_21-1_ins_02_000095,0,1,0,0,0,0,0,1,0,0,0,0.0,0,train,9,0.1111111111111111
normal_21-1_ins_02_000095__w0004,normal_21-1_ins_02_000095,0,0,0,0,0,0,0,1,1,0,0,1.0,0,train,9,0.1111111111111111
normal_21-1_ins_02_000095__w0005,normal_21-1_ins_02_000095,0,0,0,0,0,0,0,1,1,0,0,0.0,0,train,9,0.1111111111111111
normal_21-1_ins_02_000095__w0006,normal_21-1_ins_02_000095,0,0,0,0,0,0,0,0,0,0,0,-2.0,0,train,9,0.1111111111111111
normal_21-1_ins_02_000095__w0007,normal_21-1_ins_02_000095,0,0,0,0,0,0,0,0,0,0,0,0.0,0,train,9,0.1111111111111111
normal_21-1_ins_02_000095__w0008,normal_21-1_ins_02_000095,0,0,0,0,0,0,0,0,0,0,0,0.0,0,train,9,0.1111111111111111
normal_21-1_ins_02_000615__w0000,normal_21-1_ins_02_000615,0,0,0,0,0,0,0,0,0,0,0,0.0,0,train,8,0.125
normal_21-1_ins_02_000615__w0001,normal_21-1_ins_02_000615,0,0,0,0,0,0,0,0,0,0,0,0.0,0,train,8,0.125
normal_21-1_ins_02_000615__w0002,normal_21-1_ins_02_000615,0,0,0,0,0,0,0,0,0,0,0,0.0,0,train,8,0.125
normal_21-1_ins_02_000615__w0003,normal_21-1_ins_02_000615,0,0,0,0,0,0,0,0,0,0,0,0.0,0,train,8,0.125
normal_21-1_ins_02_000615__w0004,normal_21-1_ins_02_000615,0,0,0,0,0,0,0,0,0,0,0,0.0,0,train,8,0.125
normal_21-1_ins_02_000615__w0005,normal_21-1_ins_02_000615,0,0,0,0,0,0,0,0,0,0,0,0.0,0,train,8,0.125
normal_21-1_ins_02_000615__w0006,normal_21-1_ins_02_000615,0,0,0,0,0,0,0,0,0,0,0,0.0,0,train,8,0.125
normal_21-1_ins_02_000615__w0007,normal_21-1_ins_02_000615,0,0,0,0,0,0,0,0,0,0,0,0.0,0,train,8,0.125
normal_21-1_ins_02_001289__w0000,normal_21-1_ins_02_001289,0,0,0,0,0,0,0,0,0,0,0,0.0,0,train,16,0.0625
normal_21-1_ins_02_001289__w0001,normal_21-1_ins_02_001289,0,0,0,0,0,0,0,0,0,0,0,0.0,0,train,16,0.0625
normal_21-1_ins_02_001289__w0002,normal_21-1_ins_02_001289,0,0,0,0,0,0,0,0,0,0,0,0.0,0,train,16,0.0625
normal_21-1_ins_02_001289__w0003,normal_21-1_ins_02_001289,0,0,0,0,0,0,0,0,0,0,0,0.0,0,train,16,0.0625
normal_21-1_ins_02_001289__w0004,normal_21-1_ins_02_001289,0,0,0,0,0,0,0,0,0,0,0,0.0,0,train,16,0.0625
normal_21-1_ins_02_001289__w0005,normal_21-1_ins_02_001289,0,0,0,0,0,0,0,0,0,0,0,0.0,0,train,16,0.0625
normal_21-1_ins_02_001289__w0006,normal_21-1_ins_02_001289,0,0,0,0,0,0,0,0,0,0,0,0.0,0,train,16,0.0625
normal_21-1_ins_02_001289__w0007,normal_21-1_ins_02_001289,0,0,0,0,0,0,0,0,0,0,0,0.0,0,train,16,0.0625
normal_21-1_ins_02_001289__w0008,normal_21-1_ins_02_001289,0,0,0,0,0,0,0,0,0,0,0,0.0,0,train,16,0.0625
normal_21-1_ins_02_001289__w0009,normal_21-1_ins_02_001289,0,0,0,0,0,0,0,0,0,0,0,0.0,0,train,16,0.0625
normal_21-1_ins_02_001289__w0010,normal_21-1_ins_02_001289,0,0,0,0,0,0,0,0,0,0,0,0.0,0,train,16,0.0625
normal_21-1_ins_02_001289__w0011,normal_21-1_ins_02_001289,1,0,0,0,0,0,0,1,0,0,0,1.0,0,train,16,0.0625
normal_21-1_ins_02_001289__w0012,normal_21-1_ins_02_001289,1,0,0,0,0,0,0,1,0,0,0,0.0,0,train,16,0.0625
normal_21-1_ins_02_001289__w0013,normal_21-1_ins_02_001289,0,0,0,0,0,0,0,0,0,0,0,-1.0,0,train,16,0.0625
normal_21-1_ins_02_001289__w0014,normal_21-1_ins_02_001289,0,0,0,0,0,0,0,0,0,0,0,0.0,0,train,16,0.0625
normal_21-1_ins_02_001289__w0015,normal_21-1_ins_02_001289,0,0,0,0,0,0,0,0,0,0,0,0.0,0,train,16,0.0625
normal_21-1_ins_02_003731__w0000,normal_21-1_ins_02_003731,0,0,0,0,0,0,0,0,0,0,0,0.0,0,test,5,0.2
normal_21-1_ins_02_003731__w0001,normal_21-1_ins_02_003731,0,0,0,0,0,0,0,0,0,0,0,0.0,0,test,5,0.2
normal_21-1_ins_02_003731__w0002,normal_21-1_ins_02_003731,0,0,0,0,0,0,0,0,0,0,0,0.0,0,test,5,0.2
normal_21-1_ins_02_003731__w0003,normal_21-1_ins_02_003731,0,0,0,0,0,0,0,0,0,0,0,0.0,0,test,5,0.2
normal_21-1_ins_02_003731__w0004,normal_21-1_ins_02_003731,0,0,0,0,0,0,0,0,0,0,0,0.0,0,test,5,0.2
normal_21-1_ins_02_005274__w0000,normal_21-1_ins_02_005274,0,0,0,0,0,0,0,0,0,0,0,0.0,0,train,4,0.25
normal_21-1_ins_02_005274__w0001,normal_21-1_ins_02_005274,0,0,0,0,0,0,0,0,0,0,0,0.0,0,train,4,0.25
normal_21-1_ins_02_005274__w0002,normal_21-1_ins_02_005274,0,0,0,0,0,0,0,0,0,0,0,0.0,0,train,4,0.25
normal_21-1_ins_02_005274__w0003,normal_21-1_ins_02_005274,0,0,0,0,0,0,0,0,0,0,0,0.0,0,train,4,0.25
normal_21-1_ins_02_010730__w0000,normal_21-1_ins_02_010730,0,0,0,0,0,0,0,0,0,0,0,0.0,0,train,12,0.08333333333333333
normal_21-1_ins_02_010730__w0001,normal_21-1_ins_02_010730,0,0,0,0,0,0,0,0,0,0,0,0.0,0,train,12,0.08333333333333333
normal_21-1_ins_02_010730__w0002,normal_21-1_ins_02_010730,0,0,0,0,0,0,0,0,0,0,0,0.0,0,train,12,0.08333333333333333
normal_21-1_ins_02_010730__w0003,normal_21-1_ins_02_010730,0,0,0,0,0,0,0,0,0,0,0,0.0,0,train,12,0.08333333333333333
normal_21-1_ins_02_010730__w0004,normal_21-1_ins_02_010730,0,0,0,0,0,0,0,0,0,0,0,0.0,0,train,12,0.08333333333333333
normal_21-1_ins_02_010730__w0005,normal_21-1_ins_02_010730,0,0,0,0,0,0,0,0,0,0,0,0.0,0,train,12,0.08333333333333333
normal_21-1_ins_02_010730__w0006,normal_21-1_ins_02_010730,0,0,0,0,0,0,0,0,0,0,0,0.0,0,train,12,0.08333333333333333
normal_21-1_ins_02_010730__w0007,normal_21-1_ins_02_010730,0,0,0,0,0,0,0,0,0,0,0,0.0,0,train,12,0.08333333333333333
normal_21-1_ins_02_010730__w0008,normal_21-1_ins_02_010730,0,0,0,0,0,0,0,0,0,0,0,0.0,0,train,12,0.08333333333333333
normal_21-1_ins_02_010730__w0009,normal_21-1_ins_02_010730,0,0,0,0,0,0,0,0,0,0,0,0.0,0,train,12,0.08333333333333333
normal_21-1_ins_02_010730__w0010,normal_21-1_ins_02_010730,0,0,0,0,0,0,0,0,0,0,0,0.0,0,train,12,0.08333333333333333
normal_21-1_ins_02_010730__w0011,normal_21-1_ins_02_010730,0,0,0,0,0,0,0,0,0,0,0,0.0,0,train,12,0.08333333333333333
normal_21-1_ins_02_012616__w0000,normal_21-1_ins_02_012616,0,0,0,0,0,0,0,0,0,0,0,0.0,0,validation,6,0.16666666666666666
normal_21-1_ins_02_012616__w0001,normal_21-1_ins_02_012616,0,0,0,0,0,0,0,0,0,0,0,0.0,0,validation,6,0.16666666666666666
normal_21-1_ins_02_012616__w0002,normal_21-1_ins_02_012616,0,0,0,0,0,0,0,0,0,0,0,0.0,0,validation,6,0.16666666666666666
normal_21-1_ins_02_012616__w0003,normal_21-1_ins_02_012616,0,0,0,0,0,0,0,0,0,0,0,0.0,0,validation,6,0.16666666666666666
normal_21-1_ins_02_012616__w0004,normal_21-1_ins_02_012616,0,0,0,0,0,0,0,0,0,0,0,0.0,0,validation,6,0.16666666666666666
normal_21-1_ins_02_012616__w0005,normal_21-1_ins_02_012616,0,0,0,0,0,0,0,0,0,0,0,0.0,0,validation,6,0.16666666666666666
normal_21-1_ins_02_016212__w0000,normal_21-1_ins_02_016212,0,0,0,0,0,0,0,0,0,0,0,0.0,0,train,14,0.07142857142857142
normal_21-1_ins_02_016212__w0001,normal_21-1_ins_02_016212,0,0,0,0,0,0,0,0,0,0,0,0.0,0,train,14,0.07142857142857142
normal_21-1_ins_02_016212__w0002,normal_21-1_ins_02_016212,0,0,0,0,0,0,0,0,0,0,0,0.0,0,train,14,0.07142857142857142
normal_21-1_ins_02_016212__w0003,normal_21-1_ins_02_016212,0,0,0,0,0,0,0,0,0,0,0,0.0,0,train,14,0.07142857142857142
normal_21-1_ins_02_016212__w0004,normal_21-1_ins_02_016212,0,0,0,0,1,1,0,1,1,0,1,2.0,0,train,14,0.07142857142857142
normal_21-1_ins_02_016212__w0005,normal_21-1_ins_02_016212,0,0,0,0,1,1,0,1,1,0,1,0.0,0,train,14,0.07142857142857142
normal_21-1_ins_02_016212__w0006,normal_21-1_ins_02_016212,0,0,0,0,0,0,0,0,0,0,0,-2.0,0,train,14,0.07142857142857142
normal_21-1_ins_02_016212__w0007,normal_21-1_ins_02_016212,0,0,0,0,0,0,0,0,0,0,0,0.0,0,train,14,0.07142857142857142
normal_21-1_ins_02_016212__w0008,normal_21-1_ins_02_016212,0,0,0,0,0,0,0,0,0,0,0,0.0,0,train,14,0.07142857142857142
normal_21-1_ins_02_016212__w0009,normal_21-1_ins_02_016212,0,0,0,0,0,0,0,0,0,0,0,0.0,0,train,14,0.07142857142857142
normal_21-1_ins_02_016212__w0010,normal_21-1_ins_02_016212,0,0,0,0,0,0,0,0,0,0,0,0.0,0,train,14,0.07142857142857142
normal_21-1_ins_02_016212__w0011,normal_21-1_ins_02_016212,0,0,0,0,0,0,0,0,0,0,0,0.0,0,train,14,0.07142857142857142
normal_21-1_ins_02_016212__w0012,normal_21-1_ins_02_016212,0,0,0,0,0,0,0,0,0,0,0,0.0,0,train,14,0.07142857142857142
normal_21-1_ins_02_016212__w0013,normal_21-1_ins_02_016212,0,0,0,0,0,0,0,0,0,0,0,0.0,0,train,14,0.07142857142857142
normal_21-1_ins_02_016490__w0000,normal_21-1_ins_02_016490,0,0,0,0,0,0,0,0,0,0,0,0.0,0,train,15,0.06666666666666667
normal_21-1_ins_02_016490__w0001,normal_21-1_ins_02_016490,0,0,0,0,0,0,0,0,0,0,0,0.0,0,train,15,0.06666666666666667
normal_21-1_ins_02_016490__w0002,normal_21-1_ins_02_016490,0,0,0,0,0,0,0,0,0,0,0,0.0,0,train,15,0.06666666666666667
normal_21-1_ins_02_016490__w0003,normal_21-1_ins_02_016490,0,0,0,0,0,0,0,0,0,0,0,0.0,0,train,15,0.06666666666666667
normal_21-1_ins_02_016490__w0004,normal_21-1_ins_02_016490,0,0,0,0,0,0,0,0,0,0,0,0.0,0,train,15,0.06666666666666667
normal_21-1_ins_02_016490__w0005,normal_21-1_ins_02_016490,0,0,0,0,0,0,0,0,0,0,0,0.0,0,train,15,0.06666666666666667
normal_21-1_ins_02_016490__w0006,normal_21-1_ins_02_016490,0,0,0,0,0,0,0,0,0,0,0,0.0,0,train,15,0.06666666666666667
normal_21-1_ins_02_016490__w0007,normal_21-1_ins_02_016490,0,0,0,0,0,0,0,0,0,0,0,0.0,0,train,15,0.06666666666666667
normal_21-1_ins_02_016490__w0008,normal_21-1_ins_02_016490,0,0,0,0,0,0,0,0,0,0,0,0.0,0,train,15,0.06666666666666667
normal_21-1_ins_02_016490__w0009,normal_21-1_ins_02_016490,1,0,0,0,0,0,0,1,0,0,0,1.0,0,train,15,0.06666666666666667
normal_21-1_ins_02_016490__w0010,normal_21-1_ins_02_016490,1,0,0,0,0,0,0,1,0,0,0,0.0,0,train,15,0.06666666666666667
normal_21-1_ins_02_016490__w0011,normal_21-1_ins_02_016490,0,0,0,0,0,0,0,0,0,0,0,-1.0,0,train,15,0.06666666666666667
normal_21-1_ins_02_016490__w0012,normal_21-1_ins_02_016490,0,0,0,0,0,0,0,0,0,0,0,0.0,0,train,15,0.06666666666666667
normal_21-1_ins_02_016490__w0013,normal_21-1_ins_02_016490,0,0,0,0,0,0,0,0,0,0,0,0.0,0,train,15,0.06666666666666667
normal_21-1_ins_02_016490__w0014,normal_21-1_ins_02_016490,0,0,0,0,0,0,0,0,0,0,0,0.0,0,train,15,0.06666666666666667
normal_21-1_ins_02_016688__w0000,normal_21-1_ins_02_016688,0,0,0,0,0,0,0,0,0,0,0,0.0,0,train,13,0.07692307692307693
normal_21-1_ins_02_016688__w0001,normal_21-1_ins_02_016688,0,0,0,0,0,0,0,0,0,0,0,0.0,0,train,13,0.07692307692307693
normal_21-1_ins_02_016688__w0002,normal_21-1_ins_02_016688,0,0,0,0,0,0,0,0,0,0,0,0.0,0,train,13,0.07692307692307693
normal_21-1_ins_02_016688__w0003,normal_21-1_ins_02_016688,0,0,0,0,0,0,0,0,0,0,0,0.0,0,train,13,0.07692307692307693
normal_21-1_ins_02_016688__w0004,normal_21-1_ins_02_016688,0,0,0,0,0,0,0,0,0,0,0,0.0,0,train,13,0.07692307692307693
normal_21-1_ins_02_016688__w0005,normal_21-1_ins_02_016688,0,0,0,0,0,0,0,0,0,0,0,0.0,0,train,13,0.07692307692307693
normal_21-1_ins_02_016688__w0006,normal_21-1_ins_02_016688,0,0,0,0,0,0,0,0,0,0,0,0.0,0,train,13,0.07692307692307693
normal_21-1_ins_02_016688__w0007,normal_21-1_ins_02_016688,0,0,0,0,0,0,0,0,0,0,0,0.0,0,train,13,0.07692307692307693
normal_21-1_ins_02_016688__w0008,normal_21-1_ins_02_016688,0,0,0,0,0,0,0,0,0,0,0,0.0,0,train,13,0.07692307692307693
normal_21-1_ins_02_016688__w0009,normal_21-1_ins_02_016688,0,0,0,0,0,0,0,0,0,0,0,0.0,0,train,13,0.07692307692307693
normal_21-1_ins_02_016688__w0010,normal_21-1_ins_02_016688,0,0,0,0,0,0,0,0,0,0,0,0.0,0,train,13,0.07692307692307693
normal_21-1_ins_02_016688__w0011,normal_21-1_ins_02_016688,0,0,0,0,0,0,0,0,0,0,0,0.0,0,train,13,0.07692307692307693
normal_21-1_ins_02_016688__w0012,normal_21-1_ins_02_016688,0,0,0,0,0,0,0,0,0,0,0,0.0,0,train,13,0.07692307692307693
normal_21-1_ins_02_017334__w0000,normal_21-1_ins_02_017334,0,0,0,0,0,0,0,0,0,0,0,0.0,0,validation,10,0.1
normal_21-1_ins_02_017334__w0001,normal_21-1_ins_02_017334,0,0,0,0,0,0,0,0,0,0,0,0.0,0,validation,10,0.1
normal_21-1_ins_02_017334__w0002,normal_21-1_ins_02_017334,0,0,0,0,0,0,0,0,0,0,0,0.0,0,validation,10,0.1
normal_21-1_ins_02_017334__w0003,normal_21-1_ins_02_017334,0,0,0,0,0,0,0,0,0,0,0,0.0,0,validation,10,0.1
normal_21-1_ins_02_017334__w0004,normal_21-1_ins_02_017334,0,0,0,0,0,0,0,0,0,0,0,0.0,0,validation,10,0.1
normal_21-1_ins_02_017334__w0005,normal_21-1_ins_02_017334,0,0,0,0,0,0,0,0,0,0,0,0.0,0,validation,10,0.1
normal_21-1_ins_02_017334__w0006,normal_21-1_ins_02_017334,0,0,0,0,0,0,0,0,0,0,0,0.0,0,validation,10,0.1
normal_21-1_ins_02_017334__w0007,normal_21-1_ins_02_017334,0,0,0,0,0,0,0,0,0,0,0,0.0,0,validation,10,0.1
normal_21-1_ins_02_017334__w0008,normal_21-1_ins_02_017334,0,0,0,0,0,0,0,0,0,0,0,0.0,0,validation,10,0.1
normal_21-1_ins_02_017334__w0009,normal_21-1_ins_02_017334,0,0,0,0,0,0,0,0,0,0,0,0.0,0,validation,10,0.1
normal_21-1_ins_03_000167__w0000,normal_21-1_ins_03_000167,0,0,0,0,0,0,0,0,0,0,0,0.0,0,train,6,0.16666666666666666
normal_21-1_ins_03_000167__w0001,normal_21-1_ins_03_000167,0,0,0,0,0,0,0,0,0,0,0,0.0,0,train,6,0.16666666666666666
normal_21-1_ins_03_000167__w0002,normal_21-1_ins_03_000167,0,0,0,0,0,0,0,0,0,0,0,0.0,0,train,6,0.16666666666666666
normal_21-1_ins_03_000167__w0003,normal_21-1_ins_03_000167,0,0,0,0,0,0,0,0,0,0,0,0.0,0,train,6,0.16666666666666666
normal_21-1_ins_03_000167__w0004,normal_21-1_ins_03_000167,0,0,0,0,0,0,0,0,0,0,0,0.0,0,train,6,0.16666666666666666
normal_21-1_ins_03_000167__w0005,normal_21-1_ins_03_000167,0,0,0,0,0,0,0,0,0,0,0,0.0,0,train,6,0.16666666666666666
normal_21-1_ins_03_000847__w0000,normal_21-1_ins_03_000847,0,0,0,0,0,0,0,0,0,0,0,0.0,0,validation,8,0.125
normal_21-1_ins_03_000847__w0001,normal_21-1_ins_03_000847,0,0,0,0,0,0,0,0,0,0,0,0.0,0,validation,8,0.125
normal_21-1_ins_03_000847__w0002,normal_21-1_ins_03_000847,0,0,0,0,0,0,0,0,0,0,0,0.0,0,validation,8,0.125
normal_21-1_ins_03_000847__w0003,normal_21-1_ins_03_000847,0,0,0,0,0,0,0,0,0,0,0,0.0,0,validation,8,0.125
normal_21-1_ins_03_000847__w0004,normal_21-1_ins_03_000847,0,0,0,0,0,0,0,0,0,0,0,0.0,0,validation,8,0.125
normal_21-1_ins_03_000847__w0005,normal_21-1_ins_03_000847,0,0,0,0,0,0,0,0,0,0,0,0.0,0,validation,8,0.125
normal_21-1_ins_03_000847__w0006,normal_21-1_ins_03_000847,0,0,0,0,0,0,0,0,0,0,0,0.0,0,validation,8,0.125
normal_21-1_ins_03_000847__w0007,normal_21-1_ins_03_000847,0,0,0,0,0,0,0,0,0,0,0,0.0,0,validation,8,0.125
normal_21-1_ins_03_000878__w0000,normal_21-1_ins_03_000878,0,0,0,0,0,0,0,0,0,0,0,0.0,0,test,2,0.5
normal_21-1_ins_03_000878__w0001,normal_21-1_ins_03_000878,0,0,0,0,0,0,0,0,0,0,0,0.0,0,test,2,0.5
normal_21-1_ins_03_001263__w0000,normal_21-1_ins_03_001263,0,0,0,0,0,0,0,0,0,0,0,0.0,0,train,7,0.14285714285714285
normal_21-1_ins_03_001263__w0001,normal_21-1_ins_03_001263,0,0,0,0,0,0,0,0,0,0,0,0.0,0,train,7,0.14285714285714285
normal_21-1_ins_03_001263__w0002,normal_21-1_ins_03_001263,0,0,0,0,1,1,0,1,1,0,1,2.0,0,train,7,0.14285714285714285
normal_21-1_ins_03_001263__w0003,normal_21-1_ins_03_001263,0,0,0,0,1,1,0,1,1,0,1,0.0,0,train,7,0.14285714285714285
normal_21-1_ins_03_001263__w0004,normal_21-1_ins_03_001263,0,0,0,0,0,0,0,0,0,0,0,-2.0,0,train,7,0.14285714285714285
normal_21-1_ins_03_001263__w0005,normal_21-1_ins_03_001263,0,0,0,0,0,0,0,0,0,0,0,0.0,0,train,7,0.14285714285714285
normal_21-1_ins_03_001263__w0006,normal_21-1_ins_03_001263,0,0,0,0,0,0,0,0,0,0,0,0.0,0,train,7,0.14285714285714285
normal_21-1_ins_03_001440__w0000,normal_21-1_ins_03_001440,0,0,0,0,0,0,0,0,0,0,0,0.0,0,validation,5,0.2
normal_21-1_ins_03_001440__w0001,normal_21-1_ins_03_001440,0,0,0,0,0,0,0,0,0,0,0,0.0,0,validation,5,0.2
normal_21-1_ins_03_001440__w0002,normal_21-1_ins_03_001440,0,0,0,0,0,0,0,0,0,0,0,0.0,0,validation,5,0.2
normal_21-1_ins_03_001440__w0003,normal_21-1_ins_03_001440,0,0,0,0,0,0,0,0,0,0,0,0.0,0,validation,5,0.2
normal_21-1_ins_03_001440__w0004,normal_21-1_ins_03_001440,0,0,0,0,0,0,0,0,0,0,0,0.0,0,validation,5,0.2
normal_21-1_ins_03_001709__w0000,normal_21-1_ins_03_001709,0,0,0,0,0,0,0,0,0,0,0,0.0,0,train,2,0.5
normal_21-1_ins_03_001709__w0001,normal_21-1_ins_03_001709,0,0,0,0,0,0,0,0,0,0,0,0.0,0,train,2,0.5
normal_21-1_ins_03_005614__w0000,normal_21-1_ins_03_005614,0,0,0,0,0,0,0,0,0,0,0,0.0,0,train,7,0.14285714285714285
normal_21-1_ins_03_005614__w0001,normal_21-1_ins_03_005614,0,0,0,0,0,0,0,0,0,0,0,0.0,0,train,7,0.14285714285714285
normal_21-1_ins_03_005614__w0002,normal_21-1_ins_03_005614,0,0,0,0,0,0,0,0,0,0,0,0.0,0,train,7,0.14285714285714285
normal_21-1_ins_03_005614__w0003,normal_21-1_ins_03_005614,0,0,0,0,0,0,0,0,0,0,0,0.0,0,train,7,0.14285714285714285
normal_21-1_ins_03_005614__w0004,normal_21-1_ins_03_005614,0,0,0,0,0,0,0,0,0,0,0,0.0,0,train,7,0.14285714285714285
normal_21-1_ins_03_005614__w0005,normal_21-1_ins_03_005614,0,0,0,0,0,0,0,0,0,0,0,0.0,0,train,7,0.14285714285714285
normal_21-1_ins_03_005614__w0006,normal_21-1_ins_03_005614,0,0,0,0,0,0,0,0,0,0,0,0.0,0,train,7,0.14285714285714285
normal_21-1_ins_03_006546__w0000,normal_21-1_ins_03_006546,0,0,0,0,0,0,0,0,0,0,0,0.0,0,train,7,0.14285714285714285
normal_21-1_ins_03_006546__w0001,normal_21-1_ins_03_006546,0,0,0,0,0,0,0,0,0,0,0,0.0,0,train,7,0.14285714285714285
normal_21-1_ins_03_006546__w0002,normal_21-1_ins_03_006546,0,0,0,0,0,0,0,0,0,0,0,0.0,0,train,7,0.14285714285714285
normal_21-1_ins_03_006546__w0003,normal_21-1_ins_03_006546,0,0,0,0,1,0,0,1,1,0,0,2.0,0,train,7,0.14285714285714285
normal_21-1_ins_03_006546__w0004,normal_21-1_ins_03_006546,0,0,0,0,1,0,0,1,1,0,0,0.0,0,train,7,0.14285714285714285
normal_21-1_ins_03_006546__w0005,normal_21-1_ins_03_006546,0,0,0,0,0,0,0,0,0,0,0,-2.0,0,train,7,0.14285714285714285
normal_21-1_ins_03_006546__w0006,normal_21-1_ins_03_006546,0,0,0,0,0,0,0,0,0,0,0,0.0,0,train,7,0.14285714285714285
normal_21-1_ins_03_008199__w0000,normal_21-1_ins_03_008199,0,0,0,0,0,0,0,0,0,0,0,0.0,0,train,12,0.08333333333333333
normal_21-1_ins_03_008199__w0001,normal_21-1_ins_03_008199,0,0,0,0,0,0,0,0,0,0,0,0.0,0,train,12,0.08333333333333333
normal_21-1_ins_03_008199__w0002,normal_21-1_ins_03_008199,0,0,0,0,0,0,0,0,0,0,0,0.0,0,train,12,0.08333333333333333
normal_21-1_ins_03_008199__w0003,normal_21-1_ins_03_008199,0,0,0,0,0,0,0,0,0,0,0,0.0,0,train,12,0.08333333333333333
normal_21-1_ins_03_008199__w0004,normal_21-1_ins_03_008199,0,0,0,0,0,0,0,0,0,0,0,0.0,0,train,12,0.08333333333333333
normal_21-1_ins_03_008199__w0005,normal_21-1_ins_03_008199,0,0,0,0,0,0,0,0,0,0,0,0.0,0,train,12,0.08333333333333333
normal_21-1_ins_03_008199__w0006,normal_21-1_ins_03_008199,0,0,0,0,0,0,0,0,0,0,0,0.0,0,train,12,0.08333333333333333
normal_21-1_ins_03_008199__w0007,normal_21-1_ins_03_008199,0,0,0,0,0,0,0,0,0,0,0,0.0,0,train,12,0.08333333333333333
normal_21-1_ins_03_008199__w0008,normal_21-1_ins_03_008199,0,0,0,0,0,0,0,0,0,0,0,0.0,0,train,12,0.08333333333333333
normal_21-1_ins_03_008199__w0009,normal_21-1_ins_03_008199,0,0,0,0,0,0,0,0,0,0,0,0.0,0,train,12,0.08333333333333333
normal_21-1_ins_03_008199__w0010,normal_21-1_ins_03_008199,0,0,0,0,0,0,0,0,0,0,0,0.0,0,train,12,0.08333333333333333
normal_21-1_ins_03_008199__w0011,normal_21-1_ins_03_008199,0,0,0,0,0,0,0,0,0,0,0,0.0,0,train,12,0.08333333333333333
normal_21-1_ins_03_008362__w0000,normal_21-1_ins_03_008362,0,0,0,0,0,0,0,0,0,0,0,0.0,0,train,8,0.125
normal_21-1_ins_03_008362__w0001,normal_21-1_ins_03_008362,0,0,0,0,0,0,0,0,0,0,0,0.0,0,train,8,0.125
normal_21-1_ins_03_008362__w0002,normal_21-1_ins_03_008362,0,0,0,0,0,0,0,0,0,0,0,0.0,0,train,8,0.125
normal_21-1_ins_03_008362__w0003,normal_21-1_ins_03_008362,0,0,0,1,0,0,0,0,0,0,0,1.0,0,train,8,0.125
normal_21-1_ins_03_008362__w0004,normal_21-1_ins_03_008362,0,0,0,1,1,1,0,1,1,0,1,2.0,0,train,8,0.125
normal_21-1_ins_03_008362__w0005,normal_21-1_ins_03_008362,0,0,0,0,1,1,0,1,1,0,1,-1.0,0,train,8,0.125
normal_21-1_ins_03_008362__w0006,normal_21-1_ins_03_008362,0,0,0,0,1,1,0,1,1,0,1,0.0,0,train,8,0.125
normal_21-1_ins_03_008362__w0007,normal_21-1_ins_03_008362,0,0,0,0,0,0,0,0,0,0,0,-2.0,0,train,8,0.125
normal_21-1_ins_03_009823__w0000,normal_21-1_ins_03_009823,0,0,0,0,0,0,0,0,0,0,0,0.0,0,train,17,0.058823529411764705
normal_21-1_ins_03_009823__w0001,normal_21-1_ins_03_009823,0,0,0,0,0,0,0,0,0,0,0,0.0,0,train,17,0.058823529411764705
normal_21-1_ins_03_009823__w0002,normal_21-1_ins_03_009823,0,0,0,0,0,0,0,0,0,0,0,0.0,0,train,17,0.058823529411764705
normal_21-1_ins_03_009823__w0003,normal_21-1_ins_03_009823,0,0,0,0,0,0,0,0,0,0,0,0.0,0,train,17,0.058823529411764705
normal_21-1_ins_03_009823__w0004,normal_21-1_ins_03_009823,0,0,0,0,0,0,0,0,0,0,0,0.0,0,train,17,0.058823529411764705
normal_21-1_ins_03_009823__w0005,normal_21-1_ins_03_009823,0,0,0,0,0,0,0,0,0,0,0,0.0,0,train,17,0.058823529411764705
normal_21-1_ins_03_009823__w0006,normal_21-1_ins_03_009823,0,0,0,0,0,0,0,0,0,0,0,0.0,0,train,17,0.058823529411764705
normal_21-1_ins_03_009823__w0007,normal_21-1_ins_03_009823,0,0,0,0,0,0,0,0,0,0,0,0.0,0,train,17,0.058823529411764705
normal_21-1_ins_03_009823__w0008,normal_21-1_ins_03_009823,0,0,0,0,0,0,0,0,0,0,0,0.0,0,train,17,0.058823529411764705
normal_21-1_ins_03_009823__w0009,normal_21-1_ins_03_009823,0,0,0,0,0,0,0,0,0,0,0,0.0,0,train,17,0.058823529411764705
normal_21-1_ins_03_009823__w0010,normal_21-1_ins_03_009823,0,0,0,0,0,0,0,0,0,0,0,0.0,0,train,17,0.058823529411764705
normal_21-1_ins_03_009823__w0011,normal_21-1_ins_03_009823,0,0,0,0,1,1,0,1,1,0,1,2.0,0,train,17,0.058823529411764705
normal_21-1_ins_03_009823__w0012,normal_21-1_ins_03_009823,0,0,0,0,1,1,0,1,1,0,1,0.0,0,train,17,0.058823529411764705
normal_21-1_ins_03_009823__w0013,normal_21-1_ins_03_009823,0,0,0,0,1,0,0,1,0,0,0,-1.0,0,train,17,0.058823529411764705
normal_21-1_ins_03_009823__w0014,normal_21-1_ins_03_009823,0,0,0,0,0,0,0,0,0,0,0,-1.0,0,train,17,0.058823529411764705
normal_21-1_ins_03_009823__w0015,normal_21-1_ins_03_009823,0,0,0,0,0,0,0,0,0,0,0,0.0,0,train,17,0.058823529411764705
normal_21-1_ins_03_009823__w0016,normal_21-1_ins_03_009823,0,0,0,0,0,0,0,0,0,0,0,0.0,0,train,17,0.058823529411764705
normal_21-1_ins_03_009883__w0000,normal_21-1_ins_03_009883,0,0,0,0,0,0,0,1,0,0,0,0.0,0,train,3,0.3333333333333333
normal_21-1_ins_03_009883__w0001,normal_21-1_ins_03_009883,0,0,0,0,1,1,0,2,1,0,1,2.0,0,train,3,0.3333333333333333
normal_21-1_ins_03_009883__w0002,normal_21-1_ins_03_009883,0,0,0,0,1,1,0,2,1,0,1,0.0,0,train,3,0.3333333333333333
normal_21-1_ins_03_011361__w0000,normal_21-1_ins_03_011361,0,0,0,0,0,0,0,0,0,0,0,0.0,0,train,2,0.5
normal_21-1_ins_03_011361__w0001,normal_21-1_ins_03_011361,0,0,0,0,0,0,0,0,0,0,0,0.0,0,train,2,0.5
normal_21-1_ins_03_013129__w0000,normal_21-1_ins_03_013129,0,0,0,0,0,0,0,0,0,0,0,0.0,0,train,1,1.0
normal_21-1_ins_03_013258__w0000,normal_21-1_ins_03_013258,0,0,0,0,0,0,0,0,0,0,0,0.0,0,train,10,0.1
normal_21-1_ins_03_013258__w0001,normal_21-1_ins_03_013258,0,0,0,0,0,0,0,0,0,0,0,0.0,0,train,10,0.1
normal_21-1_ins_03_013258__w0002,normal_21-1_ins_03_013258,0,0,0,0,0,0,0,0,0,0,0,0.0,0,train,10,0.1
normal_21-1_ins_03_013258__w0003,normal_21-1_ins_03_013258,0,0,0,0,0,0,0,0,0,0,0,0.0,0,train,10,0.1
normal_21-1_ins_03_013258__w0004,normal_21-1_ins_03_013258,0,0,0,0,0,0,0,0,0,0,0,0.0,0,train,10,0.1
normal_21-1_ins_03_013258__w0005,normal_21-1_ins_03_013258,0,0,0,0,0,0,0,0,0,0,0,0.0,0,train,10,0.1
normal_21-1_ins_03_013258__w0006,normal_21-1_ins_03_013258,0,1,0,0,0,0,0,1,0,0,0,1.0,0,train,10,0.1
normal_21-1_ins_03_013258__w0007,normal_21-1_ins_03_013258,0,1,0,0,0,0,0,1,0,0,0,0.0,0,train,10,0.1
normal_21-1_ins_03_013258__w0008,normal_21-1_ins_03_013258,0,0,0,0,0,0,0,0,0,0,0,-1.0,0,train,10,0.1
normal_21-1_ins_03_013258__w0009,normal_21-1_ins_03_013258,0,0,0,0,0,0,0,0,0,0,0,0.0,0,train,10,0.1
normal_21-1_ins_03_013884__w0000,normal_21-1_ins_03_013884,0,0,0,0,0,0,0,0,0,0,0,0.0,0,validation,4,0.25
normal_21-1_ins_03_013884__w0001,normal_21-1_ins_03_013884,0,0,0,0,0,0,0,0,0,0,0,0.0,0,validation,4,0.25
normal_21-1_ins_03_013884__w0002,normal_21-1_ins_03_013884,0,0,0,0,0,0,0,0,0,0,0,0.0,0,validation,4,0.25
normal_21-1_ins_03_013884__w0003,normal_21-1_ins_03_013884,0,0,0,0,0,0,0,0,0,0,0,0.0,0,validation,4,0.25
normal_21-1_ins_03_014135__w0000,normal_21-1_ins_03_014135,0,0,0,0,1,1,0,1,1,0,1,0.0,0,train,8,0.125
normal_21-1_ins_03_014135__w0001,normal_21-1_ins_03_014135,0,0,0,0,1,1,0,1,1,0,1,0.0,0,train,8,0.125
normal_21-1_ins_03_014135__w0002,normal_21-1_ins_03_014135,0,0,0,0,0,0,0,0,0,0,0,-2.0,0,train,8,0.125
normal_21-1_ins_03_014135__w0003,normal_21-1_ins_03_014135,0,0,0,0,0,0,0,0,0,0,0,0.0,0,train,8,0.125
normal_21-1_ins_03_014135__w0004,normal_21-1_ins_03_014135,0,0,0,0,1,0,0,1,0,0,0,1.0,0,train,8,0.125
normal_21-1_ins_03_014135__w0005,normal_21-1_ins_03_014135,0,0,0,0,1,0,0,1,0,0,0,0.0,0,train,8,0.125
normal_21-1_ins_03_014135__w0006,normal_21-1_ins_03_014135,0,0,0,0,0,0,0,0,0,0,0,-1.0,0,train,8,0.125
normal_21-1_ins_03_014135__w0007,normal_21-1_ins_03_014135,0,0,0,0,0,0,0,0,0,0,0,0.0,0,train,8,0.125
normal_21-1_ins_03_014545__w0000,normal_21-1_ins_03_014545,0,0,0,0,1,1,0,2,1,0,1,0.0,0,test,7,0.14285714285714285
normal_21-1_ins_03_014545__w0001,normal_21-1_ins_03_014545,0,0,0,0,0,0,0,1,0,0,0,-2.0,0,test,7,0.14285714285714285
normal_21-1_ins_03_014545__w0002,normal_21-1_ins_03_014545,0,0,0,0,0,0,0,0,0,0,0,-1.0,0,test,7,0.14285714285714285
normal_21-1_ins_03_014545__w0003,normal_21-1_ins_03_014545,0,0,0,0,0,0,0,0,0,0,0,0.0,0,test,7,0.14285714285714285
normal_21-1_ins_03_014545__w0004,normal_21-1_ins_03_014545,0,0,0,0,0,0,0,0,0,0,0,0.0,0,test,7,0.14285714285714285
normal_21-1_ins_03_014545__w0005,normal_21-1_ins_03_014545,0,0,0,0,0,0,0,0,0,0,0,0.0,0,test,7,0.14285714285714285
normal_21-1_ins_03_014545__w0006,normal_21-1_ins_03_014545,0,0,0,0,0,0,0,0,0,0,0,0.0,0,test,7,0.14285714285714285
normal_21-1_ins_03_014972__w0000,normal_21-1_ins_03_014972,0,0,0,0,0,0,0,1,0,0,0,0.0,0,train,7,0.14285714285714285
normal_21-1_ins_03_014972__w0001,normal_21-1_ins_03_014972,0,0,0,0,0,0,0,1,0,0,0,0.0,0,train,7,0.14285714285714285
normal_21-1_ins_03_014972__w0002,normal_21-1_ins_03_014972,0,0,0,0,0,0,0,1,0,0,0,0.0,0,train,7,0.14285714285714285
normal_21-1_ins_03_014972__w0003,normal_21-1_ins_03_014972,0,0,0,0,0,0,0,1,0,0,0,0.0,0,train,7,0.14285714285714285
normal_21-1_ins_03_014972__w0004,normal_21-1_ins_03_014972,0,0,0,0,0,0,0,1,0,0,0,0.0,0,train,7,0.14285714285714285
normal_21-1_ins_03_014972__w0005,normal_21-1_ins_03_014972,0,0,0,0,0,0,0,2,0,0,0,0.0,0,train,7,0.14285714285714285
normal_21-1_ins_03_014972__w0006,normal_21-1_ins_03_014972,0,0,0,0,0,0,0,1,0,0,0,-1.0,0,train,7,0.14285714285714285
normal_21-1_ins_03_016782__w0000,normal_21-1_ins_03_016782,0,0,0,0,0,0,0,0,0,0,0,0.0,0,train,6,0.16666666666666666
normal_21-1_ins_03_016782__w0001,normal_21-1_ins_03_016782,0,0,0,0,0,0,0,0,0,0,0,0.0,0,train,6,0.16666666666666666
normal_21-1_ins_03_016782__w0002,normal_21-1_ins_03_016782,0,0,0,0,0,0,0,0,0,0,0,0.0,0,train,6,0.16666666666666666
normal_21-1_ins_03_016782__w0003,normal_21-1_ins_03_016782,0,0,0,0,0,0,0,0,0,0,0,0.0,0,train,6,0.16666666666666666
normal_21-1_ins_03_016782__w0004,normal_21-1_ins_03_016782,0,0,0,0,0,0,0,0,0,0,0,0.0,0,train,6,0.16666666666666666
normal_21-1_ins_03_016782__w0005,normal_21-1_ins_03_016782,0,0,0,0,0,0,0,0,0,0,0,0.0,0,train,6,0.16666666666666666
normal_21-1_ins_03_017124__w0000,normal_21-1_ins_03_017124,0,0,0,0,1,0,0,1,0,0,0,0.0,0,train,10,0.1
normal_21-1_ins_03_017124__w0001,normal_21-1_ins_03_017124,0,0,0,0,1,0,0,1,0,0,0,0.0,0,train,10,0.1
normal_21-1_ins_03_017124__w0002,normal_21-1_ins_03_017124,0,0,0,0,0,0,0,0,0,0,0,-1.0,0,train,10,0.1
normal_21-1_ins_03_017124__w0003,normal_21-1_ins_03_017124,0,0,0,0,0,0,0,0,0,0,0,0.0,0,train,10,0.1
normal_21-1_ins_03_017124__w0004,normal_21-1_ins_03_017124,0,0,0,0,0,0,0,0,0,0,0,0.0,0,train,10,0.1
normal_21-1_ins_03_017124__w0005,normal_21-1_ins_03_017124,0,0,0,0,0,0,0,0,0,0,0,0.0,0,train,10,0.1
normal_21-1_ins_03_017124__w0006,normal_21-1_ins_03_017124,0,0,0,0,1,0,0,2,0,0,0,1.0,0,train,10,0.1
normal_21-1_ins_03_017124__w0007,normal_21-1_ins_03_017124,0,0,0,0,1,0,0,2,0,0,0,0.0,0,train,10,0.1
normal_21-1_ins_03_017124__w0008,normal_21-1_ins_03_017124,0,0,0,0,0,0,0,0,0,0,0,-1.0,0,train,10,0.1
normal_21-1_ins_03_017124__w0009,normal_21-1_ins_03_017124,0,0,0,0,0,0,0,0,0,0,0,0.0,0,train,10,0.1
normal_21-1_ins_03_017822__w0000,normal_21-1_ins_03_017822,0,0,0,0,0,0,0,0,0,0,0,0.0,0,train,11,0.09090909090909091
normal_21-1_ins_03_017822__w0001,normal_21-1_ins_03_017822,0,0,0,0,0,0,0,0,0,0,0,0.0,0,train,11,0.09090909090909091
normal_21-1_ins_03_017822__w0002,normal_21-1_ins_03_017822,0,0,0,0,0,0,0,0,0,0,0,0.0,0,train,11,0.09090909090909091
normal_21-1_ins_03_017822__w0003,normal_21-1_ins_03_017822,0,0,0,0,1,1,0,1,1,0,1,2.0,0,train,11,0.09090909090909091
normal_21-1_ins_03_017822__w0004,normal_21-1_ins_03_017822,0,0,0,0,1,1,0,1,1,0,1,0.0,0,train,11,0.09090909090909091
normal_21-1_ins_03_017822__w0005,normal_21-1_ins_03_017822,0,0,0,0,0,0,0,0,0,0,0,-2.0,0,train,11,0.09090909090909091
normal_21-1_ins_03_017822__w0006,normal_21-1_ins_03_017822,0,0,0,0,0,0,0,0,0,0,0,0.0,0,train,11,0.09090909090909091
normal_21-1_ins_03_017822__w0007,normal_21-1_ins_03_017822,0,0,0,0,0,0,0,0,0,0,0,0.0,0,train,11,0.09090909090909091
normal_21-1_ins_03_017822__w0008,normal_21-1_ins_03_017822,0,0,0,0,0,0,0,0,0,0,0,0.0,0,train,11,0.09090909090909091
normal_21-1_ins_03_017822__w0009,normal_21-1_ins_03_017822,0,0,0,0,0,0,0,0,0,0,0,0.0,0,train,11,0.09090909090909091
normal_21-1_ins_03_017822__w0010,normal_21-1_ins_03_017822,0,0,0,0,0,0,0,0,0,0,0,0.0,0,train,11,0.09090909090909091
normal_21-1_ins_03_018465__w0000,normal_21-1_ins_03_018465,0,0,0,0,0,0,0,0,0,0,0,0.0,0,validation,12,0.08333333333333333
normal_21-1_ins_03_018465__w0001,normal_21-1_ins_03_018465,0,0,0,0,0,0,0,0,0,0,0,0.0,0,validation,12,0.08333333333333333
normal_21-1_ins_03_018465__w0002,normal_21-1_ins_03_018465,0,0,0,0,0,0,0,0,0,0,0,0.0,0,validation,12,0.08333333333333333
normal_21-1_ins_03_018465__w0003,normal_21-1_ins_03_018465,0,0,0,0,0,0,0,0,0,0,0,0.0,0,validation,12,0.08333333333333333
normal_21-1_ins_03_018465__w0004,normal_21-1_ins_03_018465,0,0,0,0,1,0,0,1,0,0,0,1.0,0,validation,12,0.08333333333333333
normal_21-1_ins_03_018465__w0005,normal_21-1_ins_03_018465,0,0,0,0,1,0,0,1,0,0,0,0.0,0,validation,12,0.08333333333333333
normal_21-1_ins_03_018465__w0006,normal_21-1_ins_03_018465,0,0,0,0,0,0,0,0,0,0,0,-1.0,0,validation,12,0.08333333333333333
normal_21-1_ins_03_018465__w0007,normal_21-1_ins_03_018465,0,0,0,0,0,0,0,0,0,0,0,0.0,0,validation,12,0.08333333333333333
normal_21-1_ins_03_018465__w0008,normal_21-1_ins_03_018465,0,0,0,0,0,0,0,0,0,0,0,0.0,0,validation,12,0.08333333333333333
normal_21-1_ins_03_018465__w0009,normal_21-1_ins_03_018465,0,0,0,0,0,0,0,0,0,0,0,0.0,0,validation,12,0.08333333333333333
normal_21-1_ins_03_018465__w0010,normal_21-1_ins_03_018465,0,0,0,0,0,0,0,0,0,0,0,0.0,0,validation,12,0.08333333333333333
normal_21-1_ins_03_018465__w0011,normal_21-1_ins_03_018465,0,0,0,0,0,0,0,0,0,0,0,0.0,0,validation,12,0.08333333333333333
normal_21-1_ins_03_018814__w0000,normal_21-1_ins_03_018814,0,0,0,0,0,0,0,0,0,0,0,0.0,0,test,6,0.16666666666666666
normal_21-1_ins_03_018814__w0001,normal_21-1_ins_03_018814,0,0,0,0,0,0,0,0,0,0,0,0.0,0,test,6,0.16666666666666666
normal_21-1_ins_03_018814__w0002,normal_21-1_ins_03_018814,0,0,0,0,0,0,0,0,0,0,0,0.0,0,test,6,0.16666666666666666
normal_21-1_ins_03_018814__w0003,normal_21-1_ins_03_018814,0,0,0,0,0,0,0,0,0,0,0,0.0,0,test,6,0.16666666666666666
normal_21-1_ins_03_018814__w0004,normal_21-1_ins_03_018814,0,0,0,0,0,0,0,0,0,0,0,0.0,0,test,6,0.16666666666666666
normal_21-1_ins_03_018814__w0005,normal_21-1_ins_03_018814,0,0,0,0,0,0,0,0,0,0,0,0.0,0,test,6,0.16666666666666666
normal_21-1_ins_03_900230__w0000,normal_21-1_ins_03_900230,0,0,0,0,0,0,0,0,0,0,0,0.0,0,test,4,0.25
normal_21-1_ins_03_900230__w0001,normal_21-1_ins_03_900230,0,0,0,0,0,0,0,0,0,0,0,0.0,0,test,4,0.25
normal_21-1_ins_03_900230__w0002,normal_21-1_ins_03_900230,0,0,0,0,0,0,0,0,0,0,0,0.0,0,test,4,0.25
normal_21-1_ins_03_900230__w0003,normal_21-1_ins_03_900230,0,0,0,0,0,0,0,0,0,0,0,0.0,0,test,4,0.25
normal_21-1_ins_03_900339__w0000,normal_21-1_ins_03_900339,0,0,0,0,0,0,0,0,0,0,0,0.0,0,train,9,0.1111111111111111
normal_21-1_ins_03_900339__w0001,normal_21-1_ins_03_900339,0,0,0,0,0,0,0,0,0,0,0,0.0,0,train,9,0.1111111111111111
normal_21-1_ins_03_900339__w0002,normal_21-1_ins_03_900339,0,0,0,0,0,0,0,0,0,0,0,0.0,0,train,9,0.1111111111111111
normal_21-1_ins_03_900339__w0003,normal_21-1_ins_03_900339,0,0,0,0,0,0,0,0,0,0,0,0.0,0,train,9,0.1111111111111111
normal_21-1_ins_03_900339__w0004,normal_21-1_ins_03_900339,0,0,0,0,0,0,0,0,0,0,0,0.0,0,train,9,0.1111111111111111
normal_21-1_ins_03_900339__w0005,normal_21-1_ins_03_900339,0,0,0,0,0,0,0,0,0,0,0,0.0,0,train,9,0.1111111111111111
normal_21-1_ins_03_900339__w0006,normal_21-1_ins_03_900339,0,0,0,0,0,0,0,0,0,0,0,0.0,0,train,9,0.1111111111111111
normal_21-1_ins_03_900339__w0007,normal_21-1_ins_03_900339,0,0,0,0,0,0,0,0,0,0,0,0.0,0,train,9,0.1111111111111111
normal_21-1_ins_03_900339__w0008,normal_21-1_ins_03_900339,0,0,0,0,0,0,0,0,0,0,0,0.0,0,train,9,0.1111111111111111
normal_21-1_ins_03_900872__w0000,normal_21-1_ins_03_900872,0,0,0,0,0,0,0,0,0,0,0,0.0,0,test,7,0.14285714285714285
normal_21-1_ins_03_900872__w0001,normal_21-1_ins_03_900872,0,0,0,0,0,0,0,0,0,0,0,0.0,0,test,7,0.14285714285714285
normal_21-1_ins_03_900872__w0002,normal_21-1_ins_03_900872,0,0,0,0,0,0,0,0,0,0,0,0.0,0,test,7,0.14285714285714285
normal_21-1_ins_03_900872__w0003,normal_21-1_ins_03_900872,0,0,0,0,0,0,0,0,0,0,0,0.0,0,test,7,0.14285714285714285
normal_21-1_ins_03_900872__w0004,normal_21-1_ins_03_900872,0,0,0,0,0,0,0,0,0,0,0,0.0,0,test,7,0.14285714285714285
normal_21-1_ins_03_900872__w0005,normal_21-1_ins_03_900872,0,0,0,0,0,0,0,0,0,0,0,0.0,0,test,7,0.14285714285714285
normal_21-1_ins_03_900872__w0006,normal_21-1_ins_03_900872,0,0,0,0,0,0,0,0,0,0,0,0.0,0,test,7,0.14285714285714285
normal_21-1_ins_03_900878__w0000,normal_21-1_ins_03_900878,0,0,0,0,0,0,0,0,0,0,0,0.0,0,train,2,0.5
normal_21-1_ins_03_900878__w0001,normal_21-1_ins_03_900878,0,0,0,0,0,0,0,0,0,0,0,0.0,0,train,2,0.5
normal_21-1_ins_03_902225__w0000,normal_21-1_ins_03_902225,0,0,0,0,0,0,0,0,0,0,0,0.0,0,validation,9,0.1111111111111111
normal_21-1_ins_03_902225__w0001,normal_21-1_ins_03_902225,0,0,0,0,1,0,0,1,0,0,0,1.0,0,validation,9,0.1111111111111111
normal_21-1_ins_03_902225__w0002,normal_21-1_ins_03_902225,0,0,0,0,1,0,0,1,0,0,0,0.0,0,validation,9,0.1111111111111111
normal_21-1_ins_03_902225__w0003,normal_21-1_ins_03_902225,0,0,0,0,0,0,0,0,0,0,0,-1.0,0,validation,9,0.1111111111111111
normal_21-1_ins_03_902225__w0004,normal_21-1_ins_03_902225,0,0,0,0,0,0,0,0,0,0,0,0.0,0,validation,9,0.1111111111111111
normal_21-1_ins_03_902225__w0005,normal_21-1_ins_03_902225,0,0,0,0,0,0,0,0,0,0,0,0.0,0,validation,9,0.1111111111111111
normal_21-1_ins_03_902225__w0006,normal_21-1_ins_03_902225,0,0,0,0,0,0,0,0,0,0,0,0.0,0,validation,9,0.1111111111111111
normal_21-1_ins_03_902225__w0007,normal_21-1_ins_03_902225,0,0,0,0,0,0,0,0,0,0,0,0.0,0,validation,9,0.1111111111111111
normal_21-1_ins_03_902225__w0008,normal_21-1_ins_03_902225,0,0,0,0,1,0,0,1,0,0,0,1.0,0,validation,9,0.1111111111111111
normal_21-1_ins_03_902684__w0000,normal_21-1_ins_03_902684,0,0,0,0,0,0,0,0,0,0,0,0.0,0,test,30,0.03333333333333333
normal_21-1_ins_03_902684__w0001,normal_21-1_ins_03_902684,0,0,0,0,0,0,0,0,0,0,0,0.0,0,test,30,0.03333333333333333
normal_21-1_ins_03_902684__w0002,normal_21-1_ins_03_902684,0,0,0,0,0,0,0,0,0,0,0,0.0,0,test,30,0.03333333333333333
normal_21-1_ins_03_902684__w0003,normal_21-1_ins_03_902684,0,0,0,0,0,0,0,0,0,0,0,0.0,0,test,30,0.03333333333333333
normal_21-1_ins_03_902684__w0004,normal_21-1_ins_03_902684,0,0,0,0,0,0,0,0,0,0,0,0.0,0,test,30,0.03333333333333333
normal_21-1_ins_03_902684__w0005,normal_21-1_ins_03_902684,0,0,0,0,0,0,0,0,0,0,0,0.0,0,test,30,0.03333333333333333
normal_21-1_ins_03_902684__w0006,normal_21-1_ins_03_902684,0,0,0,0,0,0,0,0,0,0,0,0.0,0,test,30,0.03333333333333333
normal_21-1_ins_03_902684__w0007,normal_21-1_ins_03_902684,0,0,0,0,0,0,0,0,0,0,0,0.0,0,test,30,0.03333333333333333
normal_21-1_ins_03_902684__w0008,normal_21-1_ins_03_902684,0,0,0,0,1,0,0,1,0,0,0,1.0,0,test,30,0.03333333333333333
normal_21-1_ins_03_902684__w0009,normal_21-1_ins_03_902684,0,0,0,0,1,0,0,1,0,0,0,0.0,0,test,30,0.03333333333333333
normal_21-1_ins_03_902684__w0010,normal_21-1_ins_03_902684,0,0,0,0,0,0,0,0,0,0,0,-1.0,0,test,30,0.03333333333333333
normal_21-1_ins_03_902684__w0011,normal_21-1_ins_03_902684,0,0,0,0,0,0,0,0,0,0,0,0.0,0,test,30,0.03333333333333333
normal_21-1_ins_03_902684__w0012,normal_21-1_ins_03_902684,0,0,0,0,0,0,0,0,0,0,0,0.0,0,test,30,0.03333333333333333
normal_21-1_ins_03_902684__w0013,normal_21-1_ins_03_902684,0,0,0,0,0,0,0,0,0,0,0,0.0,0,test,30,0.03333333333333333
normal_21-1_ins_03_902684__w0014,normal_21-1_ins_03_902684,0,0,0,0,0,0,0,0,0,0,0,0.0,0,test,30,0.03333333333333333
normal_21-1_ins_03_902684__w0015,normal_21-1_ins_03_902684,0,0,0,0,0,0,0,0,0,0,0,0.0,0,test,30,0.03333333333333333
normal_21-1_ins_03_902684__w0016,normal_21-1_ins_03_902684,0,0,0,0,0,0,0,0,0,0,0,0.0,0,test,30,0.03333333333333333
normal_21-1_ins_03_902684__w0017,normal_21-1_ins_03_902684,0,0,0,0,0,0,0,0,0,0,0,0.0,0,test,30,0.03333333333333333
normal_21-1_ins_03_902684__w0018,normal_21-1_ins_03_902684,0,0,0,0,0,0,0,0,0,0,0,0.0,0,test,30,0.03333333333333333
normal_21-1_ins_03_902684__w0019,normal_21-1_ins_03_902684,0,0,0,0,0,0,0,0,0,0,0,0.0,0,test,30,0.03333333333333333
normal_21-1_ins_03_902684__w0020,normal_21-1_ins_03_902684,0,0,0,0,0,0,0,0,0,0,0,0.0,0,test,30,0.03333333333333333
normal_21-1_ins_03_902684__w0021,normal_21-1_ins_03_902684,0,0,0,0,0,0,0,0,0,0,0,0.0,0,test,30,0.03333333333333333
normal_21-1_ins_03_902684__w0022,normal_21-1_ins_03_902684,0,0,0,0,0,0,0,0,0,0,0,0.0,0,test,30,0.03333333333333333
normal_21-1_ins_03_902684__w0023,normal_21-1_ins_03_902684,0,0,0,0,0,0,0,0,0,0,0,0.0,0,test,30,0.03333333333333333
normal_21-1_ins_03_902684__w0024,normal_21-1_ins_03_902684,0,0,0,0,0,0,0,0,0,0,0,0.0,0,test,30,0.03333333333333333
normal_21-1_ins_03_902684__w0025,normal_21-1_ins_03_902684,0,0,0,0,0,0,0,0,0,0,0,0.0,0,test,30,0.03333333333333333
normal_21-1_ins_03_902684__w0026,normal_21-1_ins_03_902684,0,0,0,0,0,0,0,0,0,0,0,0.0,0,test,30,0.03333333333333333
normal_21-1_ins_03_902684__w0027,normal_21-1_ins_03_902684,0,0,0,0,0,0,0,0,0,0,0,0.0,0,test,30,0.03333333333333333
normal_21-1_ins_03_902684__w0028,normal_21-1_ins_03_902684,0,0,0,0,0,0,0,0,0,0,0,0.0,0,test,30,0.03333333333333333
normal_21-1_ins_03_902684__w0029,normal_21-1_ins_03_902684,0,0,0,0,0,0,0,0,0,0,0,0.0,0,test,30,0.03333333333333333
normal_21-1_ins_03_904623__w0000,normal_21-1_ins_03_904623,0,0,0,0,0,0,0,0,0,0,0,0.0,0,train,9,0.1111111111111111
normal_21-1_ins_03_904623__w0001,normal_21-1_ins_03_904623,0,0,0,0,0,0,0,0,0,0,0,0.0,0,train,9,0.1111111111111111
normal_21-1_ins_03_904623__w0002,normal_21-1_ins_03_904623,0,0,0,0,0,0,0,0,0,0,0,0.0,0,train,9,0.1111111111111111
normal_21-1_ins_03_904623__w0003,normal_21-1_ins_03_904623,0,0,0,0,0,0,0,0,0,0,0,0.0,0,train,9,0.1111111111111111
normal_21-1_ins_03_904623__w0004,normal_21-1_ins_03_904623,0,0,0,0,0,0,0,0,0,0,0,0.0,0,train,9,0.1111111111111111
normal_21-1_ins_03_904623__w0005,normal_21-1_ins_03_904623,0,0,0,0,0,0,0,0,0,0,0,0.0,0,train,9,0.1111111111111111
normal_21-1_ins_03_904623__w0006,normal_21-1_ins_03_904623,0,0,0,0,0,0,0,0,0,0,0,0.0,0,train,9,0.1111111111111111
normal_21-1_ins_03_904623__w0007,normal_21-1_ins_03_904623,0,0,0,0,0,0,0,0,0,0,0,0.0,0,train,9,0.1111111111111111
normal_21-1_ins_03_904623__w0008,normal_21-1_ins_03_904623,1,0,0,0,0,0,0,1,0,0,0,1.0,0,train,9,0.1111111111111111
normal_21-1_ins_03_905165__w0000,normal_21-1_ins_03_905165,0,0,0,0,0,0,0,0,0,0,0,0.0,0,test,7,0.14285714285714285
normal_21-1_ins_03_905165__w0001,normal_21-1_ins_03_905165,0,0,0,0,0,0,0,0,0,0,0,0.0,0,test,7,0.14285714285714285
normal_21-1_ins_03_905165__w0002,normal_21-1_ins_03_905165,0,0,0,0,1,1,0,1,1,0,1,2.0,0,test,7,0.14285714285714285
normal_21-1_ins_03_905165__w0003,normal_21-1_ins_03_905165,0,0,0,0,1,1,0,2,1,0,1,1.0,0,test,7,0.14285714285714285
normal_21-1_ins_03_905165__w0004,normal_21-1_ins_03_905165,0,0,0,0,0,0,0,1,0,0,0,-2.0,0,test,7,0.14285714285714285
normal_21-1_ins_03_905165__w0005,normal_21-1_ins_03_905165,0,0,0,0,0,0,0,0,0,0,0,-1.0,0,test,7,0.14285714285714285
normal_21-1_ins_03_905165__w0006,normal_21-1_ins_03_905165,0,0,0,0,0,0,0,1,0,0,0,1.0,0,test,7,0.14285714285714285
normal_21-1_ins_03_908935__w0000,normal_21-1_ins_03_908935,0,0,0,0,0,0,0,0,0,0,0,0.0,0,validation,7,0.14285714285714285
normal_21-1_ins_03_908935__w0001,normal_21-1_ins_03_908935,0,0,0,0,0,0,0,0,0,0,0,0.0,0,validation,7,0.14285714285714285
normal_21-1_ins_03_908935__w0002,normal_21-1_ins_03_908935,0,0,0,0,0,0,0,0,0,0,0,0.0,0,validation,7,0.14285714285714285
normal_21-1_ins_03_908935__w0003,normal_21-1_ins_03_908935,0,0,0,0,0,0,0,0,0,0,0,0.0,0,validation,7,0.14285714285714285
normal_21-1_ins_03_908935__w0004,normal_21-1_ins_03_908935,0,0,0,0,0,0,0,0,0,0,0,0.0,0,validation,7,0.14285714285714285
normal_21-1_ins_03_908935__w0005,normal_21-1_ins_03_908935,0,0,0,0,0,0,0,0,0,0,0,0.0,0,validation,7,0.14285714285714285
normal_21-1_ins_03_908935__w0006,normal_21-1_ins_03_908935,0,0,0,0,0,0,0,0,0,0,0,0.0,0,validation,7,0.14285714285714285
normal_21-1_ins_04_004134__w0000,normal_21-1_ins_04_004134,0,0,0,0,0,0,0,0,0,0,0,0.0,0,test,12,0.08333333333333333
normal_21-1_ins_04_004134__w0001,normal_21-1_ins_04_004134,0,0,0,0,0,0,0,0,0,0,0,0.0,0,test,12,0.08333333333333333
normal_21-1_ins_04_004134__w0002,normal_21-1_ins_04_004134,0,0,0,0,0,0,0,0,0,0,0,0.0,0,test,12,0.08333333333333333
normal_21-1_ins_04_004134__w0003,normal_21-1_ins_04_004134,0,0,0,0,0,0,0,0,0,0,0,0.0,0,test,12,0.08333333333333333
normal_21-1_ins_04_004134__w0004,normal_21-1_ins_04_004134,0,0,0,0,0,0,0,0,0,0,0,0.0,0,test,12,0.08333333333333333
normal_21-1_ins_04_004134__w0005,normal_21-1_ins_04_004134,0,0,0,0,0,0,0,0,0,0,0,0.0,0,test,12,0.08333333333333333
normal_21-1_ins_04_004134__w0006,normal_21-1_ins_04_004134,0,0,0,0,0,0,0,0,0,0,0,0.0,0,test,12,0.08333333333333333
normal_21-1_ins_04_004134__w0007,normal_21-1_ins_04_004134,0,0,0,0,0,0,0,0,0,0,0,0.0,0,test,12,0.08333333333333333
normal_21-1_ins_04_004134__w0008,normal_21-1_ins_04_004134,0,0,0,0,0,0,0,0,0,0,0,0.0,0,test,12,0.08333333333333333
normal_21-1_ins_04_004134__w0009,normal_21-1_ins_04_004134,0,0,0,0,0,0,0,0,0,0,0,0.0,0,test,12,0.08333333333333333
normal_21-1_ins_04_004134__w0010,normal_21-1_ins_04_004134,0,0,0,0,0,0,0,0,0,0,0,0.0,0,test,12,0.08333333333333333
normal_21-1_ins_04_004134__w0011,normal_21-1_ins_04_004134,0,0,0,0,0,0,0,0,0,0,0,0.0,0,test,12,0.08333333333333333
normal_21-1_ins_04_004520__w0000,normal_21-1_ins_04_004520,0,0,0,0,0,0,0,0,0,0,0,0.0,0,train,4,0.25
normal_21-1_ins_04_004520__w0001,normal_21-1_ins_04_004520,0,0,0,0,0,0,0,0,0,0,0,0.0,0,train,4,0.25
normal_21-1_ins_04_004520__w0002,normal_21-1_ins_04_004520,0,0,0,0,0,0,0,0,0,0,0,0.0,0,train,4,0.25
normal_21-1_ins_04_004520__w0003,normal_21-1_ins_04_004520,0,0,0,0,0,0,0,0,0,0,0,0.0,0,train,4,0.25
normal_21-1_ins_04_007305__w0000,normal_21-1_ins_04_007305,0,0,0,0,0,0,0,0,0,0,0,0.0,0,train,11,0.09090909090909091
normal_21-1_ins_04_007305__w0001,normal_21-1_ins_04_007305,0,0,0,0,0,0,0,0,0,0,0,0.0,0,train,11,0.09090909090909091
normal_21-1_ins_04_007305__w0002,normal_21-1_ins_04_007305,0,0,0,0,0,0,0,0,0,0,0,0.0,0,train,11,0.09090909090909091
normal_21-1_ins_04_007305__w0003,normal_21-1_ins_04_007305,0,0,0,0,0,0,0,0,0,0,0,0.0,0,train,11,0.09090909090909091
normal_21-1_ins_04_007305__w0004,normal_21-1_ins_04_007305,0,0,0,0,0,0,0,0,0,0,0,0.0,0,train,11,0.09090909090909091
normal_21-1_ins_04_007305__w0005,normal_21-1_ins_04_007305,0,0,0,0,0,0,0,1,0,0,0,1.0,0,train,11,0.09090909090909091
normal_21-1_ins_04_007305__w0006,normal_21-1_ins_04_007305,0,0,0,0,0,0,0,1,0,0,0,0.0,0,train,11,0.09090909090909091
normal_21-1_ins_04_007305__w0007,normal_21-1_ins_04_007305,0,0,0,0,0,0,0,0,0,0,0,-1.0,0,train,11,0.09090909090909091
normal_21-1_ins_04_007305__w0008,normal_21-1_ins_04_007305,0,0,0,0,1,0,0,1,0,0,0,1.0,0,train,11,0.09090909090909091
normal_21-1_ins_04_007305__w0009,normal_21-1_ins_04_007305,0,0,0,0,1,0,0,1,0,0,0,0.0,0,train,11,0.09090909090909091
normal_21-1_ins_04_007305__w0010,normal_21-1_ins_04_007305,0,0,0,0,0,0,0,1,0,0,0,0.0,0,train,11,0.09090909090909091
normal_21-1_ins_04_007533__w0000,normal_21-1_ins_04_007533,0,0,0,0,0,0,0,0,0,0,0,0.0,0,test,7,0.14285714285714285
normal_21-1_ins_04_007533__w0001,normal_21-1_ins_04_007533,0,0,0,0,0,0,0,0,0,0,0,0.0,0,test,7,0.14285714285714285
normal_21-1_ins_04_007533__w0002,normal_21-1_ins_04_007533,0,0,0,0,0,0,0,0,0,0,0,0.0,0,test,7,0.14285714285714285
normal_21-1_ins_04_007533__w0003,normal_21-1_ins_04_007533,0,0,0,0,1,1,0,2,1,0,1,2.0,0,test,7,0.14285714285714285
normal_21-1_ins_04_007533__w0004,normal_21-1_ins_04_007533,0,0,0,0,1,1,0,2,1,0,1,0.0,0,test,7,0.14285714285714285
normal_21-1_ins_04_007533__w0005,normal_21-1_ins_04_007533,0,0,0,0,1,0,0,1,0,0,0,-1.0,0,test,7,0.14285714285714285
normal_21-1_ins_04_007533__w0006,normal_21-1_ins_04_007533,0,0,0,0,0,0,0,0,0,0,0,-1.0,0,test,7,0.14285714285714285
normal_21-1_ins_04_008016__w0000,normal_21-1_ins_04_008016,0,0,0,0,0,0,0,0,0,0,0,0.0,0,train,13,0.07692307692307693
normal_21-1_ins_04_008016__w0001,normal_21-1_ins_04_008016,0,0,0,0,0,0,0,0,0,0,0,0.0,0,train,13,0.07692307692307693
normal_21-1_ins_04_008016__w0002,normal_21-1_ins_04_008016,0,0,0,0,0,0,0,0,0,0,0,0.0,0,train,13,0.07692307692307693
normal_21-1_ins_04_008016__w0003,normal_21-1_ins_04_008016,0,0,0,0,0,0,0,0,0,0,0,0.0,0,train,13,0.07692307692307693
normal_21-1_ins_04_008016__w0004,normal_21-1_ins_04_008016,0,0,0,0,0,0,0,0,0,0,0,0.0,0,train,13,0.07692307692307693
normal_21-1_ins_04_008016__w0005,normal_21-1_ins_04_008016,0,0,0,0,0,0,0,0,0,0,0,1.0,0,train,13,0.07692307692307693
normal_21-1_ins_04_008016__w0006,normal_21-1_ins_04_008016,0,0,0,0,0,0,0,0,0,0,0,0.0,0,train,13,0.07692307692307693
normal_21-1_ins_04_008016__w0007,normal_21-1_ins_04_008016,0,0,0,0,0,0,0,0,0,0,0,-1.0,0,train,13,0.07692307692307693
normal_21-1_ins_04_008016__w0008,normal_21-1_ins_04_008016,0,0,0,0,0,0,0,0,0,0,0,0.0,0,train,13,0.07692307692307693
normal_21-1_ins_04_008016__w0009,normal_21-1_ins_04_008016,0,0,0,0,0,0,0,0,0,0,0,0.0,0,train,13,0.07692307692307693
normal_21-1_ins_04_008016__w0010,normal_21-1_ins_04_008016,0,0,0,0,0,0,0,0,0,0,0,0.0,0,train,13,0.07692307692307693
normal_21-1_ins_04_008016__w0011,normal_21-1_ins_04_008016,0,0,0,0,0,0,0,0,0,0,0,0.0,0,train,13,0.07692307692307693
normal_21-1_ins_04_008016__w0012,normal_21-1_ins_04_008016,0,0,0,0,0,0,0,0,0,0,0,0.0,0,train,13,0.07692307692307693
normal_21-1_ins_04_008067__w0000,normal_21-1_ins_04_008067,0,0,0,0,0,0,0,0,0,0,0,0.0,0,validation,8,0.125
normal_21-1_ins_04_008067__w0001,normal_21-1_ins_04_008067,0,0,0,0,0,0,0,0,0,0,0,0.0,0,validation,8,0.125
normal_21-1_ins_04_008067__w0002,normal_21-1_ins_04_008067,0,0,0,0,0,0,0,0,0,0,0,0.0,0,validation,8,0.125
normal_21-1_ins_04_008067__w0003,normal_21-1_ins_04_008067,0,0,0,0,0,0,0,0,0,0,0,0.0,0,validation,8,0.125
normal_21-1_ins_04_008067__w0004,normal_21-1_ins_04_008067,0,0,0,0,0,0,0,0,0,0,0,0.0,0,validation,8,0.125
normal_21-1_ins_04_008067__w0005,normal_21-1_ins_04_008067,0,0,0,0,0,0,0,0,0,0,0,0.0,0,validation,8,0.125
normal_21-1_ins_04_008067__w0006,normal_21-1_ins_04_008067,0,0,0,0,0,0,0,0,0,0,0,0.0,0,validation,8,0.125
normal_21-1_ins_04_008067__w0007,normal_21-1_ins_04_008067,0,0,0,0,0,0,0,0,0,0,0,0.0,0,validation,8,0.125
normal_21-1_ins_04_008424__w0000,normal_21-1_ins_04_008424,0,0,0,0,0,0,0,0,0,0,0,0.0,0,train,13,0.07692307692307693
normal_21-1_ins_04_008424__w0001,normal_21-1_ins_04_008424,0,0,0,0,0,0,0,0,0,0,0,0.0,0,train,13,0.07692307692307693
normal_21-1_ins_04_008424__w0002,normal_21-1_ins_04_008424,0,0,0,0,0,0,0,0,0,0,0,0.0,0,train,13,0.07692307692307693
normal_21-1_ins_04_008424__w0003,normal_21-1_ins_04_008424,0,0,0,0,0,0,0,0,0,0,0,0.0,0,train,13,0.07692307692307693
normal_21-1_ins_04_008424__w0004,normal_21-1_ins_04_008424,0,0,0,0,0,0,0,0,0,0,0,0.0,0,train,13,0.07692307692307693
normal_21-1_ins_04_008424__w0005,normal_21-1_ins_04_008424,0,0,0,0,0,0,0,0,0,0,0,0.0,0,train,13,0.07692307692307693
normal_21-1_ins_04_008424__w0006,normal_21-1_ins_04_008424,0,0,0,0,0,0,0,0,0,0,0,0.0,0,train,13,0.07692307692307693
normal_21-1_ins_04_008424__w0007,normal_21-1_ins_04_008424,0,0,0,0,0,0,0,0,0,0,0,0.0,0,train,13,0.07692307692307693
normal_21-1_ins_04_008424__w0008,normal_21-1_ins_04_008424,0,0,0,0,1,0,0,1,0,0,0,1.0,0,train,13,0.07692307692307693
normal_21-1_ins_04_008424__w0009,normal_21-1_ins_04_008424,0,0,0,0,1,0,0,1,0,0,0,0.0,0,train,13,0.07692307692307693
normal_21-1_ins_04_008424__w0010,normal_21-1_ins_04_008424,0,0,0,0,0,0,0,0,0,0,0,-1.0,0,train,13,0.07692307692307693
normal_21-1_ins_04_008424__w0011,normal_21-1_ins_04_008424,0,0,0,0,0,0,0,0,0,0,0,0.0,0,train,13,0.07692307692307693
normal_21-1_ins_04_008424__w0012,normal_21-1_ins_04_008424,0,0,0,0,0,0,0,0,0,0,0,0.0,0,train,13,0.07692307692307693
normal_21-1_ins_04_008765__w0000,normal_21-1_ins_04_008765,0,0,0,0,0,0,0,0,0,0,0,0.0,0,test,9,0.1111111111111111
normal_21-1_ins_04_008765__w0001,normal_21-1_ins_04_008765,0,0,0,0,0,0,0,0,0,0,0,0.0,0,test,9,0.1111111111111111
normal_21-1_ins_04_008765__w0002,normal_21-1_ins_04_008765,0,0,0,0,0,0,0,0,0,0,0,0.0,0,test,9,0.1111111111111111
normal_21-1_ins_04_008765__w0003,normal_21-1_ins_04_008765,0,0,0,0,0,0,0,0,0,0,0,0.0,0,test,9,0.1111111111111111
normal_21-1_ins_04_008765__w0004,normal_21-1_ins_04_008765,0,0,0,0,0,0,0,0,0,0,0,0.0,0,test,9,0.1111111111111111
normal_21-1_ins_04_008765__w0005,normal_21-1_ins_04_008765,0,0,0,0,0,0,0,0,0,0,0,0.0,0,test,9,0.1111111111111111
normal_21-1_ins_04_008765__w0006,normal_21-1_ins_04_008765,0,0,0,0,0,0,0,0,0,0,0,0.0,0,test,9,0.1111111111111111
normal_21-1_ins_04_008765__w0007,normal_21-1_ins_04_008765,0,0,0,0,0,0,0,0,0,0,0,0.0,0,test,9,0.1111111111111111
normal_21-1_ins_04_008765__w0008,normal_21-1_ins_04_008765,0,0,0,0,0,0,0,0,0,0,0,0.0,0,test,9,0.1111111111111111
normal_21-1_ins_04_009077__w0000,normal_21-1_ins_04_009077,0,0,0,0,0,0,0,0,0,0,0,0.0,0,train,6,0.16666666666666666
normal_21-1_ins_04_009077__w0001,normal_21-1_ins_04_009077,0,0,0,0,0,0,0,0,0,0,0,0.0,0,train,6,0.16666666666666666
normal_21-1_ins_04_009077__w0002,normal_21-1_ins_04_009077,0,0,0,0,0,0,0,0,0,0,0,0.0,0,train,6,0.16666666666666666
normal_21-1_ins_04_009077__w0003,normal_21-1_ins_04_009077,0,0,0,0,1,1,0,1,1,0,1,2.0,0,train,6,0.16666666666666666
normal_21-1_ins_04_009077__w0004,normal_21-1_ins_04_009077,0,0,0,0,1,1,0,1,1,0,1,0.0,0,train,6,0.16666666666666666
normal_21-1_ins_04_009077__w0005,normal_21-1_ins_04_009077,0,0,0,0,0,0,0,0,0,0,0,-2.0,0,train,6,0.16666666666666666
normal_21-1_ins_04_009847__w0000,normal_21-1_ins_04_009847,0,0,0,0,0,0,0,0,0,0,0,0.0,0,train,15,0.06666666666666667
normal_21-1_ins_04_009847__w0001,normal_21-1_ins_04_009847,0,0,0,0,0,0,0,0,0,0,0,0.0,0,train,15,0.06666666666666667
normal_21-1_ins_04_009847__w0002,normal_21-1_ins_04_009847,0,0,0,0,0,0,0,0,0,0,0,0.0,0,train,15,0.06666666666666667
normal_21-1_ins_04_009847__w0003,normal_21-1_ins_04_009847,0,0,0,0,0,0,0,0,0,0,0,0.0,0,train,15,0.06666666666666667
normal_21-1_ins_04_009847__w0004,normal_21-1_ins_04_009847,0,0,0,0,0,0,0,1,0,0,0,0.0,0,train,15,0.06666666666666667
normal_21-1_ins_04_009847__w0005,normal_21-1_ins_04_009847,0,0,0,0,0,0,0,1,0,0,0,0.0,0,train,15,0.06666666666666667
normal_21-1_ins_04_009847__w0006,normal_21-1_ins_04_009847,0,0,0,0,0,0,0,0,0,0,0,0.0,0,train,15,0.06666666666666667
normal_21-1_ins_04_009847__w0007,normal_21-1_ins_04_009847,0,0,0,0,0,0,0,1,0,0,0,0.0,0,train,15,0.06666666666666667
normal_21-1_ins_04_009847__w0008,normal_21-1_ins_04_009847,0,0,0,0,0,0,0,1,0,0,0,0.0,0,train,15,0.06666666666666667
normal_21-1_ins_04_009847__w0009,normal_21-1_ins_04_009847,0,0,0,0,0,0,0,0,0,0,0,0.0,0,train,15,0.06666666666666667
normal_21-1_ins_04_009847__w0010,normal_21-1_ins_04_009847,0,0,0,0,1,1,0,1,1,0,1,2.0,0,train,15,0.06666666666666667
normal_21-1_ins_04_009847__w0011,normal_21-1_ins_04_009847,0,0,0,0,1,1,0,1,1,0,1,0.0,0,train,15,0.06666666666666667
normal_21-1_ins_04_009847__w0012,normal_21-1_ins_04_009847,0,0,0,0,0,0,0,0,0,0,0,-2.0,0,train,15,0.06666666666666667
normal_21-1_ins_04_009847__w0013,normal_21-1_ins_04_009847,0,0,0,0,0,0,0,0,0,0,0,0.0,0,train,15,0.06666666666666667
normal_21-1_ins_04_009847__w0014,normal_21-1_ins_04_009847,0,0,0,0,0,0,0,0,0,0,0,0.0,0,train,15,0.06666666666666667
normal_21-1_ins_04_010293__w0000,normal_21-1_ins_04_010293,0,0,0,0,0,0,0,0,0,0,0,0.0,0,train,3,0.3333333333333333
normal_21-1_ins_04_010293__w0001,normal_21-1_ins_04_010293,0,0,0,0,0,0,0,0,0,0,0,0.0,0,train,3,0.3333333333333333
normal_21-1_ins_04_010293__w0002,normal_21-1_ins_04_010293,0,0,0,0,0,0,0,0,0,0,0,0.0,0,train,3,0.3333333333333333
normal_21-1_ins_04_010614__w0000,normal_21-1_ins_04_010614,0,0,0,0,0,0,0,0,0,0,0,0.0,0,train,9,0.1111111111111111
normal_21-1_ins_04_010614__w0001,normal_21-1_ins_04_010614,0,0,0,0,0,0,0,0,0,0,0,0.0,0,train,9,0.1111111111111111
normal_21-1_ins_04_010614__w0002,normal_21-1_ins_04_010614,0,0,0,0,0,0,0,0,0,0,0,0.0,0,train,9,0.1111111111111111
normal_21-1_ins_04_010614__w0003,normal_21-1_ins_04_010614,0,0,0,0,0,0,0,0,0,0,0,0.0,0,train,9,0.1111111111111111
normal_21-1_ins_04_010614__w0004,normal_21-1_ins_04_010614,0,0,0,0,0,0,0,0,0,0,0,0.0,0,train,9,0.1111111111111111
normal_21-1_ins_04_010614__w0005,normal_21-1_ins_04_010614,0,0,0,0,0,0,0,0,0,0,0,0.0,0,train,9,0.1111111111111111
normal_21-1_ins_04_010614__w0006,normal_21-1_ins_04_010614,0,0,0,0,0,0,0,0,0,0,0,0.0,0,train,9,0.1111111111111111
normal_21-1_ins_04_010614__w0007,normal_21-1_ins_04_010614,0,0,0,0,0,0,0,0,0,0,0,0.0,0,train,9,0.1111111111111111
normal_21-1_ins_04_010614__w0008,normal_21-1_ins_04_010614,0,0,0,0,0,0,0,0,0,0,0,0.0,0,train,9,0.1111111111111111
normal_21-1_ins_04_010955__w0000,normal_21-1_ins_04_010955,0,0,0,0,0,0,0,0,0,0,0,0.0,0,test,4,0.25
normal_21-1_ins_04_010955__w0001,normal_21-1_ins_04_010955,0,0,0,0,0,0,0,0,0,0,0,0.0,0,test,4,0.25
normal_21-1_ins_04_010955__w0002,normal_21-1_ins_04_010955,0,0,0,0,0,0,0,0,0,0,0,0.0,0,test,4,0.25
normal_21-1_ins_04_010955__w0003,normal_21-1_ins_04_010955,0,0,0,0,0,0,0,0,0,0,0,0.0,0,test,4,0.25
normal_21-1_ins_04_011956__w0000,normal_21-1_ins_04_011956,0,0,0,0,0,0,0,0,0,0,0,0.0,0,train,6,0.16666666666666666
normal_21-1_ins_04_011956__w0001,normal_21-1_ins_04_011956,0,0,0,0,0,0,0,0,0,0,0,0.0,0,train,6,0.16666666666666666
normal_21-1_ins_04_011956__w0002,normal_21-1_ins_04_011956,0,0,0,0,0,0,0,0,0,0,0,0.0,0,train,6,0.16666666666666666
normal_21-1_ins_04_011956__w0003,normal_21-1_ins_04_011956,0,0,0,0,0,0,0,0,0,0,0,0.0,0,train,6,0.16666666666666666
normal_21-1_ins_04_011956__w0004,normal_21-1_ins_04_011956,0,0,0,1,0,0,0,1,0,0,0,1.0,0,train,6,0.16666666666666666
normal_21-1_ins_04_011956__w0005,normal_21-1_ins_04_011956,0,0,0,1,0,0,0,1,0,0,0,0.0,0,train,6,0.16666666666666666
normal_21-1_ins_04_014016__w0000,normal_21-1_ins_04_014016,0,0,0,0,0,0,0,0,0,0,0,0.0,0,train,8,0.125
normal_21-1_ins_04_014016__w0001,normal_21-1_ins_04_014016,0,0,0,0,0,0,0,0,0,0,0,0.0,0,train,8,0.125
normal_21-1_ins_04_014016__w0002,normal_21-1_ins_04_014016,0,0,0,0,0,0,0,0,0,0,0,0.0,0,train,8,0.125
normal_21-1_ins_04_014016__w0003,normal_21-1_ins_04_014016,0,0,0,0,0,0,0,0,0,0,0,0.0,0,train,8,0.125
normal_21-1_ins_04_014016__w0004,normal_21-1_ins_04_014016,0,0,0,0,0,0,0,0,0,0,0,0.0,0,train,8,0.125
normal_21-1_ins_04_014016__w0005,normal_21-1_ins_04_014016,0,0,0,0,0,0,0,0,0,0,0,0.0,0,train,8,0.125
normal_21-1_ins_04_014016__w0006,normal_21-1_ins_04_014016,0,0,0,0,0,0,0,0,0,0,0,0.0,0,train,8,0.125
normal_21-1_ins_04_014016__w0007,normal_21-1_ins_04_014016,0,0,0,0,0,0,0,0,0,0,0,0.0,0,train,8,0.125
normal_21-1_ins_04_017132__w0000,normal_21-1_ins_04_017132,0,0,0,0,0,0,0,0,0,0,0,0.0,0,train,5,0.2
normal_21-1_ins_04_017132__w0001,normal_21-1_ins_04_017132,0,0,0,0,0,0,0,0,0,0,0,0.0,0,train,5,0.2
normal_21-1_ins_04_017132__w0002,normal_21-1_ins_04_017132,0,0,0,0,0,0,0,0,0,0,0,0.0,0,train,5,0.2
normal_21-1_ins_04_017132__w0003,normal_21-1_ins_04_017132,0,0,0,0,0,0,0,0,0,0,0,0.0,0,train,5,0.2
normal_21-1_ins_04_017132__w0004,normal_21-1_ins_04_017132,0,0,0,0,0,0,0,0,0,0,0,0.0,0,train,5,0.2
normal_21-1_ins_04_018530__w0000,normal_21-1_ins_04_018530,0,0,0,0,0,0,0,0,0,0,0,0.0,0,train,7,0.14285714285714285
normal_21-1_ins_04_018530__w0001,normal_21-1_ins_04_018530,0,0,0,0,0,0,0,0,0,0,0,0.0,0,train,7,0.14285714285714285
normal_21-1_ins_04_018530__w0002,normal_21-1_ins_04_018530,0,0,0,0,0,0,0,0,0,0,0,0.0,0,train,7,0.14285714285714285
normal_21-1_ins_04_018530__w0003,normal_21-1_ins_04_018530,0,0,0,0,0,0,0,0,0,0,0,0.0,0,train,7,0.14285714285714285
normal_21-1_ins_04_018530__w0004,normal_21-1_ins_04_018530,0,0,0,0,1,1,0,1,1,0,1,2.0,0,train,7,0.14285714285714285
normal_21-1_ins_04_018530__w0005,normal_21-1_ins_04_018530,0,0,0,0,1,1,0,1,1,0,1,0.0,0,train,7,0.14285714285714285
normal_21-1_ins_04_018530__w0006,normal_21-1_ins_04_018530,0,0,0,0,0,0,0,0,0,0,0,-2.0,0,train,7,0.14285714285714285
normal_21-1_ins_04_903031__w0000,normal_21-1_ins_04_903031,0,0,0,0,1,1,0,1,1,0,1,0.0,0,train,18,0.05555555555555555
normal_21-1_ins_04_903031__w0001,normal_21-1_ins_04_903031,0,0,0,0,0,0,0,0,0,0,0,-2.0,0,train,18,0.05555555555555555
normal_21-1_ins_04_903031__w0002,normal_21-1_ins_04_903031,0,0,0,0,0,0,0,0,0,0,0,0.0,0,train,18,0.05555555555555555
normal_21-1_ins_04_903031__w0003,normal_21-1_ins_04_903031,0,0,0,0,0,0,0,0,0,0,0,0.0,0,train,18,0.05555555555555555
normal_21-1_ins_04_903031__w0004,normal_21-1_ins_04_903031,0,0,0,0,0,0,0,0,0,0,0,0.0,0,train,18,0.05555555555555555
normal_21-1_ins_04_903031__w0005,normal_21-1_ins_04_903031,0,0,0,0,0,0,0,0,0,0,0,0.0,0,train,18,0.05555555555555555
normal_21-1_ins_04_903031__w0006,normal_21-1_ins_04_903031,0,0,0,0,0,0,0,0,0,0,0,0.0,0,train,18,0.05555555555555555
normal_21-1_ins_04_903031__w0007,normal_21-1_ins_04_903031,0,0,0,0,0,0,0,0,0,0,0,0.0,0,train,18,0.05555555555555555
normal_21-1_ins_04_903031__w0008,normal_21-1_ins_04_903031,0,0,0,0,0,0,0,0,0,0,0,0.0,0,train,18,0.05555555555555555
normal_21-1_ins_04_903031__w0009,normal_21-1_ins_04_903031,0,0,0,0,0,0,0,0,0,0,0,0.0,0,train,18,0.05555555555555555
normal_21-1_ins_04_903031__w0010,normal_21-1_ins_04_903031,0,0,0,0,0,0,0,0,0,0,0,0.0,0,train,18,0.05555555555555555
normal_21-1_ins_04_903031__w0011,normal_21-1_ins_04_903031,0,0,0,0,0,0,0,0,0,0,0,0.0,0,train,18,0.05555555555555555
normal_21-1_ins_04_903031__w0012,normal_21-1_ins_04_903031,0,0,0,0,0,0,0,0,0,0,0,0.0,0,train,18,0.05555555555555555
normal_21-1_ins_04_903031__w0013,normal_21-1_ins_04_903031,0,0,0,0,0,0,0,0,0,0,0,0.0,0,train,18,0.05555555555555555
normal_21-1_ins_04_903031__w0014,normal_21-1_ins_04_903031,0,0,0,0,0,0,0,1,0,0,0,1.0,0,train,18,0.05555555555555555
normal_21-1_ins_04_903031__w0015,normal_21-1_ins_04_903031,0,0,0,0,0,0,0,1,0,0,0,0.0,0,train,18,0.05555555555555555
normal_21-1_ins_04_903031__w0016,normal_21-1_ins_04_903031,0,0,0,0,0,0,0,0,0,0,0,-1.0,0,train,18,0.05555555555555555
normal_21-1_ins_04_903031__w0017,normal_21-1_ins_04_903031,0,0,0,0,0,0,0,0,0,0,0,0.0,0,train,18,0.05555555555555555
normal_21-1_ins_04_904452__w0000,normal_21-1_ins_04_904452,0,0,0,0,0,0,0,0,0,0,0,0.0,0,test,7,0.14285714285714285
normal_21-1_ins_04_904452__w0001,normal_21-1_ins_04_904452,0,0,0,0,0,0,0,0,0,0,0,0.0,0,test,7,0.14285714285714285
normal_21-1_ins_04_904452__w0002,normal_21-1_ins_04_904452,0,0,0,0,0,0,0,0,0,0,0,0.0,0,test,7,0.14285714285714285
normal_21-1_ins_04_904452__w0003,normal_21-1_ins_04_904452,0,0,0,0,0,0,0,0,0,0,0,0.0,0,test,7,0.14285714285714285
normal_21-1_ins_04_904452__w0004,normal_21-1_ins_04_904452,0,0,0,0,0,0,0,0,0,0,0,0.0,0,test,7,0.14285714285714285
normal_21-1_ins_04_904452__w0005,normal_21-1_ins_04_904452,0,0,0,0,0,0,0,0,0,0,0,0.0,0,test,7,0.14285714285714285
normal_21-1_ins_04_904452__w0006,normal_21-1_ins_04_904452,0,0,0,0,0,0,0,0,0,0,0,0.0,0,test,7,0.14285714285714285
normal_21-1_ins_04_906128__w0000,normal_21-1_ins_04_906128,0,0,0,0,0,0,0,0,0,0,0,0.0,0,train,17,0.058823529411764705
normal_21-1_ins_04_906128__w0001,normal_21-1_ins_04_906128,0,0,0,0,0,0,0,0,0,0,0,0.0,0,train,17,0.058823529411764705
normal_21-1_ins_04_906128__w0002,normal_21-1_ins_04_906128,0,0,0,0,0,0,0,0,0,0,0,0.0,0,train,17,0.058823529411764705
normal_21-1_ins_04_906128__w0003,normal_21-1_ins_04_906128,0,0,0,0,0,0,0,0,0,0,0,0.0,0,train,17,0.058823529411764705
normal_21-1_ins_04_906128__w0004,normal_21-1_ins_04_906128,0,0,0,0,0,0,0,0,0,0,0,0.0,0,train,17,0.058823529411764705
normal_21-1_ins_04_906128__w0005,normal_21-1_ins_04_906128,0,0,0,0,0,0,0,0,0,0,0,0.0,0,train,17,0.058823529411764705
normal_21-1_ins_04_906128__w0006,normal_21-1_ins_04_906128,0,0,0,0,0,0,0,0,0,0,0,0.0,0,train,17,0.058823529411764705
normal_21-1_ins_04_906128__w0007,normal_21-1_ins_04_906128,0,0,0,0,0,0,0,0,0,0,0,0.0,0,train,17,0.058823529411764705
normal_21-1_ins_04_906128__w0008,normal_21-1_ins_04_906128,0,0,0,0,0,0,0,0,0,0,0,0.0,0,train,17,0.058823529411764705
normal_21-1_ins_04_906128__w0009,normal_21-1_ins_04_906128,0,0,0,0,0,0,0,0,0,0,0,0.0,0,train,17,0.058823529411764705
normal_21-1_ins_04_906128__w0010,normal_21-1_ins_04_906128,0,0,0,0,0,0,0,0,0,0,0,0.0,0,train,17,0.058823529411764705
normal_21-1_ins_04_906128__w0011,normal_21-1_ins_04_906128,0,0,0,0,0,0,0,0,0,0,0,0.0,0,train,17,0.058823529411764705
normal_21-1_ins_04_906128__w0012,normal_21-1_ins_04_906128,0,1,0,0,0,0,0,1,0,0,0,1.0,0,train,17,0.058823529411764705
normal_21-1_ins_04_906128__w0013,normal_21-1_ins_04_906128,0,1,0,0,1,1,0,2,1,0,1,2.0,0,train,17,0.058823529411764705
normal_21-1_ins_04_906128__w0014,normal_21-1_ins_04_906128,0,0,0,1,1,1,0,1,1,0,1,0.0,0,train,17,0.058823529411764705
normal_21-1_ins_04_906128__w0015,normal_21-1_ins_04_906128,0,0,0,1,0,0,0,0,0,0,0,-2.0,0,train,17,0.058823529411764705
normal_21-1_ins_04_906128__w0016,normal_21-1_ins_04_906128,0,0,0,0,0,0,0,0,0,0,0,-1.0,0,train,17,0.058823529411764705
normal_21-1_ins_05_001686__w0000,normal_21-1_ins_05_001686,0,0,0,0,0,0,0,0,0,0,0,0.0,0,train,1,1.0
normal_21-1_ins_05_009219__w0000,normal_21-1_ins_05_009219,0,0,0,0,0,0,0,0,0,0,0,0.0,0,train,4,0.25
normal_21-1_ins_05_009219__w0001,normal_21-1_ins_05_009219,1,0,0,0,0,0,0,1,0,0,0,1.0,0,train,4,0.25
normal_21-1_ins_05_009219__w0002,normal_21-1_ins_05_009219,1,0,0,0,0,0,0,1,0,0,0,0.0,0,train,4,0.25
normal_21-1_ins_05_009219__w0003,normal_21-1_ins_05_009219,0,0,0,0,0,0,0,0,0,0,0,-1.0,0,train,4,0.25
normal_21-1_ins_05_010746__w0000,normal_21-1_ins_05_010746,0,0,0,0,0,0,0,0,0,0,0,0.0,0,train,9,0.1111111111111111
normal_21-1_ins_05_010746__w0001,normal_21-1_ins_05_010746,0,0,0,0,0,0,0,0,0,0,0,0.0,0,train,9,0.1111111111111111
normal_21-1_ins_05_010746__w0002,normal_21-1_ins_05_010746,0,0,0,0,0,1,0,0,1,0,0,1.0,0,train,9,0.1111111111111111
normal_21-1_ins_05_010746__w0003,normal_21-1_ins_05_010746,0,0,0,0,0,1,0,0,1,0,0,0.0,0,train,9,0.1111111111111111
normal_21-1_ins_05_010746__w0004,normal_21-1_ins_05_010746,0,0,0,0,0,0,0,0,0,0,0,-1.0,0,train,9,0.1111111111111111
normal_21-1_ins_05_010746__w0005,normal_21-1_ins_05_010746,0,0,0,0,0,0,0,0,0,0,0,0.0,0,train,9,0.1111111111111111
normal_21-1_ins_05_010746__w0006,normal_21-1_ins_05_010746,0,0,0,0,0,0,0,0,0,0,0,0.0,0,train,9,0.1111111111111111
normal_21-1_ins_05_010746__w0007,normal_21-1_ins_05_010746,0,0,0,0,0,0,0,0,0,0,0,0.0,0,train,9,0.1111111111111111
normal_21-1_ins_05_010746__w0008,normal_21-1_ins_05_010746,0,0,0,0,0,0,0,0,0,0,0,0.0,0,train,9,0.1111111111111111
normal_21-1_ins_05_011519__w0000,normal_21-1_ins_05_011519,0,0,0,0,0,0,0,0,0,0,0,0.0,0,train,3,0.3333333333333333
normal_21-1_ins_05_011519__w0001,normal_21-1_ins_05_011519,0,0,0,0,0,0,0,0,0,0,0,0.0,0,train,3,0.3333333333333333
normal_21-1_ins_05_011519__w0002,normal_21-1_ins_05_011519,0,0,0,0,0,0,0,0,0,0,0,0.0,0,train,3,0.3333333333333333
normal_21-1_ins_05_013881__w0000,normal_21-1_ins_05_013881,0,0,0,0,0,0,0,0,0,0,0,0.0,0,train,5,0.2
normal_21-1_ins_05_013881__w0001,normal_21-1_ins_05_013881,0,0,0,0,0,0,0,0,0,0,0,0.0,0,train,5,0.2
normal_21-1_ins_05_013881__w0002,normal_21-1_ins_05_013881,0,0,0,0,0,0,0,0,0,0,0,0.0,0,train,5,0.2
normal_21-1_ins_05_013881__w0003,normal_21-1_ins_05_013881,0,0,0,0,0,0,0,0,0,0,0,0.0,0,train,5,0.2
normal_21-1_ins_05_013881__w0004,normal_21-1_ins_05_013881,0,0,0,0,0,0,0,0,0,0,0,0.0,0,train,5,0.2
normal_21-1_ins_05_900207__w0000,normal_21-1_ins_05_900207,0,0,0,0,0,0,0,0,0,0,0,0.0,0,train,2,0.5
normal_21-1_ins_05_900207__w0001,normal_21-1_ins_05_900207,0,0,0,0,0,0,0,0,0,0,0,0.0,0,train,2,0.5
normal_21-1_sec_01_000138__w0000,normal_21-1_sec_01_000138,0,0,0,0,0,0,0,0,0,0,0,0.0,0,train,1,1.0
normal_21-1_sec_01_000799__w0000,normal_21-1_sec_01_000799,0,0,0,0,0,0,0,0,0,0,0,0.0,0,train,8,0.125
normal_21-1_sec_01_000799__w0001,normal_21-1_sec_01_000799,0,0,0,0,1,0,0,1,0,0,0,1.0,0,train,8,0.125
normal_21-1_sec_01_000799__w0002,normal_21-1_sec_01_000799,0,0,0,0,1,0,1,1,1,0,0,1.0,0,train,8,0.125
normal_21-1_sec_01_000799__w0003,normal_21-1_sec_01_000799,0,0,0,0,1,0,1,1,1,0,0,0.0,0,train,8,0.125
normal_21-1_sec_01_000799__w0004,normal_21-1_sec_01_000799,0,0,0,0,1,0,0,1,0,0,0,-1.0,0,train,8,0.125
normal_21-1_sec_01_000799__w0005,normal_21-1_sec_01_000799,0,0,0,0,0,0,0,0,0,0,0,-1.0,0,train,8,0.125
normal_21-1_sec_01_000799__w0006,normal_21-1_sec_01_000799,0,0,0,0,0,0,0,0,0,0,0,0.0,0,train,8,0.125
normal_21-1_sec_01_000799__w0007,normal_21-1_sec_01_000799,0,0,0,0,0,0,0,0,0,0,0,0.0,0,train,8,0.125
normal_21-1_sec_01_000904__w0000,normal_21-1_sec_01_000904,0,0,0,0,0,0,0,0,0,0,0,0.0,0,train,2,0.5
normal_21-1_sec_01_000904__w0001,normal_21-1_sec_01_000904,0,0,0,0,0,0,0,0,0,0,0,0.0,0,train,2,0.5
normal_21-1_sec_01_002023__w0000,normal_21-1_sec_01_002023,0,0,0,0,0,0,0,0,0,0,0,0.0,0,train,4,0.25
normal_21-1_sec_01_002023__w0001,normal_21-1_sec_01_002023,0,0,0,0,0,0,0,0,0,0,0,0.0,0,train,4,0.25
normal_21-1_sec_01_002023__w0002,normal_21-1_sec_01_002023,0,0,0,0,0,0,0,0,0,0,0,0.0,0,train,4,0.25
normal_21-1_sec_01_002023__w0003,normal_21-1_sec_01_002023,0,0,0,0,0,0,0,0,0,0,0,0.0,0,train,4,0.25
normal_21-1_sec_01_002310__w0000,normal_21-1_sec_01_002310,0,0,0,0,0,0,0,0,0,0,0,0.0,0,train,4,0.25
normal_21-1_sec_01_002310__w0001,normal_21-1_sec_01_002310,0,0,0,0,0,0,0,0,0,0,0,0.0,0,train,4,0.25
normal_21-1_sec_01_002310__w0002,normal_21-1_sec_01_002310,0,0,0,0,0,0,0,0,0,0,0,0.0,0,train,4,0.25
normal_21-1_sec_01_002310__w0003,normal_21-1_sec_01_002310,0,0,0,0,0,0,0,0,0,0,0,0.0,0,train,4,0.25
normal_21-1_sec_01_002803__w0000,normal_21-1_sec_01_002803,0,0,0,0,0,0,0,0,0,0,0,0.0,0,train,2,0.5
normal_21-1_sec_01_002803__w0001,normal_21-1_sec_01_002803,0,0,0,0,0,0,0,0,0,0,0,0.0,0,train,2,0.5
normal_21-1_sec_01_002926__w0000,normal_21-1_sec_01_002926,0,0,0,0,1,0,1,1,1,0,0,0.0,0,train,1,1.0
normal_21-1_sec_01_003484__w0000,normal_21-1_sec_01_003484,0,0,0,0,1,1,0,1,1,0,1,0.0,0,train,11,0.09090909090909091
normal_21-1_sec_01_003484__w0001,normal_21-1_sec_01_003484,0,0,0,0,1,0,0,1,0,0,0,-1.0,0,train,11,0.09090909090909091
normal_21-1_sec_01_003484__w0002,normal_21-1_sec_01_003484,0,0,0,0,0,0,0,0,0,0,0,-1.0,0,train,11,0.09090909090909091
normal_21-1_sec_01_003484__w0003,normal_21-1_sec_01_003484,0,0,0,0,0,0,0,0,0,0,0,0.0,0,train,11,0.09090909090909091
normal_21-1_sec_01_003484__w0004,normal_21-1_sec_01_003484,0,0,0,0,0,0,0,0,0,0,0,0.0,0,train,11,0.09090909090909091
normal_21-1_sec_01_003484__w0005,normal_21-1_sec_01_003484,0,0,0,0,0,0,0,0,0,0,0,0.0,0,train,11,0.09090909090909091
normal_21-1_sec_01_003484__w0006,normal_21-1_sec_01_003484,0,0,0,0,0,0,0,0,0,0,0,0.0,0,train,11,0.09090909090909091
normal_21-1_sec_01_003484__w0007,normal_21-1_sec_01_003484,0,0,0,0,0,0,0,0,0,0,0,0.0,0,train,11,0.09090909090909091
normal_21-1_sec_01_003484__w0008,normal_21-1_sec_01_003484,0,0,0,0,0,0,0,0,0,0,0,0.0,0,train,11,0.09090909090909091
normal_21-1_sec_01_003484__w0009,normal_21-1_sec_01_003484,0,0,0,0,0,0,0,0,0,0,0,0.0,0,train,11,0.09090909090909091
normal_21-1_sec_01_003484__w0010,normal_21-1_sec_01_003484,0,0,0,0,0,0,0,0,0,0,0,0.0,0,train,11,0.09090909090909091
normal_21-1_sec_01_003760__w0000,normal_21-1_sec_01_003760,0,0,0,0,0,0,0,0,0,0,0,0.0,0,train,4,0.25
normal_21-1_sec_01_003760__w0001,normal_21-1_sec_01_003760,0,0,0,0,0,0,0,0,0,0,0,0.0,0,train,4,0.25
normal_21-1_sec_01_003760__w0002,normal_21-1_sec_01_003760,0,0,0,0,0,0,0,0,0,0,0,0.0,0,train,4,0.25
normal_21-1_sec_01_003760__w0003,normal_21-1_sec_01_003760,0,0,0,0,0,0,0,0,0,0,0,0.0,0,train,4,0.25
normal_21-1_sec_01_004103__w0000,normal_21-1_sec_01_004103,0,0,0,0,0,0,0,0,0,0,0,0.0,0,validation,5,0.2
normal_21-1_sec_01_004103__w0001,normal_21-1_sec_01_004103,0,0,0,0,0,0,0,0,0,0,0,0.0,0,validation,5,0.2
normal_21-1_sec_01_004103__w0002,normal_21-1_sec_01_004103,0,0,0,0,0,0,0,0,0,0,0,0.0,0,validation,5,0.2
normal_21-1_sec_01_004103__w0003,normal_21-1_sec_01_004103,0,0,0,0,0,0,0,1,1,0,0,2.0,0,validation,5,0.2
normal_21-1_sec_01_004103__w0004,normal_21-1_sec_01_004103,0,0,0,0,0,0,0,1,1,0,0,0.0,0,validation,5,0.2
normal_21-1_sec_01_004591__w0000,normal_21-1_sec_01_004591,0,0,0,0,0,0,0,0,0,0,0,0.0,0,train,4,0.25
normal_21-1_sec_01_004591__w0001,normal_21-1_sec_01_004591,0,0,0,0,0,0,0,0,0,0,0,0.0,0,train,4,0.25
normal_21-1_sec_01_004591__w0002,normal_21-1_sec_01_004591,0,0,0,0,1,0,1,1,1,0,0,2.0,0,train,4,0.25
normal_21-1_sec_01_004591__w0003,normal_21-1_sec_01_004591,0,0,0,0,1,0,1,1,1,0,0,0.0,0,train,4,0.25
normal_21-1_sec_01_005683__w0000,normal_21-1_sec_01_005683,0,0,0,0,1,0,1,1,1,0,0,0.0,0,train,1,1.0
normal_21-1_sec_01_005918__w0000,normal_21-1_sec_01_005918,0,0,0,0,0,0,0,0,0,0,0,0.0,0,validation,4,0.25
normal_21-1_sec_01_005918__w0001,normal_21-1_sec_01_005918,0,0,0,0,0,0,0,0,1,0,0,1.0,0,validation,4,0.25
normal_21-1_sec_01_005918__w0002,normal_21-1_sec_01_005918,0,0,0,0,0,0,0,0,1,0,0,0.0,0,validation,4,0.25
normal_21-1_sec_01_005918__w0003,normal_21-1_sec_01_005918,0,0,0,0,0,0,0,0,1,0,0,0.0,0,validation,4,0.25
normal_21-1_sec_01_006592__w0000,normal_21-1_sec_01_006592,0,0,0,0,1,1,0,2,2,0,1,0.0,0,test,9,0.1111111111111111
normal_21-1_sec_01_006592__w0001,normal_21-1_sec_01_006592,0,0,0,0,1,1,1,1,2,0,1,-1.0,0,test,9,0.1111111111111111
normal_21-1_sec_01_006592__w0002,normal_21-1_sec_01_006592,0,0,0,0,1,0,1,1,2,0,0,0.0,0,test,9,0.1111111111111111
normal_21-1_sec_01_006592__w0003,normal_21-1_sec_01_006592,0,0,0,0,0,0,0,0,1,0,0,-2.0,0,test,9,0.1111111111111111
normal_21-1_sec_01_006592__w0004,normal_21-1_sec_01_006592,0,0,0,0,1,0,1,2,2,0,0,3.0,0,test,9,0.1111111111111111
normal_21-1_sec_01_006592__w0005,normal_21-1_sec_01_006592,0,0,0,0,1,0,1,2,2,0,0,0.0,0,test,9,0.1111111111111111
normal_21-1_sec_01_006592__w0006,normal_21-1_sec_01_006592,0,0,0,0,1,0,1,1,2,0,0,-1.0,0,test,9,0.1111111111111111
normal_21-1_sec_01_006592__w0007,normal_21-1_sec_01_006592,0,0,0,0,1,0,1,1,1,0,0,-1.0,0,test,9,0.1111111111111111
normal_21-1_sec_01_006592__w0008,normal_21-1_sec_01_006592,0,0,0,0,1,0,1,1,2,0,0,1.0,0,test,9,0.1111111111111111
normal_21-1_sec_01_006779__w0000,normal_21-1_sec_01_006779,0,0,0,0,0,0,0,0,0,0,0,0.0,0,test,6,0.16666666666666666
normal_21-1_sec_01_006779__w0001,normal_21-1_sec_01_006779,0,0,0,0,0,0,0,0,0,0,0,0.0,0,test,6,0.16666666666666666
normal_21-1_sec_01_006779__w0002,normal_21-1_sec_01_006779,0,0,0,0,0,0,0,0,0,0,0,0.0,0,test,6,0.16666666666666666
normal_21-1_sec_01_006779__w0003,normal_21-1_sec_01_006779,0,0,0,0,0,0,0,0,0,0,0,0.0,0,test,6,0.16666666666666666
normal_21-1_sec_01_006779__w0004,normal_21-1_sec_01_006779,0,0,0,0,1,0,1,1,1,0,0,2.0,0,test,6,0.16666666666666666
normal_21-1_sec_01_006779__w0005,normal_21-1_sec_01_006779,0,0,0,0,1,0,1,2,1,0,0,1.0,0,test,6,0.16666666666666666
normal_21-1_sec_01_007973__w0000,normal_21-1_sec_01_007973,0,0,0,0,0,0,0,0,0,0,0,0.0,0,test,5,0.2
normal_21-1_sec_01_007973__w0001,normal_21-1_sec_01_007973,0,0,0,0,0,0,0,0,1,0,0,1.0,0,test,5,0.2
normal_21-1_sec_01_007973__w0002,normal_21-1_sec_01_007973,0,0,0,0,1,0,1,1,2,0,0,2.0,0,test,5,0.2
normal_21-1_sec_01_007973__w0003,normal_21-1_sec_01_007973,0,0,0,0,1,0,1,1,2,0,0,0.0,0,test,5,0.2
normal_21-1_sec_01_007973__w0004,normal_21-1_sec_01_007973,0,0,0,0,0,0,0,0,1,0,0,-2.0,0,test,5,0.2
normal_21-1_sec_01_008426__w0000,normal_21-1_sec_01_008426,0,0,0,0,0,0,0,0,0,0,0,0.0,0,test,10,0.1
normal_21-1_sec_01_008426__w0001,normal_21-1_sec_01_008426,0,0,0,0,0,0,0,0,0,0,0,0.0,0,test,10,0.1
normal_21-1_sec_01_008426__w0002,normal_21-1_sec_01_008426,0,0,0,0,0,0,0,0,0,0,0,0.0,0,test,10,0.1
normal_21-1_sec_01_008426__w0003,normal_21-1_sec_01_008426,0,0,0,0,0,0,0,0,0,0,0,0.0,0,test,10,0.1
normal_21-1_sec_01_008426__w0004,normal_21-1_sec_01_008426,0,0,0,0,0,0,0,0,0,0,0,0.0,0,test,10,0.1
normal_21-1_sec_01_008426__w0005,normal_21-1_sec_01_008426,0,0,0,0,0,0,0,0,0,0,0,0.0,0,test,10,0.1
normal_21-1_sec_01_008426__w0006,normal_21-1_sec_01_008426,0,0,0,0,0,0,0,0,0,0,0,0.0,0,test,10,0.1
normal_21-1_sec_01_008426__w0007,normal_21-1_sec_01_008426,0,0,0,0,0,0,0,0,0,0,0,0.0,0,test,10,0.1
normal_21-1_sec_01_008426__w0008,normal_21-1_sec_01_008426,0,0,0,0,0,0,0,0,0,0,0,0.0,0,test,10,0.1
normal_21-1_sec_01_008426__w0009,normal_21-1_sec_01_008426,0,0,0,0,0,0,0,0,0,0,0,0.0,0,test,10,0.1
normal_21-1_sec_01_009785__w0000,normal_21-1_sec_01_009785,0,0,0,0,0,0,0,0,0,0,0,0.0,0,train,3,0.3333333333333333
normal_21-1_sec_01_009785__w0001,normal_21-1_sec_01_009785,0,0,0,0,0,0,0,0,0,0,0,0.0,0,train,3,0.3333333333333333
normal_21-1_sec_01_009785__w0002,normal_21-1_sec_01_009785,0,0,0,0,0,0,0,0,0,0,0,0.0,0,train,3,0.3333333333333333
normal_21-1_sec_01_010386__w0000,normal_21-1_sec_01_010386,0,0,0,0,0,0,0,0,0,0,0,0.0,0,test,1,1.0
normal_21-1_sec_01_011866__w0000,normal_21-1_sec_01_011866,0,0,0,0,0,0,0,0,0,0,0,0.0,0,train,2,0.5
normal_21-1_sec_01_011866__w0001,normal_21-1_sec_01_011866,0,0,0,0,0,0,0,0,0,0,0,0.0,0,train,2,0.5
normal_21-1_sec_01_012861__w0000,normal_21-1_sec_01_012861,0,0,0,0,1,0,0,1,0,0,0,0.0,0,train,12,0.08333333333333333
normal_21-1_sec_01_012861__w0001,normal_21-1_sec_01_012861,0,0,0,0,1,0,1,1,1,0,0,1.0,0,train,12,0.08333333333333333
normal_21-1_sec_01_012861__w0002,normal_21-1_sec_01_012861,0,0,0,0,1,0,1,1,1,0,0,0.0,0,train,12,0.08333333333333333
normal_21-1_sec_01_012861__w0003,normal_21-1_sec_01_012861,0,0,0,0,1,0,1,1,1,0,0,0.0,0,train,12,0.08333333333333333
normal_21-1_sec_01_012861__w0004,normal_21-1_sec_01_012861,0,0,0,0,0,0,0,0,0,0,0,-2.0,0,train,12,0.08333333333333333
normal_21-1_sec_01_012861__w0005,normal_21-1_sec_01_012861,0,0,0,0,0,0,0,0,0,0,0,0.0,0,train,12,0.08333333333333333
normal_21-1_sec_01_012861__w0006,normal_21-1_sec_01_012861,0,0,0,0,0,0,0,0,0,0,0,0.0,0,train,12,0.08333333333333333
normal_21-1_sec_01_012861__w0007,normal_21-1_sec_01_012861,0,0,0,0,0,0,0,0,0,0,0,0.0,0,train,12,0.08333333333333333
normal_21-1_sec_01_012861__w0008,normal_21-1_sec_01_012861,0,0,0,0,0,0,0,0,0,0,0,0.0,0,train,12,0.08333333333333333
normal_21-1_sec_01_012861__w0009,normal_21-1_sec_01_012861,0,0,0,0,0,0,0,0,0,0,0,0.0,0,train,12,0.08333333333333333
normal_21-1_sec_01_012861__w0010,normal_21-1_sec_01_012861,0,0,0,0,0,0,0,0,0,0,0,0.0,0,train,12,0.08333333333333333
normal_21-1_sec_01_012861__w0011,normal_21-1_sec_01_012861,0,0,0,0,0,0,0,0,0,0,0,0.0,0,train,12,0.08333333333333333
normal_21-1_sec_01_013174__w0000,normal_21-1_sec_01_013174,0,0,0,0,0,0,0,0,0,0,0,0.0,0,train,6,0.16666666666666666
normal_21-1_sec_01_013174__w0001,normal_21-1_sec_01_013174,0,0,0,0,0,0,0,0,0,0,0,0.0,0,train,6,0.16666666666666666
normal_21-1_sec_01_013174__w0002,normal_21-1_sec_01_013174,0,0,0,0,0,0,0,0,0,0,0,0.0,0,train,6,0.16666666666666666
normal_21-1_sec_01_013174__w0003,normal_21-1_sec_01_013174,0,0,0,0,0,0,0,0,0,0,0,0.0,0,train,6,0.16666666666666666
normal_21-1_sec_01_013174__w0004,normal_21-1_sec_01_013174,0,0,0,0,0,0,0,0,0,0,0,0.0,0,train,6,0.16666666666666666
normal_21-1_sec_01_013174__w0005,normal_21-1_sec_01_013174,0,0,0,0,0,0,0,0,0,0,0,0.0,0,train,6,0.16666666666666666
normal_21-1_sec_01_013682__w0000,normal_21-1_sec_01_013682,0,0,0,0,0,0,0,0,0,0,0,0.0,0,validation,7,0.14285714285714285
normal_21-1_sec_01_013682__w0001,normal_21-1_sec_01_013682,0,0,0,0,0,0,0,0,0,0,0,0.0,0,validation,7,0.14285714285714285
normal_21-1_sec_01_013682__w0002,normal_21-1_sec_01_013682,0,0,0,0,0,0,0,0,0,0,0,0.0,0,validation,7,0.14285714285714285
normal_21-1_sec_01_013682__w0003,normal_21-1_sec_01_013682,0,0,0,0,0,0,0,0,0,0,0,0.0,0,validation,7,0.14285714285714285
normal_21-1_sec_01_013682__w0004,normal_21-1_sec_01_013682,0,0,0,0,0,0,0,0,0,0,0,0.0,0,validation,7,0.14285714285714285
normal_21-1_sec_01_013682__w0005,normal_21-1_sec_01_013682,0,0,0,0,0,0,0,0,0,0,0,0.0,0,validation,7,0.14285714285714285
normal_21-1_sec_01_013682__w0006,normal_21-1_sec_01_013682,0,0,0,0,0,0,0,0,0,0,0,0.0,0,validation,7,0.14285714285714285
normal_21-1_sec_02_000197__w0000,normal_21-1_sec_02_000197,0,0,0,0,0,0,0,0,1,0,0,0.0,0,train,8,0.125
normal_21-1_sec_02_000197__w0001,normal_21-1_sec_02_000197,0,0,0,0,0,0,0,0,1,0,0,0.0,0,train,8,0.125
normal_21-1_sec_02_000197__w0002,normal_21-1_sec_02_000197,0,0,0,0,0,0,0,0,1,0,0,0.0,0,train,8,0.125
normal_21-1_sec_02_000197__w0003,normal_21-1_sec_02_000197,0,0,0,0,0,0,0,0,1,0,0,0.0,0,train,8,0.125
normal_21-1_sec_02_000197__w0004,normal_21-1_sec_02_000197,0,0,0,0,1,0,1,1,1,0,0,1.0,0,train,8,0.125
normal_21-1_sec_02_000197__w0005,normal_21-1_sec_02_000197,0,0,0,0,1,0,1,2,1,0,0,1.0,0,train,8,0.125
normal_21-1_sec_02_000197__w0006,normal_21-1_sec_02_000197,0,0,0,0,1,0,1,2,1,0,0,0.0,0,train,8,0.125
normal_21-1_sec_02_000197__w0007,normal_21-1_sec_02_000197,0,0,0,0,1,0,1,1,1,0,0,-1.0,0,train,8,0.125
normal_21-1_sec_02_007633__w0000,normal_21-1_sec_02_007633,0,0,0,0,1,1,1,1,2,0,1,0.0,0,train,4,0.25
normal_21-1_sec_02_007633__w0001,normal_21-1_sec_02_007633,0,0,0,0,1,0,1,1,1,0,0,-1.0,0,train,4,0.25
normal_21-1_sec_02_007633__w0002,normal_21-1_sec_02_007633,0,0,0,0,0,0,0,0,0,0,0,-2.0,0,train,4,0.25
normal_21-1_sec_02_007633__w0003,normal_21-1_sec_02_007633,0,0,0,0,0,0,0,0,0,0,0,0.0,0,train,4,0.25
normal_21-1_sec_02_009291__w0000,normal_21-1_sec_02_009291,0,0,0,0,1,0,1,1,1,0,0,0.0,0,train,3,0.3333333333333333
normal_21-1_sec_02_009291__w0001,normal_21-1_sec_02_009291,0,0,0,0,1,0,1,1,1,0,0,0.0,0,train,3,0.3333333333333333
normal_21-1_sec_02_009291__w0002,normal_21-1_sec_02_009291,0,0,0,0,0,0,0,0,0,0,0,-2.0,0,train,3,0.3333333333333333
normal_21-1_sec_02_011345__w0000,normal_21-1_sec_02_011345,0,0,0,0,1,0,1,2,1,0,0,0.0,0,validation,4,0.25
normal_21-1_sec_02_011345__w0001,normal_21-1_sec_02_011345,0,0,0,0,0,0,0,1,0,0,0,-2.0,0,validation,4,0.25
normal_21-1_sec_02_011345__w0002,normal_21-1_sec_02_011345,0,0,0,0,0,0,0,0,0,0,0,-1.0,0,validation,4,0.25
normal_21-1_sec_02_011345__w0003,normal_21-1_sec_02_011345,0,0,0,0,1,0,1,1,1,0,0,2.0,0,validation,4,0.25
normal_21-1_sec_02_014329__w0000,normal_21-1_sec_02_014329,0,0,0,0,1,0,1,2,1,0,0,0.0,0,train,4,0.25
normal_21-1_sec_02_014329__w0001,normal_21-1_sec_02_014329,0,0,0,0,1,0,1,2,1,0,0,0.0,0,train,4,0.25
normal_21-1_sec_02_014329__w0002,normal_21-1_sec_02_014329,0,0,0,0,1,0,1,1,1,0,0,-1.0,0,train,4,0.25
normal_21-1_sec_02_014329__w0003,normal_21-1_sec_02_014329,0,0,0,0,1,0,0,1,0,0,0,-1.0,0,train,4,0.25
normal_21-1_sec_02_014353__w0000,normal_21-1_sec_02_014353,0,0,0,0,1,0,1,1,1,0,0,0.0,0,train,2,0.5
normal_21-1_sec_02_014353__w0001,normal_21-1_sec_02_014353,0,0,0,0,1,0,1,1,1,0,0,0.0,0,train,2,0.5
normal_21-1_sec_03_000623__w0000,normal_21-1_sec_03_000623,0,0,0,0,1,0,0,1,0,0,0,0.0,0,train,4,0.25
normal_21-1_sec_03_000623__w0001,normal_21-1_sec_03_000623,0,0,0,0,1,0,0,1,0,0,0,0.0,0,train,4,0.25
normal_21-1_sec_03_000623__w0002,normal_21-1_sec_03_000623,0,0,0,0,0,0,0,0,0,0,0,-1.0,0,train,4,0.25
normal_21-1_sec_03_000623__w0003,normal_21-1_sec_03_000623,0,0,0,0,0,0,0,0,0,0,0,0.0,0,train,4,0.25
normal_21-1_sec_03_000694__w0000,normal_21-1_sec_03_000694,0,0,0,0,1,1,0,1,1,0,1,0.0,0,validation,8,0.125
normal_21-1_sec_03_000694__w0001,normal_21-1_sec_03_000694,0,0,0,0,0,0,0,0,0,0,0,-2.0,0,validation,8,0.125
normal_21-1_sec_03_000694__w0002,normal_21-1_sec_03_000694,0,0,0,0,0,0,0,0,0,0,0,0.0,0,validation,8,0.125
normal_21-1_sec_03_000694__w0003,normal_21-1_sec_03_000694,0,0,0,0,0,0,0,0,0,0,0,0.0,0,validation,8,0.125
normal_21-1_sec_03_000694__w0004,normal_21-1_sec_03_000694,0,0,0,0,0,0,0,1,1,0,0,2.0,0,validation,8,0.125
normal_21-1_sec_03_000694__w0005,normal_21-1_sec_03_000694,0,0,0,0,0,0,0,1,1,0,0,0.0,0,validation,8,0.125
normal_21-1_sec_03_000694__w0006,normal_21-1_sec_03_000694,0,0,0,0,0,0,0,0,0,0,0,-2.0,0,validation,8,0.125
normal_21-1_sec_03_000694__w0007,normal_21-1_sec_03_000694,0,0,0,0,0,0,0,0,0,0,0,0.0,0,validation,8,0.125
normal_21-1_sec_03_001623__w0000,normal_21-1_sec_03_001623,0,0,0,0,1,0,0,1,0,0,0,0.0,0,train,4,0.25
normal_21-1_sec_03_001623__w0001,normal_21-1_sec_03_001623,0,0,0,0,1,0,1,1,1,0,0,1.0,0,train,4,0.25
normal_21-1_sec_03_001623__w0002,normal_21-1_sec_03_001623,0,0,0,0,1,0,1,1,1,0,0,0.0,0,train,4,0.25
normal_21-1_sec_03_001623__w0003,normal_21-1_sec_03_001623,0,0,0,0,0,0,0,0,0,0,0,-2.0,0,train,4,0.25
normal_21-1_sec_03_001721__w0000,normal_21-1_sec_03_001721,0,0,0,0,0,0,0,1,1,0,0,0.0,0,train,2,0.5
normal_21-1_sec_03_001721__w0001,normal_21-1_sec_03_001721,0,0,0,0,0,0,0,1,1,0,0,0.0,0,train,2,0.5
normal_21-1_sec_03_002250__w0000,normal_21-1_sec_03_002250,0,0,0,0,0,0,0,0,0,0,0,0.0,0,train,3,0.3333333333333333
normal_21-1_sec_03_002250__w0001,normal_21-1_sec_03_002250,0,0,0,0,0,0,0,0,0,0,0,0.0,0,train,3,0.3333333333333333
normal_21-1_sec_03_002250__w0002,normal_21-1_sec_03_002250,0,0,0,0,0,0,0,0,0,0,0,0.0,0,train,3,0.3333333333333333
normal_21-1_sec_03_003260__w0000,normal_21-1_sec_03_003260,0,0,0,0,1,0,1,1,1,0,0,0.0,0,train,2,0.5
normal_21-1_sec_03_003260__w0001,normal_21-1_sec_03_003260,0,0,0,0,1,0,1,1,1,0,0,0.0,0,train,2,0.5
normal_21-1_sec_03_003266__w0000,normal_21-1_sec_03_003266,0,0,0,0,1,1,0,1,1,0,1,0.0,0,train,1,1.0
normal_21-1_sec_03_003693__w0000,normal_21-1_sec_03_003693,0,0,0,0,0,0,0,0,0,0,0,0.0,0,train,1,1.0
normal_21-1_sec_03_005322__w0000,normal_21-1_sec_03_005322,0,0,0,0,1,1,1,2,2,0,1,0.0,0,train,3,0.3333333333333333
normal_21-1_sec_03_005322__w0001,normal_21-1_sec_03_005322,0,0,0,0,1,0,1,1,1,0,0,-2.0,0,train,3,0.3333333333333333
normal_21-1_sec_03_005322__w0002,normal_21-1_sec_03_005322,0,0,0,0,1,0,0,1,0,0,0,-1.0,0,train,3,0.3333333333333333
normal_21-1_sec_03_007353__w0000,normal_21-1_sec_03_007353,0,0,0,0,1,1,1,1,2,0,1,0.0,0,train,3,0.3333333333333333
normal_21-1_sec_03_007353__w0001,normal_21-1_sec_03_007353,0,0,0,0,1,0,1,1,1,0,0,-1.0,0,train,3,0.3333333333333333
normal_21-1_sec_03_007353__w0002,normal_21-1_sec_03_007353,0,0,0,0,0,0,0,0,0,0,0,-2.0,0,train,3,0.3333333333333333
normal_21-1_sec_03_007860__w0000,normal_21-1_sec_03_007860,0,0,0,0,1,0,1,1,1,0,0,0.0,0,train,4,0.25
normal_21-1_sec_03_007860__w0001,normal_21-1_sec_03_007860,0,0,0,0,1,0,1,1,1,0,0,0.0,0,train,4,0.25
normal_21-1_sec_03_007860__w0002,normal_21-1_sec_03_007860,0,0,0,0,0,0,0,1,0,0,0,-1.0,0,train,4,0.25
normal_21-1_sec_03_007860__w0003,normal_21-1_sec_03_007860,0,0,0,0,0,0,0,1,0,0,0,0.0,0,train,4,0.25
normal_21-1_sec_03_007890__w0000,normal_21-1_sec_03_007890,0,0,0,0,0,0,0,0,0,0,0,0.0,0,validation,6,0.16666666666666666
normal_21-1_sec_03_007890__w0001,normal_21-1_sec_03_007890,0,0,0,0,0,0,0,0,0,0,0,0.0,0,validation,6,0.16666666666666666
normal_21-1_sec_03_007890__w0002,normal_21-1_sec_03_007890,0,0,0,0,0,0,0,0,0,0,0,0.0,0,validation,6,0.16666666666666666
normal_21-1_sec_03_007890__w0003,normal_21-1_sec_03_007890,0,0,0,0,1,0,1,1,1,0,0,2.0,0,validation,6,0.16666666666666666
normal_21-1_sec_03_007890__w0004,normal_21-1_sec_03_007890,0,0,0,0,1,0,1,1,1,0,0,0.0,0,validation,6,0.16666666666666666
normal_21-1_sec_03_007890__w0005,normal_21-1_sec_03_007890,0,0,0,0,0,0,0,0,0,0,0,-2.0,0,validation,6,0.16666666666666666
normal_21-1_sec_03_008503__w0000,normal_21-1_sec_03_008503,0,0,0,0,1,1,0,1,1,0,1,0.0,0,train,3,0.3333333333333333
normal_21-1_sec_03_008503__w0001,normal_21-1_sec_03_008503,0,0,0,0,0,0,0,0,0,0,0,-2.0,0,train,3,0.3333333333333333
normal_21-1_sec_03_008503__w0002,normal_21-1_sec_03_008503,0,0,0,0,0,0,0,0,0,0,0,0.0,0,train,3,0.3333333333333333
normal_21-1_sec_03_009066__w0000,normal_21-1_sec_03_009066,0,0,0,0,0,0,0,0,0,0,0,0.0,0,validation,2,0.5
normal_21-1_sec_03_009066__w0001,normal_21-1_sec_03_009066,0,0,0,0,1,0,1,1,1,0,0,2.0,0,validation,2,0.5
normal_21-1_sec_03_011342__w0000,normal_21-1_sec_03_011342,0,0,0,0,0,0,0,0,0,0,0,0.0,0,train,2,0.5
normal_21-1_sec_03_011342__w0001,normal_21-1_sec_03_011342,0,0,0,0,0,0,0,0,0,0,0,0.0,0,train,2,0.5
normal_21-1_sec_03_012027__w0000,normal_21-1_sec_03_012027,0,0,0,0,1,0,1,1,1,0,0,0.0,0,train,6,0.16666666666666666
normal_21-1_sec_03_012027__w0001,normal_21-1_sec_03_012027,0,0,0,0,1,0,1,1,1,0,0,0.0,0,train,6,0.16666666666666666
normal_21-1_sec_03_012027__w0002,normal_21-1_sec_03_012027,0,0,0,0,0,0,0,0,0,0,0,-2.0,0,train,6,0.16666666666666666
normal_21-1_sec_03_012027__w0003,normal_21-1_sec_03_012027,0,0,0,0,0,0,0,0,0,0,0,0.0,0,train,6,0.16666666666666666
normal_21-1_sec_03_012027__w0004,normal_21-1_sec_03_012027,0,0,0,0,0,0,0,0,0,0,0,0.0,0,train,6,0.16666666666666666
normal_21-1_sec_03_012027__w0005,normal_21-1_sec_03_012027,0,0,0,0,0,0,0,0,0,0,0,0.0,0,train,6,0.16666666666666666
normal_21-1_sec_03_013471__w0000,normal_21-1_sec_03_013471,0,0,0,0,0,0,0,0,0,0,0,0.0,0,validation,4,0.25
normal_21-1_sec_03_013471__w0001,normal_21-1_sec_03_013471,0,0,0,0,0,0,0,0,0,0,0,0.0,0,validation,4,0.25
normal_21-1_sec_03_013471__w0002,normal_21-1_sec_03_013471,0,0,0,0,0,0,0,0,0,0,0,0.0,0,validation,4,0.25
normal_21-1_sec_03_013471__w0003,normal_21-1_sec_03_013471,0,0,0,0,0,0,0,0,0,0,0,0.0,0,validation,4,0.25
normal_21-1_sec_03_014029__w0000,normal_21-1_sec_03_014029,0,0,0,0,1,0,1,1,1,0,0,0.0,0,train,3,0.3333333333333333
normal_21-1_sec_03_014029__w0001,normal_21-1_sec_03_014029,0,0,0,0,1,0,1,1,1,0,0,0.0,0,train,3,0.3333333333333333
normal_21-1_sec_03_014029__w0002,normal_21-1_sec_03_014029,0,0,0,0,0,0,0,0,0,0,0,-2.0,0,train,3,0.3333333333333333
normal_21-1_sec_03_014852__w0000,normal_21-1_sec_03_014852,0,0,0,0,0,0,0,0,0,0,0,0.0,0,train,2,0.5
normal_21-1_sec_03_014852__w0001,normal_21-1_sec_03_014852,0,0,0,0,0,0,0,0,0,0,0,0.0,0,train,2,0.5
normal_21-1_sec_03_900325__w0000,normal_21-1_sec_03_900325,0,0,0,0,1,0,0,1,0,0,0,0.0,0,test,2,0.5
normal_21-1_sec_03_900325__w0001,normal_21-1_sec_03_900325,0,0,0,0,1,0,0,1,0,0,0,0.0,0,test,2,0.5
normal_21-1_sec_03_900338__w0000,normal_21-1_sec_03_900338,0,0,0,0,0,0,0,0,0,0,0,0.0,0,train,3,0.3333333333333333
normal_21-1_sec_03_900338__w0001,normal_21-1_sec_03_900338,0,0,0,0,0,0,0,0,0,0,0,0.0,0,train,3,0.3333333333333333
normal_21-1_sec_03_900338__w0002,normal_21-1_sec_03_900338,0,0,0,0,0,0,0,0,0,0,0,0.0,0,train,3,0.3333333333333333
normal_21-1_sec_03_901632__w0000,normal_21-1_sec_03_901632,0,0,0,0,1,0,1,2,1,0,0,0.0,0,validation,1,1.0
normal_21-1_sec_04_001147__w0000,normal_21-1_sec_04_001147,0,1,0,0,1,1,0,2,1,0,1,0.0,0,train,2,0.5
normal_21-1_sec_04_001147__w0001,normal_21-1_sec_04_001147,0,1,0,0,0,0,0,2,0,0,0,-1.0,0,train,2,0.5
normal_21-1_sec_04_001947__w0000,normal_21-1_sec_04_001947,0,0,0,0,0,0,0,0,0,0,0,0.0,0,train,2,0.5
normal_21-1_sec_04_001947__w0001,normal_21-1_sec_04_001947,0,0,0,0,0,0,0,0,0,0,0,0.0,0,train,2,0.5
normal_21-1_sec_04_007905__w0000,normal_21-1_sec_04_007905,0,0,0,0,0,0,0,0,0,0,0,0.0,0,validation,2,0.5
normal_21-1_sec_04_007905__w0001,normal_21-1_sec_04_007905,0,0,0,0,0,0,0,0,0,0,0,0.0,0,validation,2,0.5
normal_21-1_sec_04_008125__w0000,normal_21-1_sec_04_008125,0,0,0,0,1,0,1,1,1,0,0,0.0,0,train,2,0.5
normal_21-1_sec_04_008125__w0001,normal_21-1_sec_04_008125,0,0,0,0,1,0,1,1,1,0,0,0.0,0,train,2,0.5
normal_21-1_sec_04_008466__w0000,normal_21-1_sec_04_008466,0,0,0,0,1,0,1,1,1,0,0,0.0,0,train,2,0.5
normal_21-1_sec_04_008466__w0001,normal_21-1_sec_04_008466,0,0,0,0,1,0,1,1,1,0,0,0.0,0,train,2,0.5
normal_21-1_sec_04_008981__w0000,normal_21-1_sec_04_008981,0,0,0,0,1,0,1,1,1,0,0,0.0,0,train,3,0.3333333333333333
normal_21-1_sec_04_008981__w0001,normal_21-1_sec_04_008981,0,0,0,0,1,0,1,2,2,0,0,2.0,0,train,3,0.3333333333333333
normal_21-1_sec_04_008981__w0002,normal_21-1_sec_04_008981,0,0,0,0,0,0,0,1,1,0,0,-2.0,0,train,3,0.3333333333333333
normal_21-1_sec_04_010040__w0000,normal_21-1_sec_04_010040,0,0,0,0,1,0,1,1,1,0,0,0.0,0,train,3,0.3333333333333333
normal_21-1_sec_04_010040__w0001,normal_21-1_sec_04_010040,0,0,0,0,1,0,1,2,1,0,0,1.0,0,train,3,0.3333333333333333
normal_21-1_sec_04_010040__w0002,normal_21-1_sec_04_010040,0,0,0,0,0,0,0,1,0,0,0,-2.0,0,train,3,0.3333333333333333
normal_21-1_sec_04_010085__w0000,normal_21-1_sec_04_010085,0,0,0,0,0,0,0,0,0,0,0,0.0,0,test,2,0.5
normal_21-1_sec_04_010085__w0001,normal_21-1_sec_04_010085,0,1,0,0,0,0,0,1,0,0,0,1.0,0,test,2,0.5
normal_21-1_sec_04_013322__w0000,normal_21-1_sec_04_013322,0,0,0,0,0,0,0,1,0,0,0,0.0,0,train,2,0.5
normal_21-1_sec_04_013322__w0001,normal_21-1_sec_04_013322,0,0,0,0,0,0,0,1,1,0,0,1.0,0,train,2,0.5
normal_21-1_sec_05_001677__w0000,normal_21-1_sec_05_001677,0,0,0,0,1,0,0,2,0,0,0,0.0,0,train,1,1.0
normal_21-1_sec_05_003046__w0000,normal_21-1_sec_05_003046,0,0,0,0,0,0,0,0,0,0,0,0.0,0,train,6,0.16666666666666666
normal_21-1_sec_05_003046__w0001,normal_21-1_sec_05_003046,0,0,0,0,0,0,0,0,0,0,0,0.0,0,train,6,0.16666666666666666
normal_21-1_sec_05_003046__w0002,normal_21-1_sec_05_003046,0,0,0,0,0,0,0,0,0,0,0,0.0,0,train,6,0.16666666666666666
normal_21-1_sec_05_003046__w0003,normal_21-1_sec_05_003046,0,0,0,0,0,0,0,0,0,0,0,0.0,0,train,6,0.16666666666666666
normal_21-1_sec_05_003046__w0004,normal_21-1_sec_05_003046,0,0,0,0,0,0,0,0,0,0,0,0.0,0,train,6,0.16666666666666666
normal_21-1_sec_05_003046__w0005,normal_21-1_sec_05_003046,0,0,0,0,0,0,0,0,0,0,0,0.0,0,train,6,0.16666666666666666
normal_21-1_sec_05_003229__w0000,normal_21-1_sec_05_003229,0,0,0,0,0,0,0,1,0,0,0,0.0,0,train,2,0.5
normal_21-1_sec_05_003229__w0001,normal_21-1_sec_05_003229,0,0,0,0,0,0,0,0,0,0,0,-1.0,0,train,2,0.5
normal_21-1_sec_05_003779__w0000,normal_21-1_sec_05_003779,0,0,0,0,0,0,0,0,0,0,0,0.0,0,validation,3,0.3333333333333333
normal_21-1_sec_05_003779__w0001,normal_21-1_sec_05_003779,0,0,0,0,1,0,0,1,0,0,0,1.0,0,validation,3,0.3333333333333333
normal_21-1_sec_05_003779__w0002,normal_21-1_sec_05_003779,0,0,0,0,1,0,0,1,0,0,0,0.0,0,validation,3,0.3333333333333333
normal_21-1_sec_05_004002__w0000,normal_21-1_sec_05_004002,0,1,0,0,0,0,0,1,0,0,0,0.0,0,train,2,0.5
normal_21-1_sec_05_004002__w0001,normal_21-1_sec_05_004002,0,0,0,0,0,0,0,0,0,0,0,-1.0,0,train,2,0.5
normal_21-1_sec_05_004971__w0000,normal_21-1_sec_05_004971,0,0,0,0,0,0,0,0,0,0,0,0.0,0,train,3,0.3333333333333333
normal_21-1_sec_05_004971__w0001,normal_21-1_sec_05_004971,0,0,0,0,0,0,0,0,0,0,0,0.0,0,train,3,0.3333333333333333
normal_21-1_sec_05_004971__w0002,normal_21-1_sec_05_004971,0,0,0,0,0,0,0,0,0,0,0,0.0,0,train,3,0.3333333333333333
normal_21-1_sec_05_005343__w0000,normal_21-1_sec_05_005343,0,0,0,0,1,1,0,2,1,0,1,0.0,0,train,7,0.14285714285714285
normal_21-1_sec_05_005343__w0001,normal_21-1_sec_05_005343,0,0,0,0,1,1,0,1,1,0,1,-1.0,0,train,7,0.14285714285714285
normal_21-1_sec_05_005343__w0002,normal_21-1_sec_05_005343,0,0,0,0,1,1,0,1,1,0,1,0.0,0,train,7,0.14285714285714285
normal_21-1_sec_05_005343__w0003,normal_21-1_sec_05_005343,0,0,0,0,0,0,0,0,0,0,0,-2.0,0,train,7,0.14285714285714285
normal_21-1_sec_05_005343__w0004,normal_21-1_sec_05_005343,0,0,0,0,0,0,0,0,0,0,0,0.0,0,train,7,0.14285714285714285
normal_21-1_sec_05_005343__w0005,normal_21-1_sec_05_005343,0,0,0,0,0,0,0,0,0,0,0,0.0,0,train,7,0.14285714285714285
normal_21-1_sec_05_005343__w0006,normal_21-1_sec_05_005343,0,0,0,0,0,0,0,0,0,0,0,0.0,0,train,7,0.14285714285714285
normal_21-1_sec_05_006447__w0000,normal_21-1_sec_05_006447,0,0,0,0,1,0,1,3,1,0,0,0.0,0,train,2,0.5
normal_21-1_sec_05_006447__w0001,normal_21-1_sec_05_006447,0,0,0,0,1,0,1,3,1,0,0,0.0,0,train,2,0.5
normal_21-1_sec_05_006805__w0000,normal_21-1_sec_05_006805,0,0,0,0,0,0,0,1,1,0,0,0.0,0,validation,1,1.0
normal_21-1_sec_05_007374__w0000,normal_21-1_sec_05_007374,0,0,0,0,1,0,1,1,1,0,0,0.0,0,train,2,0.5
normal_21-1_sec_05_007374__w0001,normal_21-1_sec_05_007374,0,0,0,0,0,0,0,0,0,0,0,-2.0,0,train,2,0.5
normal_21-1_sec_05_008252__w0000,normal_21-1_sec_05_008252,0,0,0,0,1,0,0,1,0,0,0,0.0,0,validation,5,0.2
normal_21-1_sec_05_008252__w0001,normal_21-1_sec_05_008252,0,0,0,0,1,0,0,1,0,0,0,0.0,0,validation,5,0.2
normal_21-1_sec_05_008252__w0002,normal_21-1_sec_05_008252,0,0,0,0,1,0,1,1,1,0,0,1.0,0,validation,5,0.2
normal_21-1_sec_05_008252__w0003,normal_21-1_sec_05_008252,0,0,0,0,1,0,1,1,1,0,0,0.0,0,validation,5,0.2
normal_21-1_sec_05_008252__w0004,normal_21-1_sec_05_008252,0,0,0,0,0,0,0,0,0,0,0,-2.0,0,validation,5,0.2
normal_21-1_sec_05_008472__w0000,normal_21-1_sec_05_008472,0,0,0,0,0,0,0,0,0,0,0,0.0,0,train,3,0.3333333333333333
normal_21-1_sec_05_008472__w0001,normal_21-1_sec_05_008472,0,0,0,0,0,0,0,0,0,0,0,0.0,0,train,3,0.3333333333333333
normal_21-1_sec_05_008472__w0002,normal_21-1_sec_05_008472,0,0,0,0,0,0,0,0,0,0,0,0.0,0,train,3,0.3333333333333333
normal_21-1_sec_05_008810__w0000,normal_21-1_sec_05_008810,0,0,0,0,1,0,0,1,0,0,0,0.0,0,test,3,0.3333333333333333
normal_21-1_sec_05_008810__w0001,normal_21-1_sec_05_008810,0,0,0,0,1,0,0,1,0,0,0,0.0,0,test,3,0.3333333333333333
normal_21-1_sec_05_008810__w0002,normal_21-1_sec_05_008810,0,0,0,0,0,0,0,0,0,0,0,-1.0,0,test,3,0.3333333333333333
normal_21-1_sec_05_008923__w0000,normal_21-1_sec_05_008923,0,0,0,0,0,0,0,0,0,0,0,0.0,0,train,6,0.16666666666666666
normal_21-1_sec_05_008923__w0001,normal_21-1_sec_05_008923,0,0,0,0,1,0,1,1,1,0,0,2.0,0,train,6,0.16666666666666666
normal_21-1_sec_05_008923__w0002,normal_21-1_sec_05_008923,0,0,0,0,1,0,1,1,1,0,0,0.0,0,train,6,0.16666666666666666
normal_21-1_sec_05_008923__w0003,normal_21-1_sec_05_008923,0,0,0,0,0,0,0,0,0,0,0,-2.0,0,train,6,0.16666666666666666
normal_21-1_sec_05_008923__w0004,normal_21-1_sec_05_008923,0,0,0,0,0,0,0,0,0,0,0,0.0,0,train,6,0.16666666666666666
normal_21-1_sec_05_008923__w0005,normal_21-1_sec_05_008923,0,0,0,0,0,0,0,0,0,0,0,0.0,0,train,6,0.16666666666666666
normal_21-1_sec_05_009044__w0000,normal_21-1_sec_05_009044,0,0,0,0,0,0,0,0,0,0,0,0.0,0,train,2,0.5
normal_21-1_sec_05_009044__w0001,normal_21-1_sec_05_009044,0,0,0,0,0,0,0,0,0,0,0,0.0,0,train,2,0.5
normal_21-1_sec_05_009984__w0000,normal_21-1_sec_05_009984,0,0,0,0,1,0,1,1,1,0,0,0.0,0,train,1,1.0
normal_21-1_sec_05_010675__w0000,normal_21-1_sec_05_010675,0,0,0,0,0,0,0,0,0,0,0,0.0,0,train,1,1.0
normal_21-1_sec_05_011884__w0000,normal_21-1_sec_05_011884,0,0,0,0,1,1,0,1,1,0,1,0.0,0,test,4,0.25
normal_21-1_sec_05_011884__w0001,normal_21-1_sec_05_011884,1,0,0,0,0,0,0,1,0,0,0,-1.0,0,test,4,0.25
normal_21-1_sec_05_011884__w0002,normal_21-1_sec_05_011884,1,0,0,0,0,0,0,1,0,0,0,0.0,0,test,4,0.25
normal_21-1_sec_05_011884__w0003,normal_21-1_sec_05_011884,0,0,0,0,0,0,0,0,0,0,0,-1.0,0,test,4,0.25
normal_21-1_sec_05_014050__w0000,normal_21-1_sec_05_014050,0,0,0,0,1,0,1,1,1,0,0,0.0,0,train,2,0.5
normal_21-1_sec_05_014050__w0001,normal_21-1_sec_05_014050,0,0,0,0,1,0,1,1,1,0,0,0.0,0,train,2,0.5
normal_21-1_sec_06_000417__w0000,normal_21-1_sec_06_000417,0,0,0,0,1,0,0,1,0,0,0,0.0,0,train,3,0.3333333333333333
normal_21-1_sec_06_000417__w0001,normal_21-1_sec_06_000417,0,0,0,0,1,0,0,1,0,0,0,0.0,0,train,3,0.3333333333333333
normal_21-1_sec_06_000417__w0002,normal_21-1_sec_06_000417,0,0,0,0,0,0,0,0,0,0,0,-1.0,0,train,3,0.3333333333333333
normal_21-1_sec_06_000420__w0000,normal_21-1_sec_06_000420,0,0,0,0,1,1,1,1,2,0,1,0.0,0,train,4,0.25
normal_21-1_sec_06_000420__w0001,normal_21-1_sec_06_000420,0,0,0,0,1,0,1,1,1,0,0,-1.0,0,train,4,0.25
normal_21-1_sec_06_000420__w0002,normal_21-1_sec_06_000420,0,0,0,0,0,0,0,0,0,0,0,-2.0,0,train,4,0.25
normal_21-1_sec_06_000420__w0003,normal_21-1_sec_06_000420,0,0,0,0,0,0,0,0,0,0,0,0.0,0,train,4,0.25
normal_21-1_sec_06_001003__w0000,normal_21-1_sec_06_001003,0,0,0,0,1,0,1,1,1,0,0,0.0,0,test,3,0.3333333333333333
normal_21-1_sec_06_001003__w0001,normal_21-1_sec_06_001003,0,0,0,0,1,0,1,1,1,0,0,0.0,0,test,3,0.3333333333333333
normal_21-1_sec_06_001003__w0002,normal_21-1_sec_06_001003,0,0,0,0,1,0,1,1,1,0,0,0.0,0,test,3,0.3333333333333333
normal_21-1_sec_06_001184__w0000,normal_21-1_sec_06_001184,0,0,0,0,1,1,0,1,1,0,1,0.0,0,test,5,0.2
normal_21-1_sec_06_001184__w0001,normal_21-1_sec_06_001184,0,0,0,0,1,1,0,1,1,0,1,0.0,0,test,5,0.2
normal_21-1_sec_06_001184__w0002,normal_21-1_sec_06_001184,0,0,0,0,1,0,1,1,1,0,0,0.0,0,test,5,0.2
normal_21-1_sec_06_001184__w0003,normal_21-1_sec_06_001184,0,0,0,0,1,0,1,1,1,0,0,0.0,0,test,5,0.2
normal_21-1_sec_06_001184__w0004,normal_21-1_sec_06_001184,0,0,0,0,0,0,0,0,0,0,0,-2.0,0,test,5,0.2
normal_21-1_sec_06_002427__w0000,normal_21-1_sec_06_002427,0,0,0,0,1,0,1,1,1,0,0,0.0,0,train,2,0.5
normal_21-1_sec_06_002427__w0001,normal_21-1_sec_06_002427,0,0,0,0,0,0,0,0,0,0,0,-2.0,0,train,2,0.5
normal_21-1_sec_06_002508__w0000,normal_21-1_sec_06_002508,0,0,0,0,0,0,0,0,0,0,0,0.0,0,train,1,1.0
normal_21-1_sec_06_002739__w0000,normal_21-1_sec_06_002739,0,0,0,0,0,0,0,0,0,0,0,0.0,0,train,7,0.14285714285714285
normal_21-1_sec_06_002739__w0001,normal_21-1_sec_06_002739,0,0,0,0,0,0,0,0,0,0,0,0.0,0,train,7,0.14285714285714285
normal_21-1_sec_06_002739__w0002,normal_21-1_sec_06_002739,0,0,0,0,0,0,0,0,0,0,0,0.0,0,train,7,0.14285714285714285
normal_21-1_sec_06_002739__w0003,normal_21-1_sec_06_002739,0,0,0,0,0,0,0,0,0,0,0,0.0,0,train,7,0.14285714285714285
normal_21-1_sec_06_002739__w0004,normal_21-1_sec_06_002739,0,0,0,0,1,1,0,1,1,0,1,2.0,0,train,7,0.14285714285714285
normal_21-1_sec_06_002739__w0005,normal_21-1_sec_06_002739,0,0,0,0,1,1,1,1,2,0,1,1.0,0,train,7,0.14285714285714285
normal_21-1_sec_06_002739__w0006,normal_21-1_sec_06_002739,0,0,0,0,1,0,1,1,1,0,0,-1.0,0,train,7,0.14285714285714285
normal_21-1_sec_06_008765__w0000,normal_21-1_sec_06_008765,0,0,0,0,0,0,0,0,0,0,0,0.0,0,train,7,0.14285714285714285
normal_21-1_sec_06_008765__w0001,normal_21-1_sec_06_008765,0,0,0,0,0,0,0,0,0,0,0,0.0,0,train,7,0.14285714285714285
normal_21-1_sec_06_008765__w0002,normal_21-1_sec_06_008765,0,0,0,0,1,0,1,1,1,0,0,2.0,0,train,7,0.14285714285714285
normal_21-1_sec_06_008765__w0003,normal_21-1_sec_06_008765,0,0,0,0,1,0,1,1,1,0,0,0.0,0,train,7,0.14285714285714285
normal_21-1_sec_06_008765__w0004,normal_21-1_sec_06_008765,0,0,0,0,0,0,0,0,0,0,0,-2.0,0,train,7,0.14285714285714285
normal_21-1_sec_06_008765__w0005,normal_21-1_sec_06_008765,0,0,0,0,0,0,0,0,0,0,0,0.0,0,train,7,0.14285714285714285
normal_21-1_sec_06_008765__w0006,normal_21-1_sec_06_008765,0,0,0,0,0,0,0,0,0,0,0,0.0,0,train,7,0.14285714285714285
normal_21-1_sec_06_009465__w0000,normal_21-1_sec_06_009465,0,0,0,0,1,0,1,1,1,0,0,0.0,0,validation,2,0.5
normal_21-1_sec_06_009465__w0001,normal_21-1_sec_06_009465,0,0,0,0,1,0,1,1,1,0,0,0.0,0,validation,2,0.5
normal_21-1_sec_06_010030__w0000,normal_21-1_sec_06_010030,0,0,0,0,1,0,1,1,1,0,0,0.0,0,validation,4,0.25
normal_21-1_sec_06_010030__w0001,normal_21-1_sec_06_010030,0,0,0,0,1,0,1,1,1,0,0,0.0,0,validation,4,0.25
normal_21-1_sec_06_010030__w0002,normal_21-1_sec_06_010030,0,0,0,0,0,0,0,0,0,0,0,-2.0,0,validation,4,0.25
normal_21-1_sec_06_010030__w0003,normal_21-1_sec_06_010030,0,0,0,0,0,0,0,0,0,0,0,0.0,0,validation,4,0.25
normal_21-1_sec_06_010175__w0000,normal_21-1_sec_06_010175,0,0,0,0,1,0,1,1,1,0,0,0.0,0,train,3,0.3333333333333333
normal_21-1_sec_06_010175__w0001,normal_21-1_sec_06_010175,0,0,0,0,1,0,1,1,1,0,0,0.0,0,train,3,0.3333333333333333
normal_21-1_sec_06_010175__w0002,normal_21-1_sec_06_010175,0,0,0,0,0,0,0,0,0,0,0,-2.0,0,train,3,0.3333333333333333
normal_21-1_sec_06_010679__w0000,normal_21-1_sec_06_010679,0,0,0,0,1,1,0,1,1,0,1,0.0,0,train,2,0.5
normal_21-1_sec_06_010679__w0001,normal_21-1_sec_06_010679,0,0,0,0,0,0,0,0,0,0,0,-2.0,0,train,2,0.5
normal_21-1_sec_06_012165__w0000,normal_21-1_sec_06_012165,0,0,0,0,1,1,0,1,1,0,1,0.0,0,train,4,0.25
normal_21-1_sec_06_012165__w0001,normal_21-1_sec_06_012165,0,0,0,0,1,1,1,1,2,0,1,1.0,0,train,4,0.25
normal_21-1_sec_06_012165__w0002,normal_21-1_sec_06_012165,0,0,0,0,1,0,1,2,1,0,0,0.0,0,train,4,0.25
normal_21-1_sec_06_012165__w0003,normal_21-1_sec_06_012165,0,0,0,0,0,0,0,1,0,0,0,-2.0,0,train,4,0.25
normal_21-1_sec_06_012200__w0000,normal_21-1_sec_06_012200,0,0,0,0,0,0,0,0,0,0,0,0.0,0,validation,1,1.0
normal_21-1_sec_06_012997__w0000,normal_21-1_sec_06_012997,0,0,0,0,1,0,1,1,1,0,0,0.0,0,train,1,1.0
normal_21-1_sec_06_900428__w0000,normal_21-1_sec_06_900428,0,0,0,0,0,0,0,0,0,0,0,0.0,0,test,3,0.3333333333333333
normal_21-1_sec_06_900428__w0001,normal_21-1_sec_06_900428,0,0,0,0,0,0,0,0,0,0,0,0.0,0,test,3,0.3333333333333333
normal_21-1_sec_06_900428__w0002,normal_21-1_sec_06_900428,0,0,0,0,0,0,0,0,0,0,0,0.0,0,test,3,0.3333333333333333
normal_21-1_sec_06_900958__w0000,normal_21-1_sec_06_900958,0,0,0,0,1,1,1,2,3,0,1,0.0,0,train,5,0.2
normal_21-1_sec_06_900958__w0001,normal_21-1_sec_06_900958,0,0,0,0,1,0,1,1,1,0,0,-3.0,0,train,5,0.2
normal_21-1_sec_06_900958__w0002,normal_21-1_sec_06_900958,0,0,0,0,1,0,0,2,0,0,0,0.0,0,train,5,0.2
normal_21-1_sec_06_900958__w0003,normal_21-1_sec_06_900958,0,0,0,0,0,0,0,1,0,0,0,-1.0,0,train,5,0.2
normal_21-1_sec_06_900958__w0004,normal_21-1_sec_06_900958,0,0,0,0,0,0,0,0,0,0,0,-1.0,0,train,5,0.2
normal_21-1_sec_07_002005__w0000,normal_21-1_sec_07_002005,0,0,0,0,1,0,1,1,1,0,0,0.0,0,train,2,0.5
normal_21-1_sec_07_002005__w0001,normal_21-1_sec_07_002005,0,0,0,0,1,0,1,1,1,0,0,0.0,0,train,2,0.5
normal_21-1_sec_07_003435__w0000,normal_21-1_sec_07_003435,0,0,0,0,1,1,1,1,2,0,1,0.0,0,validation,4,0.25
normal_21-1_sec_07_003435__w0001,normal_21-1_sec_07_003435,0,0,0,0,1,0,1,1,1,0,0,-1.0,0,validation,4,0.25
normal_21-1_sec_07_003435__w0002,normal_21-1_sec_07_003435,0,0,0,0,0,0,0,0,0,0,0,-2.0,0,validation,4,0.25
normal_21-1_sec_07_003435__w0003,normal_21-1_sec_07_003435,0,0,0,0,0,0,0,0,0,0,0,0.0,0,validation,4,0.25
normal_21-1_sec_07_003679__w0000,normal_21-1_sec_07_003679,0,0,0,0,0,0,0,0,0,0,0,0.0,0,test,2,0.5
normal_21-1_sec_07_003679__w0001,normal_21-1_sec_07_003679,0,0,0,0,0,0,0,0,0,0,0,0.0,0,test,2,0.5
normal_21-1_sec_07_004566__w0000,normal_21-1_sec_07_004566,0,0,0,0,1,0,1,1,1,0,0,0.0,0,train,3,0.3333333333333333
normal_21-1_sec_07_004566__w0001,normal_21-1_sec_07_004566,0,0,0,0,1,0,1,1,1,0,0,0.0,0,train,3,0.3333333333333333
normal_21-1_sec_07_004566__w0002,normal_21-1_sec_07_004566,0,0,0,0,0,0,0,0,0,0,0,-2.0,0,train,3,0.3333333333333333
normal_21-1_sec_07_009186__w0000,normal_21-1_sec_07_009186,0,0,0,0,1,0,1,1,1,0,0,0.0,0,test,1,1.0
normal_21-1_sec_07_012459__w0000,normal_21-1_sec_07_012459,0,0,0,0,1,0,1,1,1,0,0,0.0,0,train,3,0.3333333333333333
normal_21-1_sec_07_012459__w0001,normal_21-1_sec_07_012459,0,0,0,0,0,0,0,0,0,0,0,-2.0,0,train,3,0.3333333333333333
normal_21-1_sec_07_012459__w0002,normal_21-1_sec_07_012459,0,0,0,0,0,0,0,0,0,0,0,0.0,0,train,3,0.3333333333333333
normal_21-1_sec_07_014341__w0000,normal_21-1_sec_07_014341,0,0,0,0,0,0,0,0,0,0,0,0.0,0,train,7,0.14285714285714285
normal_21-1_sec_07_014341__w0001,normal_21-1_sec_07_014341,0,0,0,0,1,1,0,1,1,0,1,2.0,0,train,7,0.14285714285714285
normal_21-1_sec_07_014341__w0002,normal_21-1_sec_07_014341,0,0,0,0,1,1,1,1,2,0,1,1.0,0,train,7,0.14285714285714285
normal_21-1_sec_07_014341__w0003,normal_21-1_sec_07_014341,0,0,0,0,1,0,1,1,1,0,0,-1.0,0,train,7,0.14285714285714285
normal_21-1_sec_07_014341__w0004,normal_21-1_sec_07_014341,0,0,0,0,0,0,0,0,0,0,0,-2.0,0,train,7,0.14285714285714285
normal_21-1_sec_07_014341__w0005,normal_21-1_sec_07_014341,0,0,0,0,1,1,0,1,1,0,1,2.0,0,train,7,0.14285714285714285
normal_21-1_sec_07_014341__w0006,normal_21-1_sec_07_014341,0,0,0,0,1,1,0,1,1,0,1,0.0,0,train,7,0.14285714285714285
normal_21-1_sec_07_014630__w0000,normal_21-1_sec_07_014630,0,0,0,0,1,0,1,1,1,0,0,0.0,0,test,4,0.25
normal_21-1_sec_07_014630__w0001,normal_21-1_sec_07_014630,0,0,0,0,1,0,1,1,1,0,0,0.0,0,test,4,0.25
normal_21-1_sec_07_014630__w0002,normal_21-1_sec_07_014630,0,0,0,0,0,0,0,0,0,0,0,-2.0,0,test,4,0.25
normal_21-1_sec_07_014630__w0003,normal_21-1_sec_07_014630,0,0,0,0,0,0,0,0,0,0,0,0.0,0,test,4,0.25
normal_21-1_sec_08_001280__w0000,normal_21-1_sec_08_001280,0,0,0,0,0,0,0,0,0,0,0,0.0,0,train,4,0.25
normal_21-1_sec_08_001280__w0001,normal_21-1_sec_08_001280,0,0,0,0,0,0,0,0,0,0,0,0.0,0,train,4,0.25
normal_21-1_sec_08_001280__w0002,normal_21-1_sec_08_001280,0,0,0,0,0,0,0,0,0,0,0,0.0,0,train,4,0.25
normal_21-1_sec_08_001280__w0003,normal_21-1_sec_08_001280,0,0,0,0,0,0,0,0,0,0,0,0.0,0,train,4,0.25
normal_21-1_sec_08_001669__w0000,normal_21-1_sec_08_001669,0,0,0,0,0,0,0,0,0,0,0,0.0,0,train,2,0.5
normal_21-1_sec_08_001669__w0001,normal_21-1_sec_08_001669,0,0,0,0,0,0,0,0,0,0,0,0.0,0,train,2,0.5
normal_21-1_sec_08_006085__w0000,normal_21-1_sec_08_006085,0,0,0,0,1,1,1,2,2,0,1,0.0,0,train,7,0.14285714285714285
normal_21-1_sec_08_006085__w0001,normal_21-1_sec_08_006085,0,0,0,0,1,0,1,2,1,0,0,-1.0,0,train,7,0.14285714285714285
normal_21-1_sec_08_006085__w0002,normal_21-1_sec_08_006085,0,0,0,0,0,0,0,0,0,0,0,-3.0,0,train,7,0.14285714285714285
normal_21-1_sec_08_006085__w0003,normal_21-1_sec_08_006085,0,0,0,0,0,0,0,0,0,0,0,0.0,0,train,7,0.14285714285714285
normal_21-1_sec_08_006085__w0004,normal_21-1_sec_08_006085,0,0,0,0,0,0,0,0,0,0,0,0.0,0,train,7,0.14285714285714285
normal_21-1_sec_08_006085__w0005,normal_21-1_sec_08_006085,0,0,0,0,0,0,0,0,0,0,0,0.0,0,train,7,0.14285714285714285
normal_21-1_sec_08_006085__w0006,normal_21-1_sec_08_006085,0,0,0,0,0,0,0,0,0,0,0,0.0,0,train,7,0.14285714285714285
normal_21-1_sec_08_011906__w0000,normal_21-1_sec_08_011906,0,0,0,0,0,0,0,1,0,0,0,0.0,0,train,1,1.0
normal_21-1_sec_08_013338__w0000,normal_21-1_sec_08_013338,0,0,0,0,0,0,0,0,0,0,0,0.0,0,validation,5,0.2
normal_21-1_sec_08_013338__w0001,normal_21-1_sec_08_013338,0,0,0,0,0,0,0,0,0,0,0,0.0,0,validation,5,0.2
normal_21-1_sec_08_013338__w0002,normal_21-1_sec_08_013338,0,0,0,0,0,0,0,0,0,0,0,0.0,0,validation,5,0.2
normal_21-1_sec_08_013338__w0003,normal_21-1_sec_08_013338,0,0,0,0,0,0,0,0,0,0,0,0.0,0,validation,5,0.2
normal_21-1_sec_08_013338__w0004,normal_21-1_sec_08_013338,0,0,0,0,0,0,0,0,0,0,0,0.0,0,validation,5,0.2
vp_130761_case_001__w0000,vp_130761_case_001,1,0,0,0,0,0,0,1,0,0,0,0.0,1,train,12,0.08333333333333333
vp_130761_case_001__w0001,vp_130761_case_001,1,0,0,0,0,0,0,1,0,0,0,0.0,1,train,12,0.08333333333333333
vp_130761_case_001__w0002,vp_130761_case_001,0,0,0,0,0,0,0,0,0,0,0,-1.0,1,train,12,0.08333333333333333
vp_130761_case_001__w0003,vp_130761_case_001,0,0,0,0,0,0,0,0,0,0,0,0.0,1,train,12,0.08333333333333333
vp_130761_case_001__w0004,vp_130761_case_001,0,0,0,0,0,0,0,0,0,0,0,0.0,1,train,12,0.08333333333333333
vp_130761_case_001__w0005,vp_130761_case_001,0,0,0,0,0,0,0,0,0,0,0,0.0,1,train,12,0.08333333333333333
vp_130761_case_001__w0006,vp_130761_case_001,1,0,0,0,0,0,0,1,0,0,0,1.0,1,train,12,0.08333333333333333
vp_130761_case_001__w0007,vp_130761_case_001,1,0,0,0,0,0,0,1,0,0,0,0.0,1,train,12,0.08333333333333333
vp_130761_case_001__w0008,vp_130761_case_001,0,0,0,0,0,0,0,0,0,0,0,-1.0,1,train,12,0.08333333333333333
vp_130761_case_001__w0009,vp_130761_case_001,0,0,0,0,0,0,0,0,0,0,0,0.0,1,train,12,0.08333333333333333
vp_130761_case_001__w0010,vp_130761_case_001,0,0,0,0,0,0,0,0,0,0,0,0.0,1,train,12,0.08333333333333333
vp_130761_case_001__w0011,vp_130761_case_001,0,0,0,0,0,0,0,0,0,0,0,0.0,1,train,12,0.08333333333333333
vp_130762_case_001__w0000,vp_130762_case_001,1,0,0,0,0,0,0,1,0,0,0,0.0,1,train,5,0.2
vp_130762_case_001__w0001,vp_130762_case_001,1,0,0,0,0,0,0,1,0,0,0,0.0,1,train,5,0.2
vp_130762_case_001__w0002,vp_130762_case_001,0,0,0,0,0,0,0,0,0,0,0,-1.0,1,train,5,0.2
vp_130762_case_001__w0003,vp_130762_case_001,0,0,0,0,0,0,0,0,0,0,0,0.0,1,train,5,0.2
vp_130762_case_001__w0004,vp_130762_case_001,0,0,0,0,0,0,0,0,0,0,0,0.0,1,train,5,0.2
vp_130762_case_002__w0000,vp_130762_case_002,0,1,0,0,0,0,0,1,0,0,0,0.0,1,train,4,0.25
vp_130762_case_002__w0001,vp_130762_case_002,1,1,1,0,0,0,0,3,0,1,0,3.0,1,train,4,0.25
vp_130762_case_002__w0002,vp_130762_case_002,1,1,1,0,0,0,0,3,0,1,0,0.0,1,train,4,0.25
vp_130762_case_002__w0003,vp_130762_case_002,0,0,0,0,0,0,0,0,0,0,0,-4.0,1,train,4,0.25
vp_130764_case_001__w0000,vp_130764_case_001,1,0,0,0,0,0,0,1,0,0,0,0.0,1,train,6,0.16666666666666666
vp_130764_case_001__w0001,vp_130764_case_001,0,0,0,0,0,0,0,0,0,0,0,-1.0,1,train,6,0.16666666666666666
vp_130764_case_001__w0002,vp_130764_case_001,0,0,0,0,0,0,0,0,0,0,0,0.0,1,train,6,0.16666666666666666
vp_130764_case_001__w0003,vp_130764_case_001,0,0,0,0,0,0,0,0,0,0,0,0.0,1,train,6,0.16666666666666666
vp_130764_case_001__w0004,vp_130764_case_001,0,0,0,0,0,0,0,0,0,0,0,0.0,1,train,6,0.16666666666666666
vp_130764_case_001__w0005,vp_130764_case_001,0,0,0,0,0,0,0,0,0,0,0,0.0,1,train,6,0.16666666666666666
vp_130766_case_001__w0000,vp_130766_case_001,0,1,0,0,0,0,0,1,0,0,0,0.0,1,train,4,0.25
vp_130766_case_001__w0001,vp_130766_case_001,0,0,0,0,0,0,0,0,0,0,0,-1.0,1,train,4,0.25
vp_130766_case_001__w0002,vp_130766_case_001,0,0,0,0,0,0,0,1,0,0,0,1.0,1,train,4,0.25
vp_130766_case_001__w0003,vp_130766_case_001,0,1,0,0,0,0,0,2,0,0,0,1.0,1,train,4,0.25
vp_130767_case_001__w0000,vp_130767_case_001,0,0,0,0,0,0,0,0,0,0,0,0.0,1,train,10,0.1
vp_130767_case_001__w0001,vp_130767_case_001,0,0,0,0,0,0,0,0,0,0,0,0.0,1,train,10,0.1
vp_130767_case_001__w0002,vp_130767_case_001,0,0,0,0,0,0,0,0,0,0,0,0.0,1,train,10,0.1
vp_130767_case_001__w0003,vp_130767_case_001,1,1,0,0,0,0,0,2,0,0,0,2.0,1,train,10,0.1
vp_130767_case_001__w0004,vp_130767_case_001,1,1,0,0,0,0,0,2,0,0,0,0.0,1,train,10,0.1
vp_130767_case_001__w0005,vp_130767_case_001,0,0,0,0,0,0,0,0,0,0,0,-2.0,1,train,10,0.1
vp_130767_case_001__w0006,vp_130767_case_001,0,0,0,0,0,0,0,0,0,0,0,0.0,1,train,10,0.1
vp_130767_case_001__w0007,vp_130767_case_001,0,0,0,0,0,0,0,0,0,0,0,0.0,1,train,10,0.1
vp_130767_case_001__w0008,vp_130767_case_001,0,0,0,0,0,0,0,0,0,0,0,0.0,1,train,10,0.1
vp_130767_case_001__w0009,vp_130767_case_001,0,0,0,0,0,0,0,0,0,0,0,0.0,1,train,10,0.1
vp_130767_case_002__w0000,vp_130767_case_002,0,0,0,0,0,0,0,0,0,0,0,0.0,1,train,1,1.0
vp_130768_case_001__w0000,vp_130768_case_001,1,1,1,0,0,0,0,2,0,1,0,0.0,1,validation,12,0.08333333333333333
vp_130768_case_001__w0001,vp_130768_case_001,1,0,0,0,0,0,0,1,0,0,0,-2.0,1,validation,12,0.08333333333333333
vp_130768_case_001__w0002,vp_130768_case_001,1,1,0,0,0,0,0,2,0,0,0,1.0,1,validation,12,0.08333333333333333
vp_130768_case_001__w0003,vp_130768_case_001,0,1,0,0,0,0,0,2,0,0,0,0.0,1,validation,12,0.08333333333333333
vp_130768_case_001__w0004,vp_130768_case_001,0,0,0,0,0,0,0,1,0,0,0,-1.0,1,validation,12,0.08333333333333333
vp_130768_case_001__w0005,vp_130768_case_001,0,1,0,0,0,0,0,1,0,0,0,0.0,1,validation,12,0.08333333333333333
vp_130768_case_001__w0006,vp_130768_case_001,0,1,0,0,0,0,0,1,0,0,0,0.0,1,validation,12,0.08333333333333333
vp_130768_case_001__w0007,vp_130768_case_001,0,1,0,0,0,0,0,1,0,0,0,0.0,1,validation,12,0.08333333333333333
vp_130768_case_001__w0008,vp_130768_case_001,0,1,0,0,0,0,0,1,0,0,0,0.0,1,validation,12,0.08333333333333333
vp_130768_case_001__w0009,vp_130768_case_001,0,1,0,0,0,0,0,1,0,0,0,0.0,1,validation,12,0.08333333333333333
vp_130768_case_001__w0010,vp_130768_case_001,0,0,0,0,0,0,0,0,0,0,0,-1.0,1,validation,12,0.08333333333333333
vp_130768_case_001__w0011,vp_130768_case_001,0,0,0,0,0,0,0,0,0,0,0,0.0,1,validation,12,0.08333333333333333
vp_130778_case_001__w0000,vp_130778_case_001,1,0,0,0,0,0,0,1,0,0,0,0.0,1,train,4,0.25
vp_130778_case_001__w0001,vp_130778_case_001,1,0,0,0,0,0,0,1,0,0,0,0.0,1,train,4,0.25
vp_130778_case_001__w0002,vp_130778_case_001,1,0,0,0,0,0,0,1,0,0,0,0.0,1,train,4,0.25
vp_130778_case_001__w0003,vp_130778_case_001,1,0,1,0,0,0,0,1,0,1,0,1.0,1,train,4,0.25
vp_130780_case_001__w0000,vp_130780_case_001,0,0,0,0,0,0,0,0,0,0,0,0.0,1,train,19,0.05263157894736842
vp_130780_case_001__w0001,vp_130780_case_001,0,0,0,0,0,0,0,0,0,0,0,0.0,1,train,19,0.05263157894736842
vp_130780_case_001__w0002,vp_130780_case_001,0,0,0,0,0,0,0,0,0,0,0,0.0,1,train,19,0.05263157894736842
vp_130780_case_001__w0003,vp_130780_case_001,0,0,0,0,0,0,0,0,0,0,0,0.0,1,train,19,0.05263157894736842
vp_130780_case_001__w0004,vp_130780_case_001,1,0,0,0,0,0,0,1,0,0,0,1.0,1,train,19,0.05263157894736842
vp_130780_case_001__w0005,vp_130780_case_001,1,0,0,0,0,0,0,1,0,0,0,0.0,1,train,19,0.05263157894736842
vp_130780_case_001__w0006,vp_130780_case_001,0,0,0,0,0,0,0,0,0,0,0,-1.0,1,train,19,0.05263157894736842
vp_130780_case_001__w0007,vp_130780_case_001,0,1,0,0,0,0,0,1,0,0,0,2.0,1,train,19,0.05263157894736842
vp_130780_case_001__w0008,vp_130780_case_001,0,1,0,0,0,0,0,1,0,0,0,0.0,1,train,19,0.05263157894736842
vp_130780_case_001__w0009,vp_130780_case_001,0,0,0,0,0,0,0,1,0,0,0,-1.0,1,train,19,0.05263157894736842
vp_130780_case_001__w0010,vp_130780_case_001,0,0,0,0,0,0,0,1,0,0,0,0.0,1,train,19,0.05263157894736842
vp_130780_case_001__w0011,vp_130780_case_001,0,0,0,0,1,0,0,2,1,0,0,2.0,1,train,19,0.05263157894736842
vp_130780_case_001__w0012,vp_130780_case_001,0,0,0,0,1,0,0,2,1,0,0,1.0,1,train,19,0.05263157894736842
vp_130780_case_001__w0013,vp_130780_case_001,0,0,0,0,0,0,0,1,0,0,0,-2.0,1,train,19,0.05263157894736842
vp_130780_case_001__w0014,vp_130780_case_001,0,0,0,1,0,0,0,1,0,0,0,0.0,1,train,19,0.05263157894736842
vp_130780_case_001__w0015,vp_130780_case_001,0,0,0,1,0,0,0,0,0,0,0,-1.0,1,train,19,0.05263157894736842
vp_130780_case_001__w0016,vp_130780_case_001,0,0,0,1,0,0,0,0,0,0,0,0.0,1,train,19,0.05263157894736842
vp_130780_case_001__w0017,vp_130780_case_001,0,0,0,0,0,0,0,0,0,0,0,-1.0,1,train,19,0.05263157894736842
vp_130780_case_001__w0018,vp_130780_case_001,0,0,0,0,0,0,0,1,0,0,0,1.0,1,train,19,0.05263157894736842
vp_130781_case_001__w0000,vp_130781_case_001,1,0,0,0,0,0,0,1,0,0,0,0.0,1,test,3,0.3333333333333333
vp_130781_case_001__w0001,vp_130781_case_001,1,0,0,0,0,0,0,1,0,0,0,0.0,1,test,3,0.3333333333333333
vp_130781_case_001__w0002,vp_130781_case_001,0,0,0,0,0,0,0,0,0,0,0,-1.0,1,test,3,0.3333333333333333
vp_130783_case_001__w0000,vp_130783_case_001,1,0,0,0,0,0,0,1,0,0,0,0.0,1,train,6,0.16666666666666666
vp_130783_case_001__w0001,vp_130783_case_001,1,0,0,0,0,0,0,1,0,0,0,0.0,1,train,6,0.16666666666666666
vp_130783_case_001__w0002,vp_130783_case_001,0,0,0,0,0,0,0,0,0,0,0,-1.0,1,train,6,0.16666666666666666
vp_130783_case_001__w0003,vp_130783_case_001,0,1,0,0,0,0,0,1,0,0,0,1.0,1,train,6,0.16666666666666666
vp_130783_case_001__w0004,vp_130783_case_001,0,1,0,0,0,0,0,1,0,0,0,0.0,1,train,6,0.16666666666666666
vp_130783_case_001__w0005,vp_130783_case_001,0,1,0,0,0,0,0,1,0,0,0,0.0,1,train,6,0.16666666666666666
vp_130784_case_001__w0000,vp_130784_case_001,1,1,0,0,0,0,0,2,0,0,0,0.0,1,train,13,0.07692307692307693
vp_130784_case_001__w0001,vp_130784_case_001,1,1,0,0,0,0,0,2,0,0,0,0.0,1,train,13,0.07692307692307693
vp_130784_case_001__w0002,vp_130784_case_001,0,1,0,0,0,0,0,1,0,0,0,-1.0,1,train,13,0.07692307692307693
vp_130784_case_001__w0003,vp_130784_case_001,0,1,0,0,0,0,0,1,0,0,0,0.0,1,train,13,0.07692307692307693
vp_130784_case_001__w0004,vp_130784_case_001,0,0,0,0,0,0,0,0,0,0,0,-1.0,1,train,13,0.07692307692307693
vp_130784_case_001__w0005,vp_130784_case_001,0,0,0,0,0,0,0,0,0,0,0,0.0,1,train,13,0.07692307692307693
vp_130784_case_001__w0006,vp_130784_case_001,0,0,0,0,0,0,0,0,0,0,0,0.0,1,train,13,0.07692307692307693
vp_130784_case_001__w0007,vp_130784_case_001,0,0,0,0,0,0,0,0,0,0,0,0.0,1,train,13,0.07692307692307693
vp_130784_case_001__w0008,vp_130784_case_001,1,0,0,0,0,0,0,1,0,0,0,1.0,1,train,13,0.07692307692307693
vp_130784_case_001__w0009,vp_130784_case_001,1,0,0,0,0,0,0,1,0,0,0,0.0,1,train,13,0.07692307692307693
vp_130784_case_001__w0010,vp_130784_case_001,0,0,0,0,0,0,0,0,0,0,0,-1.0,1,train,13,0.07692307692307693
vp_130784_case_001__w0011,vp_130784_case_001,1,1,1,0,0,0,0,2,0,1,0,3.0,1,train,13,0.07692307692307693
vp_130784_case_001__w0012,vp_130784_case_001,1,1,1,0,0,0,0,2,0,1,0,0.0,1,train,13,0.07692307692307693
vp_130785_case_001__w0000,vp_130785_case_001,1,1,0,0,0,0,0,2,0,0,0,0.0,1,validation,5,0.2
vp_130785_case_001__w0001,vp_130785_case_001,0,1,0,0,0,0,0,1,0,0,0,-1.0,1,validation,5,0.2
vp_130785_case_001__w0002,vp_130785_case_001,1,0,0,0,0,0,0,1,0,0,0,0.0,1,validation,5,0.2
vp_130785_case_001__w0003,vp_130785_case_001,1,0,0,0,0,0,0,1,0,0,0,0.0,1,validation,5,0.2
vp_130785_case_001__w0004,vp_130785_case_001,1,0,1,0,0,0,0,1,0,1,0,1.0,1,validation,5,0.2
vp_18243_case_001__w0000,vp_18243_case_001,1,1,1,0,0,0,0,2,0,1,0,0.0,1,train,19,0.05263157894736842
vp_18243_case_001__w0001,vp_18243_case_001,0,1,0,0,0,0,0,1,0,0,0,-2.0,1,train,19,0.05263157894736842
vp_18243_case_001__w0002,vp_18243_case_001,0,1,0,0,0,0,0,1,0,0,0,0.0,1,train,19,0.05263157894736842
vp_18243_case_001__w0003,vp_18243_case_001,0,0,0,0,0,0,0,0,0,0,0,-1.0,1,train,19,0.05263157894736842
vp_18243_case_001__w0004,vp_18243_case_001,0,0,0,1,0,0,0,0,0,0,0,1.0,1,train,19,0.05263157894736842
vp_18243_case_001__w0005,vp_18243_case_001,0,0,0,1,0,0,0,0,0,0,0,0.0,1,train,19,0.05263157894736842
vp_18243_case_001__w0006,vp_18243_case_001,0,0,0,0,0,0,0,0,0,0,0,-1.0,1,train,19,0.05263157894736842
vp_18243_case_001__w0007,vp_18243_case_001,0,0,0,0,0,0,0,0,0,0,0,0.0,1,train,19,0.05263157894736842
vp_18243_case_001__w0008,vp_18243_case_001,0,0,0,0,0,0,0,0,0,0,0,0.0,1,train,19,0.05263157894736842
vp_18243_case_001__w0009,vp_18243_case_001,1,1,1,0,0,0,0,2,0,1,0,3.0,1,train,19,0.05263157894736842
vp_18243_case_001__w0010,vp_18243_case_001,1,1,1,0,0,0,0,2,0,1,0,0.0,1,train,19,0.05263157894736842
vp_18243_case_001__w0011,vp_18243_case_001,1,1,1,0,0,0,0,2,0,1,0,0.0,1,train,19,0.05263157894736842
vp_18243_case_001__w0012,vp_18243_case_001,1,1,1,0,0,0,0,2,0,1,0,0.0,1,train,19,0.05263157894736842
vp_18243_case_001__w0013,vp_18243_case_001,1,1,1,0,0,0,0,2,0,1,0,0.0,1,train,19,0.05263157894736842
vp_18243_case_001__w0014,vp_18243_case_001,0,0,0,0,0,0,0,0,0,0,0,-3.0,1,train,19,0.05263157894736842
vp_18243_case_001__w0015,vp_18243_case_001,0,0,0,0,0,0,0,0,0,0,0,0.0,1,train,19,0.05263157894736842
vp_18243_case_001__w0016,vp_18243_case_001,0,0,0,0,0,0,0,0,0,0,0,0.0,1,train,19,0.05263157894736842
vp_18243_case_001__w0017,vp_18243_case_001,0,0,0,0,0,0,0,0,0,0,0,0.0,1,train,19,0.05263157894736842
vp_18243_case_001__w0018,vp_18243_case_001,0,0,0,0,0,0,0,0,0,0,0,0.0,1,train,19,0.05263157894736842
vp_18244_case_001__w0000,vp_18244_case_001,0,0,0,0,0,0,0,0,0,0,0,0.0,1,train,1,1.0
vp_18245_case_001__w0000,vp_18245_case_001,1,1,0,0,0,0,0,2,0,0,0,0.0,1,train,3,0.3333333333333333
vp_18245_case_001__w0001,vp_18245_case_001,1,1,0,0,0,0,0,2,0,0,0,0.0,1,train,3,0.3333333333333333
vp_18245_case_001__w0002,vp_18245_case_001,1,1,0,0,0,0,0,2,0,0,0,0.0,1,train,3,0.3333333333333333
vp_18246_case_001__w0000,vp_18246_case_001,0,0,0,0,0,0,0,0,0,0,0,0.0,1,test,3,0.3333333333333333
vp_18246_case_001__w0001,vp_18246_case_001,0,0,0,0,0,0,0,0,0,0,0,0.0,1,test,3,0.3333333333333333
vp_18246_case_001__w0002,vp_18246_case_001,0,0,0,0,0,0,0,0,0,0,0,0.0,1,test,3,0.3333333333333333
vp_18246_case_002__w0000,vp_18246_case_002,1,0,0,0,0,0,0,1,0,0,0,0.0,1,train,7,0.14285714285714285
vp_18246_case_002__w0001,vp_18246_case_002,1,1,0,0,0,0,0,2,0,0,0,1.0,1,train,7,0.14285714285714285
vp_18246_case_002__w0002,vp_18246_case_002,1,1,0,0,0,0,0,2,0,0,0,0.0,1,train,7,0.14285714285714285
vp_18246_case_002__w0003,vp_18246_case_002,0,0,0,0,0,0,0,0,0,0,0,-2.0,1,train,7,0.14285714285714285
vp_18246_case_002__w0004,vp_18246_case_002,0,0,0,0,0,0,0,0,0,0,0,0.0,1,train,7,0.14285714285714285
vp_18246_case_002__w0005,vp_18246_case_002,0,0,0,0,0,0,0,0,0,0,0,0.0,1,train,7,0.14285714285714285
vp_18246_case_002__w0006,vp_18246_case_002,0,0,0,0,0,0,0,0,0,0,0,0.0,1,train,7,0.14285714285714285
vp_18247_case_001__w0000,vp_18247_case_001,1,1,0,1,0,0,0,2,0,1,0,0.0,1,train,16,0.0625
vp_18247_case_001__w0001,vp_18247_case_001,1,1,0,1,0,0,0,2,0,1,0,0.0,1,train,16,0.0625
vp_18247_case_001__w0002,vp_18247_case_001,0,0,0,0,0,0,0,0,0,0,0,-3.0,1,train,16,0.0625
vp_18247_case_001__w0003,vp_18247_case_001,0,0,0,0,0,0,0,0,0,0,0,0.0,1,train,16,0.0625
vp_18247_case_001__w0004,vp_18247_case_001,0,0,0,0,0,0,0,0,0,0,0,0.0,1,train,16,0.0625
vp_18247_case_001__w0005,vp_18247_case_001,0,0,0,0,0,0,0,0,0,0,0,0.0,1,train,16,0.0625
vp_18247_case_001__w0006,vp_18247_case_001,0,0,0,0,0,0,0,0,0,0,0,0.0,1,train,16,0.0625
vp_18247_case_001__w0007,vp_18247_case_001,0,0,0,0,0,0,0,0,0,0,0,0.0,1,train,16,0.0625
vp_18247_case_001__w0008,vp_18247_case_001,0,0,0,0,0,0,0,0,0,0,0,0.0,1,train,16,0.0625
vp_18247_case_001__w0009,vp_18247_case_001,0,0,0,0,0,0,0,0,0,0,0,0.0,1,train,16,0.0625
vp_18247_case_001__w0010,vp_18247_case_001,0,0,0,0,0,0,0,0,0,0,0,0.0,1,train,16,0.0625
vp_18247_case_001__w0011,vp_18247_case_001,0,0,0,0,0,0,0,0,0,0,0,0.0,1,train,16,0.0625
vp_18247_case_001__w0012,vp_18247_case_001,0,0,0,0,0,0,0,0,0,0,0,0.0,1,train,16,0.0625
vp_18247_case_001__w0013,vp_18247_case_001,1,0,0,0,0,0,0,1,0,0,0,1.0,1,train,16,0.0625
vp_18247_case_001__w0014,vp_18247_case_001,1,0,0,0,0,0,0,1,0,0,0,0.0,1,train,16,0.0625
vp_18247_case_001__w0015,vp_18247_case_001,0,0,0,0,0,0,0,0,0,0,0,-1.0,1,train,16,0.0625
vp_18248_case_001__w0000,vp_18248_case_001,0,0,0,0,0,0,0,0,0,0,0,0.0,1,train,38,0.02631578947368421
vp_18248_case_001__w0001,vp_18248_case_001,0,0,0,0,0,0,0,0,0,0,0,0.0,1,train,38,0.02631578947368421
vp_18248_case_001__w0002,vp_18248_case_001,0,0,0,0,0,0,0,1,0,0,0,1.0,1,train,38,0.02631578947368421
vp_18248_case_001__w0003,vp_18248_case_001,0,0,0,0,0,0,0,1,0,0,0,0.0,1,train,38,0.02631578947368421
vp_18248_case_001__w0004,vp_18248_case_001,0,0,0,0,0,0,0,0,0,0,0,-1.0,1,train,38,0.02631578947368421
vp_18248_case_001__w0005,vp_18248_case_001,0,0,0,0,0,0,0,0,0,0,0,0.0,1,train,38,0.02631578947368421
vp_18248_case_001__w0006,vp_18248_case_001,0,0,0,0,0,0,0,0,0,0,0,0.0,1,train,38,0.02631578947368421
vp_18248_case_001__w0007,vp_18248_case_001,0,0,0,0,0,0,0,0,0,0,0,0.0,1,train,38,0.02631578947368421
vp_18248_case_001__w0008,vp_18248_case_001,1,0,0,0,0,0,0,1,0,0,0,1.0,1,train,38,0.02631578947368421
vp_18248_case_001__w0009,vp_18248_case_001,1,0,0,0,0,0,0,1,0,0,0,0.0,1,train,38,0.02631578947368421
vp_18248_case_001__w0010,vp_18248_case_001,0,0,0,0,0,0,0,0,0,0,0,-1.0,1,train,38,0.02631578947368421
vp_18248_case_001__w0011,vp_18248_case_001,0,0,0,0,0,0,0,0,0,0,0,0.0,1,train,38,0.02631578947368421
vp_18248_case_001__w0012,vp_18248_case_001,0,0,0,0,0,0,0,0,0,0,0,0.0,1,train,38,0.02631578947368421
vp_18248_case_001__w0013,vp_18248_case_001,0,0,0,0,0,0,0,0,0,0,0,0.0,1,train,38,0.02631578947368421
vp_18248_case_001__w0014,vp_18248_case_001,0,0,0,0,0,0,0,0,0,0,0,0.0,1,train,38,0.02631578947368421
vp_18248_case_001__w0015,vp_18248_case_001,0,0,0,0,0,0,0,0,0,0,0,0.0,1,train,38,0.02631578947368421
vp_18248_case_001__w0016,vp_18248_case_001,0,0,0,0,0,0,0,0,0,0,0,0.0,1,train,38,0.02631578947368421
vp_18248_case_001__w0017,vp_18248_case_001,0,0,0,0,0,0,0,1,0,0,0,1.0,1,train,38,0.02631578947368421
vp_18248_case_001__w0018,vp_18248_case_001,0,0,0,0,0,0,0,1,0,0,0,0.0,1,train,38,0.02631578947368421
vp_18248_case_001__w0019,vp_18248_case_001,0,0,0,0,0,0,0,0,0,0,0,-1.0,1,train,38,0.02631578947368421
vp_18248_case_001__w0020,vp_18248_case_001,1,0,0,0,0,0,0,1,0,0,0,1.0,1,train,38,0.02631578947368421
vp_18248_case_001__w0021,vp_18248_case_001,1,0,0,0,0,0,0,1,0,0,0,0.0,1,train,38,0.02631578947368421
vp_18248_case_001__w0022,vp_18248_case_001,0,0,0,0,0,0,0,0,0,0,0,-1.0,1,train,38,0.02631578947368421
vp_18248_case_001__w0023,vp_18248_case_001,0,0,0,0,0,0,0,0,0,0,0,0.0,1,train,38,0.02631578947368421
vp_18248_case_001__w0024,vp_18248_case_001,0,0,0,0,0,0,0,0,0,0,0,0.0,1,train,38,0.02631578947368421
vp_18248_case_001__w0025,vp_18248_case_001,0,0,0,0,0,0,0,0,0,0,0,0.0,1,train,38,0.02631578947368421
vp_18248_case_001__w0026,vp_18248_case_001,0,0,0,0,0,0,0,0,0,0,0,0.0,1,train,38,0.02631578947368421
vp_18248_case_001__w0027,vp_18248_case_001,0,0,0,0,0,0,0,0,0,0,0,0.0,1,train,38,0.02631578947368421
vp_18248_case_001__w0028,vp_18248_case_001,0,0,0,0,0,0,0,0,0,0,0,0.0,1,train,38,0.02631578947368421
vp_18248_case_001__w0029,vp_18248_case_001,0,0,0,0,0,0,0,0,0,0,0,0.0,1,train,38,0.02631578947368421
vp_18248_case_001__w0030,vp_18248_case_001,0,0,0,0,0,0,0,0,0,0,0,0.0,1,train,38,0.02631578947368421
vp_18248_case_001__w0031,vp_18248_case_001,0,0,0,0,0,0,0,0,0,0,0,0.0,1,train,38,0.02631578947368421
vp_18248_case_001__w0032,vp_18248_case_001,0,0,0,0,0,0,0,0,0,0,0,0.0,1,train,38,0.02631578947368421
vp_18248_case_001__w0033,vp_18248_case_001,0,0,0,0,0,0,0,0,0,0,0,0.0,1,train,38,0.02631578947368421
vp_18248_case_001__w0034,vp_18248_case_001,0,0,0,0,0,0,0,0,0,0,0,0.0,1,train,38,0.02631578947368421
vp_18248_case_001__w0035,vp_18248_case_001,0,0,0,0,0,0,0,0,0,0,0,0.0,1,train,38,0.02631578947368421
vp_18248_case_001__w0036,vp_18248_case_001,0,0,0,0,0,0,0,0,0,0,0,0.0,1,train,38,0.02631578947368421
vp_18248_case_001__w0037,vp_18248_case_001,0,0,0,0,0,0,0,0,0,0,0,0.0,1,train,38,0.02631578947368421
vp_18248_case_002__w0000,vp_18248_case_002,0,0,0,0,0,0,0,0,0,0,0,0.0,1,test,1,1.0
vp_18249_case_001__w0000,vp_18249_case_001,0,0,0,0,0,0,0,0,0,0,0,0.0,1,train,13,0.07692307692307693
vp_18249_case_001__w0001,vp_18249_case_001,0,0,0,0,0,0,0,0,0,0,0,0.0,1,train,13,0.07692307692307693
vp_18249_case_001__w0002,vp_18249_case_001,0,0,0,0,0,0,0,0,0,0,0,0.0,1,train,13,0.07692307692307693
vp_18249_case_001__w0003,vp_18249_case_001,0,0,0,0,0,0,0,0,0,0,0,0.0,1,train,13,0.07692307692307693
vp_18249_case_001__w0004,vp_18249_case_001,0,0,0,0,0,0,0,0,0,0,0,0.0,1,train,13,0.07692307692307693
vp_18249_case_001__w0005,vp_18249_case_001,0,0,0,0,0,0,0,0,0,0,0,0.0,1,train,13,0.07692307692307693
vp_18249_case_001__w0006,vp_18249_case_001,0,0,0,0,0,0,0,1,0,0,0,0.0,1,train,13,0.07692307692307693
vp_18249_case_001__w0007,vp_18249_case_001,0,0,0,0,0,0,0,1,0,0,0,0.0,1,train,13,0.07692307692307693
vp_18249_case_001__w0008,vp_18249_case_001,0,0,0,0,0,0,0,0,0,0,0,0.0,1,train,13,0.07692307692307693
vp_18249_case_001__w0009,vp_18249_case_001,0,0,0,0,0,0,0,0,0,0,0,0.0,1,train,13,0.07692307692307693
vp_18249_case_001__w0010,vp_18249_case_001,0,0,0,0,0,0,0,0,0,0,0,0.0,1,train,13,0.07692307692307693
vp_18249_case_001__w0011,vp_18249_case_001,0,0,0,0,0,0,0,0,0,0,0,0.0,1,train,13,0.07692307692307693
vp_18249_case_001__w0012,vp_18249_case_001,0,0,0,0,0,0,0,0,0,0,0,0.0,1,train,13,0.07692307692307693
vp_18250_case_001__w0000,vp_18250_case_001,0,0,0,0,0,0,0,3,0,0,0,0.0,1,train,8,0.125
vp_18250_case_001__w0001,vp_18250_case_001,0,0,0,0,0,0,0,2,0,0,0,-1.0,1,train,8,0.125
vp_18250_case_001__w0002,vp_18250_case_001,0,0,0,0,0,0,0,1,0,0,0,0.0,1,train,8,0.125
vp_18250_case_001__w0003,vp_18250_case_001,0,0,0,0,0,0,0,0,0,0,0,-1.0,1,train,8,0.125
vp_18250_case_001__w0004,vp_18250_case_001,0,0,0,0,0,0,0,1,0,0,0,0.0,1,train,8,0.125
vp_18250_case_001__w0005,vp_18250_case_001,0,0,0,0,0,0,0,1,0,0,0,0.0,1,train,8,0.125
vp_18250_case_001__w0006,vp_18250_case_001,0,0,0,0,0,0,0,0,0,0,0,0.0,1,train,8,0.125
vp_18250_case_001__w0007,vp_18250_case_001,0,0,0,0,0,0,0,0,0,0,0,0.0,1,train,8,0.125
vp_18252_case_001__w0000,vp_18252_case_001,0,0,0,1,0,0,0,0,0,0,0,0.0,1,train,2,0.5
vp_18252_case_001__w0001,vp_18252_case_001,0,0,0,0,0,0,0,1,0,0,0,0.0,1,train,2,0.5
vp_18252_case_002__w0000,vp_18252_case_002,0,1,0,0,0,0,0,1,0,0,0,0.0,1,train,2,0.5
vp_18252_case_002__w0001,vp_18252_case_002,0,0,0,0,0,0,0,0,0,0,0,-1.0,1,train,2,0.5
vp_18253_case_001__w0000,vp_18253_case_001,0,0,0,0,0,0,0,0,0,0,0,0.0,1,test,3,0.3333333333333333
vp_18253_case_001__w0001,vp_18253_case_001,0,0,0,0,0,0,0,0,0,0,0,0.0,1,test,3,0.3333333333333333
vp_18253_case_001__w0002,vp_18253_case_001,1,0,0,1,0,0,0,1,0,1,0,2.0,1,test,3,0.3333333333333333
vp_18254_case_002__w0000,vp_18254_case_002,1,1,1,0,0,0,0,3,0,1,0,0.0,1,validation,6,0.16666666666666666
vp_18254_case_002__w0001,vp_18254_case_002,1,1,0,0,0,0,0,2,0,0,0,-2.0,1,validation,6,0.16666666666666666
vp_18254_case_002__w0002,vp_18254_case_002,1,1,0,0,0,0,0,2,0,0,0,0.0,1,validation,6,0.16666666666666666
vp_18254_case_002__w0003,vp_18254_case_002,0,0,0,0,0,0,0,0,0,0,0,-2.0,1,validation,6,0.16666666666666666
vp_18254_case_002__w0004,vp_18254_case_002,0,1,0,0,0,0,0,1,0,0,0,1.0,1,validation,6,0.16666666666666666
vp_18254_case_002__w0005,vp_18254_case_002,1,1,0,0,0,0,0,2,0,0,0,1.0,1,validation,6,0.16666666666666666
vp_18255_case_002__w0000,vp_18255_case_002,0,1,0,0,0,0,0,1,0,0,0,0.0,1,train,3,0.3333333333333333
vp_18255_case_002__w0001,vp_18255_case_002,0,1,0,0,0,0,0,1,0,0,0,0.0,1,train,3,0.3333333333333333
vp_18255_case_002__w0002,vp_18255_case_002,0,1,0,0,0,0,0,1,0,0,0,0.0,1,train,3,0.3333333333333333
vp_18257_case_001__w0000,vp_18257_case_001,0,0,0,0,0,0,0,0,0,0,0,0.0,1,test,10,0.1
vp_18257_case_001__w0001,vp_18257_case_001,0,1,0,0,0,0,0,1,0,0,0,1.0,1,test,10,0.1
vp_18257_case_001__w0002,vp_18257_case_001,0,1,0,0,0,0,0,1,0,0,0,0.0,1,test,10,0.1
vp_18257_case_001__w0003,vp_18257_case_001,0,0,0,0,0,0,0,0,0,0,0,-1.0,1,test,10,0.1
vp_18257_case_001__w0004,vp_18257_case_001,1,0,0,0,0,0,0,1,0,0,0,1.0,1,test,10,0.1
vp_18257_case_001__w0005,vp_18257_case_001,1,0,0,0,0,0,0,1,0,0,0,0.0,1,test,10,0.1
vp_18257_case_001__w0006,vp_18257_case_001,0,0,0,0,0,0,0,0,0,0,0,-1.0,1,test,10,0.1
vp_18257_case_001__w0007,vp_18257_case_001,0,0,0,0,0,0,0,0,0,0,0,0.0,1,test,10,0.1
vp_18257_case_001__w0008,vp_18257_case_001,0,0,0,0,0,0,0,0,0,0,0,0.0,1,test,10,0.1
vp_18257_case_001__w0009,vp_18257_case_001,0,0,0,0,0,0,0,0,0,0,0,0.0,1,test,10,0.1
vp_18257_case_002__w0000,vp_18257_case_002,0,1,0,0,0,0,0,1,0,0,0,0.0,1,train,4,0.25
vp_18257_case_002__w0001,vp_18257_case_002,1,1,1,0,0,0,0,2,0,1,0,2.0,1,train,4,0.25
vp_18257_case_002__w0002,vp_18257_case_002,1,1,1,0,0,0,0,2,0,1,0,0.0,1,train,4,0.25
vp_18257_case_002__w0003,vp_18257_case_002,0,1,0,0,0,0,0,1,0,0,0,-2.0,1,train,4,0.25
vp_18258_case_001__w0000,vp_18258_case_001,1,1,0,0,0,0,0,2,0,0,0,0.0,1,train,4,0.25
vp_18258_case_001__w0001,vp_18258_case_001,0,1,0,0,0,0,0,1,0,0,0,-1.0,1,train,4,0.25
vp_18258_case_001__w0002,vp_18258_case_001,0,1,0,0,0,0,0,1,0,0,0,0.0,1,train,4,0.25
vp_18258_case_001__w0003,vp_18258_case_001,0,1,0,0,0,0,0,1,0,0,0,0.0,1,train,4,0.25
vp_18259_case_001__w0000,vp_18259_case_001,1,1,1,0,0,0,0,2,0,1,0,0.0,1,train,2,0.5
vp_18259_case_001__w0001,vp_18259_case_001,0,0,0,0,0,0,0,0,0,0,0,-3.0,1,train,2,0.5
vp_18259_case_003__w0000,vp_18259_case_003,0,0,0,0,0,0,0,0,0,0,0,0.0,1,train,3,0.3333333333333333
vp_18259_case_003__w0001,vp_18259_case_003,0,0,0,0,0,0,0,0,0,0,0,0.0,1,train,3,0.3333333333333333
vp_18259_case_003__w0002,vp_18259_case_003,0,0,0,0,0,0,0,0,0,0,0,0.0,1,train,3,0.3333333333333333
vp_18260_case_002__w0000,vp_18260_case_002,0,0,0,0,0,0,0,0,0,0,0,0.0,1,train,6,0.16666666666666666
vp_18260_case_002__w0001,vp_18260_case_002,0,0,0,0,0,0,0,0,0,0,0,0.0,1,train,6,0.16666666666666666
vp_18260_case_002__w0002,vp_18260_case_002,0,0,0,0,0,0,0,0,0,0,0,0.0,1,train,6,0.16666666666666666
vp_18260_case_002__w0003,vp_18260_case_002,0,0,0,0,0,0,0,1,0,0,0,1.0,1,train,6,0.16666666666666666
vp_18260_case_002__w0004,vp_18260_case_002,1,0,0,0,0,0,0,2,0,0,0,1.0,1,train,6,0.16666666666666666
vp_18260_case_002__w0005,vp_18260_case_002,1,0,0,0,0,0,0,1,0,0,0,-1.0,1,train,6,0.16666666666666666
vp_18261_case_001__w0000,vp_18261_case_001,0,0,0,0,0,0,0,0,0,0,0,0.0,1,train,6,0.16666666666666666
vp_18261_case_001__w0001,vp_18261_case_001,0,0,0,0,0,0,0,0,0,0,0,0.0,1,train,6,0.16666666666666666
vp_18261_case_001__w0002,vp_18261_case_001,0,0,0,0,0,0,0,0,0,0,0,0.0,1,train,6,0.16666666666666666
vp_18261_case_001__w0003,vp_18261_case_001,0,0,0,0,0,0,0,0,0,0,0,0.0,1,train,6,0.16666666666666666
vp_18261_case_001__w0004,vp_18261_case_001,0,0,0,0,0,0,0,0,0,0,0,0.0,1,train,6,0.16666666666666666
vp_18261_case_001__w0005,vp_18261_case_001,0,0,0,0,0,0,0,0,0,0,0,0.0,1,train,6,0.16666666666666666
vp_18262_case_001__w0000,vp_18262_case_001,0,0,0,0,0,0,0,0,0,0,0,0.0,1,train,28,0.03571428571428571
vp_18262_case_001__w0001,vp_18262_case_001,0,0,0,0,0,0,0,0,0,0,0,0.0,1,train,28,0.03571428571428571
vp_18262_case_001__w0002,vp_18262_case_001,0,0,0,0,0,0,0,0,0,0,0,0.0,1,train,28,0.03571428571428571
vp_18262_case_001__w0003,vp_18262_case_001,0,0,0,0,0,0,0,0,0,0,0,0.0,1,train,28,0.03571428571428571
vp_18262_case_001__w0004,vp_18262_case_001,0,0,0,0,0,0,0,0,0,0,0,0.0,1,train,28,0.03571428571428571
vp_18262_case_001__w0005,vp_18262_case_001,0,0,0,0,0,0,0,0,0,0,0,0.0,1,train,28,0.03571428571428571
vp_18262_case_001__w0006,vp_18262_case_001,0,0,0,0,0,0,0,0,0,0,0,0.0,1,train,28,0.03571428571428571
vp_18262_case_001__w0007,vp_18262_case_001,0,0,0,0,0,0,0,0,0,0,0,0.0,1,train,28,0.03571428571428571
vp_18262_case_001__w0008,vp_18262_case_001,0,0,0,0,0,0,0,0,0,0,0,0.0,1,train,28,0.03571428571428571
vp_18262_case_001__w0009,vp_18262_case_001,0,0,0,0,0,0,0,0,0,0,0,0.0,1,train,28,0.03571428571428571
vp_18262_case_001__w0010,vp_18262_case_001,0,0,0,0,0,0,0,0,0,0,0,0.0,1,train,28,0.03571428571428571
vp_18262_case_001__w0011,vp_18262_case_001,0,0,0,0,0,0,0,0,0,0,0,0.0,1,train,28,0.03571428571428571
vp_18262_case_001__w0012,vp_18262_case_001,0,0,0,0,0,0,0,0,0,0,0,0.0,1,train,28,0.03571428571428571
vp_18262_case_001__w0013,vp_18262_case_001,0,0,0,0,0,0,0,0,0,0,0,0.0,1,train,28,0.03571428571428571
vp_18262_case_001__w0014,vp_18262_case_001,0,0,0,0,0,0,0,0,0,0,0,0.0,1,train,28,0.03571428571428571
vp_18262_case_001__w0015,vp_18262_case_001,0,0,0,0,0,0,0,0,0,0,0,0.0,1,train,28,0.03571428571428571
vp_18262_case_001__w0016,vp_18262_case_001,0,0,0,0,0,0,0,0,0,0,0,0.0,1,train,28,0.03571428571428571
vp_18262_case_001__w0017,vp_18262_case_001,0,0,0,0,0,0,0,0,0,0,0,0.0,1,train,28,0.03571428571428571
vp_18262_case_001__w0018,vp_18262_case_001,0,0,0,0,0,0,0,0,0,0,0,0.0,1,train,28,0.03571428571428571
vp_18262_case_001__w0019,vp_18262_case_001,0,0,0,0,0,0,0,0,0,0,0,0.0,1,train,28,0.03571428571428571
vp_18262_case_001__w0020,vp_18262_case_001,0,0,0,0,0,0,0,0,0,0,0,0.0,1,train,28,0.03571428571428571
vp_18262_case_001__w0021,vp_18262_case_001,0,0,0,0,0,0,0,0,0,0,0,0.0,1,train,28,0.03571428571428571
vp_18262_case_001__w0022,vp_18262_case_001,0,0,0,0,0,0,0,0,0,0,0,0.0,1,train,28,0.03571428571428571
vp_18262_case_001__w0023,vp_18262_case_001,0,0,0,0,0,0,0,0,0,0,0,0.0,1,train,28,0.03571428571428571
vp_18262_case_001__w0024,vp_18262_case_001,0,0,0,0,0,0,0,0,0,0,0,0.0,1,train,28,0.03571428571428571
vp_18262_case_001__w0025,vp_18262_case_001,0,0,0,0,0,0,0,1,0,0,0,0.0,1,train,28,0.03571428571428571
vp_18262_case_001__w0026,vp_18262_case_001,0,0,0,0,0,0,0,1,0,0,0,0.0,1,train,28,0.03571428571428571
vp_18262_case_001__w0027,vp_18262_case_001,0,0,0,0,0,0,0,0,0,0,0,0.0,1,train,28,0.03571428571428571
vp_18263_case_001__w0000,vp_18263_case_001,0,0,0,0,0,0,0,0,0,0,0,0.0,1,train,5,0.2
vp_18263_case_001__w0001,vp_18263_case_001,0,0,0,0,0,0,0,0,0,0,0,0.0,1,train,5,0.2
vp_18263_case_001__w0002,vp_18263_case_001,0,0,0,0,0,0,0,0,0,0,0,0.0,1,train,5,0.2
vp_18263_case_001__w0003,vp_18263_case_001,0,0,0,0,0,0,0,1,0,0,0,0.0,1,train,5,0.2
vp_18263_case_001__w0004,vp_18263_case_001,0,0,0,0,0,0,0,1,0,0,0,0.0,1,train,5,0.2
vp_18264_case_003__w0000,vp_18264_case_003,0,0,0,0,0,0,0,1,0,0,0,0.0,1,train,3,0.3333333333333333
vp_18264_case_003__w0001,vp_18264_case_003,0,0,0,0,0,0,0,0,0,0,0,-1.0,1,train,3,0.3333333333333333
vp_18264_case_003__w0002,vp_18264_case_003,0,0,0,0,0,0,0,0,0,0,0,0.0,1,train,3,0.3333333333333333
vp_18265_case_001__w0000,vp_18265_case_001,0,1,0,0,0,0,0,1,0,0,0,0.0,1,train,6,0.16666666666666666
vp_18265_case_001__w0001,vp_18265_case_001,0,0,0,0,0,0,0,0,0,0,0,-1.0,1,train,6,0.16666666666666666
vp_18265_case_001__w0002,vp_18265_case_001,0,0,0,0,0,0,0,0,0,0,0,0.0,1,train,6,0.16666666666666666
vp_18265_case_001__w0003,vp_18265_case_001,0,0,0,0,0,0,0,0,0,0,0,0.0,1,train,6,0.16666666666666666
vp_18265_case_001__w0004,vp_18265_case_001,0,0,0,0,0,0,0,0,0,0,0,0.0,1,train,6,0.16666666666666666
vp_18265_case_001__w0005,vp_18265_case_001,0,0,0,0,0,0,0,0,0,0,0,0.0,1,train,6,0.16666666666666666
vp_18266_case_002__w0000,vp_18266_case_002,0,0,0,0,0,0,0,1,0,0,0,0.0,1,train,2,0.5
vp_18266_case_002__w0001,vp_18266_case_002,0,0,0,0,0,0,0,0,0,0,0,-1.0,1,train,2,0.5
vp_18267_case_001__w0000,vp_18267_case_001,0,0,0,0,0,0,0,0,0,0,0,0.0,1,train,13,0.07692307692307693
vp_18267_case_001__w0001,vp_18267_case_001,0,0,0,0,0,0,0,0,0,0,0,0.0,1,train,13,0.07692307692307693
vp_18267_case_001__w0002,vp_18267_case_001,0,0,0,0,0,0,0,0,0,0,0,0.0,1,train,13,0.07692307692307693
vp_18267_case_001__w0003,vp_18267_case_001,0,0,0,0,0,0,0,0,0,0,0,0.0,1,train,13,0.07692307692307693
vp_18267_case_001__w0004,vp_18267_case_001,0,0,0,0,0,0,0,0,0,0,0,0.0,1,train,13,0.07692307692307693
vp_18267_case_001__w0005,vp_18267_case_001,0,0,0,0,0,0,0,0,0,0,0,0.0,1,train,13,0.07692307692307693
vp_18267_case_001__w0006,vp_18267_case_001,0,0,0,0,0,0,0,0,0,0,0,0.0,1,train,13,0.07692307692307693
vp_18267_case_001__w0007,vp_18267_case_001,0,0,0,0,0,0,0,0,0,0,0,0.0,1,train,13,0.07692307692307693
vp_18267_case_001__w0008,vp_18267_case_001,0,0,0,0,0,0,0,1,0,0,0,1.0,1,train,13,0.07692307692307693
vp_18267_case_001__w0009,vp_18267_case_001,0,0,0,0,0,0,0,1,0,0,0,0.0,1,train,13,0.07692307692307693
vp_18267_case_001__w0010,vp_18267_case_001,0,0,0,0,0,0,0,1,0,0,0,0.0,1,train,13,0.07692307692307693
vp_18267_case_001__w0011,vp_18267_case_001,0,0,0,0,0,0,0,0,0,0,0,-1.0,1,train,13,0.07692307692307693
vp_18267_case_001__w0012,vp_18267_case_001,0,0,0,0,0,0,0,0,0,0,0,0.0,1,train,13,0.07692307692307693
vp_18268_case_001__w0000,vp_18268_case_001,0,0,0,0,0,0,0,0,0,0,0,0.0,1,train,6,0.16666666666666666
vp_18268_case_001__w0001,vp_18268_case_001,0,0,0,0,0,0,0,0,0,0,0,0.0,1,train,6,0.16666666666666666
vp_18268_case_001__w0002,vp_18268_case_001,0,0,0,0,0,0,0,1,0,0,0,1.0,1,train,6,0.16666666666666666
vp_18268_case_001__w0003,vp_18268_case_001,0,0,0,0,0,0,0,1,0,0,0,0.0,1,train,6,0.16666666666666666
vp_18268_case_001__w0004,vp_18268_case_001,0,0,0,0,0,0,0,1,0,0,0,0.0,1,train,6,0.16666666666666666
vp_18268_case_001__w0005,vp_18268_case_001,0,0,0,0,0,0,0,1,0,0,0,0.0,1,train,6,0.16666666666666666
vp_18269_case_002__w0000,vp_18269_case_002,1,1,1,0,0,0,0,2,0,1,0,0.0,1,train,3,0.3333333333333333
vp_18269_case_002__w0001,vp_18269_case_002,1,1,1,0,0,0,0,2,0,1,0,0.0,1,train,3,0.3333333333333333
vp_18269_case_002__w0002,vp_18269_case_002,1,1,1,0,0,0,0,2,0,1,0,0.0,1,train,3,0.3333333333333333
vp_18269_case_003__w0000,vp_18269_case_003,1,1,1,0,0,0,0,2,0,1,0,0.0,1,train,1,1.0
vp_18270_case_001__w0000,vp_18270_case_001,1,1,1,0,0,0,0,2,0,1,0,0.0,1,validation,2,0.5
vp_18270_case_001__w0001,vp_18270_case_001,0,0,0,0,0,0,0,0,0,0,0,-3.0,1,validation,2,0.5
vp_18270_case_002__w0000,vp_18270_case_002,1,1,0,0,0,0,0,2,0,0,0,0.0,1,train,3,0.3333333333333333
vp_18270_case_002__w0001,vp_18270_case_002,0,0,0,0,0,0,0,0,0,0,0,-2.0,1,train,3,0.3333333333333333
vp_18270_case_002__w0002,vp_18270_case_002,0,0,0,0,0,0,0,0,0,0,0,0.0,1,train,3,0.3333333333333333
vp_18271_case_001__w0000,vp_18271_case_001,0,0,0,0,0,0,0,0,0,0,0,0.0,1,validation,3,0.3333333333333333
vp_18271_case_001__w0001,vp_18271_case_001,0,0,0,0,0,0,0,0,0,0,0,0.0,1,validation,3,0.3333333333333333
vp_18271_case_001__w0002,vp_18271_case_001,0,0,0,0,0,0,0,0,0,0,0,0.0,1,validation,3,0.3333333333333333
vp_18271_case_002__w0000,vp_18271_case_002,0,1,0,0,0,0,0,1,0,0,0,0.0,1,test,12,0.08333333333333333
vp_18271_case_002__w0001,vp_18271_case_002,0,1,0,0,0,0,0,1,0,0,0,0.0,1,test,12,0.08333333333333333
vp_18271_case_002__w0002,vp_18271_case_002,0,1,0,0,0,0,0,1,0,0,0,0.0,1,test,12,0.08333333333333333
vp_18271_case_002__w0003,vp_18271_case_002,0,0,0,0,0,0,0,0,0,0,0,-1.0,1,test,12,0.08333333333333333
vp_18271_case_002__w0004,vp_18271_case_002,0,0,0,0,0,0,0,0,0,0,0,0.0,1,test,12,0.08333333333333333
vp_18271_case_002__w0005,vp_18271_case_002,0,0,0,0,0,0,0,0,0,0,0,0.0,1,test,12,0.08333333333333333
vp_18271_case_002__w0006,vp_18271_case_002,0,0,0,0,0,0,0,0,0,0,0,0.0,1,test,12,0.08333333333333333
vp_18271_case_002__w0007,vp_18271_case_002,0,0,0,0,0,0,0,0,0,0,0,0.0,1,test,12,0.08333333333333333
vp_18271_case_002__w0008,vp_18271_case_002,0,0,0,0,0,0,0,0,0,0,0,0.0,1,test,12,0.08333333333333333
vp_18271_case_002__w0009,vp_18271_case_002,0,0,0,0,0,0,0,0,0,0,0,0.0,1,test,12,0.08333333333333333
vp_18271_case_002__w0010,vp_18271_case_002,0,0,0,0,0,0,0,0,0,0,0,0.0,1,test,12,0.08333333333333333
vp_18271_case_002__w0011,vp_18271_case_002,0,0,0,0,0,0,0,0,0,0,0,0.0,1,test,12,0.08333333333333333
vp_18272_case_001__w0000,vp_18272_case_001,0,0,0,0,0,0,0,0,0,0,0,0.0,1,train,1,1.0
vp_18272_case_002__w0000,vp_18272_case_002,1,1,0,0,0,0,0,2,0,0,0,0.0,1,test,6,0.16666666666666666
vp_18272_case_002__w0001,vp_18272_case_002,0,0,0,0,0,0,0,0,0,0,0,-2.0,1,test,6,0.16666666666666666
vp_18272_case_002__w0002,vp_18272_case_002,0,0,0,0,0,0,0,0,0,0,0,0.0,1,test,6,0.16666666666666666
vp_18272_case_002__w0003,vp_18272_case_002,0,1,0,0,0,0,0,1,0,0,0,1.0,1,test,6,0.16666666666666666
vp_18272_case_002__w0004,vp_18272_case_002,0,1,0,0,0,0,0,1,0,0,0,0.0,1,test,6,0.16666666666666666
vp_18272_case_002__w0005,vp_18272_case_002,0,1,0,0,0,0,0,1,0,0,0,0.0,1,test,6,0.16666666666666666
vp_18272_case_003__w0000,vp_18272_case_003,0,0,0,0,0,0,0,0,0,0,0,0.0,1,validation,4,0.25
vp_18272_case_003__w0001,vp_18272_case_003,0,1,0,0,0,0,0,1,0,0,0,1.0,1,validation,4,0.25
vp_18272_case_003__w0002,vp_18272_case_003,1,1,0,0,0,0,0,2,0,0,0,1.0,1,validation,4,0.25
vp_18272_case_003__w0003,vp_18272_case_003,1,0,0,0,0,0,0,1,0,0,0,-1.0,1,validation,4,0.25
vp_18273_case_001__w0000,vp_18273_case_001,0,1,0,0,0,0,0,1,0,0,0,0.0,1,train,3,0.3333333333333333
vp_18273_case_001__w0001,vp_18273_case_001,0,1,0,0,0,0,0,1,0,0,0,0.0,1,train,3,0.3333333333333333
vp_18273_case_001__w0002,vp_18273_case_001,0,1,0,0,0,0,0,1,0,0,0,0.0,1,train,3,0.3333333333333333
vp_18273_case_003__w0000,vp_18273_case_003,0,0,0,0,0,0,0,0,0,0,0,0.0,1,validation,10,0.1
vp_18273_case_003__w0001,vp_18273_case_003,0,1,0,0,0,0,0,1,0,0,0,1.0,1,validation,10,0.1
vp_18273_case_003__w0002,vp_18273_case_003,0,1,0,0,0,0,0,1,0,0,0,0.0,1,validation,10,0.1
vp_18273_case_003__w0003,vp_18273_case_003,0,1,0,0,0,0,0,1,0,0,0,0.0,1,validation,10,0.1
vp_18273_case_003__w0004,vp_18273_case_003,1,0,0,0,0,0,0,1,0,0,0,0.0,1,validation,10,0.1
vp_18273_case_003__w0005,vp_18273_case_003,1,0,0,0,0,0,0,1,0,0,0,0.0,1,validation,10,0.1
vp_18273_case_003__w0006,vp_18273_case_003,0,0,0,0,0,0,0,0,0,0,0,-1.0,1,validation,10,0.1
vp_18273_case_003__w0007,vp_18273_case_003,0,0,0,0,0,0,0,0,0,0,0,0.0,1,validation,10,0.1
vp_18273_case_003__w0008,vp_18273_case_003,1,0,0,0,0,0,0,1,0,0,0,1.0,1,validation,10,0.1
vp_18273_case_003__w0009,vp_18273_case_003,1,0,0,0,0,0,0,1,0,0,0,0.0,1,validation,10,0.1
vp_18274_case_001__w0000,vp_18274_case_001,1,1,1,0,0,0,0,2,0,1,0,0.0,1,train,4,0.25
vp_18274_case_001__w0001,vp_18274_case_001,0,0,0,0,0,0,0,0,0,0,0,-3.0,1,train,4,0.25
vp_18274_case_001__w0002,vp_18274_case_001,0,0,0,0,0,0,0,0,0,0,0,0.0,1,train,4,0.25
vp_18274_case_001__w0003,vp_18274_case_001,0,0,0,0,0,0,0,0,0,0,0,0.0,1,train,4,0.25
vp_18274_case_002__w0000,vp_18274_case_002,1,0,1,0,0,0,0,1,0,1,0,0.0,1,validation,3,0.3333333333333333
vp_18274_case_002__w0001,vp_18274_case_002,1,0,1,0,0,0,0,1,0,1,0,0.0,1,validation,3,0.3333333333333333
vp_18274_case_002__w0002,vp_18274_case_002,0,0,0,0,0,0,0,0,0,0,0,-2.0,1,validation,3,0.3333333333333333
vp_18274_case_003__w0000,vp_18274_case_003,1,0,1,0,0,0,0,1,0,1,0,0.0,1,train,5,0.2
vp_18274_case_003__w0001,vp_18274_case_003,0,0,0,0,0,0,0,0,0,0,0,-2.0,1,train,5,0.2
vp_18274_case_003__w0002,vp_18274_case_003,0,0,0,0,0,0,0,0,0,0,0,0.0,1,train,5,0.2
vp_18274_case_003__w0003,vp_18274_case_003,0,1,0,0,0,0,0,1,0,0,0,1.0,1,train,5,0.2
vp_18274_case_003__w0004,vp_18274_case_003,0,1,0,0,0,0,0,1,0,0,0,0.0,1,train,5,0.2
vp_18274_case_004__w0000,vp_18274_case_004,0,0,0,0,0,0,0,0,0,0,0,0.0,1,validation,2,0.5
vp_18274_case_004__w0001,vp_18274_case_004,0,0,0,0,0,0,0,0,0,0,0,0.0,1,validation,2,0.5
vp_18275_case_001__w0000,vp_18275_case_001,0,0,0,0,0,0,0,0,0,0,0,0.0,1,test,12,0.08333333333333333
vp_18275_case_001__w0001,vp_18275_case_001,0,1,0,0,0,0,0,1,0,0,0,1.0,1,test,12,0.08333333333333333
vp_18275_case_001__w0002,vp_18275_case_001,0,1,0,0,0,0,0,1,0,0,0,0.0,1,test,12,0.08333333333333333
vp_18275_case_001__w0003,vp_18275_case_001,0,1,0,0,0,0,0,1,0,0,0,0.0,1,test,12,0.08333333333333333
vp_18275_case_001__w0004,vp_18275_case_001,0,1,0,0,0,0,0,1,0,0,0,0.0,1,test,12,0.08333333333333333
vp_18275_case_001__w0005,vp_18275_case_001,0,1,0,0,0,0,0,1,0,0,0,0.0,1,test,12,0.08333333333333333
vp_18275_case_001__w0006,vp_18275_case_001,0,1,0,0,0,0,0,1,0,0,0,0.0,1,test,12,0.08333333333333333
vp_18275_case_001__w0007,vp_18275_case_001,0,1,0,0,0,0,0,1,0,0,0,0.0,1,test,12,0.08333333333333333
vp_18275_case_001__w0008,vp_18275_case_001,0,1,0,0,0,0,0,1,0,0,0,0.0,1,test,12,0.08333333333333333
vp_18275_case_001__w0009,vp_18275_case_001,0,0,0,0,0,0,0,0,0,0,0,-1.0,1,test,12,0.08333333333333333
vp_18275_case_001__w0010,vp_18275_case_001,1,1,0,0,0,0,0,2,0,0,0,2.0,1,test,12,0.08333333333333333
vp_18275_case_001__w0011,vp_18275_case_001,1,1,0,0,0,0,0,2,0,0,0,0.0,1,test,12,0.08333333333333333
vp_18275_case_002__w0000,vp_18275_case_002,0,1,0,0,0,0,0,1,0,0,0,0.0,1,train,3,0.3333333333333333
vp_18275_case_002__w0001,vp_18275_case_002,0,0,0,0,0,0,0,0,0,0,0,-1.0,1,train,3,0.3333333333333333
vp_18275_case_002__w0002,vp_18275_case_002,0,0,0,0,0,0,0,0,0,0,0,0.0,1,train,3,0.3333333333333333
vp_18275_case_003__w0000,vp_18275_case_003,0,0,0,0,0,0,0,0,0,0,0,0.0,1,train,9,0.1111111111111111
vp_18275_case_003__w0001,vp_18275_case_003,0,0,0,0,0,0,0,0,0,0,0,0.0,1,train,9,0.1111111111111111
vp_18275_case_003__w0002,vp_18275_case_003,0,0,0,0,0,0,0,0,0,0,0,0.0,1,train,9,0.1111111111111111
vp_18275_case_003__w0003,vp_18275_case_003,0,0,0,0,0,0,0,0,0,0,0,0.0,1,train,9,0.1111111111111111
vp_18275_case_003__w0004,vp_18275_case_003,1,1,1,0,0,0,0,2,0,1,0,3.0,1,train,9,0.1111111111111111
vp_18275_case_003__w0005,vp_18275_case_003,1,1,1,0,0,0,0,2,0,1,0,0.0,1,train,9,0.1111111111111111
vp_18275_case_003__w0006,vp_18275_case_003,1,0,0,0,0,0,0,1,0,0,0,-2.0,1,train,9,0.1111111111111111
vp_18275_case_003__w0007,vp_18275_case_003,0,0,0,0,0,0,0,0,0,0,0,-1.0,1,train,9,0.1111111111111111
vp_18275_case_003__w0008,vp_18275_case_003,0,0,0,0,0,0,0,0,0,0,0,0.0,1,train,9,0.1111111111111111
vp_18276_case_001__w0000,vp_18276_case_001,1,0,0,0,0,0,0,1,0,0,0,0.0,1,train,1,1.0
vp_18276_case_002__w0000,vp_18276_case_002,1,1,0,0,0,0,0,2,0,0,0,0.0,1,validation,4,0.25
vp_18276_case_002__w0001,vp_18276_case_002,0,0,0,0,0,0,0,0,0,0,0,-2.0,1,validation,4,0.25
vp_18276_case_002__w0002,vp_18276_case_002,0,1,0,0,0,0,0,1,0,0,0,1.0,1,validation,4,0.25
vp_18276_case_002__w0003,vp_18276_case_002,0,1,0,0,0,0,0,1,0,0,0,0.0,1,validation,4,0.25
vp_18276_case_003__w0000,vp_18276_case_003,1,1,0,1,0,0,0,2,0,1,0,0.0,1,train,1,1.0
vp_18276_case_004__w0000,vp_18276_case_004,1,1,1,0,0,0,0,2,0,1,0,0.0,1,validation,3,0.3333333333333333
vp_18276_case_004__w0001,vp_18276_case_004,1,0,0,0,0,0,0,1,0,0,0,-2.0,1,validation,3,0.3333333333333333
vp_18276_case_004__w0002,vp_18276_case_004,1,1,0,0,0,0,0,2,0,0,0,1.0,1,validation,3,0.3333333333333333
vp_18278_case_001__w0000,vp_18278_case_001,0,0,0,0,0,0,0,0,0,0,0,0.0,1,train,11,0.09090909090909091
vp_18278_case_001__w0001,vp_18278_case_001,1,1,1,0,0,0,0,2,0,1,0,3.0,1,train,11,0.09090909090909091
vp_18278_case_001__w0002,vp_18278_case_001,1,1,1,0,0,0,0,2,0,1,0,0.0,1,train,11,0.09090909090909091
vp_18278_case_001__w0003,vp_18278_case_001,0,0,0,0,0,0,0,0,0,0,0,-3.0,1,train,11,0.09090909090909091
vp_18278_case_001__w0004,vp_18278_case_001,0,0,0,0,0,0,0,0,0,0,0,0.0,1,train,11,0.09090909090909091
vp_18278_case_001__w0005,vp_18278_case_001,0,0,0,0,0,0,0,0,0,0,0,0.0,1,train,11,0.09090909090909091
vp_18278_case_001__w0006,vp_18278_case_001,0,0,0,0,0,0,0,0,0,0,0,0.0,1,train,11,0.09090909090909091
vp_18278_case_001__w0007,vp_18278_case_001,0,0,0,0,0,0,0,0,0,0,0,0.0,1,train,11,0.09090909090909091
vp_18278_case_001__w0008,vp_18278_case_001,1,0,0,0,0,0,0,1,0,0,0,1.0,1,train,11,0.09090909090909091
vp_18278_case_001__w0009,vp_18278_case_001,1,1,0,0,0,0,0,2,0,0,0,1.0,1,train,11,0.09090909090909091
vp_18278_case_001__w0010,vp_18278_case_001,1,1,0,0,0,0,0,2,0,0,0,0.0,1,train,11,0.09090909090909091
vp_18278_case_002__w0000,vp_18278_case_002,0,1,0,0,0,0,0,1,0,0,0,0.0,1,train,7,0.14285714285714285
vp_18278_case_002__w0001,vp_18278_case_002,0,1,0,0,0,0,0,1,0,0,0,0.0,1,train,7,0.14285714285714285
vp_18278_case_002__w0002,vp_18278_case_002,0,0,0,0,0,0,0,0,0,0,0,-1.0,1,train,7,0.14285714285714285
vp_18278_case_002__w0003,vp_18278_case_002,0,0,0,0,0,0,0,0,0,0,0,0.0,1,train,7,0.14285714285714285
vp_18278_case_002__w0004,vp_18278_case_002,1,0,0,0,0,0,0,1,0,0,0,1.0,1,train,7,0.14285714285714285
vp_18278_case_002__w0005,vp_18278_case_002,1,1,0,0,0,0,0,2,0,0,0,1.0,1,train,7,0.14285714285714285
vp_18278_case_002__w0006,vp_18278_case_002,1,1,0,0,0,0,0,2,0,0,0,0.0,1,train,7,0.14285714285714285
vp_18280_case_002__w0000,vp_18280_case_002,0,0,0,0,0,0,0,0,0,0,0,0.0,1,train,7,0.14285714285714285
vp_18280_case_002__w0001,vp_18280_case_002,0,0,0,0,0,0,0,0,0,0,0,0.0,1,train,7,0.14285714285714285
vp_18280_case_002__w0002,vp_18280_case_002,1,1,0,0,0,0,0,3,0,0,0,3.0,1,train,7,0.14285714285714285
vp_18280_case_002__w0003,vp_18280_case_002,1,1,0,0,0,0,0,3,0,0,0,0.0,1,train,7,0.14285714285714285
vp_18280_case_002__w0004,vp_18280_case_002,1,1,0,0,0,0,0,2,0,0,0,-1.0,1,train,7,0.14285714285714285
vp_18280_case_002__w0005,vp_18280_case_002,0,1,0,0,0,0,0,1,0,0,0,-1.0,1,train,7,0.14285714285714285
vp_18280_case_002__w0006,vp_18280_case_002,0,0,0,0,0,0,0,0,0,0,0,-1.0,1,train,7,0.14285714285714285
vp_18280_case_003__w0000,vp_18280_case_003,1,1,0,0,0,0,0,2,0,0,0,0.0,1,train,6,0.16666666666666666
vp_18280_case_003__w0001,vp_18280_case_003,1,0,0,0,0,0,0,1,0,0,0,-1.0,1,train,6,0.16666666666666666
vp_18280_case_003__w0002,vp_18280_case_003,0,0,0,0,0,0,0,0,0,0,0,-1.0,1,train,6,0.16666666666666666
vp_18280_case_003__w0003,vp_18280_case_003,0,0,0,0,0,0,0,1,0,0,0,1.0,1,train,6,0.16666666666666666
vp_18280_case_003__w0004,vp_18280_case_003,0,0,0,0,0,0,0,1,0,0,0,0.0,1,train,6,0.16666666666666666
vp_18280_case_003__w0005,vp_18280_case_003,0,0,0,0,0,0,0,0,0,0,0,-1.0,1,train,6,0.16666666666666666
vp_18281_case_001__w0000,vp_18281_case_001,0,0,0,0,0,0,0,0,0,0,0,0.0,1,validation,14,0.07142857142857142
vp_18281_case_001__w0001,vp_18281_case_001,1,0,0,0,0,0,0,1,0,0,0,1.0,1,validation,14,0.07142857142857142
vp_18281_case_001__w0002,vp_18281_case_001,1,0,0,0,0,0,0,1,0,0,0,0.0,1,validation,14,0.07142857142857142
vp_18281_case_001__w0003,vp_18281_case_001,0,1,0,0,0,0,0,1,0,0,0,0.0,1,validation,14,0.07142857142857142
vp_18281_case_001__w0004,vp_18281_case_001,0,1,0,0,0,0,0,1,0,0,0,0.0,1,validation,14,0.07142857142857142
vp_18281_case_001__w0005,vp_18281_case_001,0,0,0,0,0,0,0,0,0,0,0,-1.0,1,validation,14,0.07142857142857142
vp_18281_case_001__w0006,vp_18281_case_001,1,0,0,0,0,0,0,1,0,0,0,1.0,1,validation,14,0.07142857142857142
vp_18281_case_001__w0007,vp_18281_case_001,1,0,0,0,0,0,0,1,0,0,0,0.0,1,validation,14,0.07142857142857142
vp_18281_case_001__w0008,vp_18281_case_001,0,0,0,0,0,0,0,0,0,0,0,-1.0,1,validation,14,0.07142857142857142
vp_18281_case_001__w0009,vp_18281_case_001,0,0,0,0,0,0,0,0,0,0,0,0.0,1,validation,14,0.07142857142857142
vp_18281_case_001__w0010,vp_18281_case_001,0,0,0,0,0,0,0,0,0,0,0,0.0,1,validation,14,0.07142857142857142
vp_18281_case_001__w0011,vp_18281_case_001,0,0,0,0,0,0,0,0,0,0,0,0.0,1,validation,14,0.07142857142857142
vp_18281_case_001__w0012,vp_18281_case_001,0,0,0,0,0,0,0,0,0,0,0,0.0,1,validation,14,0.07142857142857142
vp_18281_case_001__w0013,vp_18281_case_001,0,0,0,0,0,0,0,0,0,0,0,0.0,1,validation,14,0.07142857142857142
vp_18281_case_002__w0000,vp_18281_case_002,1,1,1,0,0,0,0,2,0,1,0,0.0,1,train,1,1.0
vp_18281_case_003__w0000,vp_18281_case_003,1,0,0,0,0,0,0,1,0,0,0,0.0,1,train,1,1.0
vp_18282_case_001__w0000,vp_18282_case_001,1,0,1,0,0,0,0,2,0,1,0,0.0,1,train,5,0.2
vp_18282_case_001__w0001,vp_18282_case_001,0,1,0,0,0,0,0,1,0,0,0,-2.0,1,train,5,0.2
vp_18282_case_001__w0002,vp_18282_case_001,0,1,0,0,0,0,0,1,0,0,0,0.0,1,train,5,0.2
vp_18282_case_001__w0003,vp_18282_case_001,0,0,0,0,0,0,0,0,0,0,0,-1.0,1,train,5,0.2
vp_18282_case_001__w0004,vp_18282_case_001,0,0,0,0,0,0,0,0,0,0,0,0.0,1,train,5,0.2
vp_18282_case_002__w0000,vp_18282_case_002,1,1,0,0,0,0,0,2,0,0,0,0.0,1,train,6,0.16666666666666666
vp_18282_case_002__w0001,vp_18282_case_002,1,1,1,1,0,0,0,2,0,1,0,1.0,1,train,6,0.16666666666666666
vp_18282_case_002__w0002,vp_18282_case_002,1,0,1,1,0,0,0,2,0,1,0,0.0,1,train,6,0.16666666666666666
vp_18282_case_002__w0003,vp_18282_case_002,0,0,0,0,0,0,0,1,0,0,0,-2.0,1,train,6,0.16666666666666666
vp_18282_case_002__w0004,vp_18282_case_002,0,1,0,0,0,0,0,1,0,0,0,0.0,1,train,6,0.16666666666666666
vp_18282_case_002__w0005,vp_18282_case_002,0,1,0,0,0,0,0,1,0,0,0,0.0,1,train,6,0.16666666666666666
vp_18282_case_003__w0000,vp_18282_case_003,0,0,0,0,0,0,0,0,0,0,0,0.0,1,train,10,0.1
vp_18282_case_003__w0001,vp_18282_case_003,0,0,0,0,0,0,0,0,0,0,0,0.0,1,train,10,0.1
vp_18282_case_003__w0002,vp_18282_case_003,0,0,0,0,0,0,0,0,0,0,0,0.0,1,train,10,0.1
vp_18282_case_003__w0003,vp_18282_case_003,0,0,0,0,0,0,0,0,0,0,0,0.0,1,train,10,0.1
vp_18282_case_003__w0004,vp_18282_case_003,0,0,0,0,0,0,0,0,0,0,0,0.0,1,train,10,0.1
vp_18282_case_003__w0005,vp_18282_case_003,0,0,0,0,0,0,0,0,0,0,0,0.0,1,train,10,0.1
vp_18282_case_003__w0006,vp_18282_case_003,0,0,0,0,0,0,0,0,0,0,0,0.0,1,train,10,0.1
vp_18282_case_003__w0007,vp_18282_case_003,0,0,0,0,0,0,0,0,0,0,0,0.0,1,train,10,0.1
vp_18282_case_003__w0008,vp_18282_case_003,0,0,0,0,0,0,0,1,0,0,0,1.0,1,train,10,0.1
vp_18282_case_003__w0009,vp_18282_case_003,0,0,0,0,0,0,0,1,0,0,0,0.0,1,train,10,0.1
vp_18283_case_001__w0000,vp_18283_case_001,0,0,0,0,0,0,0,0,0,0,0,0.0,1,train,1,1.0
vp_18283_case_003__w0000,vp_18283_case_003,0,1,0,0,0,0,0,1,0,0,0,0.0,1,train,2,0.5
vp_18283_case_003__w0001,vp_18283_case_003,0,1,0,0,0,0,0,1,0,0,0,0.0,1,train,2,0.5
vp_18283_case_004__w0000,vp_18283_case_004,1,0,0,0,0,0,0,1,0,0,0,0.0,1,train,1,1.0
vp_18283_case_005__w0000,vp_18283_case_005,1,1,1,0,0,0,0,2,0,1,0,0.0,1,train,1,1.0
vp_18284_case_001__w0000,vp_18284_case_001,0,0,0,1,0,0,0,0,0,0,0,0.0,1,train,8,0.125
vp_18284_case_001__w0001,vp_18284_case_001,1,1,1,1,0,0,0,2,0,1,0,2.0,1,train,8,0.125
vp_18284_case_001__w0002,vp_18284_case_001,1,1,1,0,0,0,0,2,0,1,0,0.0,1,train,8,0.125
vp_18284_case_001__w0003,vp_18284_case_001,0,0,0,0,0,0,0,0,0,0,0,-3.0,1,train,8,0.125
vp_18284_case_001__w0004,vp_18284_case_001,1,1,1,0,0,0,0,2,0,1,0,3.0,1,train,8,0.125
vp_18284_case_001__w0005,vp_18284_case_001,1,1,1,0,0,0,0,2,0,1,0,0.0,1,train,8,0.125
vp_18284_case_001__w0006,vp_18284_case_001,0,0,0,0,0,0,0,0,0,0,0,-3.0,1,train,8,0.125
vp_18284_case_001__w0007,vp_18284_case_001,0,0,0,0,0,0,0,0,0,0,0,0.0,1,train,8,0.125
vp_18284_case_002__w0000,vp_18284_case_002,0,0,0,0,0,0,0,0,0,0,0,0.0,1,train,4,0.25
vp_18284_case_002__w0001,vp_18284_case_002,0,0,0,0,0,0,0,0,0,0,0,0.0,1,train,4,0.25
vp_18284_case_002__w0002,vp_18284_case_002,0,0,0,0,0,0,0,0,0,0,0,0.0,1,train,4,0.25
vp_18284_case_002__w0003,vp_18284_case_002,1,1,0,1,0,0,0,2,0,1,0,3.0,1,train,4,0.25
vp_18284_case_003__w0000,vp_18284_case_003,0,0,0,0,0,0,0,0,0,0,0,0.0,1,train,2,0.5
vp_18284_case_003__w0001,vp_18284_case_003,0,1,0,0,0,0,0,1,0,0,0,1.0,1,train,2,0.5
vp_18285_case_001__w0000,vp_18285_case_001,0,0,0,0,0,0,0,0,0,0,0,0.0,1,train,1,1.0
vp_18285_case_002__w0000,vp_18285_case_002,0,0,0,0,0,0,0,0,0,0,0,0.0,1,validation,1,1.0
vp_18285_case_004__w0000,vp_18285_case_004,0,1,0,0,0,0,0,1,0,0,0,0.0,1,validation,1,1.0
vp_18286_case_001__w0000,vp_18286_case_001,0,0,0,0,0,0,0,0,0,0,0,0.0,1,train,5,0.2
vp_18286_case_001__w0001,vp_18286_case_001,1,1,0,0,0,0,0,2,0,0,0,2.0,1,train,5,0.2
vp_18286_case_001__w0002,vp_18286_case_001,1,1,0,0,0,0,0,2,0,0,0,0.0,1,train,5,0.2
vp_18286_case_001__w0003,vp_18286_case_001,0,1,0,0,0,0,0,1,0,0,0,-1.0,1,train,5,0.2
vp_18286_case_001__w0004,vp_18286_case_001,1,1,0,0,0,0,0,2,0,0,0,1.0,1,train,5,0.2
vp_18286_case_002__w0000,vp_18286_case_002,1,0,0,1,0,0,0,1,0,1,0,0.0,1,train,7,0.14285714285714285
vp_18286_case_002__w0001,vp_18286_case_002,0,0,0,1,0,0,0,0,0,0,0,-1.0,1,train,7,0.14285714285714285
vp_18286_case_002__w0002,vp_18286_case_002,1,0,0,0,0,0,0,1,0,0,0,0.0,1,train,7,0.14285714285714285
vp_18286_case_002__w0003,vp_18286_case_002,1,0,0,0,0,0,0,1,0,0,0,0.0,1,train,7,0.14285714285714285
vp_18286_case_002__w0004,vp_18286_case_002,0,0,0,0,0,0,0,0,0,0,0,-1.0,1,train,7,0.14285714285714285
vp_18286_case_002__w0005,vp_18286_case_002,0,0,0,1,0,0,0,0,0,0,0,1.0,1,train,7,0.14285714285714285
vp_18286_case_002__w0006,vp_18286_case_002,0,0,0,1,0,0,0,0,0,0,0,0.0,1,train,7,0.14285714285714285
vp_18287_case_001__w0000,vp_18287_case_001,0,0,0,0,0,0,0,0,0,0,0,0.0,1,test,5,0.2
vp_18287_case_001__w0001,vp_18287_case_001,0,0,0,0,0,0,0,1,0,0,0,1.0,1,test,5,0.2
vp_18287_case_001__w0002,vp_18287_case_001,0,0,0,0,0,0,0,1,0,0,0,0.0,1,test,5,0.2
vp_18287_case_001__w0003,vp_18287_case_001,0,0,0,0,0,0,0,0,0,0,0,-1.0,1,test,5,0.2
vp_18287_case_001__w0004,vp_18287_case_001,0,0,0,0,0,0,0,0,0,0,0,0.0,1,test,5,0.2
vp_18287_case_002__w0000,vp_18287_case_002,0,0,0,0,0,0,0,1,0,0,0,0.0,1,train,5,0.2
vp_18287_case_002__w0001,vp_18287_case_002,0,0,0,0,0,0,0,0,0,0,0,-1.0,1,train,5,0.2
vp_18287_case_002__w0002,vp_18287_case_002,0,0,0,0,0,0,0,0,0,0,0,0.0,1,train,5,0.2
vp_18287_case_002__w0003,vp_18287_case_002,1,0,0,0,0,0,0,2,1,0,0,3.0,1,train,5,0.2
vp_18287_case_002__w0004,vp_18287_case_002,1,0,0,0,0,0,0,2,1,0,0,0.0,1,train,5,0.2
vp_18287_case_003__w0000,vp_18287_case_003,0,0,0,1,0,0,0,1,0,0,0,0.0,1,validation,2,0.5
vp_18287_case_003__w0001,vp_18287_case_003,0,0,0,0,0,0,0,0,0,0,0,-1.0,1,validation,2,0.5
vp_18288_case_002__w0000,vp_18288_case_002,0,0,0,0,0,0,0,0,0,0,0,0.0,1,validation,1,1.0
vp_18288_case_004__w0000,vp_18288_case_004,0,0,0,0,0,0,0,0,0,0,0,0.0,1,train,2,0.5
vp_18288_case_004__w0001,vp_18288_case_004,0,0,0,0,0,0,0,0,0,0,0,0.0,1,train,2,0.5
vp_18289_case_001__w0000,vp_18289_case_001,0,0,0,0,0,0,0,0,0,0,0,0.0,1,train,18,0.05555555555555555
vp_18289_case_001__w0001,vp_18289_case_001,0,0,0,0,0,0,0,0,0,0,0,0.0,1,train,18,0.05555555555555555
vp_18289_case_001__w0002,vp_18289_case_001,0,0,0,0,0,0,0,0,0,0,0,0.0,1,train,18,0.05555555555555555
vp_18289_case_001__w0003,vp_18289_case_001,0,0,0,0,0,0,0,0,0,0,0,0.0,1,train,18,0.05555555555555555
vp_18289_case_001__w0004,vp_18289_case_001,0,1,0,0,0,0,0,1,0,0,0,1.0,1,train,18,0.05555555555555555
vp_18289_case_001__w0005,vp_18289_case_001,0,1,0,0,0,0,0,1,0,0,0,0.0,1,train,18,0.05555555555555555
vp_18289_case_001__w0006,vp_18289_case_001,1,1,0,0,0,0,0,2,0,0,0,1.0,1,train,18,0.05555555555555555
vp_18289_case_001__w0007,vp_18289_case_001,1,1,0,0,0,0,0,2,0,0,0,0.0,1,train,18,0.05555555555555555
vp_18289_case_001__w0008,vp_18289_case_001,0,1,0,0,0,0,0,1,0,0,0,-1.0,1,train,18,0.05555555555555555
vp_18289_case_001__w0009,vp_18289_case_001,0,0,0,0,0,0,0,0,0,0,0,-1.0,1,train,18,0.05555555555555555
vp_18289_case_001__w0010,vp_18289_case_001,0,0,0,0,0,0,0,0,0,0,0,0.0,1,train,18,0.05555555555555555
vp_18289_case_001__w0011,vp_18289_case_001,1,1,1,0,0,0,0,2,0,1,0,3.0,1,train,18,0.05555555555555555
vp_18289_case_001__w0012,vp_18289_case_001,1,1,1,0,0,0,0,2,0,1,0,0.0,1,train,18,0.05555555555555555
vp_18289_case_001__w0013,vp_18289_case_001,0,0,0,0,0,0,0,0,0,0,0,-3.0,1,train,18,0.05555555555555555
vp_18289_case_001__w0014,vp_18289_case_001,0,0,0,0,0,0,0,0,0,0,0,0.0,1,train,18,0.05555555555555555
vp_18289_case_001__w0015,vp_18289_case_001,0,0,0,0,0,0,0,0,0,0,0,0.0,1,train,18,0.05555555555555555
vp_18289_case_001__w0016,vp_18289_case_001,0,1,0,0,0,0,0,1,0,0,0,1.0,1,train,18,0.05555555555555555
vp_18289_case_001__w0017,vp_18289_case_001,0,1,0,0,0,0,0,1,0,0,0,0.0,1,train,18,0.05555555555555555
vp_18290_case_001__w0000,vp_18290_case_001,0,0,0,1,0,0,0,0,0,0,0,0.0,1,validation,8,0.125
vp_18290_case_001__w0001,vp_18290_case_001,0,0,0,0,0,0,0,0,0,0,0,-1.0,1,validation,8,0.125
vp_18290_case_001__w0002,vp_18290_case_001,0,0,0,0,0,0,0,0,0,0,0,0.0,1,validation,8,0.125
vp_18290_case_001__w0003,vp_18290_case_001,0,0,0,0,0,0,0,0,0,0,0,0.0,1,validation,8,0.125
vp_18290_case_001__w0004,vp_18290_case_001,1,1,1,0,0,0,0,2,0,1,0,3.0,1,validation,8,0.125
vp_18290_case_001__w0005,vp_18290_case_001,1,1,1,0,0,0,0,2,0,1,0,0.0,1,validation,8,0.125
vp_18290_case_001__w0006,vp_18290_case_001,1,1,1,0,0,0,0,2,0,1,0,0.0,1,validation,8,0.125
vp_18290_case_001__w0007,vp_18290_case_001,1,1,1,0,0,0,0,2,0,1,0,0.0,1,validation,8,0.125
vp_18290_case_003__w0000,vp_18290_case_003,1,0,0,0,0,0,0,1,0,0,0,0.0,1,train,1,1.0
vp_18290_case_004__w0000,vp_18290_case_004,0,0,0,1,0,0,0,0,0,0,0,0.0,1,train,5,0.2
vp_18290_case_004__w0001,vp_18290_case_004,1,1,0,1,0,0,0,2,0,1,0,2.0,1,train,5,0.2
vp_18290_case_004__w0002,vp_18290_case_004,1,1,0,0,0,0,0,2,0,0,0,-1.0,1,train,5,0.2
vp_18290_case_004__w0003,vp_18290_case_004,0,0,0,0,0,0,0,0,0,0,0,-2.0,1,train,5,0.2
vp_18290_case_004__w0004,vp_18290_case_004,0,0,0,0,0,0,0,0,0,0,0,0.0,1,train,5,0.2
vp_18290_case_005__w0000,vp_18290_case_005,0,0,0,0,0,0,0,0,0,0,0,0.0,1,train,2,0.5
vp_18290_case_005__w0001,vp_18290_case_005,0,0,0,0,0,0,0,0,0,0,0,0.0,1,train,2,0.5
vp_18291_case_002__w0000,vp_18291_case_002,1,0,0,0,0,0,0,1,0,0,0,0.0,1,train,4,0.25
vp_18291_case_002__w0001,vp_18291_case_002,1,0,0,0,0,0,0,1,0,0,0,0.0,1,train,4,0.25
vp_18291_case_002__w0002,vp_18291_case_002,1,0,0,0,0,0,0,1,0,0,0,0.0,1,train,4,0.25
vp_18291_case_002__w0003,vp_18291_case_002,1,0,0,0,0,0,0,1,0,0,0,0.0,1,train,4,0.25
vp_18291_case_003__w0000,vp_18291_case_003,1,1,0,1,0,0,0,2,0,1,0,0.0,1,train,4,0.25
vp_18291_case_003__w0001,vp_18291_case_003,0,0,0,1,0,0,0,0,0,0,0,-2.0,1,train,4,0.25
vp_18291_case_003__w0002,vp_18291_case_003,0,0,0,1,0,0,0,0,0,0,0,0.0,1,train,4,0.25
vp_18291_case_003__w0003,vp_18291_case_003,0,0,0,0,0,0,0,0,0,0,0,-1.0,1,train,4,0.25
vp_18292_case_004__w0000,vp_18292_case_004,0,0,0,1,0,0,0,0,0,0,0,0.0,1,train,1,1.0
vp_18292_case_005__w0000,vp_18292_case_005,0,1,0,0,0,0,0,1,0,0,0,0.0,1,validation,2,0.5
vp_18292_case_005__w0001,vp_18292_case_005,0,1,0,0,0,0,0,1,0,0,0,0.0,1,validation,2,0.5
vp_18293_case_001__w0000,vp_18293_case_001,0,1,0,0,0,0,0,1,0,0,0,0.0,1,train,8,0.125
vp_18293_case_001__w0001,vp_18293_case_001,0,1,0,1,0,0,0,1,0,0,0,1.0,1,train,8,0.125
vp_18293_case_001__w0002,vp_18293_case_001,0,0,0,1,0,0,0,0,0,0,0,-1.0,1,train,8,0.125
vp_18293_case_001__w0003,vp_18293_case_001,0,0,0,0,0,0,0,0,0,0,0,-1.0,1,train,8,0.125
vp_18293_case_001__w0004,vp_18293_case_001,0,0,0,0,0,0,0,0,0,0,0,0.0,1,train,8,0.125
vp_18293_case_001__w0005,vp_18293_case_001,0,0,0,0,0,0,0,0,0,0,0,0.0,1,train,8,0.125
vp_18293_case_001__w0006,vp_18293_case_001,1,1,0,0,0,0,0,2,0,0,0,2.0,1,train,8,0.125
vp_18293_case_001__w0007,vp_18293_case_001,1,1,0,0,0,0,0,2,0,0,0,0.0,1,train,8,0.125
vp_18293_case_002__w0000,vp_18293_case_002,0,0,0,0,0,0,0,0,0,0,0,0.0,1,train,4,0.25
vp_18293_case_002__w0001,vp_18293_case_002,0,0,0,0,0,0,0,0,0,0,0,0.0,1,train,4,0.25
vp_18293_case_002__w0002,vp_18293_case_002,0,0,0,0,0,0,0,0,0,0,0,0.0,1,train,4,0.25
vp_18293_case_002__w0003,vp_18293_case_002,0,0,0,0,0,0,0,0,0,0,0,0.0,1,train,4,0.25
vp_18294_case_001__w0000,vp_18294_case_001,1,1,1,0,0,0,0,2,0,1,0,0.0,1,train,2,0.5
vp_18294_case_001__w0001,vp_18294_case_001,1,1,1,0,0,0,0,2,0,1,0,0.0,1,train,2,0.5
vp_18294_case_002__w0000,vp_18294_case_002,0,1,0,0,0,0,0,1,0,0,0,0.0,1,validation,6,0.16666666666666666
vp_18294_case_002__w0001,vp_18294_case_002,0,0,0,0,0,0,0,0,0,0,0,-1.0,1,validation,6,0.16666666666666666
vp_18294_case_002__w0002,vp_18294_case_002,0,0,0,0,0,0,0,0,0,0,0,0.0,1,validation,6,0.16666666666666666
vp_18294_case_002__w0003,vp_18294_case_002,0,0,0,0,0,0,0,0,0,0,0,0.0,1,validation,6,0.16666666666666666
vp_18294_case_002__w0004,vp_18294_case_002,0,0,0,0,0,0,0,0,0,0,0,0.0,1,validation,6,0.16666666666666666
vp_18294_case_002__w0005,vp_18294_case_002,0,1,0,0,0,0,0,1,0,0,0,1.0,1,validation,6,0.16666666666666666
vp_18295_case_001__w0000,vp_18295_case_001,1,1,1,0,0,0,0,2,0,1,0,0.0,1,train,3,0.3333333333333333
vp_18295_case_001__w0001,vp_18295_case_001,0,1,0,0,0,0,0,1,0,0,0,-2.0,1,train,3,0.3333333333333333
vp_18295_case_001__w0002,vp_18295_case_001,0,1,0,0,0,0,0,1,0,0,0,0.0,1,train,3,0.3333333333333333
vp_18295_case_002__w0000,vp_18295_case_002,0,0,0,0,0,0,0,0,0,0,0,0.0,1,train,8,0.125
vp_18295_case_002__w0001,vp_18295_case_002,0,0,0,0,0,0,0,0,0,0,0,0.0,1,train,8,0.125
vp_18295_case_002__w0002,vp_18295_case_002,1,0,0,0,0,0,0,1,0,0,0,1.0,1,train,8,0.125
vp_18295_case_002__w0003,vp_18295_case_002,1,0,0,0,0,0,0,2,0,0,0,1.0,1,train,8,0.125
vp_18295_case_002__w0004,vp_18295_case_002,1,0,0,0,0,0,0,2,0,0,0,0.0,1,train,8,0.125
vp_18295_case_002__w0005,vp_18295_case_002,0,0,0,0,0,0,0,0,0,0,0,-2.0,1,train,8,0.125
vp_18295_case_002__w0006,vp_18295_case_002,0,0,0,0,0,0,0,0,0,0,0,0.0,1,train,8,0.125
vp_18295_case_002__w0007,vp_18295_case_002,1,1,0,0,0,0,0,2,0,0,0,2.0,1,train,8,0.125
vp_18295_case_003__w0000,vp_18295_case_003,0,0,0,0,0,0,0,0,0,0,0,0.0,1,train,7,0.14285714285714285
vp_18295_case_003__w0001,vp_18295_case_003,0,0,0,0,0,0,0,0,0,0,0,0.0,1,train,7,0.14285714285714285
vp_18295_case_003__w0002,vp_18295_case_003,1,1,0,0,0,0,0,2,0,0,0,2.0,1,train,7,0.14285714285714285
vp_18295_case_003__w0003,vp_18295_case_003,1,1,0,0,0,0,0,2,0,0,0,0.0,1,train,7,0.14285714285714285
vp_18295_case_003__w0004,vp_18295_case_003,0,1,0,0,0,0,0,1,0,0,0,-1.0,1,train,7,0.14285714285714285
vp_18295_case_003__w0005,vp_18295_case_003,0,1,0,0,0,0,0,1,0,0,0,0.0,1,train,7,0.14285714285714285
vp_18295_case_003__w0006,vp_18295_case_003,0,0,0,0,0,0,0,0,0,0,0,-1.0,1,train,7,0.14285714285714285
vp_18296_case_001__w0000,vp_18296_case_001,0,0,0,0,0,0,0,0,0,0,0,0.0,1,train,5,0.2
vp_18296_case_001__w0001,vp_18296_case_001,0,0,0,0,0,0,0,0,0,0,0,0.0,1,train,5,0.2
vp_18296_case_001__w0002,vp_18296_case_001,0,0,0,0,0,0,0,0,0,0,0,0.0,1,train,5,0.2
vp_18296_case_001__w0003,vp_18296_case_001,1,0,0,0,0,0,0,1,0,0,0,1.0,1,train,5,0.2
vp_18296_case_001__w0004,vp_18296_case_001,1,0,0,0,0,0,0,1,0,0,0,0.0,1,train,5,0.2
vp_18296_case_002__w0000,vp_18296_case_002,0,1,0,0,0,0,0,1,0,0,0,0.0,1,validation,7,0.14285714285714285
vp_18296_case_002__w0001,vp_18296_case_002,0,1,0,0,0,0,0,1,0,0,0,0.0,1,validation,7,0.14285714285714285
vp_18296_case_002__w0002,vp_18296_case_002,1,0,0,0,0,0,0,1,0,0,0,0.0,1,validation,7,0.14285714285714285
vp_18296_case_002__w0003,vp_18296_case_002,1,1,0,0,0,0,0,2,0,0,0,1.0,1,validation,7,0.14285714285714285
vp_18296_case_002__w0004,vp_18296_case_002,1,1,0,0,0,0,0,2,0,0,0,0.0,1,validation,7,0.14285714285714285
vp_18296_case_002__w0005,vp_18296_case_002,0,0,0,0,0,0,0,0,0,0,0,-2.0,1,validation,7,0.14285714285714285
vp_18296_case_002__w0006,vp_18296_case_002,0,0,0,0,0,0,0,0,0,0,0,0.0,1,validation,7,0.14285714285714285
vp_18296_case_003__w0000,vp_18296_case_003,0,0,0,0,0,0,0,0,0,0,0,0.0,1,train,8,0.125
vp_18296_case_003__w0001,vp_18296_case_003,1,1,0,0,0,0,0,2,0,0,0,2.0,1,train,8,0.125
vp_18296_case_003__w0002,vp_18296_case_003,1,1,0,0,0,0,0,2,0,0,0,0.0,1,train,8,0.125
vp_18296_case_003__w0003,vp_18296_case_003,1,0,0,0,0,0,0,1,0,0,0,-1.0,1,train,8,0.125
vp_18296_case_003__w0004,vp_18296_case_003,1,0,0,0,0,0,0,1,0,0,0,0.0,1,train,8,0.125
vp_18296_case_003__w0005,vp_18296_case_003,1,0,0,0,0,0,0,1,0,0,0,0.0,1,train,8,0.125
vp_18296_case_003__w0006,vp_18296_case_003,1,0,0,0,0,0,0,1,0,0,0,0.0,1,train,8,0.125
vp_18296_case_003__w0007,vp_18296_case_003,0,0,0,0,0,0,0,0,0,0,0,-1.0,1,train,8,0.125
vp_18296_case_004__w0000,vp_18296_case_004,0,1,0,0,0,0,0,1,0,0,0,0.0,1,test,8,0.125
vp_18296_case_004__w0001,vp_18296_case_004,0,0,0,0,0,0,0,0,0,0,0,-1.0,1,test,8,0.125
vp_18296_case_004__w0002,vp_18296_case_004,0,0,0,0,0,0,0,1,0,0,0,1.0,1,test,8,0.125
vp_18296_case_004__w0003,vp_18296_case_004,0,0,0,0,0,0,0,1,0,0,0,0.0,1,test,8,0.125
vp_18296_case_004__w0004,vp_18296_case_004,0,0,0,0,0,0,0,0,0,0,0,-1.0,1,test,8,0.125
vp_18296_case_004__w0005,vp_18296_case_004,0,0,0,0,0,0,0,0,0,0,0,0.0,1,test,8,0.125
vp_18296_case_004__w0006,vp_18296_case_004,0,0,0,0,0,0,0,0,0,0,0,0.0,1,test,8,0.125
vp_18296_case_004__w0007,vp_18296_case_004,0,1,0,0,0,0,0,1,0,0,0,1.0,1,test,8,0.125
vp_18297_case_001__w0000,vp_18297_case_001,1,1,0,0,0,0,0,2,0,0,0,0.0,1,train,1,1.0
vp_18297_case_002__w0000,vp_18297_case_002,1,1,0,0,0,0,0,2,0,0,0,0.0,1,train,5,0.2
vp_18297_case_002__w0001,vp_18297_case_002,0,0,0,0,0,0,0,0,0,0,0,-2.0,1,train,5,0.2
vp_18297_case_002__w0002,vp_18297_case_002,0,0,0,0,0,0,0,0,0,0,0,0.0,1,train,5,0.2
vp_18297_case_002__w0003,vp_18297_case_002,0,0,0,0,0,0,0,0,0,0,0,0.0,1,train,5,0.2
vp_18297_case_002__w0004,vp_18297_case_002,0,1,0,0,0,0,0,1,0,0,0,1.0,1,train,5,0.2
vp_18297_case_003__w0000,vp_18297_case_003,0,0,0,0,0,0,0,0,0,0,0,0.0,1,validation,3,0.3333333333333333
vp_18297_case_003__w0001,vp_18297_case_003,1,1,0,0,0,0,0,2,0,0,0,2.0,1,validation,3,0.3333333333333333
vp_18297_case_003__w0002,vp_18297_case_003,1,1,0,0,0,0,0,2,0,0,0,0.0,1,validation,3,0.3333333333333333
vp_18298_case_001__w0000,vp_18298_case_001,0,0,0,1,0,0,0,1,0,0,0,0.0,1,train,3,0.3333333333333333
vp_18298_case_001__w0001,vp_18298_case_001,1,0,0,1,0,0,0,1,0,1,0,0.0,1,train,3,0.3333333333333333
vp_18298_case_001__w0002,vp_18298_case_001,1,0,0,0,0,0,0,1,0,0,0,-1.0,1,train,3,0.3333333333333333
vp_18298_case_002__w0000,vp_18298_case_002,0,0,0,0,0,0,0,0,0,0,0,0.0,1,train,34,0.029411764705882353
vp_18298_case_002__w0001,vp_18298_case_002,0,0,0,0,0,0,0,0,0,0,0,0.0,1,train,34,0.029411764705882353
vp_18298_case_002__w0002,vp_18298_case_002,0,0,0,0,0,0,0,0,0,0,0,0.0,1,train,34,0.029411764705882353
vp_18298_case_002__w0003,vp_18298_case_002,1,0,0,0,0,0,0,1,0,0,0,1.0,1,train,34,0.029411764705882353
vp_18298_case_002__w0004,vp_18298_case_002,1,0,0,0,0,0,0,1,0,0,0,0.0,1,train,34,0.029411764705882353
vp_18298_case_002__w0005,vp_18298_case_002,0,0,0,0,0,0,0,0,0,0,0,-1.0,1,train,34,0.029411764705882353
vp_18298_case_002__w0006,vp_18298_case_002,0,0,0,0,0,0,0,0,0,0,0,0.0,1,train,34,0.029411764705882353
vp_18298_case_002__w0007,vp_18298_case_002,0,0,0,0,0,0,0,0,0,0,0,0.0,1,train,34,0.029411764705882353
vp_18298_case_002__w0008,vp_18298_case_002,0,0,0,0,0,0,0,0,0,0,0,0.0,1,train,34,0.029411764705882353
vp_18298_case_002__w0009,vp_18298_case_002,0,0,0,0,0,0,0,0,0,0,0,0.0,1,train,34,0.029411764705882353
vp_18298_case_002__w0010,vp_18298_case_002,0,0,0,0,0,0,0,0,0,0,0,0.0,1,train,34,0.029411764705882353
vp_18298_case_002__w0011,vp_18298_case_002,0,0,0,0,0,0,0,0,0,0,0,0.0,1,train,34,0.029411764705882353
vp_18298_case_002__w0012,vp_18298_case_002,0,0,0,0,0,0,0,0,0,0,0,0.0,1,train,34,0.029411764705882353
vp_18298_case_002__w0013,vp_18298_case_002,0,0,0,0,0,0,0,0,0,0,0,0.0,1,train,34,0.029411764705882353
vp_18298_case_002__w0014,vp_18298_case_002,0,0,0,1,0,0,0,0,0,0,0,1.0,1,train,34,0.029411764705882353
vp_18298_case_002__w0015,vp_18298_case_002,0,0,0,1,0,0,0,0,0,0,0,0.0,1,train,34,0.029411764705882353
vp_18298_case_002__w0016,vp_18298_case_002,0,0,0,1,0,0,0,0,0,0,0,0.0,1,train,34,0.029411764705882353
vp_18298_case_002__w0017,vp_18298_case_002,0,0,0,0,0,0,0,0,0,0,0,-1.0,1,train,34,0.029411764705882353
vp_18298_case_002__w0018,vp_18298_case_002,0,1,0,0,0,0,0,1,0,0,0,1.0,1,train,34,0.029411764705882353
vp_18298_case_002__w0019,vp_18298_case_002,0,1,0,0,0,0,0,1,0,0,0,0.0,1,train,34,0.029411764705882353
vp_18298_case_002__w0020,vp_18298_case_002,1,0,0,0,0,0,0,1,0,0,0,0.0,1,train,34,0.029411764705882353
vp_18298_case_002__w0021,vp_18298_case_002,1,0,0,0,0,0,0,1,0,0,0,0.0,1,train,34,0.029411764705882353
vp_18298_case_002__w0022,vp_18298_case_002,0,0,0,0,0,0,0,0,0,0,0,-1.0,1,train,34,0.029411764705882353
vp_18298_case_002__w0023,vp_18298_case_002,0,0,0,0,0,0,0,0,0,0,0,0.0,1,train,34,0.029411764705882353
vp_18298_case_002__w0024,vp_18298_case_002,0,0,0,0,0,0,0,0,0,0,0,0.0,1,train,34,0.029411764705882353
vp_18298_case_002__w0025,vp_18298_case_002,0,0,0,0,0,0,0,0,0,0,0,0.0,1,train,34,0.029411764705882353
vp_18298_case_002__w0026,vp_18298_case_002,0,0,0,0,0,0,0,0,0,0,0,0.0,1,train,34,0.029411764705882353
vp_18298_case_002__w0027,vp_18298_case_002,0,1,0,0,0,0,0,1,0,0,0,1.0,1,train,34,0.029411764705882353
vp_18298_case_002__w0028,vp_18298_case_002,0,1,0,0,0,0,0,1,0,0,0,0.0,1,train,34,0.029411764705882353
vp_18298_case_002__w0029,vp_18298_case_002,0,1,0,0,0,0,0,1,0,0,0,0.0,1,train,34,0.029411764705882353
vp_18298_case_002__w0030,vp_18298_case_002,0,1,0,0,0,0,0,1,0,0,0,0.0,1,train,34,0.029411764705882353
vp_18298_case_002__w0031,vp_18298_case_002,1,1,0,0,0,0,0,2,0,0,0,1.0,1,train,34,0.029411764705882353
vp_18298_case_002__w0032,vp_18298_case_002,1,0,0,0,0,0,0,1,0,0,0,-1.0,1,train,34,0.029411764705882353
vp_18298_case_002__w0033,vp_18298_case_002,0,0,0,0,0,0,0,0,0,0,0,-1.0,1,train,34,0.029411764705882353
vp_18299_case_001__w0000,vp_18299_case_001,0,0,0,1,0,0,0,0,0,0,0,0.0,1,train,3,0.3333333333333333
vp_18299_case_001__w0001,vp_18299_case_001,1,0,0,1,0,0,0,1,0,1,0,1.0,1,train,3,0.3333333333333333
vp_18299_case_001__w0002,vp_18299_case_001,1,0,0,1,0,0,0,1,0,1,0,0.0,1,train,3,0.3333333333333333
vp_18299_case_002__w0000,vp_18299_case_002,0,1,0,0,0,0,0,1,0,0,0,0.0,1,train,14,0.07142857142857142
vp_18299_case_002__w0001,vp_18299_case_002,0,1,0,0,0,0,0,1,0,0,0,0.0,1,train,14,0.07142857142857142
vp_18299_case_002__w0002,vp_18299_case_002,1,0,0,0,0,0,0,1,0,0,0,0.0,1,train,14,0.07142857142857142
vp_18299_case_002__w0003,vp_18299_case_002,1,0,0,0,0,0,0,1,0,0,0,0.0,1,train,14,0.07142857142857142
vp_18299_case_002__w0004,vp_18299_case_002,0,1,0,0,0,0,0,1,0,0,0,0.0,1,train,14,0.07142857142857142
vp_18299_case_002__w0005,vp_18299_case_002,0,1,0,0,0,0,0,1,0,0,0,0.0,1,train,14,0.07142857142857142
vp_18299_case_002__w0006,vp_18299_case_002,0,0,0,0,0,0,0,0,0,0,0,-1.0,1,train,14,0.07142857142857142
vp_18299_case_002__w0007,vp_18299_case_002,0,0,0,0,0,0,0,0,0,0,0,0.0,1,train,14,0.07142857142857142
vp_18299_case_002__w0008,vp_18299_case_002,0,0,0,0,0,0,0,0,0,0,0,0.0,1,train,14,0.07142857142857142
vp_18299_case_002__w0009,vp_18299_case_002,1,0,0,0,0,0,0,1,0,0,0,1.0,1,train,14,0.07142857142857142
vp_18299_case_002__w0010,vp_18299_case_002,1,0,0,0,0,0,0,1,0,0,0,0.0,1,train,14,0.07142857142857142
vp_18299_case_002__w0011,vp_18299_case_002,0,1,0,0,0,0,0,1,0,0,0,0.0,1,train,14,0.07142857142857142
vp_18299_case_002__w0012,vp_18299_case_002,0,1,0,0,0,0,0,1,0,0,0,0.0,1,train,14,0.07142857142857142
vp_18299_case_002__w0013,vp_18299_case_002,0,0,0,0,0,0,0,0,0,0,0,-1.0,1,train,14,0.07142857142857142
vp_18300_case_001__w0000,vp_18300_case_001,0,0,0,0,0,0,0,0,0,0,0,0.0,1,train,3,0.3333333333333333
vp_18300_case_001__w0001,vp_18300_case_001,0,0,0,0,0,0,0,0,0,0,0,0.0,1,train,3,0.3333333333333333
vp_18300_case_001__w0002,vp_18300_case_001,0,1,0,0,0,0,0,1,0,0,0,1.0,1,train,3,0.3333333333333333
vp_18300_case_002__w0000,vp_18300_case_002,1,1,0,0,0,0,0,2,0,0,0,0.0,1,train,3,0.3333333333333333
vp_18300_case_002__w0001,vp_18300_case_002,0,0,0,0,0,0,0,0,0,0,0,-2.0,1,train,3,0.3333333333333333
vp_18300_case_002__w0002,vp_18300_case_002,0,0,0,0,0,0,0,0,0,0,0,0.0,1,train,3,0.3333333333333333
vp_18300_case_004__w0000,vp_18300_case_004,1,1,0,0,0,0,0,2,0,0,0,0.0,1,validation,8,0.125
vp_18300_case_004__w0001,vp_18300_case_004,1,1,0,0,0,0,0,2,0,0,0,0.0,1,validation,8,0.125
vp_18300_case_004__w0002,vp_18300_case_004,1,0,0,0,0,0,0,1,0,0,0,-1.0,1,validation,8,0.125
vp_18300_case_004__w0003,vp_18300_case_004,1,0,0,0,0,0,0,1,0,0,0,0.0,1,validation,8,0.125
vp_18300_case_004__w0004,vp_18300_case_004,0,0,0,1,0,0,0,0,0,0,0,0.0,1,validation,8,0.125
vp_18300_case_004__w0005,vp_18300_case_004,0,0,0,1,0,0,0,0,0,0,0,0.0,1,validation,8,0.125
vp_18300_case_004__w0006,vp_18300_case_004,0,0,0,1,0,0,0,0,0,0,0,0.0,1,validation,8,0.125
vp_18300_case_004__w0007,vp_18300_case_004,0,0,0,0,0,0,0,0,0,0,0,-1.0,1,validation,8,0.125
vp_18300_case_005__w0000,vp_18300_case_005,0,0,0,0,0,0,0,0,0,0,0,0.0,1,validation,5,0.2
vp_18300_case_005__w0001,vp_18300_case_005,0,0,0,0,0,0,0,1,0,0,0,1.0,1,validation,5,0.2
vp_18300_case_005__w0002,vp_18300_case_005,0,0,0,0,0,0,0,1,0,0,0,0.0,1,validation,5,0.2
vp_18300_case_005__w0003,vp_18300_case_005,0,0,0,0,0,0,0,0,0,0,0,-1.0,1,validation,5,0.2
vp_18300_case_005__w0004,vp_18300_case_005,1,1,0,0,0,0,0,2,0,0,0,2.0,1,validation,5,0.2
vp_18301_case_002__w0000,vp_18301_case_002,0,0,0,0,0,0,0,0,0,0,0,0.0,1,train,11,0.09090909090909091
vp_18301_case_002__w0001,vp_18301_case_002,1,1,1,0,0,0,0,2,0,1,0,3.0,1,train,11,0.09090909090909091
vp_18301_case_002__w0002,vp_18301_case_002,1,1,1,0,0,0,0,2,0,1,0,0.0,1,train,11,0.09090909090909091
vp_18301_case_002__w0003,vp_18301_case_002,0,0,0,0,0,0,0,0,0,0,0,-3.0,1,train,11,0.09090909090909091
vp_18301_case_002__w0004,vp_18301_case_002,1,0,1,0,0,0,0,1,0,1,0,2.0,1,train,11,0.09090909090909091
vp_18301_case_002__w0005,vp_18301_case_002,1,1,1,0,0,0,0,2,0,1,0,1.0,1,train,11,0.09090909090909091
vp_18301_case_002__w0006,vp_18301_case_002,1,1,1,0,0,0,0,2,0,1,0,0.0,1,train,11,0.09090909090909091
vp_18301_case_002__w0007,vp_18301_case_002,1,0,0,0,0,0,0,1,0,0,0,-2.0,1,train,11,0.09090909090909091
vp_18301_case_002__w0008,vp_18301_case_002,1,0,1,0,0,0,0,1,0,1,0,1.0,1,train,11,0.09090909090909091
vp_18301_case_002__w0009,vp_18301_case_002,1,0,1,0,0,0,0,1,0,1,0,0.0,1,train,11,0.09090909090909091
vp_18301_case_002__w0010,vp_18301_case_002,1,0,1,0,0,0,0,1,0,1,0,0.0,1,train,11,0.09090909090909091
vp_18302_case_001__w0000,vp_18302_case_001,1,1,0,0,0,0,0,2,0,0,0,0.0,1,train,14,0.07142857142857142
vp_18302_case_001__w0001,vp_18302_case_001,0,1,0,0,0,0,0,1,0,0,0,-1.0,1,train,14,0.07142857142857142
vp_18302_case_001__w0002,vp_18302_case_001,0,1,0,0,0,0,0,1,0,0,0,0.0,1,train,14,0.07142857142857142
vp_18302_case_001__w0003,vp_18302_case_001,1,1,0,0,0,0,0,2,0,0,0,1.0,1,train,14,0.07142857142857142
vp_18302_case_001__w0004,vp_18302_case_001,1,0,0,0,0,0,0,1,0,0,0,-1.0,1,train,14,0.07142857142857142
vp_18302_case_001__w0005,vp_18302_case_001,1,0,0,0,0,0,0,1,0,0,0,0.0,1,train,14,0.07142857142857142
vp_18302_case_001__w0006,vp_18302_case_001,1,0,0,0,0,0,0,1,0,0,0,0.0,1,train,14,0.07142857142857142
vp_18302_case_001__w0007,vp_18302_case_001,1,0,0,0,0,0,0,1,0,0,0,0.0,1,train,14,0.07142857142857142
vp_18302_case_001__w0008,vp_18302_case_001,0,1,0,0,0,0,0,1,0,0,0,0.0,1,train,14,0.07142857142857142
vp_18302_case_001__w0009,vp_18302_case_001,1,1,1,0,0,0,0,2,0,1,0,2.0,1,train,14,0.07142857142857142
vp_18302_case_001__w0010,vp_18302_case_001,1,1,1,0,0,0,0,2,0,1,0,0.0,1,train,14,0.07142857142857142
vp_18302_case_001__w0011,vp_18302_case_001,1,0,0,0,0,0,0,1,0,0,0,-2.0,1,train,14,0.07142857142857142
vp_18302_case_001__w0012,vp_18302_case_001,1,0,0,0,0,0,0,1,0,0,0,0.0,1,train,14,0.07142857142857142
vp_18302_case_001__w0013,vp_18302_case_001,0,1,0,0,0,0,0,1,0,0,0,0.0,1,train,14,0.07142857142857142
vp_18302_case_002__w0000,vp_18302_case_002,1,1,1,0,0,0,0,2,0,1,0,0.0,1,train,1,1.0
vp_18303_case_002__w0000,vp_18303_case_002,0,1,0,0,0,0,0,2,0,0,0,0.0,1,validation,3,0.3333333333333333
vp_18303_case_002__w0001,vp_18303_case_002,0,1,0,0,0,0,0,1,0,0,0,-1.0,1,validation,3,0.3333333333333333
vp_18303_case_002__w0002,vp_18303_case_002,0,0,0,0,0,0,0,0,0,0,0,-1.0,1,validation,3,0.3333333333333333
vp_18303_case_004__w0000,vp_18303_case_004,1,1,0,0,0,0,0,2,0,0,0,0.0,1,train,3,0.3333333333333333
vp_18303_case_004__w0001,vp_18303_case_004,0,0,0,0,0,0,0,0,0,0,0,-2.0,1,train,3,0.3333333333333333
vp_18303_case_004__w0002,vp_18303_case_004,0,1,0,0,0,0,0,1,0,0,0,1.0,1,train,3,0.3333333333333333
vp_18304_case_007__w0000,vp_18304_case_007,0,0,0,0,0,0,0,0,0,0,0,0.0,1,train,1,1.0
vp_18305_case_002__w0000,vp_18305_case_002,0,1,0,0,0,0,0,1,0,0,0,0.0,1,train,2,0.5
vp_18305_case_002__w0001,vp_18305_case_002,1,1,1,0,0,0,0,2,0,1,0,2.0,1,train,2,0.5
vp_18305_case_003__w0000,vp_18305_case_003,1,1,1,0,0,0,0,2,0,1,0,0.0,1,test,1,1.0
vp_18305_case_004__w0000,vp_18305_case_004,1,1,0,0,0,0,0,3,0,0,0,0.0,1,train,5,0.2
vp_18305_case_004__w0001,vp_18305_case_004,1,1,0,0,0,0,0,3,0,0,0,0.0,1,train,5,0.2
vp_18305_case_004__w0002,vp_18305_case_004,0,1,0,0,0,0,0,3,0,0,0,0.0,1,train,5,0.2
vp_18305_case_004__w0003,vp_18305_case_004,0,1,0,0,0,0,0,2,0,0,0,-1.0,1,train,5,0.2
vp_18305_case_004__w0004,vp_18305_case_004,0,1,0,0,0,0,0,1,0,0,0,-1.0,1,train,5,0.2
vp_18306_case_002__w0000,vp_18306_case_002,1,1,0,0,0,0,0,2,0,0,0,0.0,1,validation,8,0.125
vp_18306_case_002__w0001,vp_18306_case_002,1,1,0,0,0,0,0,2,0,0,0,0.0,1,validation,8,0.125
vp_18306_case_002__w0002,vp_18306_case_002,0,0,0,0,0,0,0,0,0,0,0,-2.0,1,validation,8,0.125
vp_18306_case_002__w0003,vp_18306_case_002,1,1,0,0,0,0,0,2,0,0,0,2.0,1,validation,8,0.125
vp_18306_case_002__w0004,vp_18306_case_002,1,1,0,0,0,0,0,2,0,0,0,0.0,1,validation,8,0.125
vp_18306_case_002__w0005,vp_18306_case_002,0,0,0,0,0,0,0,0,0,0,0,-2.0,1,validation,8,0.125
vp_18306_case_002__w0006,vp_18306_case_002,0,0,0,0,0,0,0,0,0,0,0,0.0,1,validation,8,0.125
vp_18306_case_002__w0007,vp_18306_case_002,0,0,0,0,0,0,0,0,0,0,0,0.0,1,validation,8,0.125
vp_18306_case_003__w0000,vp_18306_case_003,0,0,0,0,0,0,0,0,0,0,0,0.0,1,train,6,0.16666666666666666
vp_18306_case_003__w0001,vp_18306_case_003,1,1,0,0,0,0,0,2,0,0,0,2.0,1,train,6,0.16666666666666666
vp_18306_case_003__w0002,vp_18306_case_003,1,1,0,0,0,0,0,2,0,0,0,0.0,1,train,6,0.16666666666666666
vp_18306_case_003__w0003,vp_18306_case_003,0,0,0,0,0,0,0,0,0,0,0,-2.0,1,train,6,0.16666666666666666
vp_18306_case_003__w0004,vp_18306_case_003,0,0,0,0,0,0,0,0,0,0,0,0.0,1,train,6,0.16666666666666666
vp_18306_case_003__w0005,vp_18306_case_003,0,0,0,0,0,0,0,0,0,0,0,0.0,1,train,6,0.16666666666666666
vp_18306_case_004__w0000,vp_18306_case_004,0,0,0,0,0,0,0,0,0,0,0,0.0,1,validation,3,0.3333333333333333
vp_18306_case_004__w0001,vp_18306_case_004,0,0,0,0,0,0,0,0,0,0,0,0.0,1,validation,3,0.3333333333333333
vp_18306_case_004__w0002,vp_18306_case_004,1,1,0,0,0,0,0,2,0,0,0,2.0,1,validation,3,0.3333333333333333
vp_18307_case_001__w0000,vp_18307_case_001,1,1,0,0,0,0,0,2,0,0,0,0.0,1,train,15,0.06666666666666667
vp_18307_case_001__w0001,vp_18307_case_001,1,1,0,0,0,0,0,2,0,0,0,0.0,1,train,15,0.06666666666666667
vp_18307_case_001__w0002,vp_18307_case_001,0,0,0,0,0,0,0,0,0,0,0,-2.0,1,train,15,0.06666666666666667
vp_18307_case_001__w0003,vp_18307_case_001,0,0,0,0,0,0,0,0,0,0,0,0.0,1,train,15,0.06666666666666667
vp_18307_case_001__w0004,vp_18307_case_001,0,0,0,0,0,0,0,0,0,0,0,0.0,1,train,15,0.06666666666666667
vp_18307_case_001__w0005,vp_18307_case_001,0,0,0,0,0,0,0,0,0,0,0,0.0,1,train,15,0.06666666666666667
vp_18307_case_001__w0006,vp_18307_case_001,0,1,0,0,0,0,0,1,0,0,0,1.0,1,train,15,0.06666666666666667
vp_18307_case_001__w0007,vp_18307_case_001,0,1,0,0,0,0,0,1,0,0,0,0.0,1,train,15,0.06666666666666667
vp_18307_case_001__w0008,vp_18307_case_001,0,0,0,0,0,0,0,0,0,0,0,-1.0,1,train,15,0.06666666666666667
vp_18307_case_001__w0009,vp_18307_case_001,0,0,0,0,0,0,0,0,0,0,0,0.0,1,train,15,0.06666666666666667
vp_18307_case_001__w0010,vp_18307_case_001,0,0,0,0,0,0,0,0,0,0,0,0.0,1,train,15,0.06666666666666667
vp_18307_case_001__w0011,vp_18307_case_001,0,0,0,0,0,0,0,0,0,0,0,0.0,1,train,15,0.06666666666666667
vp_18307_case_001__w0012,vp_18307_case_001,0,0,0,0,0,0,0,0,0,0,0,0.0,1,train,15,0.06666666666666667
vp_18307_case_001__w0013,vp_18307_case_001,0,0,0,0,0,0,0,0,0,0,0,0.0,1,train,15,0.06666666666666667
vp_18307_case_001__w0014,vp_18307_case_001,0,0,0,0,0,0,0,0,0,0,0,0.0,1,train,15,0.06666666666666667
vp_18307_case_002__w0000,vp_18307_case_002,0,1,0,1,0,0,0,1,0,0,0,0.0,1,test,2,0.5
vp_18307_case_002__w0001,vp_18307_case_002,0,0,0,0,0,0,0,0,0,0,0,-2.0,1,test,2,0.5
vp_18308_case_001__w0000,vp_18308_case_001,1,0,0,0,0,0,0,1,0,0,0,0.0,1,validation,5,0.2
vp_18308_case_001__w0001,vp_18308_case_001,0,1,0,0,0,0,0,1,0,0,0,0.0,1,validation,5,0.2
vp_18308_case_001__w0002,vp_18308_case_001,1,1,1,0,0,0,0,2,0,1,0,2.0,1,validation,5,0.2
vp_18308_case_001__w0003,vp_18308_case_001,1,1,1,0,0,0,0,2,0,1,0,0.0,1,validation,5,0.2
vp_18308_case_001__w0004,vp_18308_case_001,0,1,0,0,0,0,0,1,0,0,0,-2.0,1,validation,5,0.2
vp_18309_case_001__w0000,vp_18309_case_001,0,0,0,1,0,0,0,0,0,0,0,0.0,1,train,6,0.16666666666666666
vp_18309_case_001__w0001,vp_18309_case_001,1,0,1,0,0,0,0,1,0,1,0,1.0,1,train,6,0.16666666666666666
vp_18309_case_001__w0002,vp_18309_case_001,1,0,1,0,0,0,0,1,0,1,0,0.0,1,train,6,0.16666666666666666
vp_18309_case_001__w0003,vp_18309_case_001,1,1,0,0,0,0,0,2,0,0,0,0.0,1,train,6,0.16666666666666666
vp_18309_case_001__w0004,vp_18309_case_001,1,1,0,0,0,0,0,2,0,0,0,0.0,1,train,6,0.16666666666666666
vp_18309_case_001__w0005,vp_18309_case_001,1,0,0,0,0,0,0,1,0,0,0,-1.0,1,train,6,0.16666666666666666
vp_18310_case_001__w0000,vp_18310_case_001,1,0,0,0,0,0,0,1,0,0,0,0.0,1,validation,4,0.25
vp_18310_case_001__w0001,vp_18310_case_001,1,0,0,0,0,0,0,1,0,0,0,0.0,1,validation,4,0.25
vp_18310_case_001__w0002,vp_18310_case_001,0,0,0,0,0,0,0,0,0,0,0,-1.0,1,validation,4,0.25
vp_18310_case_001__w0003,vp_18310_case_001,0,0,0,0,0,0,0,0,0,0,0,0.0,1,validation,4,0.25
vp_18311_case_001__w0000,vp_18311_case_001,0,0,0,1,0,0,0,0,0,0,0,0.0,1,train,10,0.1
vp_18311_case_001__w0001,vp_18311_case_001,0,0,0,0,0,0,0,0,0,0,0,0.0,1,train,10,0.1
vp_18311_case_001__w0002,vp_18311_case_001,0,0,0,0,0,0,0,0,0,0,0,-1.0,1,train,10,0.1
vp_18311_case_001__w0003,vp_18311_case_001,0,0,0,0,0,0,0,0,0,0,0,0.0,1,train,10,0.1
vp_18311_case_001__w0004,vp_18311_case_001,0,0,0,0,0,0,0,0,0,0,0,0.0,1,train,10,0.1
vp_18311_case_001__w0005,vp_18311_case_001,0,0,0,0,0,0,0,0,0,0,0,0.0,1,train,10,0.1
vp_18311_case_001__w0006,vp_18311_case_001,0,0,0,0,0,0,0,0,0,0,0,0.0,1,train,10,0.1
vp_18311_case_001__w0007,vp_18311_case_001,0,0,0,0,0,0,0,0,0,0,0,0.0,1,train,10,0.1
vp_18311_case_001__w0008,vp_18311_case_001,0,0,0,0,0,0,0,0,0,0,0,0.0,1,train,10,0.1
vp_18311_case_001__w0009,vp_18311_case_001,0,0,0,0,0,0,0,0,0,0,0,0.0,1,train,10,0.1
vp_18312_case_001__w0000,vp_18312_case_001,1,1,0,0,0,0,0,2,0,0,0,0.0,1,train,1,1.0
vp_18313_case_001__w0000,vp_18313_case_001,0,0,0,0,0,0,0,0,0,0,0,0.0,1,validation,7,0.14285714285714285
vp_18313_case_001__w0001,vp_18313_case_001,0,0,0,0,0,0,0,0,0,0,0,0.0,1,validation,7,0.14285714285714285
vp_18313_case_001__w0002,vp_18313_case_001,0,0,0,0,0,0,0,0,0,0,0,0.0,1,validation,7,0.14285714285714285
vp_18313_case_001__w0003,vp_18313_case_001,0,1,0,0,0,0,0,1,0,0,0,1.0,1,validation,7,0.14285714285714285
vp_18313_case_001__w0004,vp_18313_case_001,1,1,0,0,0,0,0,2,0,0,0,1.0,1,validation,7,0.14285714285714285
vp_18313_case_001__w0005,vp_18313_case_001,1,0,0,0,0,0,0,1,0,0,0,-1.0,1,validation,7,0.14285714285714285
vp_18313_case_001__w0006,vp_18313_case_001,0,0,0,0,0,0,0,0,0,0,0,-1.0,1,validation,7,0.14285714285714285
vp_18314_case_001__w0000,vp_18314_case_001,0,1,0,0,0,0,0,1,0,0,0,0.0,1,train,12,0.08333333333333333
vp_18314_case_001__w0001,vp_18314_case_001,0,1,0,0,0,0,0,1,0,0,0,0.0,1,train,12,0.08333333333333333
vp_18314_case_001__w0002,vp_18314_case_001,0,0,0,0,0,0,0,0,0,0,0,-1.0,1,train,12,0.08333333333333333
vp_18314_case_001__w0003,vp_18314_case_001,0,0,0,0,0,0,0,0,0,0,0,0.0,1,train,12,0.08333333333333333
vp_18314_case_001__w0004,vp_18314_case_001,0,0,0,0,0,0,0,0,0,0,0,0.0,1,train,12,0.08333333333333333
vp_18314_case_001__w0005,vp_18314_case_001,0,0,0,0,0,0,0,0,0,0,0,0.0,1,train,12,0.08333333333333333
vp_18314_case_001__w0006,vp_18314_case_001,0,0,0,0,0,0,0,0,0,0,0,0.0,1,train,12,0.08333333333333333
vp_18314_case_001__w0007,vp_18314_case_001,0,0,0,0,0,0,0,0,0,0,0,0.0,1,train,12,0.08333333333333333
vp_18314_case_001__w0008,vp_18314_case_001,0,0,0,0,0,0,0,0,0,0,0,0.0,1,train,12,0.08333333333333333
vp_18314_case_001__w0009,vp_18314_case_001,0,0,0,0,0,0,0,1,0,0,0,1.0,1,train,12,0.08333333333333333
vp_18314_case_001__w0010,vp_18314_case_001,0,0,0,0,0,0,0,1,0,0,0,0.0,1,train,12,0.08333333333333333
vp_18314_case_001__w0011,vp_18314_case_001,0,0,0,0,0,0,0,0,0,0,0,-1.0,1,train,12,0.08333333333333333
vp_18315_case_001__w0000,vp_18315_case_001,0,0,0,0,0,0,0,0,0,0,0,0.0,1,train,9,0.1111111111111111
vp_18315_case_001__w0001,vp_18315_case_001,0,0,0,0,0,0,0,0,0,0,0,0.0,1,train,9,0.1111111111111111
vp_18315_case_001__w0002,vp_18315_case_001,0,0,0,0,0,0,0,0,0,0,0,0.0,1,train,9,0.1111111111111111
vp_18315_case_001__w0003,vp_18315_case_001,1,1,1,0,0,0,0,2,0,1,0,3.0,1,train,9,0.1111111111111111
vp_18315_case_001__w0004,vp_18315_case_001,1,1,1,0,0,0,0,2,0,1,0,0.0,1,train,9,0.1111111111111111
vp_18315_case_001__w0005,vp_18315_case_001,0,0,0,0,0,0,0,0,0,0,0,-3.0,1,train,9,0.1111111111111111
vp_18315_case_001__w0006,vp_18315_case_001,1,0,0,0,0,0,0,1,0,0,0,1.0,1,train,9,0.1111111111111111
vp_18315_case_001__w0007,vp_18315_case_001,1,0,0,0,0,0,0,1,0,0,0,0.0,1,train,9,0.1111111111111111
vp_18315_case_001__w0008,vp_18315_case_001,0,0,0,0,0,0,0,0,0,0,0,-1.0,1,train,9,0.1111111111111111
vp_18316_case_001__w0000,vp_18316_case_001,0,1,0,0,0,0,0,1,0,0,0,0.0,1,train,12,0.08333333333333333
vp_18316_case_001__w0001,vp_18316_case_001,0,1,0,0,0,0,0,1,0,0,0,0.0,1,train,12,0.08333333333333333
vp_18316_case_001__w0002,vp_18316_case_001,0,0,0,0,0,0,0,0,0,0,0,-1.0,1,train,12,0.08333333333333333
vp_18316_case_001__w0003,vp_18316_case_001,1,0,1,0,0,0,0,1,0,1,0,2.0,1,train,12,0.08333333333333333
vp_18316_case_001__w0004,vp_18316_case_001,1,0,1,0,0,0,0,1,0,1,0,0.0,1,train,12,0.08333333333333333
vp_18316_case_001__w0005,vp_18316_case_001,0,0,0,0,0,0,0,0,0,0,0,-2.0,1,train,12,0.08333333333333333
vp_18316_case_001__w0006,vp_18316_case_001,1,1,0,0,0,0,0,2,0,0,0,2.0,1,train,12,0.08333333333333333
vp_18316_case_001__w0007,vp_18316_case_001,1,1,0,0,0,0,0,2,0,0,0,0.0,1,train,12,0.08333333333333333
vp_18316_case_001__w0008,vp_18316_case_001,0,1,0,0,0,0,0,1,0,0,0,-1.0,1,train,12,0.08333333333333333
vp_18316_case_001__w0009,vp_18316_case_001,0,0,0,0,0,0,0,0,0,0,0,-1.0,1,train,12,0.08333333333333333
vp_18316_case_001__w0010,vp_18316_case_001,0,0,0,0,0,0,0,0,0,0,0,0.0,1,train,12,0.08333333333333333
vp_18316_case_001__w0011,vp_18316_case_001,1,0,0,0,0,0,0,1,0,0,0,1.0,1,train,12,0.08333333333333333
vp_18317_case_001__w0000,vp_18317_case_001,1,1,0,0,0,0,0,2,0,0,0,0.0,1,train,6,0.16666666666666666
vp_18317_case_001__w0001,vp_18317_case_001,0,0,0,0,0,0,0,0,0,0,0,-2.0,1,train,6,0.16666666666666666
vp_18317_case_001__w0002,vp_18317_case_001,0,0,0,0,0,0,0,0,0,0,0,0.0,1,train,6,0.16666666666666666
vp_18317_case_001__w0003,vp_18317_case_001,0,0,0,0,0,0,0,0,0,0,0,0.0,1,train,6,0.16666666666666666
vp_18317_case_001__w0004,vp_18317_case_001,0,1,0,0,0,0,0,1,0,0,0,1.0,1,train,6,0.16666666666666666
vp_18317_case_001__w0005,vp_18317_case_001,0,1,0,0,0,0,0,1,0,0,0,0.0,1,train,6,0.16666666666666666
vp_18318_case_001__w0000,vp_18318_case_001,0,1,0,1,0,0,0,1,0,0,0,0.0,1,train,8,0.125
vp_18318_case_001__w0001,vp_18318_case_001,0,1,0,0,0,0,0,1,0,0,0,-1.0,1,train,8,0.125
vp_18318_case_001__w0002,vp_18318_case_001,0,1,0,0,0,0,0,1,0,0,0,0.0,1,train,8,0.125
vp_18318_case_001__w0003,vp_18318_case_001,0,0,0,0,0,0,0,0,0,0,0,-1.0,1,train,8,0.125
vp_18318_case_001__w0004,vp_18318_case_001,0,0,0,0,0,0,0,0,0,0,0,0.0,1,train,8,0.125
vp_18318_case_001__w0005,vp_18318_case_001,0,0,0,0,0,0,0,0,0,0,0,0.0,1,train,8,0.125
vp_18318_case_001__w0006,vp_18318_case_001,1,1,0,0,0,0,0,2,0,0,0,2.0,1,train,8,0.125
vp_18318_case_001__w0007,vp_18318_case_001,1,1,0,0,0,0,0,2,0,0,0,0.0,1,train,8,0.125
vp_18319_case_001__w0000,vp_18319_case_001,0,0,0,0,0,0,0,0,0,0,0,0.0,1,test,5,0.2
vp_18319_case_001__w0001,vp_18319_case_001,0,0,0,0,0,0,0,0,0,0,0,0.0,1,test,5,0.2
vp_18319_case_001__w0002,vp_18319_case_001,0,0,0,0,0,0,0,0,0,0,0,0.0,1,test,5,0.2
vp_18319_case_001__w0003,vp_18319_case_001,0,1,0,0,0,0,0,1,0,0,0,1.0,1,test,5,0.2
vp_18319_case_001__w0004,vp_18319_case_001,1,1,0,0,0,0,0,2,0,0,0,1.0,1,test,5,0.2
vp_18320_case_001__w0000,vp_18320_case_001,1,1,1,0,0,0,0,2,0,1,0,0.0,1,test,6,0.16666666666666666
vp_18320_case_001__w0001,vp_18320_case_001,0,0,0,0,0,0,0,0,0,0,0,-3.0,1,test,6,0.16666666666666666
vp_18320_case_001__w0002,vp_18320_case_001,0,1,0,0,0,0,0,1,0,0,0,1.0,1,test,6,0.16666666666666666
vp_18320_case_001__w0003,vp_18320_case_001,0,1,0,0,0,0,0,1,0,0,0,0.0,1,test,6,0.16666666666666666
vp_18320_case_001__w0004,vp_18320_case_001,0,1,0,0,0,0,0,1,0,0,0,0.0,1,test,6,0.16666666666666666
vp_18320_case_001__w0005,vp_18320_case_001,0,1,0,0,0,0,0,1,0,0,0,0.0,1,test,6,0.16666666666666666
vp_18321_case_001__w0000,vp_18321_case_001,0,1,0,0,0,0,0,1,0,0,0,0.0,1,train,1,1.0
vp_18321_case_002__w0000,vp_18321_case_002,0,0,0,0,0,0,0,0,0,0,0,0.0,1,validation,1,1.0
vp_18322_case_002__w0000,vp_18322_case_002,0,0,0,0,0,0,0,0,0,0,0,0.0,1,train,6,0.16666666666666666
vp_18322_case_002__w0001,vp_18322_case_002,0,0,0,0,0,0,0,0,0,0,0,0.0,1,train,6,0.16666666666666666
vp_18322_case_002__w0002,vp_18322_case_002,0,0,0,0,0,0,0,0,0,0,0,0.0,1,train,6,0.16666666666666666
vp_18322_case_002__w0003,vp_18322_case_002,1,1,1,0,0,0,0,2,0,1,0,3.0,1,train,6,0.16666666666666666
vp_18322_case_002__w0004,vp_18322_case_002,1,1,1,0,0,0,0,2,0,1,0,0.0,1,train,6,0.16666666666666666
vp_18322_case_002__w0005,vp_18322_case_002,0,0,0,0,0,0,0,0,0,0,0,-3.0,1,train,6,0.16666666666666666
vp_18323_case_001__w0000,vp_18323_case_001,0,0,0,0,0,0,0,0,0,0,0,0.0,1,test,13,0.07692307692307693
vp_18323_case_001__w0001,vp_18323_case_001,1,1,0,0,0,0,0,2,0,0,0,2.0,1,test,13,0.07692307692307693
vp_18323_case_001__w0002,vp_18323_case_001,1,1,0,0,0,0,0,2,0,0,0,0.0,1,test,13,0.07692307692307693
vp_18323_case_001__w0003,vp_18323_case_001,0,1,0,0,0,0,0,1,0,0,0,-1.0,1,test,13,0.07692307692307693
vp_18323_case_001__w0004,vp_18323_case_001,0,1,0,0,0,0,0,1,0,0,0,0.0,1,test,13,0.07692307692307693
vp_18323_case_001__w0005,vp_18323_case_001,0,0,0,0,0,0,0,0,0,0,0,-1.0,1,test,13,0.07692307692307693
vp_18323_case_001__w0006,vp_18323_case_001,0,0,0,0,0,0,0,0,0,0,0,0.0,1,test,13,0.07692307692307693
vp_18323_case_001__w0007,vp_18323_case_001,0,0,0,0,0,0,0,0,0,0,0,0.0,1,test,13,0.07692307692307693
vp_18323_case_001__w0008,vp_18323_case_001,0,0,0,0,0,0,0,0,0,0,0,0.0,1,test,13,0.07692307692307693
vp_18323_case_001__w0009,vp_18323_case_001,0,0,0,0,0,0,0,0,0,0,0,0.0,1,test,13,0.07692307692307693
vp_18323_case_001__w0010,vp_18323_case_001,0,0,0,0,0,0,0,0,0,0,0,0.0,1,test,13,0.07692307692307693
vp_18323_case_001__w0011,vp_18323_case_001,0,0,0,0,0,0,0,0,0,0,0,0.0,1,test,13,0.07692307692307693
vp_18323_case_001__w0012,vp_18323_case_001,0,0,0,0,0,0,0,0,0,0,0,0.0,1,test,13,0.07692307692307693
vp_18324_case_001__w0000,vp_18324_case_001,0,0,0,0,0,0,0,0,0,0,0,0.0,1,train,6,0.16666666666666666
vp_18324_case_001__w0001,vp_18324_case_001,0,0,0,0,0,0,0,0,0,0,0,0.0,1,train,6,0.16666666666666666
vp_18324_case_001__w0002,vp_18324_case_001,0,0,0,0,0,0,0,0,0,0,0,0.0,1,train,6,0.16666666666666666
vp_18324_case_001__w0003,vp_18324_case_001,0,1,0,0,0,0,0,1,0,0,0,1.0,1,train,6,0.16666666666666666
vp_18324_case_001__w0004,vp_18324_case_001,1,1,0,0,0,0,0,2,0,0,0,1.0,1,train,6,0.16666666666666666
vp_18324_case_001__w0005,vp_18324_case_001,1,0,0,0,0,0,0,1,0,0,0,-1.0,1,train,6,0.16666666666666666
vp_217128_case_001__w0000,vp_217128_case_001,1,1,1,0,0,0,0,2,0,1,0,0.0,1,train,12,0.08333333333333333
vp_217128_case_001__w0001,vp_217128_case_001,0,1,0,0,0,0,0,1,0,0,0,-2.0,1,train,12,0.08333333333333333
vp_217128_case_001__w0002,vp_217128_case_001,0,1,0,0,0,0,0,1,0,0,0,0.0,1,train,12,0.08333333333333333
vp_217128_case_001__w0003,vp_217128_case_001,0,0,0,0,0,0,0,0,0,0,0,-1.0,1,train,12,0.08333333333333333
vp_217128_case_001__w0004,vp_217128_case_001,0,0,0,0,0,0,0,0,0,0,0,0.0,1,train,12,0.08333333333333333
vp_217128_case_001__w0005,vp_217128_case_001,1,0,0,0,0,0,0,1,0,0,0,1.0,1,train,12,0.08333333333333333
vp_217128_case_001__w0006,vp_217128_case_001,1,0,0,0,0,0,0,1,0,0,0,0.0,1,train,12,0.08333333333333333
vp_217128_case_001__w0007,vp_217128_case_001,0,1,0,0,0,0,0,1,0,0,0,0.0,1,train,12,0.08333333333333333
vp_217128_case_001__w0008,vp_217128_case_001,0,1,0,0,0,0,0,1,0,0,0,0.0,1,train,12,0.08333333333333333
vp_217128_case_001__w0009,vp_217128_case_001,0,1,0,0,0,0,0,1,0,0,0,0.0,1,train,12,0.08333333333333333
vp_217128_case_001__w0010,vp_217128_case_001,0,1,0,0,0,0,0,1,0,0,0,0.0,1,train,12,0.08333333333333333
vp_217128_case_001__w0011,vp_217128_case_001,0,1,0,0,0,0,0,1,0,0,0,0.0,1,train,12,0.08333333333333333
vp_217129_case_001__w0000,vp_217129_case_001,1,1,0,0,0,0,0,2,0,0,0,0.0,1,train,3,0.3333333333333333
vp_217129_case_001__w0001,vp_217129_case_001,0,0,0,0,0,0,0,0,0,0,0,-2.0,1,train,3,0.3333333333333333
vp_217129_case_001__w0002,vp_217129_case_001,0,1,0,0,0,0,0,2,0,0,0,2.0,1,train,3,0.3333333333333333
vp_217130_case_001__w0000,vp_217130_case_001,1,1,0,0,0,0,0,2,0,0,0,0.0,1,train,14,0.07142857142857142
vp_217130_case_001__w0001,vp_217130_case_001,0,1,0,0,0,0,0,1,0,0,0,-1.0,1,train,14,0.07142857142857142
vp_217130_case_001__w0002,vp_217130_case_001,0,1,0,0,0,0,0,1,0,0,0,0.0,1,train,14,0.07142857142857142
vp_217130_case_001__w0003,vp_217130_case_001,0,0,0,0,0,0,0,0,0,0,0,-1.0,1,train,14,0.07142857142857142
vp_217130_case_001__w0004,vp_217130_case_001,0,0,0,0,0,0,0,0,0,0,0,0.0,1,train,14,0.07142857142857142
vp_217130_case_001__w0005,vp_217130_case_001,0,0,0,0,0,0,0,0,0,0,0,0.0,1,train,14,0.07142857142857142
vp_217130_case_001__w0006,vp_217130_case_001,0,0,0,0,0,0,0,0,0,0,0,0.0,1,train,14,0.07142857142857142
vp_217130_case_001__w0007,vp_217130_case_001,0,0,0,0,0,0,0,0,0,0,0,0.0,1,train,14,0.07142857142857142
vp_217130_case_001__w0008,vp_217130_case_001,0,0,0,0,0,0,0,0,0,0,0,0.0,1,train,14,0.07142857142857142
vp_217130_case_001__w0009,vp_217130_case_001,1,1,0,0,0,0,0,2,0,0,0,2.0,1,train,14,0.07142857142857142
vp_217130_case_001__w0010,vp_217130_case_001,1,1,0,0,0,0,0,2,0,0,0,0.0,1,train,14,0.07142857142857142
vp_217130_case_001__w0011,vp_217130_case_001,0,1,0,0,0,0,0,1,0,0,0,-1.0,1,train,14,0.07142857142857142
vp_217130_case_001__w0012,vp_217130_case_001,1,1,0,0,0,0,0,2,0,0,0,1.0,1,train,14,0.07142857142857142
vp_217130_case_001__w0013,vp_217130_case_001,1,1,0,0,0,0,0,2,0,0,0,0.0,1,train,14,0.07142857142857142
vp_217131_case_001__w0000,vp_217131_case_001,0,0,0,0,0,0,0,0,0,0,0,0.0,1,train,4,0.25
vp_217131_case_001__w0001,vp_217131_case_001,0,0,0,0,0,0,0,0,0,0,0,0.0,1,train,4,0.25
vp_217131_case_001__w0002,vp_217131_case_001,0,0,0,0,0,0,0,0,0,0,0,0.0,1,train,4,0.25
vp_217131_case_001__w0003,vp_217131_case_001,0,0,0,0,0,0,0,0,0,0,0,0.0,1,train,4,0.25
vp_217131_case_002__w0000,vp_217131_case_002,0,0,0,0,0,0,0,0,0,0,0,0.0,1,train,6,0.16666666666666666
vp_217131_case_002__w0001,vp_217131_case_002,0,1,0,0,0,0,0,1,0,0,0,1.0,1,train,6,0.16666666666666666
vp_217131_case_002__w0002,vp_217131_case_002,0,1,0,0,0,0,0,1,0,0,0,0.0,1,train,6,0.16666666666666666
vp_217131_case_002__w0003,vp_217131_case_002,0,1,0,0,0,0,0,1,0,0,0,0.0,1,train,6,0.16666666666666666
vp_217131_case_002__w0004,vp_217131_case_002,0,1,0,0,0,0,0,1,0,0,0,0.0,1,train,6,0.16666666666666666
vp_217131_case_002__w0005,vp_217131_case_002,0,0,0,0,0,0,0,0,0,0,0,-1.0,1,train,6,0.16666666666666666
vp_217132_case_001__w0000,vp_217132_case_001,0,1,0,0,0,0,0,1,0,0,0,0.0,1,train,11,0.09090909090909091
vp_217132_case_001__w0001,vp_217132_case_001,1,0,0,0,0,0,0,1,0,0,0,0.0,1,train,11,0.09090909090909091
vp_217132_case_001__w0002,vp_217132_case_001,1,1,0,0,0,0,0,3,0,0,0,2.0,1,train,11,0.09090909090909091
vp_217132_case_001__w0003,vp_217132_case_001,1,1,0,0,0,0,0,3,0,0,0,0.0,1,train,11,0.09090909090909091
vp_217132_case_001__w0004,vp_217132_case_001,0,1,0,0,0,0,0,1,0,0,0,-2.0,1,train,11,0.09090909090909091
vp_217132_case_001__w0005,vp_217132_case_001,0,0,0,0,0,0,0,0,0,0,0,-1.0,1,train,11,0.09090909090909091
vp_217132_case_001__w0006,vp_217132_case_001,0,0,0,0,0,0,0,0,0,0,0,0.0,1,train,11,0.09090909090909091
vp_217132_case_001__w0007,vp_217132_case_001,0,0,0,0,0,0,0,0,0,0,0,0.0,1,train,11,0.09090909090909091
vp_217132_case_001__w0008,vp_217132_case_001,0,1,0,1,0,0,0,1,0,0,0,2.0,1,train,11,0.09090909090909091
vp_217132_case_001__w0009,vp_217132_case_001,0,1,0,1,0,0,0,1,0,0,0,0.0,1,train,11,0.09090909090909091
vp_217132_case_001__w0010,vp_217132_case_001,0,0,0,0,0,0,0,0,0,0,0,-2.0,1,train,11,0.09090909090909091
vp_217132_case_002__w0000,vp_217132_case_002,0,0,0,0,0,0,0,0,0,0,0,0.0,1,validation,10,0.1
vp_217132_case_002__w0001,vp_217132_case_002,0,0,0,0,0,0,0,0,0,0,0,0.0,1,validation,10,0.1
vp_217132_case_002__w0002,vp_217132_case_002,0,0,0,0,0,0,0,0,0,0,0,0.0,1,validation,10,0.1
vp_217132_case_002__w0003,vp_217132_case_002,0,0,0,0,0,0,0,0,0,0,0,0.0,1,validation,10,0.1
vp_217132_case_002__w0004,vp_217132_case_002,0,0,0,0,0,0,0,0,0,0,0,0.0,1,validation,10,0.1
vp_217132_case_002__w0005,vp_217132_case_002,0,0,0,0,0,0,0,0,0,0,0,0.0,1,validation,10,0.1
vp_217132_case_002__w0006,vp_217132_case_002,0,0,0,0,0,0,0,0,0,0,0,0.0,1,validation,10,0.1
vp_217132_case_002__w0007,vp_217132_case_002,0,0,0,0,0,0,0,0,0,0,0,0.0,1,validation,10,0.1
vp_217132_case_002__w0008,vp_217132_case_002,0,0,0,0,0,0,0,0,0,0,0,0.0,1,validation,10,0.1
vp_217132_case_002__w0009,vp_217132_case_002,0,0,0,0,0,0,0,0,0,0,0,0.0,1,validation,10,0.1
vp_217133_case_001__w0000,vp_217133_case_001,0,0,0,0,0,0,0,0,0,0,0,0.0,1,train,4,0.25
vp_217133_case_001__w0001,vp_217133_case_001,0,1,0,0,0,0,0,1,0,0,0,1.0,1,train,4,0.25
vp_217133_case_001__w0002,vp_217133_case_001,1,1,1,0,0,0,0,2,0,1,0,2.0,1,train,4,0.25
vp_217133_case_001__w0003,vp_217133_case_001,1,1,1,0,0,0,0,2,0,1,0,0.0,1,train,4,0.25
vp_217133_case_002__w0000,vp_217133_case_002,0,0,0,0,0,0,0,0,0,0,0,0.0,1,train,7,0.14285714285714285
vp_217133_case_002__w0001,vp_217133_case_002,0,0,0,0,0,0,0,0,0,0,0,0.0,1,train,7,0.14285714285714285
vp_217133_case_002__w0002,vp_217133_case_002,0,0,0,0,0,0,0,0,0,0,0,0.0,1,train,7,0.14285714285714285
vp_217133_case_002__w0003,vp_217133_case_002,0,0,0,0,0,0,0,0,0,0,0,0.0,1,train,7,0.14285714285714285
vp_217133_case_002__w0004,vp_217133_case_002,0,0,0,0,0,0,0,0,0,0,0,0.0,1,train,7,0.14285714285714285
vp_217133_case_002__w0005,vp_217133_case_002,0,0,0,0,0,0,0,0,0,0,0,0.0,1,train,7,0.14285714285714285
vp_217133_case_002__w0006,vp_217133_case_002,0,0,0,0,0,0,0,0,0,0,0,0.0,1,train,7,0.14285714285714285
vp_217133_case_004__w0000,vp_217133_case_004,0,0,0,0,0,0,0,0,0,0,0,0.0,1,train,3,0.3333333333333333
vp_217133_case_004__w0001,vp_217133_case_004,0,0,0,0,0,0,0,0,0,0,0,0.0,1,train,3,0.3333333333333333
vp_217133_case_004__w0002,vp_217133_case_004,0,0,0,0,0,0,0,0,0,0,0,0.0,1,train,3,0.3333333333333333
vp_217134_case_001__w0000,vp_217134_case_001,1,0,0,0,0,0,0,1,0,0,0,0.0,1,test,7,0.14285714285714285
vp_217134_case_001__w0001,vp_217134_case_001,0,0,0,0,0,0,0,0,0,0,0,-1.0,1,test,7,0.14285714285714285
vp_217134_case_001__w0002,vp_217134_case_001,1,0,0,0,0,0,0,1,0,0,0,1.0,1,test,7,0.14285714285714285
vp_217134_case_001__w0003,vp_217134_case_001,1,0,0,0,0,0,0,1,0,0,0,0.0,1,test,7,0.14285714285714285
vp_217134_case_001__w0004,vp_217134_case_001,0,0,0,0,0,0,0,0,0,0,0,-1.0,1,test,7,0.14285714285714285
vp_217134_case_001__w0005,vp_217134_case_001,0,0,0,0,0,0,0,0,0,0,0,0.0,1,test,7,0.14285714285714285
vp_217134_case_001__w0006,vp_217134_case_001,0,1,0,0,0,0,0,1,0,0,0,1.0,1,test,7,0.14285714285714285
vp_36334_case_001__w0000,vp_36334_case_001,0,0,0,0,0,0,0,0,0,0,0,0.0,1,train,1,1.0
vp_36334_case_002__w0000,vp_36334_case_002,0,0,0,0,0,0,0,0,0,0,0,0.0,1,train,19,0.05263157894736842
vp_36334_case_002__w0001,vp_36334_case_002,0,0,0,0,0,0,0,0,0,0,0,0.0,1,train,19,0.05263157894736842
vp_36334_case_002__w0002,vp_36334_case_002,0,0,0,0,0,0,0,0,0,0,0,0.0,1,train,19,0.05263157894736842
vp_36334_case_002__w0003,vp_36334_case_002,0,0,0,0,0,0,0,0,0,0,0,0.0,1,train,19,0.05263157894736842
vp_36334_case_002__w0004,vp_36334_case_002,0,1,0,0,0,0,0,1,0,0,0,1.0,1,train,19,0.05263157894736842
vp_36334_case_002__w0005,vp_36334_case_002,0,1,0,0,0,0,0,1,0,0,0,0.0,1,train,19,0.05263157894736842
vp_36334_case_002__w0006,vp_36334_case_002,0,0,0,0,0,0,0,0,0,0,0,-1.0,1,train,19,0.05263157894736842
vp_36334_case_002__w0007,vp_36334_case_002,0,0,0,0,0,0,0,0,0,0,0,0.0,1,train,19,0.05263157894736842
vp_36334_case_002__w0008,vp_36334_case_002,0,0,0,0,0,0,0,0,0,0,0,0.0,1,train,19,0.05263157894736842
vp_36334_case_002__w0009,vp_36334_case_002,0,0,0,0,0,0,0,0,0,0,0,0.0,1,train,19,0.05263157894736842
vp_36334_case_002__w0010,vp_36334_case_002,0,0,0,0,0,0,0,0,0,0,0,0.0,1,train,19,0.05263157894736842
vp_36334_case_002__w0011,vp_36334_case_002,0,0,0,0,0,0,0,0,0,0,0,0.0,1,train,19,0.05263157894736842
vp_36334_case_002__w0012,vp_36334_case_002,0,0,0,0,0,0,0,0,0,0,0,0.0,1,train,19,0.05263157894736842
vp_36334_case_002__w0013,vp_36334_case_002,0,0,0,0,0,0,0,0,0,0,0,0.0,1,train,19,0.05263157894736842
vp_36334_case_002__w0014,vp_36334_case_002,0,0,0,0,0,0,0,0,0,0,0,0.0,1,train,19,0.05263157894736842
vp_36334_case_002__w0015,vp_36334_case_002,0,0,0,0,0,0,0,0,0,0,0,0.0,1,train,19,0.05263157894736842
vp_36334_case_002__w0016,vp_36334_case_002,0,0,0,0,0,0,0,0,0,0,0,0.0,1,train,19,0.05263157894736842
vp_36334_case_002__w0017,vp_36334_case_002,1,0,0,0,0,0,0,2,0,0,0,2.0,1,train,19,0.05263157894736842
vp_36334_case_002__w0018,vp_36334_case_002,1,0,0,0,0,0,0,2,0,0,0,0.0,1,train,19,0.05263157894736842
vp_36334_case_003__w0000,vp_36334_case_003,0,0,0,0,0,0,0,0,0,0,0,0.0,1,train,1,1.0
vp_36334_case_004__w0000,vp_36334_case_004,1,1,0,0,0,0,0,3,0,0,0,0.0,1,validation,23,0.043478260869565216
vp_36334_case_004__w0001,vp_36334_case_004,1,0,0,0,0,0,0,2,0,0,0,-1.0,1,validation,23,0.043478260869565216
vp_36334_case_004__w0002,vp_36334_case_004,0,0,0,0,0,0,0,0,0,0,0,-2.0,1,validation,23,0.043478260869565216
vp_36334_case_004__w0003,vp_36334_case_004,1,1,0,0,0,0,0,2,0,0,0,2.0,1,validation,23,0.043478260869565216
vp_36334_case_004__w0004,vp_36334_case_004,1,1,0,0,0,0,0,2,0,0,0,0.0,1,validation,23,0.043478260869565216
vp_36334_case_004__w0005,vp_36334_case_004,0,1,0,0,0,0,0,1,0,0,0,-1.0,1,validation,23,0.043478260869565216
vp_36334_case_004__w0006,vp_36334_case_004,1,1,0,0,0,0,0,2,0,0,0,1.0,1,validation,23,0.043478260869565216
vp_36334_case_004__w0007,vp_36334_case_004,1,1,0,0,0,0,0,3,0,0,0,1.0,1,validation,23,0.043478260869565216
vp_36334_case_004__w0008,vp_36334_case_004,0,1,0,0,0,0,0,2,0,0,0,-1.0,1,validation,23,0.043478260869565216
vp_36334_case_004__w0009,vp_36334_case_004,0,0,0,0,0,0,0,0,0,0,0,-2.0,1,validation,23,0.043478260869565216
vp_36334_case_004__w0010,vp_36334_case_004,0,0,0,0,0,0,0,0,0,0,0,0.0,1,validation,23,0.043478260869565216
vp_36334_case_004__w0011,vp_36334_case_004,0,0,0,0,0,0,0,0,0,0,0,0.0,1,validation,23,0.043478260869565216
vp_36334_case_004__w0012,vp_36334_case_004,1,0,0,0,0,0,0,1,0,0,0,1.0,1,validation,23,0.043478260869565216
vp_36334_case_004__w0013,vp_36334_case_004,1,0,0,0,0,0,0,1,0,0,0,0.0,1,validation,23,0.043478260869565216
vp_36334_case_004__w0014,vp_36334_case_004,1,0,0,0,0,0,0,1,0,0,0,0.0,1,validation,23,0.043478260869565216
vp_36334_case_004__w0015,vp_36334_case_004,1,0,0,0,0,0,0,1,0,0,0,0.0,1,validation,23,0.043478260869565216
vp_36334_case_004__w0016,vp_36334_case_004,1,0,0,0,0,0,0,1,0,0,0,0.0,1,validation,23,0.043478260869565216
vp_36334_case_004__w0017,vp_36334_case_004,0,0,0,0,0,0,0,0,0,0,0,-1.0,1,validation,23,0.043478260869565216
vp_36334_case_004__w0018,vp_36334_case_004,0,0,0,0,0,0,0,0,0,0,0,0.0,1,validation,23,0.043478260869565216
vp_36334_case_004__w0019,vp_36334_case_004,1,0,0,0,0,0,0,1,0,0,0,1.0,1,validation,23,0.043478260869565216
vp_36334_case_004__w0020,vp_36334_case_004,1,0,0,0,0,0,0,1,0,0,0,0.0,1,validation,23,0.043478260869565216
vp_36334_case_004__w0021,vp_36334_case_004,0,0,0,0,0,0,0,0,0,0,0,-1.0,1,validation,23,0.043478260869565216
vp_36334_case_004__w0022,vp_36334_case_004,0,0,0,0,0,0,0,0,0,0,0,0.0,1,validation,23,0.043478260869565216
vp_36335_case_001__w0000,vp_36335_case_001,0,0,0,0,0,0,0,0,0,0,0,0.0,1,train,13,0.07692307692307693
vp_36335_case_001__w0001,vp_36335_case_001,0,1,0,0,0,0,0,1,0,0,0,1.0,1,train,13,0.07692307692307693
vp_36335_case_001__w0002,vp_36335_case_001,0,1,0,0,0,0,0,1,0,0,0,0.0,1,train,13,0.07692307692307693
vp_36335_case_001__w0003,vp_36335_case_001,0,0,0,0,0,0,0,0,0,0,0,-1.0,1,train,13,0.07692307692307693
vp_36335_case_001__w0004,vp_36335_case_001,0,0,0,0,0,0,0,0,0,0,0,0.0,1,train,13,0.07692307692307693
vp_36335_case_001__w0005,vp_36335_case_001,0,0,0,0,0,0,0,0,0,0,0,0.0,1,train,13,0.07692307692307693
vp_36335_case_001__w0006,vp_36335_case_001,0,0,0,0,0,0,0,0,0,0,0,0.0,1,train,13,0.07692307692307693
vp_36335_case_001__w0007,vp_36335_case_001,0,0,0,0,0,0,0,0,0,0,0,0.0,1,train,13,0.07692307692307693
vp_36335_case_001__w0008,vp_36335_case_001,0,0,0,0,0,0,0,0,0,0,0,0.0,1,train,13,0.07692307692307693
vp_36335_case_001__w0009,vp_36335_case_001,0,0,0,0,0,0,0,0,0,0,0,0.0,1,train,13,0.07692307692307693
vp_36335_case_001__w0010,vp_36335_case_001,0,0,0,0,0,0,0,0,0,0,0,0.0,1,train,13,0.07692307692307693
vp_36335_case_001__w0011,vp_36335_case_001,0,0,0,0,0,0,0,0,0,0,0,0.0,1,train,13,0.07692307692307693
vp_36335_case_001__w0012,vp_36335_case_001,0,0,0,0,0,0,0,0,0,0,0,0.0,1,train,13,0.07692307692307693
vp_36337_case_001__w0000,vp_36337_case_001,0,1,0,1,0,0,0,2,0,0,0,0.0,1,test,4,0.25
vp_36337_case_001__w0001,vp_36337_case_001,0,0,0,1,0,0,0,1,0,0,0,-1.0,1,test,4,0.25
vp_36337_case_001__w0002,vp_36337_case_001,0,0,0,0,0,0,0,0,0,0,0,-2.0,1,test,4,0.25
vp_36337_case_001__w0003,vp_36337_case_001,0,0,0,0,0,0,0,0,0,0,0,0.0,1,test,4,0.25
vp_36338_case_001__w0000,vp_36338_case_001,0,0,0,0,0,0,0,0,0,0,0,0.0,1,train,10,0.1
vp_36338_case_001__w0001,vp_36338_case_001,0,0,0,0,0,0,0,0,0,0,0,0.0,1,train,10,0.1
vp_36338_case_001__w0002,vp_36338_case_001,0,0,0,0,0,0,0,0,0,0,0,0.0,1,train,10,0.1
vp_36338_case_001__w0003,vp_36338_case_001,0,0,0,0,0,0,0,0,0,0,0,0.0,1,train,10,0.1
vp_36338_case_001__w0004,vp_36338_case_001,0,0,0,0,0,0,0,0,0,0,0,0.0,1,train,10,0.1
vp_36338_case_001__w0005,vp_36338_case_001,0,0,0,0,0,0,0,0,0,0,0,0.0,1,train,10,0.1
vp_36338_case_001__w0006,vp_36338_case_001,0,0,0,0,0,0,0,0,0,0,0,0.0,1,train,10,0.1
vp_36338_case_001__w0007,vp_36338_case_001,0,0,0,0,0,0,0,0,0,0,0,0.0,1,train,10,0.1
vp_36338_case_001__w0008,vp_36338_case_001,0,0,0,0,0,0,0,0,0,0,0,0.0,1,train,10,0.1
vp_36338_case_001__w0009,vp_36338_case_001,0,0,0,0,0,0,0,0,0,0,0,0.0,1,train,10,0.1
vp_36339_case_004__w0000,vp_36339_case_004,0,0,0,0,0,0,0,0,0,0,0,0.0,1,train,1,1.0
vp_36339_case_005__w0000,vp_36339_case_005,0,0,0,0,0,0,0,0,0,0,0,0.0,1,train,2,0.5
vp_36339_case_005__w0001,vp_36339_case_005,0,0,0,0,0,0,0,0,0,0,0,0.0,1,train,2,0.5
vp_36340_case_001__w0000,vp_36340_case_001,0,1,0,0,0,0,0,1,0,0,0,0.0,1,train,6,0.16666666666666666
vp_36340_case_001__w0001,vp_36340_case_001,0,0,0,0,0,0,0,0,0,0,0,-1.0,1,train,6,0.16666666666666666
vp_36340_case_001__w0002,vp_36340_case_001,0,0,0,0,0,0,0,0,0,0,0,0.0,1,train,6,0.16666666666666666
vp_36340_case_001__w0003,vp_36340_case_001,0,0,0,0,0,0,0,0,0,0,0,0.0,1,train,6,0.16666666666666666
vp_36340_case_001__w0004,vp_36340_case_001,0,0,0,0,0,0,0,0,0,0,0,0.0,1,train,6,0.16666666666666666
vp_36340_case_001__w0005,vp_36340_case_001,0,0,0,0,0,0,0,0,0,0,0,0.0,1,train,6,0.16666666666666666
vp_36341_case_001__w0000,vp_36341_case_001,1,0,0,1,0,0,0,1,0,1,0,0.0,1,train,2,0.5
vp_36341_case_001__w0001,vp_36341_case_001,0,0,0,0,0,0,0,0,0,0,0,-2.0,1,train,2,0.5
vp_36342_case_001__w0000,vp_36342_case_001,1,1,0,0,0,0,0,2,0,0,0,0.0,1,train,5,0.2
vp_36342_case_001__w0001,vp_36342_case_001,0,1,0,0,0,0,0,1,0,0,0,-1.0,1,train,5,0.2
vp_36342_case_001__w0002,vp_36342_case_001,0,1,0,0,0,0,0,1,0,0,0,0.0,1,train,5,0.2
vp_36342_case_001__w0003,vp_36342_case_001,0,1,0,0,0,0,0,1,0,0,0,0.0,1,train,5,0.2
vp_36342_case_001__w0004,vp_36342_case_001,0,1,0,0,0,0,0,1,0,0,0,0.0,1,train,5,0.2
vp_36342_case_002__w0000,vp_36342_case_002,0,1,0,0,0,0,0,1,0,0,0,0.0,1,train,2,0.5
vp_36342_case_002__w0001,vp_36342_case_002,0,1,0,0,0,0,0,1,0,0,0,0.0,1,train,2,0.5
vp_36342_case_003__w0000,vp_36342_case_003,0,0,0,0,0,0,0,0,0,0,0,0.0,1,train,3,0.3333333333333333
vp_36342_case_003__w0001,vp_36342_case_003,0,0,0,0,0,0,0,0,0,0,0,0.0,1,train,3,0.3333333333333333
vp_36342_case_003__w0002,vp_36342_case_003,0,0,0,0,0,0,0,0,0,0,0,0.0,1,train,3,0.3333333333333333
vp_36342_case_004__w0000,vp_36342_case_004,0,0,0,0,0,0,0,0,0,0,0,0.0,1,train,10,0.1
vp_36342_case_004__w0001,vp_36342_case_004,0,1,0,0,0,0,0,1,0,0,0,1.0,1,train,10,0.1
vp_36342_case_004__w0002,vp_36342_case_004,0,1,0,0,0,0,0,1,0,0,0,0.0,1,train,10,0.1
vp_36342_case_004__w0003,vp_36342_case_004,0,1,0,0,0,0,0,1,0,0,0,0.0,1,train,10,0.1
vp_36342_case_004__w0004,vp_36342_case_004,0,0,0,0,0,0,0,0,0,0,0,-1.0,1,train,10,0.1
vp_36342_case_004__w0005,vp_36342_case_004,0,1,0,0,0,0,0,1,0,0,0,1.0,1,train,10,0.1
vp_36342_case_004__w0006,vp_36342_case_004,0,1,0,0,0,0,0,1,0,0,0,0.0,1,train,10,0.1
vp_36342_case_004__w0007,vp_36342_case_004,0,0,0,0,0,0,0,0,0,0,0,-1.0,1,train,10,0.1
vp_36342_case_004__w0008,vp_36342_case_004,0,0,0,0,0,0,0,0,0,0,0,0.0,1,train,10,0.1
vp_36342_case_004__w0009,vp_36342_case_004,0,0,0,0,0,0,0,0,0,0,0,0.0,1,train,10,0.1
vp_36343_case_001__w0000,vp_36343_case_001,0,0,0,0,0,0,0,0,0,0,0,0.0,1,train,21,0.047619047619047616
vp_36343_case_001__w0001,vp_36343_case_001,0,0,0,0,0,0,0,0,0,0,0,0.0,1,train,21,0.047619047619047616
vp_36343_case_001__w0002,vp_36343_case_001,0,0,0,0,0,0,0,0,0,0,0,0.0,1,train,21,0.047619047619047616
vp_36343_case_001__w0003,vp_36343_case_001,0,0,0,0,0,0,0,0,0,0,0,0.0,1,train,21,0.047619047619047616
vp_36343_case_001__w0004,vp_36343_case_001,0,0,0,0,0,0,0,0,0,0,0,0.0,1,train,21,0.047619047619047616
vp_36343_case_001__w0005,vp_36343_case_001,0,0,0,0,0,0,0,0,0,0,0,0.0,1,train,21,0.047619047619047616
vp_36343_case_001__w0006,vp_36343_case_001,0,0,0,0,0,0,0,0,0,0,0,0.0,1,train,21,0.047619047619047616
vp_36343_case_001__w0007,vp_36343_case_001,0,0,0,0,0,0,0,0,0,0,0,0.0,1,train,21,0.047619047619047616
vp_36343_case_001__w0008,vp_36343_case_001,0,0,0,0,0,0,0,0,0,0,0,0.0,1,train,21,0.047619047619047616
vp_36343_case_001__w0009,vp_36343_case_001,0,0,0,0,0,0,0,0,0,0,0,0.0,1,train,21,0.047619047619047616
vp_36343_case_001__w0010,vp_36343_case_001,0,0,0,0,0,0,0,0,0,0,0,0.0,1,train,21,0.047619047619047616
vp_36343_case_001__w0011,vp_36343_case_001,0,0,0,1,0,0,0,0,0,0,0,1.0,1,train,21,0.047619047619047616
vp_36343_case_001__w0012,vp_36343_case_001,0,0,0,1,0,0,0,0,0,0,0,0.0,1,train,21,0.047619047619047616
vp_36343_case_001__w0013,vp_36343_case_001,0,0,0,1,0,0,0,0,0,0,0,0.0,1,train,21,0.047619047619047616
vp_36343_case_001__w0014,vp_36343_case_001,0,0,0,1,0,0,0,0,0,0,0,0.0,1,train,21,0.047619047619047616
vp_36343_case_001__w0015,vp_36343_case_001,0,0,0,0,0,0,0,0,0,0,0,-1.0,1,train,21,0.047619047619047616
vp_36343_case_001__w0016,vp_36343_case_001,0,0,0,0,0,0,0,0,0,0,0,0.0,1,train,21,0.047619047619047616
vp_36343_case_001__w0017,vp_36343_case_001,1,0,0,0,0,0,0,1,0,0,0,1.0,1,train,21,0.047619047619047616
vp_36343_case_001__w0018,vp_36343_case_001,1,0,0,0,0,0,0,1,0,0,0,0.0,1,train,21,0.047619047619047616
vp_36343_case_001__w0019,vp_36343_case_001,0,0,0,0,0,0,0,0,0,0,0,-1.0,1,train,21,0.047619047619047616
vp_36343_case_001__w0020,vp_36343_case_001,0,0,0,0,0,0,0,0,0,0,0,0.0,1,train,21,0.047619047619047616
vp_36344_case_001__w0000,vp_36344_case_001,0,0,0,0,0,0,0,0,0,0,0,0.0,1,train,10,0.1
vp_36344_case_001__w0001,vp_36344_case_001,0,0,0,0,0,0,0,0,0,0,0,0.0,1,train,10,0.1
vp_36344_case_001__w0002,vp_36344_case_001,0,0,0,0,0,0,0,0,0,0,0,0.0,1,train,10,0.1
vp_36344_case_001__w0003,vp_36344_case_001,0,0,0,0,0,0,0,0,0,0,0,0.0,1,train,10,0.1
vp_36344_case_001__w0004,vp_36344_case_001,0,0,0,0,0,0,0,0,0,0,0,0.0,1,train,10,0.1
vp_36344_case_001__w0005,vp_36344_case_001,0,0,0,0,0,0,0,0,0,0,0,0.0,1,train,10,0.1
vp_36344_case_001__w0006,vp_36344_case_001,0,0,0,0,0,0,0,0,0,0,0,0.0,1,train,10,0.1
vp_36344_case_001__w0007,vp_36344_case_001,0,0,0,0,0,0,0,1,0,0,0,1.0,1,train,10,0.1
vp_36344_case_001__w0008,vp_36344_case_001,0,0,0,0,0,0,0,1,0,0,0,0.0,1,train,10,0.1
vp_36344_case_001__w0009,vp_36344_case_001,0,0,0,0,0,0,0,0,0,0,0,-1.0,1,train,10,0.1
vp_36345_case_001__w0000,vp_36345_case_001,0,1,0,0,0,0,0,1,0,0,0,0.0,1,train,15,0.06666666666666667
vp_36345_case_001__w0001,vp_36345_case_001,0,0,0,0,0,0,0,0,0,0,0,-1.0,1,train,15,0.06666666666666667
vp_36345_case_001__w0002,vp_36345_case_001,0,0,0,0,0,0,0,0,0,0,0,0.0,1,train,15,0.06666666666666667
vp_36345_case_001__w0003,vp_36345_case_001,0,0,0,0,0,0,0,0,0,0,0,0.0,1,train,15,0.06666666666666667
vp_36345_case_001__w0004,vp_36345_case_001,0,0,0,0,0,0,0,0,0,0,0,0.0,1,train,15,0.06666666666666667
vp_36345_case_001__w0005,vp_36345_case_001,1,0,0,0,0,0,0,1,0,0,0,1.0,1,train,15,0.06666666666666667
vp_36345_case_001__w0006,vp_36345_case_001,1,0,0,0,0,0,0,1,0,0,0,0.0,1,train,15,0.06666666666666667
vp_36345_case_001__w0007,vp_36345_case_001,0,0,0,0,0,0,0,0,0,0,0,-1.0,1,train,15,0.06666666666666667
vp_36345_case_001__w0008,vp_36345_case_001,0,0,0,0,0,0,0,0,0,0,0,0.0,1,train,15,0.06666666666666667
vp_36345_case_001__w0009,vp_36345_case_001,1,1,1,0,0,0,0,2,0,1,0,3.0,1,train,15,0.06666666666666667
vp_36345_case_001__w0010,vp_36345_case_001,1,1,1,0,0,0,0,2,0,1,0,0.0,1,train,15,0.06666666666666667
vp_36345_case_001__w0011,vp_36345_case_001,0,0,0,0,0,0,0,0,0,0,0,-3.0,1,train,15,0.06666666666666667
vp_36345_case_001__w0012,vp_36345_case_001,0,0,0,0,0,0,0,0,0,0,0,0.0,1,train,15,0.06666666666666667
vp_36345_case_001__w0013,vp_36345_case_001,0,0,0,0,0,0,0,0,0,0,0,0.0,1,train,15,0.06666666666666667
vp_36345_case_001__w0014,vp_36345_case_001,0,0,0,0,0,0,0,0,0,0,0,0.0,1,train,15,0.06666666666666667
vp_36346_case_001__w0000,vp_36346_case_001,1,1,0,0,0,0,0,2,0,0,0,0.0,1,test,22,0.045454545454545456
vp_36346_case_001__w0001,vp_36346_case_001,0,1,0,0,0,0,0,1,0,0,0,-1.0,1,test,22,0.045454545454545456
vp_36346_case_001__w0002,vp_36346_case_001,0,1,0,0,0,0,0,1,0,0,0,0.0,1,test,22,0.045454545454545456
vp_36346_case_001__w0003,vp_36346_case_001,0,0,0,0,0,0,0,0,0,0,0,-1.0,1,test,22,0.045454545454545456
vp_36346_case_001__w0004,vp_36346_case_001,0,0,0,0,0,0,0,0,0,0,0,0.0,1,test,22,0.045454545454545456
vp_36346_case_001__w0005,vp_36346_case_001,0,0,0,0,0,0,0,0,0,0,0,0.0,1,test,22,0.045454545454545456
vp_36346_case_001__w0006,vp_36346_case_001,0,0,0,0,0,0,0,0,0,0,0,0.0,1,test,22,0.045454545454545456
vp_36346_case_001__w0007,vp_36346_case_001,0,0,0,0,0,0,0,0,0,0,0,0.0,1,test,22,0.045454545454545456
vp_36346_case_001__w0008,vp_36346_case_001,0,0,0,0,0,0,0,0,0,0,0,0.0,1,test,22,0.045454545454545456
vp_36346_case_001__w0009,vp_36346_case_001,0,1,0,0,0,0,0,1,0,0,0,1.0,1,test,22,0.045454545454545456
vp_36346_case_001__w0010,vp_36346_case_001,0,1,0,0,0,0,0,1,0,0,0,0.0,1,test,22,0.045454545454545456
vp_36346_case_001__w0011,vp_36346_case_001,0,1,0,0,0,0,0,1,0,0,0,0.0,1,test,22,0.045454545454545456
vp_36346_case_001__w0012,vp_36346_case_001,0,1,0,0,0,0,0,1,0,0,0,0.0,1,test,22,0.045454545454545456
vp_36346_case_001__w0013,vp_36346_case_001,0,0,0,0,0,0,0,0,0,0,0,-1.0,1,test,22,0.045454545454545456
vp_36346_case_001__w0014,vp_36346_case_001,0,0,0,0,0,0,0,0,0,0,0,0.0,1,test,22,0.045454545454545456
vp_36346_case_001__w0015,vp_36346_case_001,0,0,0,0,0,0,0,0,0,0,0,0.0,1,test,22,0.045454545454545456
vp_36346_case_001__w0016,vp_36346_case_001,0,0,0,0,0,0,0,0,0,0,0,0.0,1,test,22,0.045454545454545456
vp_36346_case_001__w0017,vp_36346_case_001,0,0,0,0,0,0,0,0,0,0,0,0.0,1,test,22,0.045454545454545456
vp_36346_case_001__w0018,vp_36346_case_001,0,0,0,0,0,0,0,0,0,0,0,0.0,1,test,22,0.045454545454545456
vp_36346_case_001__w0019,vp_36346_case_001,0,0,0,0,0,0,0,0,0,0,0,0.0,1,test,22,0.045454545454545456
vp_36346_case_001__w0020,vp_36346_case_001,0,0,0,0,0,0,0,0,0,0,0,0.0,1,test,22,0.045454545454545456
vp_36346_case_001__w0021,vp_36346_case_001,0,0,0,0,0,0,0,0,0,0,0,0.0,1,test,22,0.045454545454545456
vp_36347_case_001__w0000,vp_36347_case_001,1,1,0,0,0,0,0,2,0,0,0,0.0,1,test,21,0.047619047619047616
vp_36347_case_001__w0001,vp_36347_case_001,1,0,0,0,0,0,0,1,0,0,0,-1.0,1,test,21,0.047619047619047616
vp_36347_case_001__w0002,vp_36347_case_001,1,0,0,0,0,0,0,1,0,0,0,0.0,1,test,21,0.047619047619047616
vp_36347_case_001__w0003,vp_36347_case_001,0,0,0,0,0,0,0,0,0,0,0,-1.0,1,test,21,0.047619047619047616
vp_36347_case_001__w0004,vp_36347_case_001,1,1,1,0,0,0,0,2,0,1,0,3.0,1,test,21,0.047619047619047616
vp_36347_case_001__w0005,vp_36347_case_001,1,1,1,0,0,0,0,2,0,1,0,0.0,1,test,21,0.047619047619047616
vp_36347_case_001__w0006,vp_36347_case_001,0,1,0,0,0,0,0,1,0,0,0,-2.0,1,test,21,0.047619047619047616
vp_36347_case_001__w0007,vp_36347_case_001,0,1,0,0,0,0,0,1,0,0,0,0.0,1,test,21,0.047619047619047616
vp_36347_case_001__w0008,vp_36347_case_001,0,0,0,0,0,0,0,0,0,0,0,-1.0,1,test,21,0.047619047619047616
vp_36347_case_001__w0009,vp_36347_case_001,0,0,0,0,0,0,0,0,0,0,0,0.0,1,test,21,0.047619047619047616
vp_36347_case_001__w0010,vp_36347_case_001,0,0,0,0,0,0,0,0,0,0,0,0.0,1,test,21,0.047619047619047616
vp_36347_case_001__w0011,vp_36347_case_001,0,0,0,0,0,0,0,0,0,0,0,0.0,1,test,21,0.047619047619047616
vp_36347_case_001__w0012,vp_36347_case_001,0,0,0,0,0,0,0,0,0,0,0,0.0,1,test,21,0.047619047619047616
vp_36347_case_001__w0013,vp_36347_case_001,0,0,0,0,0,0,0,0,0,0,0,0.0,1,test,21,0.047619047619047616
vp_36347_case_001__w0014,vp_36347_case_001,0,0,0,0,0,0,0,0,0,0,0,0.0,1,test,21,0.047619047619047616
vp_36347_case_001__w0015,vp_36347_case_001,0,0,0,0,0,0,0,0,0,0,0,0.0,1,test,21,0.047619047619047616
vp_36347_case_001__w0016,vp_36347_case_001,0,0,0,0,0,0,0,0,0,0,0,0.0,1,test,21,0.047619047619047616
vp_36347_case_001__w0017,vp_36347_case_001,0,0,0,0,0,0,0,0,0,0,0,0.0,1,test,21,0.047619047619047616
vp_36347_case_001__w0018,vp_36347_case_001,0,0,0,0,0,0,0,0,0,0,0,0.0,1,test,21,0.047619047619047616
vp_36347_case_001__w0019,vp_36347_case_001,0,0,0,0,0,0,0,0,0,0,0,0.0,1,test,21,0.047619047619047616
vp_36347_case_001__w0020,vp_36347_case_001,0,0,0,0,0,0,0,0,0,0,0,0.0,1,test,21,0.047619047619047616
vp_36347_case_002__w0000,vp_36347_case_002,0,0,0,0,0,0,0,0,0,0,0,0.0,1,train,3,0.3333333333333333
vp_36347_case_002__w0001,vp_36347_case_002,1,0,0,0,0,0,0,1,0,0,0,1.0,1,train,3,0.3333333333333333
vp_36347_case_002__w0002,vp_36347_case_002,1,0,0,0,0,0,0,1,0,0,0,0.0,1,train,3,0.3333333333333333
vp_36348_case_001__w0000,vp_36348_case_001,1,1,1,0,0,0,0,2,0,1,0,0.0,1,train,23,0.043478260869565216
vp_36348_case_001__w0001,vp_36348_case_001,0,1,0,0,0,0,0,1,0,0,0,-2.0,1,train,23,0.043478260869565216
vp_36348_case_001__w0002,vp_36348_case_001,0,1,0,0,0,0,0,1,0,0,0,0.0,1,train,23,0.043478260869565216
vp_36348_case_001__w0003,vp_36348_case_001,0,0,0,0,0,0,0,0,0,0,0,-1.0,1,train,23,0.043478260869565216
vp_36348_case_001__w0004,vp_36348_case_001,0,0,0,0,0,0,0,0,0,0,0,0.0,1,train,23,0.043478260869565216
vp_36348_case_001__w0005,vp_36348_case_001,0,1,0,0,0,0,0,1,0,0,0,1.0,1,train,23,0.043478260869565216
vp_36348_case_001__w0006,vp_36348_case_001,0,1,0,0,0,0,0,1,0,0,0,0.0,1,train,23,0.043478260869565216
vp_36348_case_001__w0007,vp_36348_case_001,0,0,0,0,0,0,0,0,0,0,0,-1.0,1,train,23,0.043478260869565216
vp_36348_case_001__w0008,vp_36348_case_001,0,0,0,0,0,0,0,0,0,0,0,0.0,1,train,23,0.043478260869565216
vp_36348_case_001__w0009,vp_36348_case_001,0,0,0,0,0,0,0,0,0,0,0,0.0,1,train,23,0.043478260869565216
vp_36348_case_001__w0010,vp_36348_case_001,0,0,0,0,0,0,0,0,0,0,0,0.0,1,train,23,0.043478260869565216
vp_36348_case_001__w0011,vp_36348_case_001,0,0,0,0,0,0,0,0,0,0,0,0.0,1,train,23,0.043478260869565216
vp_36348_case_001__w0012,vp_36348_case_001,0,0,0,0,0,0,0,0,0,0,0,0.0,1,train,23,0.043478260869565216
vp_36348_case_001__w0013,vp_36348_case_001,0,0,0,0,0,0,0,0,0,0,0,0.0,1,train,23,0.043478260869565216
vp_36348_case_001__w0014,vp_36348_case_001,0,0,0,0,0,0,0,0,0,0,0,0.0,1,train,23,0.043478260869565216
vp_36348_case_001__w0015,vp_36348_case_001,0,0,0,0,0,0,0,0,0,0,0,0.0,1,train,23,0.043478260869565216
vp_36348_case_001__w0016,vp_36348_case_001,0,0,0,0,0,0,0,0,0,0,0,0.0,1,train,23,0.043478260869565216
vp_36348_case_001__w0017,vp_36348_case_001,0,0,0,0,0,0,0,0,0,0,0,0.0,1,train,23,0.043478260869565216
vp_36348_case_001__w0018,vp_36348_case_001,0,0,0,0,0,0,0,0,0,0,0,0.0,1,train,23,0.043478260869565216
vp_36348_case_001__w0019,vp_36348_case_001,0,0,0,0,0,0,0,0,0,0,0,0.0,1,train,23,0.043478260869565216
vp_36348_case_001__w0020,vp_36348_case_001,0,0,0,0,0,0,0,0,0,0,0,0.0,1,train,23,0.043478260869565216
vp_36348_case_001__w0021,vp_36348_case_001,0,0,0,0,0,0,0,0,0,0,0,0.0,1,train,23,0.043478260869565216
vp_36348_case_001__w0022,vp_36348_case_001,0,0,0,0,0,0,0,0,0,0,0,0.0,1,train,23,0.043478260869565216
vp_36349_case_001__w0000,vp_36349_case_001,1,1,1,0,0,0,0,2,0,1,0,0.0,1,test,8,0.125
vp_36349_case_001__w0001,vp_36349_case_001,1,1,0,0,0,0,0,2,0,0,0,-1.0,1,test,8,0.125
vp_36349_case_001__w0002,vp_36349_case_001,1,1,0,0,0,0,0,2,0,0,0,0.0,1,test,8,0.125
vp_36349_case_001__w0003,vp_36349_case_001,0,0,0,0,0,0,0,0,0,0,0,-2.0,1,test,8,0.125
vp_36349_case_001__w0004,vp_36349_case_001,0,0,0,0,0,0,0,0,0,0,0,0.0,1,test,8,0.125
vp_36349_case_001__w0005,vp_36349_case_001,0,0,0,0,0,0,0,0,0,0,0,0.0,1,test,8,0.125
vp_36349_case_001__w0006,vp_36349_case_001,0,0,0,0,0,0,0,0,0,0,0,0.0,1,test,8,0.125
vp_36349_case_001__w0007,vp_36349_case_001,0,0,0,0,0,0,0,0,0,0,0,0.0,1,test,8,0.125
vp_36349_case_002__w0000,vp_36349_case_002,0,0,0,0,0,0,0,0,0,0,0,0.0,1,train,30,0.03333333333333333
vp_36349_case_002__w0001,vp_36349_case_002,0,0,0,0,0,0,0,0,0,0,0,0.0,1,train,30,0.03333333333333333
vp_36349_case_002__w0002,vp_36349_case_002,0,0,0,0,0,0,0,0,0,0,0,0.0,1,train,30,0.03333333333333333
vp_36349_case_002__w0003,vp_36349_case_002,0,0,0,0,0,0,0,0,0,0,0,0.0,1,train,30,0.03333333333333333
vp_36349_case_002__w0004,vp_36349_case_002,0,0,0,0,0,0,0,0,0,0,0,0.0,1,train,30,0.03333333333333333
vp_36349_case_002__w0005,vp_36349_case_002,0,0,0,0,0,0,0,0,0,0,0,0.0,1,train,30,0.03333333333333333
vp_36349_case_002__w0006,vp_36349_case_002,1,0,0,0,0,0,0,1,0,0,0,1.0,1,train,30,0.03333333333333333
vp_36349_case_002__w0007,vp_36349_case_002,1,0,0,0,0,0,0,1,0,0,0,0.0,1,train,30,0.03333333333333333
vp_36349_case_002__w0008,vp_36349_case_002,0,0,0,0,0,0,0,0,0,0,0,-1.0,1,train,30,0.03333333333333333
vp_36349_case_002__w0009,vp_36349_case_002,0,0,0,0,0,0,0,0,0,0,0,0.0,1,train,30,0.03333333333333333
vp_36349_case_002__w0010,vp_36349_case_002,0,0,0,0,0,0,0,0,0,0,0,0.0,1,train,30,0.03333333333333333
vp_36349_case_002__w0011,vp_36349_case_002,0,0,0,0,0,0,0,0,0,0,0,0.0,1,train,30,0.03333333333333333
vp_36349_case_002__w0012,vp_36349_case_002,0,0,0,0,0,0,0,0,0,0,0,0.0,1,train,30,0.03333333333333333
vp_36349_case_002__w0013,vp_36349_case_002,0,0,0,0,0,0,0,0,0,0,0,0.0,1,train,30,0.03333333333333333
vp_36349_case_002__w0014,vp_36349_case_002,0,0,0,0,0,0,0,0,0,0,0,0.0,1,train,30,0.03333333333333333
vp_36349_case_002__w0015,vp_36349_case_002,0,0,0,0,0,0,0,0,0,0,0,0.0,1,train,30,0.03333333333333333
vp_36349_case_002__w0016,vp_36349_case_002,0,0,0,0,0,0,0,0,0,0,0,0.0,1,train,30,0.03333333333333333
vp_36349_case_002__w0017,vp_36349_case_002,0,0,0,0,0,0,0,0,0,0,0,0.0,1,train,30,0.03333333333333333
vp_36349_case_002__w0018,vp_36349_case_002,0,1,0,1,0,0,0,1,0,0,0,2.0,1,train,30,0.03333333333333333
vp_36349_case_002__w0019,vp_36349_case_002,0,1,0,1,0,0,0,1,0,0,0,0.0,1,train,30,0.03333333333333333
vp_36349_case_002__w0020,vp_36349_case_002,0,0,0,1,0,0,0,0,0,0,0,-1.0,1,train,30,0.03333333333333333
vp_36349_case_002__w0021,vp_36349_case_002,0,0,0,1,0,0,0,0,0,0,0,0.0,1,train,30,0.03333333333333333
vp_36349_case_002__w0022,vp_36349_case_002,0,1,0,1,0,0,0,1,0,0,0,1.0,1,train,30,0.03333333333333333
vp_36349_case_002__w0023,vp_36349_case_002,0,1,0,1,0,0,0,1,0,0,0,0.0,1,train,30,0.03333333333333333
vp_36349_case_002__w0024,vp_36349_case_002,0,0,0,1,0,0,0,0,0,0,0,-1.0,1,train,30,0.03333333333333333
vp_36349_case_002__w0025,vp_36349_case_002,0,0,0,1,0,0,0,0,0,0,0,0.0,1,train,30,0.03333333333333333
vp_36349_case_002__w0026,vp_36349_case_002,1,0,0,0,0,0,0,1,0,0,0,0.0,1,train,30,0.03333333333333333
vp_36349_case_002__w0027,vp_36349_case_002,1,0,0,0,0,0,0,1,0,0,0,0.0,1,train,30,0.03333333333333333
vp_36349_case_002__w0028,vp_36349_case_002,1,0,0,0,0,0,0,1,0,0,0,0.0,1,train,30,0.03333333333333333
vp_36349_case_002__w0029,vp_36349_case_002,0,0,0,0,0,0,0,0,0,0,0,-1.0,1,train,30,0.03333333333333333
vp_36350_case_001__w0000,vp_36350_case_001,1,1,1,0,0,0,0,2,0,1,0,0.0,1,train,19,0.05263157894736842
vp_36350_case_001__w0001,vp_36350_case_001,1,1,0,0,0,0,0,2,0,0,0,-1.0,1,train,19,0.05263157894736842
vp_36350_case_001__w0002,vp_36350_case_001,0,0,0,0,0,0,0,0,0,0,0,-2.0,1,train,19,0.05263157894736842
vp_36350_case_001__w0003,vp_36350_case_001,1,1,0,0,0,0,0,2,0,0,0,2.0,1,train,19,0.05263157894736842
vp_36350_case_001__w0004,vp_36350_case_001,1,1,0,0,0,0,0,2,0,0,0,0.0,1,train,19,0.05263157894736842
vp_36350_case_001__w0005,vp_36350_case_001,0,0,0,0,0,0,0,0,0,0,0,-2.0,1,train,19,0.05263157894736842
vp_36350_case_001__w0006,vp_36350_case_001,0,0,0,0,0,0,0,0,0,0,0,0.0,1,train,19,0.05263157894736842
vp_36350_case_001__w0007,vp_36350_case_001,0,0,0,0,0,0,0,0,0,0,0,0.0,1,train,19,0.05263157894736842
vp_36350_case_001__w0008,vp_36350_case_001,0,0,0,0,0,0,0,0,0,0,0,0.0,1,train,19,0.05263157894736842
vp_36350_case_001__w0009,vp_36350_case_001,0,0,0,0,0,0,0,0,0,0,0,0.0,1,train,19,0.05263157894736842
vp_36350_case_001__w0010,vp_36350_case_001,0,0,0,0,0,0,0,0,0,0,0,0.0,1,train,19,0.05263157894736842
vp_36350_case_001__w0011,vp_36350_case_001,0,0,0,0,0,0,0,0,0,0,0,0.0,1,train,19,0.05263157894736842
vp_36350_case_001__w0012,vp_36350_case_001,0,0,0,0,0,0,0,0,0,0,0,0.0,1,train,19,0.05263157894736842
vp_36350_case_001__w0013,vp_36350_case_001,0,0,0,0,0,0,0,0,0,0,0,0.0,1,train,19,0.05263157894736842
vp_36350_case_001__w0014,vp_36350_case_001,0,0,0,0,0,0,0,0,0,0,0,0.0,1,train,19,0.05263157894736842
vp_36350_case_001__w0015,vp_36350_case_001,0,0,0,0,0,0,0,0,0,0,0,0.0,1,train,19,0.05263157894736842
vp_36350_case_001__w0016,vp_36350_case_001,0,0,0,0,0,0,0,0,0,0,0,0.0,1,train,19,0.05263157894736842
vp_36350_case_001__w0017,vp_36350_case_001,0,0,0,0,0,0,0,0,0,0,0,0.0,1,train,19,0.05263157894736842
vp_36350_case_001__w0018,vp_36350_case_001,1,0,0,0,0,0,0,1,0,0,0,1.0,1,train,19,0.05263157894736842
vp_36350_case_003__w0000,vp_36350_case_003,1,1,0,0,0,0,0,2,0,0,0,0.0,1,train,1,1.0
vp_36351_case_001__w0000,vp_36351_case_001,0,0,0,0,0,0,0,0,0,0,0,0.0,1,train,6,0.16666666666666666
vp_36351_case_001__w0001,vp_36351_case_001,0,0,0,1,0,0,0,0,0,0,0,1.0,1,train,6,0.16666666666666666
vp_36351_case_001__w0002,vp_36351_case_001,0,0,0,1,0,0,0,0,0,0,0,0.0,1,train,6,0.16666666666666666
vp_36351_case_001__w0003,vp_36351_case_001,0,0,0,0,0,0,0,0,0,0,0,-1.0,1,train,6,0.16666666666666666
vp_36351_case_001__w0004,vp_36351_case_001,0,0,0,0,0,0,0,0,0,0,0,0.0,1,train,6,0.16666666666666666
vp_36351_case_001__w0005,vp_36351_case_001,1,0,0,0,0,0,0,1,0,0,0,1.0,1,train,6,0.16666666666666666
vp_36351_case_002__w0000,vp_36351_case_002,1,1,1,0,0,0,0,2,0,1,0,0.0,1,train,2,0.5
vp_36351_case_002__w0001,vp_36351_case_002,1,0,0,0,0,0,0,1,0,0,0,-2.0,1,train,2,0.5
vp_36352_case_001__w0000,vp_36352_case_001,0,1,0,0,0,0,0,1,0,0,0,0.0,1,train,7,0.14285714285714285
vp_36352_case_001__w0001,vp_36352_case_001,1,1,1,0,0,0,0,2,0,1,0,2.0,1,train,7,0.14285714285714285
vp_36352_case_001__w0002,vp_36352_case_001,1,1,1,0,0,0,0,2,0,1,0,0.0,1,train,7,0.14285714285714285
vp_36352_case_001__w0003,vp_36352_case_001,0,0,0,0,0,0,0,0,0,0,0,-3.0,1,train,7,0.14285714285714285
vp_36352_case_001__w0004,vp_36352_case_001,0,1,0,0,0,0,0,2,0,0,0,2.0,1,train,7,0.14285714285714285
vp_36352_case_001__w0005,vp_36352_case_001,0,1,0,0,0,0,0,2,0,0,0,0.0,1,train,7,0.14285714285714285
vp_36352_case_001__w0006,vp_36352_case_001,0,0,0,0,0,0,0,0,0,0,0,-2.0,1,train,7,0.14285714285714285
vp_36352_case_002__w0000,vp_36352_case_002,0,0,0,0,0,0,0,0,0,0,0,0.0,1,train,1,1.0
vp_36352_case_003__w0000,vp_36352_case_003,0,0,0,0,0,0,0,0,0,0,0,0.0,1,test,7,0.14285714285714285
vp_36352_case_003__w0001,vp_36352_case_003,0,0,0,0,0,0,0,0,0,0,0,0.0,1,test,7,0.14285714285714285
vp_36352_case_003__w0002,vp_36352_case_003,0,0,0,0,0,0,0,0,0,0,0,0.0,1,test,7,0.14285714285714285
vp_36352_case_003__w0003,vp_36352_case_003,0,0,0,0,0,0,0,0,0,0,0,0.0,1,test,7,0.14285714285714285
vp_36352_case_003__w0004,vp_36352_case_003,0,0,0,0,0,0,0,0,0,0,0,0.0,1,test,7,0.14285714285714285
vp_36352_case_003__w0005,vp_36352_case_003,0,0,0,0,0,0,0,0,0,0,0,0.0,1,test,7,0.14285714285714285
vp_36352_case_003__w0006,vp_36352_case_003,0,0,0,0,0,0,0,0,0,0,0,0.0,1,test,7,0.14285714285714285
vp_36353_case_001__w0000,vp_36353_case_001,0,0,0,0,0,0,0,0,0,0,0,0.0,1,train,12,0.08333333333333333
vp_36353_case_001__w0001,vp_36353_case_001,0,0,0,0,0,0,0,0,0,0,0,0.0,1,train,12,0.08333333333333333
vp_36353_case_001__w0002,vp_36353_case_001,0,0,0,0,0,0,0,0,0,0,0,0.0,1,train,12,0.08333333333333333
vp_36353_case_001__w0003,vp_36353_case_001,0,0,0,0,0,0,0,0,0,0,0,0.0,1,train,12,0.08333333333333333
vp_36353_case_001__w0004,vp_36353_case_001,0,0,0,0,0,0,0,0,0,0,0,0.0,1,train,12,0.08333333333333333
vp_36353_case_001__w0005,vp_36353_case_001,0,0,0,0,0,0,0,0,0,0,0,0.0,1,train,12,0.08333333333333333
vp_36353_case_001__w0006,vp_36353_case_001,0,0,0,0,0,0,0,0,0,0,0,0.0,1,train,12,0.08333333333333333
vp_36353_case_001__w0007,vp_36353_case_001,0,0,0,0,0,0,0,0,0,0,0,0.0,1,train,12,0.08333333333333333
vp_36353_case_001__w0008,vp_36353_case_001,0,0,0,0,0,0,0,0,0,0,0,0.0,1,train,12,0.08333333333333333
vp_36353_case_001__w0009,vp_36353_case_001,0,0,0,0,0,0,0,0,0,0,0,0.0,1,train,12,0.08333333333333333
vp_36353_case_001__w0010,vp_36353_case_001,0,0,0,0,0,0,0,0,0,0,0,0.0,1,train,12,0.08333333333333333
vp_36353_case_001__w0011,vp_36353_case_001,0,0,0,0,0,0,0,0,0,0,0,0.0,1,train,12,0.08333333333333333
vp_36353_case_002__w0000,vp_36353_case_002,0,0,0,0,0,0,0,0,0,0,0,0.0,1,train,33,0.030303030303030304
vp_36353_case_002__w0001,vp_36353_case_002,0,0,0,0,0,0,0,0,0,0,0,0.0,1,train,33,0.030303030303030304
vp_36353_case_002__w0002,vp_36353_case_002,0,1,0,0,0,0,0,1,0,0,0,1.0,1,train,33,0.030303030303030304
vp_36353_case_002__w0003,vp_36353_case_002,0,1,0,0,0,0,0,1,0,0,0,0.0,1,train,33,0.030303030303030304
vp_36353_case_002__w0004,vp_36353_case_002,1,0,0,0,0,0,0,1,0,0,0,0.0,1,train,33,0.030303030303030304
vp_36353_case_002__w0005,vp_36353_case_002,1,0,0,0,0,0,0,1,0,0,0,0.0,1,train,33,0.030303030303030304
vp_36353_case_002__w0006,vp_36353_case_002,0,0,0,0,0,0,0,0,0,0,0,-1.0,1,train,33,0.030303030303030304
vp_36353_case_002__w0007,vp_36353_case_002,0,0,0,0,0,0,0,0,0,0,0,0.0,1,train,33,0.030303030303030304
vp_36353_case_002__w0008,vp_36353_case_002,0,0,0,0,0,0,0,0,0,0,0,0.0,1,train,33,0.030303030303030304
vp_36353_case_002__w0009,vp_36353_case_002,0,0,0,0,0,0,0,0,0,0,0,0.0,1,train,33,0.030303030303030304
vp_36353_case_002__w0010,vp_36353_case_002,0,0,0,0,0,0,0,0,0,0,0,0.0,1,train,33,0.030303030303030304
vp_36353_case_002__w0011,vp_36353_case_002,0,0,0,0,0,0,0,0,0,0,0,0.0,1,train,33,0.030303030303030304
vp_36353_case_002__w0012,vp_36353_case_002,0,1,0,0,0,0,0,1,0,0,0,1.0,1,train,33,0.030303030303030304
vp_36353_case_002__w0013,vp_36353_case_002,0,1,0,0,0,0,0,1,0,0,0,0.0,1,train,33,0.030303030303030304
vp_36353_case_002__w0014,vp_36353_case_002,0,1,0,0,0,0,0,1,0,0,0,0.0,1,train,33,0.030303030303030304
vp_36353_case_002__w0015,vp_36353_case_002,0,1,0,0,0,0,0,1,0,0,0,0.0,1,train,33,0.030303030303030304
vp_36353_case_002__w0016,vp_36353_case_002,0,0,0,0,0,0,0,0,0,0,0,-1.0,1,train,33,0.030303030303030304
vp_36353_case_002__w0017,vp_36353_case_002,1,1,1,0,0,0,0,2,0,1,0,3.0,1,train,33,0.030303030303030304
vp_36353_case_002__w0018,vp_36353_case_002,1,1,1,0,0,0,0,2,0,1,0,0.0,1,train,33,0.030303030303030304
vp_36353_case_002__w0019,vp_36353_case_002,0,0,0,0,0,0,0,0,0,0,0,-3.0,1,train,33,0.030303030303030304
vp_36353_case_002__w0020,vp_36353_case_002,0,0,0,0,0,0,0,1,0,0,0,1.0,1,train,33,0.030303030303030304
vp_36353_case_002__w0021,vp_36353_case_002,0,0,0,0,0,0,0,1,0,0,0,0.0,1,train,33,0.030303030303030304
vp_36353_case_002__w0022,vp_36353_case_002,0,0,0,0,0,0,0,0,0,0,0,-1.0,1,train,33,0.030303030303030304
vp_36353_case_002__w0023,vp_36353_case_002,0,0,0,0,0,0,0,0,0,0,0,0.0,1,train,33,0.030303030303030304
vp_36353_case_002__w0024,vp_36353_case_002,0,0,0,0,0,0,0,0,0,0,0,0.0,1,train,33,0.030303030303030304
vp_36353_case_002__w0025,vp_36353_case_002,0,0,0,0,0,0,0,0,0,0,0,0.0,1,train,33,0.030303030303030304
vp_36353_case_002__w0026,vp_36353_case_002,0,0,0,0,0,0,0,0,0,0,0,0.0,1,train,33,0.030303030303030304
vp_36353_case_002__w0027,vp_36353_case_002,0,0,0,0,0,0,0,0,0,0,0,0.0,1,train,33,0.030303030303030304
vp_36353_case_002__w0028,vp_36353_case_002,0,0,0,0,0,0,0,0,0,0,0,0.0,1,train,33,0.030303030303030304
vp_36353_case_002__w0029,vp_36353_case_002,0,0,0,0,0,0,0,0,0,0,0,0.0,1,train,33,0.030303030303030304
vp_36353_case_002__w0030,vp_36353_case_002,0,0,0,0,0,0,0,0,0,0,0,0.0,1,train,33,0.030303030303030304
vp_36353_case_002__w0031,vp_36353_case_002,0,0,0,0,0,0,0,0,0,0,0,0.0,1,train,33,0.030303030303030304
vp_36353_case_002__w0032,vp_36353_case_002,0,0,0,0,0,0,0,0,0,0,0,0.0,1,train,33,0.030303030303030304
vp_36354_case_001__w0000,vp_36354_case_001,1,1,0,0,0,0,0,2,0,0,0,0.0,1,train,6,0.16666666666666666
vp_36354_case_001__w0001,vp_36354_case_001,1,1,0,0,0,0,0,2,0,0,0,0.0,1,train,6,0.16666666666666666
vp_36354_case_001__w0002,vp_36354_case_001,0,1,0,0,0,0,0,1,0,0,0,-1.0,1,train,6,0.16666666666666666
vp_36354_case_001__w0003,vp_36354_case_001,0,1,0,0,0,0,0,1,0,0,0,0.0,1,train,6,0.16666666666666666
vp_36354_case_001__w0004,vp_36354_case_001,0,1,0,0,0,0,0,1,0,0,0,0.0,1,train,6,0.16666666666666666
vp_36354_case_001__w0005,vp_36354_case_001,0,0,0,0,0,0,0,0,0,0,0,-1.0,1,train,6,0.16666666666666666
vp_36355_case_001__w0000,vp_36355_case_001,1,1,0,0,0,0,0,2,0,0,0,0.0,1,train,15,0.06666666666666667
vp_36355_case_001__w0001,vp_36355_case_001,0,0,0,0,0,0,0,0,0,0,0,-2.0,1,train,15,0.06666666666666667
vp_36355_case_001__w0002,vp_36355_case_001,0,1,0,0,0,0,0,1,0,0,0,1.0,1,train,15,0.06666666666666667
vp_36355_case_001__w0003,vp_36355_case_001,1,1,1,0,0,0,0,2,0,1,0,2.0,1,train,15,0.06666666666666667
vp_36355_case_001__w0004,vp_36355_case_001,1,1,1,0,0,0,0,2,0,1,0,0.0,1,train,15,0.06666666666666667
vp_36355_case_001__w0005,vp_36355_case_001,0,0,0,0,0,0,0,0,0,0,0,-3.0,1,train,15,0.06666666666666667
vp_36355_case_001__w0006,vp_36355_case_001,0,0,0,0,0,0,0,0,0,0,0,0.0,1,train,15,0.06666666666666667
vp_36355_case_001__w0007,vp_36355_case_001,0,0,0,0,0,0,0,0,0,0,0,0.0,1,train,15,0.06666666666666667
vp_36355_case_001__w0008,vp_36355_case_001,0,0,0,0,0,0,0,0,0,0,0,0.0,1,train,15,0.06666666666666667
vp_36355_case_001__w0009,vp_36355_case_001,1,1,0,1,0,0,0,2,0,1,0,3.0,1,train,15,0.06666666666666667
vp_36355_case_001__w0010,vp_36355_case_001,1,1,0,1,0,0,0,2,0,1,0,0.0,1,train,15,0.06666666666666667
vp_36355_case_001__w0011,vp_36355_case_001,0,0,0,0,0,0,0,0,0,0,0,-3.0,1,train,15,0.06666666666666667
vp_36355_case_001__w0012,vp_36355_case_001,0,0,0,0,0,0,0,0,0,0,0,0.0,1,train,15,0.06666666666666667
vp_36355_case_001__w0013,vp_36355_case_001,0,0,0,0,0,0,0,0,0,0,0,0.0,1,train,15,0.06666666666666667
vp_36355_case_001__w0014,vp_36355_case_001,0,0,0,0,0,0,0,0,0,0,0,0.0,1,train,15,0.06666666666666667
vp_36356_case_001__w0000,vp_36356_case_001,0,0,0,0,0,0,0,0,0,0,0,0.0,1,train,9,0.1111111111111111
vp_36356_case_001__w0001,vp_36356_case_001,0,0,0,0,0,0,0,0,0,0,0,0.0,1,train,9,0.1111111111111111
vp_36356_case_001__w0002,vp_36356_case_001,0,0,0,0,0,0,0,0,0,0,0,0.0,1,train,9,0.1111111111111111
vp_36356_case_001__w0003,vp_36356_case_001,0,0,0,0,0,0,0,0,0,0,0,0.0,1,train,9,0.1111111111111111
vp_36356_case_001__w0004,vp_36356_case_001,0,0,0,0,0,0,0,0,0,0,0,0.0,1,train,9,0.1111111111111111
vp_36356_case_001__w0005,vp_36356_case_001,0,1,0,0,0,0,0,1,0,0,0,1.0,1,train,9,0.1111111111111111
vp_36356_case_001__w0006,vp_36356_case_001,1,1,0,0,0,0,0,2,0,0,0,1.0,1,train,9,0.1111111111111111
vp_36356_case_001__w0007,vp_36356_case_001,1,0,0,0,0,0,0,1,0,0,0,-1.0,1,train,9,0.1111111111111111
vp_36356_case_001__w0008,vp_36356_case_001,1,0,0,0,0,0,0,1,0,0,0,0.0,1,train,9,0.1111111111111111
vp_36357_case_001__w0000,vp_36357_case_001,1,1,1,0,0,0,0,2,0,1,0,0.0,1,train,15,0.06666666666666667
vp_36357_case_001__w0001,vp_36357_case_001,0,0,0,0,0,0,0,0,0,0,0,-3.0,1,train,15,0.06666666666666667
vp_36357_case_001__w0002,vp_36357_case_001,0,0,0,0,0,0,0,0,0,0,0,0.0,1,train,15,0.06666666666666667
vp_36357_case_001__w0003,vp_36357_case_001,0,0,0,0,0,0,0,0,0,0,0,0.0,1,train,15,0.06666666666666667
vp_36357_case_001__w0004,vp_36357_case_001,0,0,0,0,0,0,0,0,0,0,0,0.0,1,train,15,0.06666666666666667
vp_36357_case_001__w0005,vp_36357_case_001,0,0,0,0,0,0,0,0,0,0,0,0.0,1,train,15,0.06666666666666667
vp_36357_case_001__w0006,vp_36357_case_001,0,0,0,0,0,0,0,0,0,0,0,0.0,1,train,15,0.06666666666666667
vp_36357_case_001__w0007,vp_36357_case_001,0,0,0,0,0,0,0,0,0,0,0,0.0,1,train,15,0.06666666666666667
vp_36357_case_001__w0008,vp_36357_case_001,0,0,0,0,0,0,0,0,0,0,0,0.0,1,train,15,0.06666666666666667
vp_36357_case_001__w0009,vp_36357_case_001,0,0,0,0,0,0,0,0,0,0,0,0.0,1,train,15,0.06666666666666667
vp_36357_case_001__w0010,vp_36357_case_001,0,0,0,0,0,0,0,0,0,0,0,0.0,1,train,15,0.06666666666666667
vp_36357_case_001__w0011,vp_36357_case_001,0,0,0,0,0,0,0,0,0,0,0,0.0,1,train,15,0.06666666666666667
vp_36357_case_001__w0012,vp_36357_case_001,1,0,0,0,0,0,0,1,0,0,0,1.0,1,train,15,0.06666666666666667
vp_36357_case_001__w0013,vp_36357_case_001,1,0,0,0,0,0,0,1,0,0,0,0.0,1,train,15,0.06666666666666667
vp_36357_case_001__w0014,vp_36357_case_001,0,0,0,0,0,0,0,0,0,0,0,-1.0,1,train,15,0.06666666666666667
vp_36358_case_001__w0000,vp_36358_case_001,1,1,1,0,0,0,0,2,0,1,0,0.0,1,train,1,1.0
vp_36359_case_001__w0000,vp_36359_case_001,0,0,0,0,0,0,0,0,0,0,0,0.0,1,train,3,0.3333333333333333
vp_36359_case_001__w0001,vp_36359_case_001,1,1,1,0,0,0,0,2,0,1,0,3.0,1,train,3,0.3333333333333333
vp_36359_case_001__w0002,vp_36359_case_001,1,1,1,0,0,0,0,2,0,1,0,0.0,1,train,3,0.3333333333333333
vp_36360_case_001__w0000,vp_36360_case_001,0,0,0,0,0,0,0,0,0,0,0,0.0,1,train,2,0.5
vp_36360_case_001__w0001,vp_36360_case_001,0,0,0,0,0,0,0,0,0,0,0,0.0,1,train,2,0.5
vp_36361_case_001__w0000,vp_36361_case_001,0,1,0,0,0,0,0,1,0,0,0,0.0,1,train,1,1.0
vp_36362_case_002__w0000,vp_36362_case_002,0,1,0,0,0,0,0,1,0,0,0,0.0,1,train,12,0.08333333333333333
vp_36362_case_002__w0001,vp_36362_case_002,0,1,0,0,0,0,0,1,0,0,0,0.0,1,train,12,0.08333333333333333
vp_36362_case_002__w0002,vp_36362_case_002,0,1,0,0,0,0,0,1,0,0,0,0.0,1,train,12,0.08333333333333333
vp_36362_case_002__w0003,vp_36362_case_002,0,1,0,0,0,0,0,1,0,0,0,0.0,1,train,12,0.08333333333333333
vp_36362_case_002__w0004,vp_36362_case_002,0,0,0,0,0,0,0,0,0,0,0,-1.0,1,train,12,0.08333333333333333
vp_36362_case_002__w0005,vp_36362_case_002,0,0,0,0,0,0,0,0,0,0,0,0.0,1,train,12,0.08333333333333333
vp_36362_case_002__w0006,vp_36362_case_002,0,0,0,0,0,0,0,0,0,0,0,0.0,1,train,12,0.08333333333333333
vp_36362_case_002__w0007,vp_36362_case_002,0,0,0,0,0,0,0,0,0,0,0,0.0,1,train,12,0.08333333333333333
vp_36362_case_002__w0008,vp_36362_case_002,0,0,0,0,0,0,0,0,0,0,0,0.0,1,train,12,0.08333333333333333
vp_36362_case_002__w0009,vp_36362_case_002,0,0,0,0,0,0,0,0,0,0,0,0.0,1,train,12,0.08333333333333333
vp_36362_case_002__w0010,vp_36362_case_002,0,0,0,0,0,0,0,0,0,0,0,0.0,1,train,12,0.08333333333333333
vp_36362_case_002__w0011,vp_36362_case_002,0,0,0,0,0,0,0,0,0,0,0,0.0,1,train,12,0.08333333333333333
vp_36362_case_004__w0000,vp_36362_case_004,0,1,0,0,0,0,0,1,0,0,0,0.0,1,train,13,0.07692307692307693
vp_36362_case_004__w0001,vp_36362_case_004,0,1,0,0,0,0,0,1,0,0,0,0.0,1,train,13,0.07692307692307693
vp_36362_case_004__w0002,vp_36362_case_004,0,0,0,0,0,0,0,0,0,0,0,-1.0,1,train,13,0.07692307692307693
vp_36362_case_004__w0003,vp_36362_case_004,0,0,0,0,0,0,0,0,0,0,0,0.0,1,train,13,0.07692307692307693
vp_36362_case_004__w0004,vp_36362_case_004,0,1,0,0,0,0,0,1,0,0,0,1.0,1,train,13,0.07692307692307693
vp_36362_case_004__w0005,vp_36362_case_004,0,1,0,0,0,0,0,1,0,0,0,0.0,1,train,13,0.07692307692307693
vp_36362_case_004__w0006,vp_36362_case_004,0,1,0,1,0,0,0,1,0,0,0,1.0,1,train,13,0.07692307692307693
vp_36362_case_004__w0007,vp_36362_case_004,1,1,0,1,0,0,0,2,0,1,0,1.0,1,train,13,0.07692307692307693
vp_36362_case_004__w0008,vp_36362_case_004,1,1,0,0,0,0,0,2,0,0,0,-1.0,1,train,13,0.07692307692307693
vp_36362_case_004__w0009,vp_36362_case_004,0,1,0,0,0,0,0,1,0,0,0,-1.0,1,train,13,0.07692307692307693
vp_36362_case_004__w0010,vp_36362_case_004,0,1,0,0,0,0,0,1,0,0,0,0.0,1,train,13,0.07692307692307693
vp_36362_case_004__w0011,vp_36362_case_004,0,0,0,0,0,0,0,0,0,0,0,-1.0,1,train,13,0.07692307692307693
vp_36362_case_004__w0012,vp_36362_case_004,0,0,0,0,0,0,0,0,0,0,0,0.0,1,train,13,0.07692307692307693
vp_36363_case_001__w0000,vp_36363_case_001,1,1,1,0,0,0,0,2,0,1,0,0.0,1,train,22,0.045454545454545456
vp_36363_case_001__w0001,vp_36363_case_001,1,1,1,0,0,0,0,2,0,1,0,0.0,1,train,22,0.045454545454545456
vp_36363_case_001__w0002,vp_36363_case_001,1,1,1,0,0,0,0,2,0,1,0,0.0,1,train,22,0.045454545454545456
vp_36363_case_001__w0003,vp_36363_case_001,0,1,0,0,0,0,0,1,0,0,0,-2.0,1,train,22,0.045454545454545456
vp_36363_case_001__w0004,vp_36363_case_001,0,1,0,0,0,0,0,1,0,0,0,0.0,1,train,22,0.045454545454545456
vp_36363_case_001__w0005,vp_36363_case_001,0,0,0,0,0,0,0,0,0,0,0,-1.0,1,train,22,0.045454545454545456
vp_36363_case_001__w0006,vp_36363_case_001,0,1,0,0,0,0,0,1,0,0,0,1.0,1,train,22,0.045454545454545456
vp_36363_case_001__w0007,vp_36363_case_001,0,1,0,1,0,0,0,1,0,0,0,1.0,1,train,22,0.045454545454545456
vp_36363_case_001__w0008,vp_36363_case_001,0,0,0,1,0,0,0,0,0,0,0,-1.0,1,train,22,0.045454545454545456
vp_36363_case_001__w0009,vp_36363_case_001,0,0,0,0,0,0,0,0,0,0,0,-1.0,1,train,22,0.045454545454545456
vp_36363_case_001__w0010,vp_36363_case_001,0,0,0,0,0,0,0,0,0,0,0,0.0,1,train,22,0.045454545454545456
vp_36363_case_001__w0011,vp_36363_case_001,0,0,0,0,0,0,0,0,0,0,0,0.0,1,train,22,0.045454545454545456
vp_36363_case_001__w0012,vp_36363_case_001,1,1,1,0,0,0,0,2,0,1,0,3.0,1,train,22,0.045454545454545456
vp_36363_case_001__w0013,vp_36363_case_001,1,1,1,0,0,0,0,2,0,1,0,0.0,1,train,22,0.045454545454545456
vp_36363_case_001__w0014,vp_36363_case_001,1,1,0,0,0,0,0,2,0,0,0,-1.0,1,train,22,0.045454545454545456
vp_36363_case_001__w0015,vp_36363_case_001,1,1,1,0,0,0,0,2,0,1,0,1.0,1,train,22,0.045454545454545456
vp_36363_case_001__w0016,vp_36363_case_001,1,1,1,0,0,0,0,2,0,1,0,0.0,1,train,22,0.045454545454545456
vp_36363_case_001__w0017,vp_36363_case_001,1,1,1,0,0,0,0,2,0,1,0,0.0,1,train,22,0.045454545454545456
vp_36363_case_001__w0018,vp_36363_case_001,0,0,0,0,0,0,0,0,0,0,0,-3.0,1,train,22,0.045454545454545456
vp_36363_case_001__w0019,vp_36363_case_001,0,0,0,0,0,0,0,0,0,0,0,0.0,1,train,22,0.045454545454545456
vp_36363_case_001__w0020,vp_36363_case_001,0,0,0,0,0,0,0,0,0,0,0,0.0,1,train,22,0.045454545454545456
vp_36363_case_001__w0021,vp_36363_case_001,0,0,0,0,0,0,0,0,0,0,0,0.0,1,train,22,0.045454545454545456
vp_36364_case_001__w0000,vp_36364_case_001,0,0,0,0,0,0,0,1,0,0,0,0.0,1,train,12,0.08333333333333333
vp_36364_case_001__w0001,vp_36364_case_001,0,0,0,0,0,0,0,0,0,0,0,-1.0,1,train,12,0.08333333333333333
vp_36364_case_001__w0002,vp_36364_case_001,1,1,1,0,0,0,0,2,0,1,0,3.0,1,train,12,0.08333333333333333
vp_36364_case_001__w0003,vp_36364_case_001,1,1,1,0,0,0,0,2,0,1,0,0.0,1,train,12,0.08333333333333333
vp_36364_case_001__w0004,vp_36364_case_001,1,1,1,0,0,0,0,2,0,1,0,0.0,1,train,12,0.08333333333333333
vp_36364_case_001__w0005,vp_36364_case_001,0,0,0,0,0,0,0,0,0,0,0,-3.0,1,train,12,0.08333333333333333
vp_36364_case_001__w0006,vp_36364_case_001,0,0,0,0,0,0,0,0,0,0,0,0.0,1,train,12,0.08333333333333333
vp_36364_case_001__w0007,vp_36364_case_001,0,0,0,0,0,0,0,0,0,0,0,0.0,1,train,12,0.08333333333333333
vp_36364_case_001__w0008,vp_36364_case_001,0,0,0,0,0,0,0,0,0,0,0,0.0,1,train,12,0.08333333333333333
vp_36364_case_001__w0009,vp_36364_case_001,0,0,0,0,0,0,0,0,0,0,0,0.0,1,train,12,0.08333333333333333
vp_36364_case_001__w0010,vp_36364_case_001,0,0,0,0,0,0,0,0,0,0,0,0.0,1,train,12,0.08333333333333333
vp_36364_case_001__w0011,vp_36364_case_001,0,0,0,0,0,0,0,0,0,0,0,0.0,1,train,12,0.08333333333333333
vp_36365_case_001__w0000,vp_36365_case_001,0,1,0,0,0,0,0,1,0,0,0,0.0,1,train,15,0.06666666666666667
vp_36365_case_001__w0001,vp_36365_case_001,0,1,0,0,0,0,0,1,0,0,0,0.0,1,train,15,0.06666666666666667
vp_36365_case_001__w0002,vp_36365_case_001,0,0,0,0,0,0,0,0,0,0,0,-1.0,1,train,15,0.06666666666666667
vp_36365_case_001__w0003,vp_36365_case_001,0,0,0,0,0,0,0,0,0,0,0,0.0,1,train,15,0.06666666666666667
vp_36365_case_001__w0004,vp_36365_case_001,0,0,0,0,0,0,0,0,0,0,0,0.0,1,train,15,0.06666666666666667
vp_36365_case_001__w0005,vp_36365_case_001,0,0,0,0,0,0,0,0,0,0,0,0.0,1,train,15,0.06666666666666667
vp_36365_case_001__w0006,vp_36365_case_001,0,0,0,0,0,0,0,0,0,0,0,0.0,1,train,15,0.06666666666666667
vp_36365_case_001__w0007,vp_36365_case_001,0,0,0,0,0,0,0,0,0,0,0,0.0,1,train,15,0.06666666666666667
vp_36365_case_001__w0008,vp_36365_case_001,0,0,0,0,0,0,0,0,0,0,0,0.0,1,train,15,0.06666666666666667
vp_36365_case_001__w0009,vp_36365_case_001,0,0,0,0,0,0,0,0,0,0,0,0.0,1,train,15,0.06666666666666667
vp_36365_case_001__w0010,vp_36365_case_001,0,0,0,0,0,0,0,0,0,0,0,0.0,1,train,15,0.06666666666666667
vp_36365_case_001__w0011,vp_36365_case_001,0,0,0,0,0,0,0,0,0,0,0,0.0,1,train,15,0.06666666666666667
vp_36365_case_001__w0012,vp_36365_case_001,0,0,0,0,0,0,0,0,0,0,0,0.0,1,train,15,0.06666666666666667
vp_36365_case_001__w0013,vp_36365_case_001,0,1,0,0,0,0,0,1,0,0,0,1.0,1,train,15,0.06666666666666667
vp_36365_case_001__w0014,vp_36365_case_001,0,1,0,0,0,0,0,1,0,0,0,0.0,1,train,15,0.06666666666666667
vp_36365_case_002__w0000,vp_36365_case_002,0,1,0,0,0,0,0,1,0,0,0,0.0,1,train,4,0.25
vp_36365_case_002__w0001,vp_36365_case_002,0,1,0,0,0,0,0,1,0,0,0,0.0,1,train,4,0.25
vp_36365_case_002__w0002,vp_36365_case_002,0,0,0,0,0,0,0,0,0,0,0,-1.0,1,train,4,0.25
vp_36365_case_002__w0003,vp_36365_case_002,0,0,0,0,0,0,0,0,0,0,0,0.0,1,train,4,0.25
vp_36367_case_002__w0000,vp_36367_case_002,0,0,0,0,0,0,0,0,0,0,0,0.0,1,train,3,0.3333333333333333
vp_36367_case_002__w0001,vp_36367_case_002,0,0,0,0,0,0,0,0,0,0,0,0.0,1,train,3,0.3333333333333333
vp_36367_case_002__w0002,vp_36367_case_002,0,0,0,0,0,0,0,0,0,0,0,0.0,1,train,3,0.3333333333333333
vp_36367_case_003__w0000,vp_36367_case_003,0,0,0,0,0,0,0,0,0,0,0,0.0,1,validation,1,1.0
vp_36367_case_004__w0000,vp_36367_case_004,0,0,0,0,0,0,1,0,1,0,0,0.0,1,train,29,0.034482758620689655
vp_36367_case_004__w0001,vp_36367_case_004,0,0,0,0,0,0,1,0,1,0,0,0.0,1,train,29,0.034482758620689655
vp_36367_case_004__w0002,vp_36367_case_004,0,0,0,0,0,0,0,0,0,0,0,-1.0,1,train,29,0.034482758620689655
vp_36367_case_004__w0003,vp_36367_case_004,0,0,0,0,0,0,0,0,0,0,0,0.0,1,train,29,0.034482758620689655
vp_36367_case_004__w0004,vp_36367_case_004,1,0,0,0,0,0,0,1,0,0,0,1.0,1,train,29,0.034482758620689655
vp_36367_case_004__w0005,vp_36367_case_004,1,0,0,0,0,0,0,1,0,0,0,0.0,1,train,29,0.034482758620689655
vp_36367_case_004__w0006,vp_36367_case_004,1,0,0,1,0,0,0,1,0,1,0,1.0,1,train,29,0.034482758620689655
vp_36367_case_004__w0007,vp_36367_case_004,1,1,0,1,0,0,0,2,0,1,0,1.0,1,train,29,0.034482758620689655
vp_36367_case_004__w0008,vp_36367_case_004,1,1,1,1,0,0,0,2,0,1,0,0.0,1,train,29,0.034482758620689655
vp_36367_case_004__w0009,vp_36367_case_004,1,1,1,0,0,0,0,2,0,1,0,0.0,1,train,29,0.034482758620689655
vp_36367_case_004__w0010,vp_36367_case_004,1,0,0,0,0,0,0,1,0,0,0,-2.0,1,train,29,0.034482758620689655
vp_36367_case_004__w0011,vp_36367_case_004,0,0,0,0,0,0,0,0,0,0,0,-1.0,1,train,29,0.034482758620689655
vp_36367_case_004__w0012,vp_36367_case_004,0,0,0,0,0,0,0,0,0,0,0,0.0,1,train,29,0.034482758620689655
vp_36367_case_004__w0013,vp_36367_case_004,0,0,0,0,0,0,0,0,0,0,0,0.0,1,train,29,0.034482758620689655
vp_36367_case_004__w0014,vp_36367_case_004,1,0,0,0,0,0,0,1,0,0,0,1.0,1,train,29,0.034482758620689655
vp_36367_case_004__w0015,vp_36367_case_004,1,0,0,0,0,0,0,1,0,0,0,0.0,1,train,29,0.034482758620689655
vp_36367_case_004__w0016,vp_36367_case_004,1,0,0,0,0,0,0,1,0,0,0,0.0,1,train,29,0.034482758620689655
vp_36367_case_004__w0017,vp_36367_case_004,1,0,0,0,0,0,0,1,0,0,0,0.0,1,train,29,0.034482758620689655
vp_36367_case_004__w0018,vp_36367_case_004,1,0,0,0,0,0,0,2,0,0,0,1.0,1,train,29,0.034482758620689655
vp_36367_case_004__w0019,vp_36367_case_004,1,0,0,0,0,0,0,2,0,0,0,0.0,1,train,29,0.034482758620689655
vp_36367_case_004__w0020,vp_36367_case_004,0,0,0,0,0,0,0,0,0,0,0,-2.0,1,train,29,0.034482758620689655
vp_36367_case_004__w0021,vp_36367_case_004,1,0,0,0,0,0,0,1,0,0,0,1.0,1,train,29,0.034482758620689655
vp_36367_case_004__w0022,vp_36367_case_004,1,0,0,0,0,0,0,1,0,0,0,0.0,1,train,29,0.034482758620689655
vp_36367_case_004__w0023,vp_36367_case_004,0,0,0,0,0,0,0,0,0,0,0,-1.0,1,train,29,0.034482758620689655
vp_36367_case_004__w0024,vp_36367_case_004,0,0,0,0,0,0,0,0,0,0,0,0.0,1,train,29,0.034482758620689655
vp_36367_case_004__w0025,vp_36367_case_004,0,0,0,0,0,0,0,0,0,0,0,0.0,1,train,29,0.034482758620689655
vp_36367_case_004__w0026,vp_36367_case_004,0,0,0,0,0,0,0,0,0,0,0,0.0,1,train,29,0.034482758620689655
vp_36367_case_004__w0027,vp_36367_case_004,0,0,0,0,0,0,0,0,0,0,0,0.0,1,train,29,0.034482758620689655
vp_36367_case_004__w0028,vp_36367_case_004,0,0,0,0,0,0,0,0,0,0,0,0.0,1,train,29,0.034482758620689655
vp_36367_case_007__w0000,vp_36367_case_007,0,0,0,0,0,0,0,0,0,0,0,0.0,1,train,1,1.0
vp_36367_case_009__w0000,vp_36367_case_009,0,0,0,1,0,0,0,0,0,0,0,0.0,1,validation,2,0.5
vp_36367_case_009__w0001,vp_36367_case_009,0,0,0,1,0,0,0,0,0,0,0,0.0,1,validation,2,0.5
vp_36368_case_001__w0000,vp_36368_case_001,1,1,0,0,0,0,0,2,0,0,0,0.0,1,train,17,0.058823529411764705
vp_36368_case_001__w0001,vp_36368_case_001,1,0,0,0,0,0,0,1,0,0,0,-1.0,1,train,17,0.058823529411764705
vp_36368_case_001__w0002,vp_36368_case_001,0,0,0,0,0,0,0,0,0,0,0,-1.0,1,train,17,0.058823529411764705
vp_36368_case_001__w0003,vp_36368_case_001,0,0,0,0,0,0,0,0,0,0,0,0.0,1,train,17,0.058823529411764705
vp_36368_case_001__w0004,vp_36368_case_001,0,1,0,0,0,0,0,1,0,0,0,1.0,1,train,17,0.058823529411764705
vp_36368_case_001__w0005,vp_36368_case_001,0,1,0,0,0,0,0,1,0,0,0,0.0,1,train,17,0.058823529411764705
vp_36368_case_001__w0006,vp_36368_case_001,0,0,0,0,0,0,0,0,0,0,0,-1.0,1,train,17,0.058823529411764705
vp_36368_case_001__w0007,vp_36368_case_001,0,0,0,0,0,0,0,0,0,0,0,0.0,1,train,17,0.058823529411764705
vp_36368_case_001__w0008,vp_36368_case_001,0,0,0,0,0,0,0,0,0,0,0,0.0,1,train,17,0.058823529411764705
vp_36368_case_001__w0009,vp_36368_case_001,0,0,0,0,0,0,0,0,0,0,0,0.0,1,train,17,0.058823529411764705
vp_36368_case_001__w0010,vp_36368_case_001,0,0,0,0,0,0,0,0,0,0,0,0.0,1,train,17,0.058823529411764705
vp_36368_case_001__w0011,vp_36368_case_001,0,0,0,0,0,0,0,0,0,0,0,0.0,1,train,17,0.058823529411764705
vp_36368_case_001__w0012,vp_36368_case_001,0,1,0,0,0,0,0,1,0,0,0,1.0,1,train,17,0.058823529411764705
vp_36368_case_001__w0013,vp_36368_case_001,0,1,0,0,0,0,0,1,0,0,0,0.0,1,train,17,0.058823529411764705
vp_36368_case_001__w0014,vp_36368_case_001,1,1,1,0,0,0,0,2,0,1,0,2.0,1,train,17,0.058823529411764705
vp_36368_case_001__w0015,vp_36368_case_001,1,1,1,0,0,0,0,2,0,1,0,0.0,1,train,17,0.058823529411764705
vp_36368_case_001__w0016,vp_36368_case_001,0,0,0,0,0,0,0,0,0,0,0,-3.0,1,train,17,0.058823529411764705
vp_36368_case_002__w0000,vp_36368_case_002,0,1,0,0,0,0,0,1,0,0,0,0.0,1,train,18,0.05555555555555555
vp_36368_case_002__w0001,vp_36368_case_002,0,1,0,0,0,0,0,1,0,0,0,0.0,1,train,18,0.05555555555555555
vp_36368_case_002__w0002,vp_36368_case_002,0,0,0,0,0,0,0,0,0,0,0,-1.0,1,train,18,0.05555555555555555
vp_36368_case_002__w0003,vp_36368_case_002,0,0,0,0,0,0,0,0,0,0,0,0.0,1,train,18,0.05555555555555555
vp_36368_case_002__w0004,vp_36368_case_002,0,0,0,0,0,0,0,0,0,0,0,0.0,1,train,18,0.05555555555555555
vp_36368_case_002__w0005,vp_36368_case_002,0,0,0,0,0,0,0,0,0,0,0,0.0,1,train,18,0.05555555555555555
vp_36368_case_002__w0006,vp_36368_case_002,0,0,0,0,0,0,0,0,0,0,0,0.0,1,train,18,0.05555555555555555
vp_36368_case_002__w0007,vp_36368_case_002,0,0,0,0,0,0,0,0,0,0,0,0.0,1,train,18,0.05555555555555555
vp_36368_case_002__w0008,vp_36368_case_002,0,0,0,0,0,0,0,0,0,0,0,0.0,1,train,18,0.05555555555555555
vp_36368_case_002__w0009,vp_36368_case_002,0,0,0,0,0,0,0,0,0,0,0,0.0,1,train,18,0.05555555555555555
vp_36368_case_002__w0010,vp_36368_case_002,0,0,0,0,0,0,0,0,0,0,0,0.0,1,train,18,0.05555555555555555
vp_36368_case_002__w0011,vp_36368_case_002,0,0,0,0,0,0,0,0,0,0,0,0.0,1,train,18,0.05555555555555555
vp_36368_case_002__w0012,vp_36368_case_002,0,0,0,0,0,0,0,0,0,0,0,0.0,1,train,18,0.05555555555555555
vp_36368_case_002__w0013,vp_36368_case_002,0,0,0,0,0,0,0,0,0,0,0,0.0,1,train,18,0.05555555555555555
vp_36368_case_002__w0014,vp_36368_case_002,0,0,0,0,0,0,0,0,0,0,0,0.0,1,train,18,0.05555555555555555
vp_36368_case_002__w0015,vp_36368_case_002,0,0,0,0,0,0,0,0,0,0,0,0.0,1,train,18,0.05555555555555555
vp_36368_case_002__w0016,vp_36368_case_002,0,0,0,0,0,0,0,0,0,0,0,0.0,1,train,18,0.05555555555555555
vp_36368_case_002__w0017,vp_36368_case_002,0,0,0,0,0,0,0,0,0,0,0,0.0,1,train,18,0.05555555555555555
vp_36369_case_001__w0000,vp_36369_case_001,1,1,1,0,0,0,0,2,0,1,0,0.0,1,train,9,0.1111111111111111
vp_36369_case_001__w0001,vp_36369_case_001,1,1,1,0,0,0,0,2,0,1,0,0.0,1,train,9,0.1111111111111111
vp_36369_case_001__w0002,vp_36369_case_001,0,0,0,0,0,0,0,0,0,0,0,-3.0,1,train,9,0.1111111111111111
vp_36369_case_001__w0003,vp_36369_case_001,0,0,0,0,0,0,0,0,0,0,0,0.0,1,train,9,0.1111111111111111
vp_36369_case_001__w0004,vp_36369_case_001,0,0,0,0,0,0,0,0,0,0,0,0.0,1,train,9,0.1111111111111111
vp_36369_case_001__w0005,vp_36369_case_001,0,0,0,0,0,0,0,0,0,0,0,0.0,1,train,9,0.1111111111111111
vp_36369_case_001__w0006,vp_36369_case_001,0,0,0,0,0,0,0,0,0,0,0,0.0,1,train,9,0.1111111111111111
vp_36369_case_001__w0007,vp_36369_case_001,0,0,0,0,0,0,0,0,0,0,0,0.0,1,train,9,0.1111111111111111
vp_36369_case_001__w0008,vp_36369_case_001,0,0,0,0,0,0,0,0,0,0,0,0.0,1,train,9,0.1111111111111111
vp_36369_case_002__w0000,vp_36369_case_002,0,0,0,0,0,0,0,0,0,0,0,0.0,1,validation,4,0.25
vp_36369_case_002__w0001,vp_36369_case_002,1,1,1,0,0,0,0,2,0,1,0,3.0,1,validation,4,0.25
vp_36369_case_002__w0002,vp_36369_case_002,1,1,1,0,0,0,0,2,0,1,0,0.0,1,validation,4,0.25
vp_36369_case_002__w0003,vp_36369_case_002,0,0,0,0,0,0,0,0,0,0,0,-3.0,1,validation,4,0.25
vp_36369_case_004__w0000,vp_36369_case_004,0,0,0,0,0,0,0,0,0,0,0,0.0,1,validation,2,0.5
vp_36369_case_004__w0001,vp_36369_case_004,0,0,0,0,0,0,0,0,0,0,0,0.0,1,validation,2,0.5
vp_36369_case_005__w0000,vp_36369_case_005,0,1,0,0,0,0,0,1,0,0,0,0.0,1,train,6,0.16666666666666666
vp_36369_case_005__w0001,vp_36369_case_005,0,1,0,0,0,0,0,1,0,0,0,0.0,1,train,6,0.16666666666666666
vp_36369_case_005__w0002,vp_36369_case_005,0,1,0,0,0,0,0,1,0,0,0,0.0,1,train,6,0.16666666666666666
vp_36369_case_005__w0003,vp_36369_case_005,0,0,0,0,0,0,0,0,0,0,0,-1.0,1,train,6,0.16666666666666666
vp_36369_case_005__w0004,vp_36369_case_005,0,0,0,0,0,0,0,0,0,0,0,0.0,1,train,6,0.16666666666666666
vp_36369_case_005__w0005,vp_36369_case_005,0,1,0,0,0,0,0,1,0,0,0,1.0,1,train,6,0.16666666666666666
vp_36369_case_006__w0000,vp_36369_case_006,0,0,0,0,0,0,0,0,0,0,0,0.0,1,test,12,0.08333333333333333
vp_36369_case_006__w0001,vp_36369_case_006,0,1,0,0,0,0,0,1,0,0,0,1.0,1,test,12,0.08333333333333333
vp_36369_case_006__w0002,vp_36369_case_006,0,1,0,0,0,0,0,1,0,0,0,0.0,1,test,12,0.08333333333333333
vp_36369_case_006__w0003,vp_36369_case_006,0,0,0,0,0,0,0,0,0,0,0,-1.0,1,test,12,0.08333333333333333
vp_36369_case_006__w0004,vp_36369_case_006,0,0,0,0,0,0,0,0,0,0,0,0.0,1,test,12,0.08333333333333333
vp_36369_case_006__w0005,vp_36369_case_006,0,1,0,0,0,0,0,1,0,0,0,1.0,1,test,12,0.08333333333333333
vp_36369_case_006__w0006,vp_36369_case_006,0,1,0,0,0,0,0,1,0,0,0,0.0,1,test,12,0.08333333333333333
vp_36369_case_006__w0007,vp_36369_case_006,1,0,0,0,0,0,0,1,0,0,0,0.0,1,test,12,0.08333333333333333
vp_36369_case_006__w0008,vp_36369_case_006,1,0,0,0,0,0,0,1,0,0,0,0.0,1,test,12,0.08333333333333333
vp_36369_case_006__w0009,vp_36369_case_006,1,0,0,0,0,0,0,1,0,0,0,0.0,1,test,12,0.08333333333333333
vp_36369_case_006__w0010,vp_36369_case_006,0,0,0,0,0,0,0,0,0,0,0,-1.0,1,test,12,0.08333333333333333
vp_36369_case_006__w0011,vp_36369_case_006,0,0,0,0,0,0,0,0,0,0,0,0.0,1,test,12,0.08333333333333333
vp_36369_case_007__w0000,vp_36369_case_007,0,0,0,0,0,0,0,0,0,0,0,0.0,1,train,11,0.09090909090909091
vp_36369_case_007__w0001,vp_36369_case_007,0,0,0,0,0,0,0,0,0,0,0,0.0,1,train,11,0.09090909090909091
vp_36369_case_007__w0002,vp_36369_case_007,0,0,0,0,0,0,0,0,0,0,0,0.0,1,train,11,0.09090909090909091
vp_36369_case_007__w0003,vp_36369_case_007,0,0,0,0,0,0,0,0,0,0,0,0.0,1,train,11,0.09090909090909091
vp_36369_case_007__w0004,vp_36369_case_007,0,0,0,0,0,0,0,0,0,0,0,0.0,1,train,11,0.09090909090909091
vp_36369_case_007__w0005,vp_36369_case_007,0,0,0,0,0,0,0,0,0,0,0,0.0,1,train,11,0.09090909090909091
vp_36369_case_007__w0006,vp_36369_case_007,0,0,0,0,0,0,0,0,0,0,0,0.0,1,train,11,0.09090909090909091
vp_36369_case_007__w0007,vp_36369_case_007,0,0,0,0,0,0,0,0,0,0,0,0.0,1,train,11,0.09090909090909091
vp_36369_case_007__w0008,vp_36369_case_007,0,0,0,0,0,0,0,0,0,0,0,0.0,1,train,11,0.09090909090909091
vp_36369_case_007__w0009,vp_36369_case_007,0,0,0,0,0,0,0,0,0,0,0,0.0,1,train,11,0.09090909090909091
vp_36369_case_007__w0010,vp_36369_case_007,0,0,0,0,0,0,0,0,0,0,0,0.0,1,train,11,0.09090909090909091
vp_36370_case_002__w0000,vp_36370_case_002,0,0,0,0,0,0,0,0,0,0,0,0.0,1,train,6,0.16666666666666666
vp_36370_case_002__w0001,vp_36370_case_002,0,1,0,0,0,0,0,1,0,0,0,1.0,1,train,6,0.16666666666666666
vp_36370_case_002__w0002,vp_36370_case_002,0,1,0,0,0,0,0,1,0,0,0,0.0,1,train,6,0.16666666666666666
vp_36370_case_002__w0003,vp_36370_case_002,0,0,0,0,0,0,0,0,0,0,0,-1.0,1,train,6,0.16666666666666666
vp_36370_case_002__w0004,vp_36370_case_002,0,0,0,0,0,0,0,0,0,0,0,0.0,1,train,6,0.16666666666666666
vp_36370_case_002__w0005,vp_36370_case_002,0,1,0,0,0,0,0,1,0,0,0,1.0,1,train,6,0.16666666666666666
vp_36370_case_003__w0000,vp_36370_case_003,1,1,0,0,0,0,0,2,0,0,0,0.0,1,train,16,0.0625
vp_36370_case_003__w0001,vp_36370_case_003,1,1,0,0,0,0,0,2,0,0,0,0.0,1,train,16,0.0625
vp_36370_case_003__w0002,vp_36370_case_003,0,1,0,0,0,0,0,1,0,0,0,-1.0,1,train,16,0.0625
vp_36370_case_003__w0003,vp_36370_case_003,1,1,0,0,0,0,0,2,0,0,0,1.0,1,train,16,0.0625
vp_36370_case_003__w0004,vp_36370_case_003,1,0,0,0,0,0,0,1,0,0,0,-1.0,1,train,16,0.0625
vp_36370_case_003__w0005,vp_36370_case_003,1,0,0,0,0,0,0,1,0,0,0,0.0,1,train,16,0.0625
vp_36370_case_003__w0006,vp_36370_case_003,1,0,0,0,0,0,0,1,0,0,0,0.0,1,train,16,0.0625
vp_36370_case_003__w0007,vp_36370_case_003,0,0,0,0,0,0,0,0,0,0,0,-1.0,1,train,16,0.0625
vp_36370_case_003__w0008,vp_36370_case_003,0,0,0,0,0,0,0,0,0,0,0,0.0,1,train,16,0.0625
vp_36370_case_003__w0009,vp_36370_case_003,1,0,0,0,0,0,0,1,0,0,0,1.0,1,train,16,0.0625
vp_36370_case_003__w0010,vp_36370_case_003,1,0,1,0,0,0,0,1,0,1,0,1.0,1,train,16,0.0625
vp_36370_case_003__w0011,vp_36370_case_003,1,0,1,0,0,0,0,1,0,1,0,0.0,1,train,16,0.0625
vp_36370_case_003__w0012,vp_36370_case_003,0,0,0,0,0,0,0,0,0,0,0,-2.0,1,train,16,0.0625
vp_36370_case_003__w0013,vp_36370_case_003,0,0,0,0,0,0,0,0,0,0,0,0.0,1,train,16,0.0625
vp_36370_case_003__w0014,vp_36370_case_003,0,0,0,0,0,0,0,0,0,0,0,0.0,1,train,16,0.0625
vp_36370_case_003__w0015,vp_36370_case_003,1,0,0,0,0,0,0,1,0,0,0,1.0,1,train,16,0.0625
vp_36371_case_001__w0000,vp_36371_case_001,0,1,0,0,0,0,0,1,0,0,0,0.0,1,train,13,0.07692307692307693
vp_36371_case_001__w0001,vp_36371_case_001,0,1,0,1,0,0,0,1,0,0,0,1.0,1,train,13,0.07692307692307693
vp_36371_case_001__w0002,vp_36371_case_001,0,1,0,1,0,0,0,1,0,0,0,0.0,1,train,13,0.07692307692307693
vp_36371_case_001__w0003,vp_36371_case_001,0,0,0,0,0,0,0,0,0,0,0,-2.0,1,train,13,0.07692307692307693
vp_36371_case_001__w0004,vp_36371_case_001,0,1,0,0,0,0,0,1,0,0,0,1.0,1,train,13,0.07692307692307693
vp_36371_case_001__w0005,vp_36371_case_001,0,1,0,0,0,0,0,1,0,0,0,0.0,1,train,13,0.07692307692307693
vp_36371_case_001__w0006,vp_36371_case_001,0,0,0,0,0,0,0,0,0,0,0,-1.0,1,train,13,0.07692307692307693
vp_36371_case_001__w0007,vp_36371_case_001,1,0,0,0,0,0,0,1,0,0,0,1.0,1,train,13,0.07692307692307693
vp_36371_case_001__w0008,vp_36371_case_001,1,0,0,0,0,0,0,1,0,0,0,0.0,1,train,13,0.07692307692307693
vp_36371_case_001__w0009,vp_36371_case_001,0,0,0,0,0,0,0,0,0,0,0,-1.0,1,train,13,0.07692307692307693
vp_36371_case_001__w0010,vp_36371_case_001,0,1,0,0,0,0,0,1,0,0,0,1.0,1,train,13,0.07692307692307693
vp_36371_case_001__w0011,vp_36371_case_001,1,1,0,0,0,0,0,2,0,0,0,1.0,1,train,13,0.07692307692307693
vp_36371_case_001__w0012,vp_36371_case_001,1,0,0,0,0,0,0,1,0,0,0,-1.0,1,train,13,0.07692307692307693
vp_36371_case_002__w0000,vp_36371_case_002,1,0,0,0,0,0,0,1,0,0,0,0.0,1,validation,30,0.03333333333333333
vp_36371_case_002__w0001,vp_36371_case_002,1,0,0,0,0,0,0,1,0,0,0,0.0,1,validation,30,0.03333333333333333
vp_36371_case_002__w0002,vp_36371_case_002,1,0,0,0,0,0,0,1,0,0,0,0.0,1,validation,30,0.03333333333333333
vp_36371_case_002__w0003,vp_36371_case_002,1,0,0,0,0,0,0,1,0,0,0,0.0,1,validation,30,0.03333333333333333
vp_36371_case_002__w0004,vp_36371_case_002,0,0,0,0,0,0,0,0,0,0,0,-1.0,1,validation,30,0.03333333333333333
vp_36371_case_002__w0005,vp_36371_case_002,0,0,0,0,0,0,0,0,0,0,0,0.0,1,validation,30,0.03333333333333333
vp_36371_case_002__w0006,vp_36371_case_002,0,0,0,0,0,0,0,0,0,0,0,0.0,1,validation,30,0.03333333333333333
vp_36371_case_002__w0007,vp_36371_case_002,0,0,0,0,0,0,0,0,0,0,0,0.0,1,validation,30,0.03333333333333333
vp_36371_case_002__w0008,vp_36371_case_002,0,0,0,0,0,0,0,0,0,0,0,0.0,1,validation,30,0.03333333333333333
vp_36371_case_002__w0009,vp_36371_case_002,0,0,0,0,0,0,0,0,0,0,0,0.0,1,validation,30,0.03333333333333333
vp_36371_case_002__w0010,vp_36371_case_002,0,0,0,0,0,0,0,0,0,0,0,0.0,1,validation,30,0.03333333333333333
vp_36371_case_002__w0011,vp_36371_case_002,0,0,0,0,0,0,0,0,0,0,0,0.0,1,validation,30,0.03333333333333333
vp_36371_case_002__w0012,vp_36371_case_002,0,0,0,0,0,0,0,0,0,0,0,0.0,1,validation,30,0.03333333333333333
vp_36371_case_002__w0013,vp_36371_case_002,0,0,0,0,0,0,0,0,0,0,0,0.0,1,validation,30,0.03333333333333333
vp_36371_case_002__w0014,vp_36371_case_002,0,0,0,0,0,0,0,0,0,0,0,0.0,1,validation,30,0.03333333333333333
vp_36371_case_002__w0015,vp_36371_case_002,0,0,0,0,0,0,0,0,0,0,0,0.0,1,validation,30,0.03333333333333333
vp_36371_case_002__w0016,vp_36371_case_002,0,0,0,0,0,0,0,0,0,0,0,0.0,1,validation,30,0.03333333333333333
vp_36371_case_002__w0017,vp_36371_case_002,0,1,0,0,0,0,0,1,0,0,0,1.0,1,validation,30,0.03333333333333333
vp_36371_case_002__w0018,vp_36371_case_002,0,1,0,0,0,0,0,1,0,0,0,0.0,1,validation,30,0.03333333333333333
vp_36371_case_002__w0019,vp_36371_case_002,0,0,0,0,0,0,0,0,0,0,0,-1.0,1,validation,30,0.03333333333333333
vp_36371_case_002__w0020,vp_36371_case_002,0,0,0,0,0,0,0,0,0,0,0,0.0,1,validation,30,0.03333333333333333
vp_36371_case_002__w0021,vp_36371_case_002,0,0,0,0,0,0,0,0,0,0,0,0.0,1,validation,30,0.03333333333333333
vp_36371_case_002__w0022,vp_36371_case_002,0,0,0,0,0,0,0,0,0,0,0,0.0,1,validation,30,0.03333333333333333
vp_36371_case_002__w0023,vp_36371_case_002,0,0,0,0,0,0,0,1,0,0,0,1.0,1,validation,30,0.03333333333333333
vp_36371_case_002__w0024,vp_36371_case_002,0,0,0,0,0,0,0,1,0,0,0,0.0,1,validation,30,0.03333333333333333
vp_36371_case_002__w0025,vp_36371_case_002,0,0,0,0,0,0,0,0,0,0,0,-1.0,1,validation,30,0.03333333333333333
vp_36371_case_002__w0026,vp_36371_case_002,0,0,0,0,0,0,0,0,0,0,0,0.0,1,validation,30,0.03333333333333333
vp_36371_case_002__w0027,vp_36371_case_002,0,0,0,0,0,0,0,0,0,0,0,0.0,1,validation,30,0.03333333333333333
vp_36371_case_002__w0028,vp_36371_case_002,0,0,0,0,0,0,0,0,0,0,0,0.0,1,validation,30,0.03333333333333333
vp_36371_case_002__w0029,vp_36371_case_002,0,0,0,0,0,0,0,0,0,0,0,0.0,1,validation,30,0.03333333333333333
vp_36371_case_003__w0000,vp_36371_case_003,0,0,0,0,0,0,0,0,0,0,0,0.0,1,train,16,0.0625
vp_36371_case_003__w0001,vp_36371_case_003,0,0,0,0,0,0,0,0,0,0,0,0.0,1,train,16,0.0625
vp_36371_case_003__w0002,vp_36371_case_003,0,0,0,0,0,0,0,0,0,0,0,0.0,1,train,16,0.0625
vp_36371_case_003__w0003,vp_36371_case_003,0,0,0,0,0,0,0,0,0,0,0,0.0,1,train,16,0.0625
vp_36371_case_003__w0004,vp_36371_case_003,1,1,0,0,0,0,0,2,0,0,0,2.0,1,train,16,0.0625
vp_36371_case_003__w0005,vp_36371_case_003,1,1,0,0,0,0,0,2,0,0,0,0.0,1,train,16,0.0625
vp_36371_case_003__w0006,vp_36371_case_003,1,0,0,0,0,0,0,1,0,0,0,-1.0,1,train,16,0.0625
vp_36371_case_003__w0007,vp_36371_case_003,1,0,0,0,0,0,0,1,0,0,0,0.0,1,train,16,0.0625
vp_36371_case_003__w0008,vp_36371_case_003,0,0,0,0,0,0,0,0,0,0,0,-1.0,1,train,16,0.0625
vp_36371_case_003__w0009,vp_36371_case_003,0,0,0,0,0,0,0,0,0,0,0,0.0,1,train,16,0.0625
vp_36371_case_003__w0010,vp_36371_case_003,0,0,0,0,0,0,0,0,0,0,0,0.0,1,train,16,0.0625
vp_36371_case_003__w0011,vp_36371_case_003,0,0,0,0,0,0,0,0,0,0,0,0.0,1,train,16,0.0625
vp_36371_case_003__w0012,vp_36371_case_003,0,0,0,0,0,0,0,0,0,0,0,0.0,1,train,16,0.0625
vp_36371_case_003__w0013,vp_36371_case_003,0,0,0,0,0,0,0,0,0,0,0,0.0,1,train,16,0.0625
vp_36371_case_003__w0014,vp_36371_case_003,1,1,0,0,0,0,0,2,0,0,0,2.0,1,train,16,0.0625
vp_36371_case_003__w0015,vp_36371_case_003,1,1,0,0,0,0,0,2,0,0,0,0.0,1,train,16,0.0625
vp_36371_case_004__w0000,vp_36371_case_004,0,0,0,0,0,0,0,0,0,0,0,0.0,1,train,6,0.16666666666666666
vp_36371_case_004__w0001,vp_36371_case_004,0,0,0,0,0,0,0,0,0,0,0,0.0,1,train,6,0.16666666666666666
vp_36371_case_004__w0002,vp_36371_case_004,0,0,0,0,0,0,0,0,0,0,0,0.0,1,train,6,0.16666666666666666
vp_36371_case_004__w0003,vp_36371_case_004,0,0,0,0,0,0,0,0,0,0,0,0.0,1,train,6,0.16666666666666666
vp_36371_case_004__w0004,vp_36371_case_004,0,0,0,0,0,0,0,0,0,0,0,0.0,1,train,6,0.16666666666666666
vp_36371_case_004__w0005,vp_36371_case_004,0,0,0,0,0,0,0,0,0,0,0,0.0,1,train,6,0.16666666666666666
vp_36371_case_005__w0000,vp_36371_case_005,0,0,0,0,0,0,0,0,0,0,0,0.0,1,train,3,0.3333333333333333
vp_36371_case_005__w0001,vp_36371_case_005,0,0,0,0,0,0,0,0,0,0,0,0.0,1,train,3,0.3333333333333333
vp_36371_case_005__w0002,vp_36371_case_005,0,0,0,0,0,0,0,0,0,0,0,0.0,1,train,3,0.3333333333333333
vp_36371_case_006__w0000,vp_36371_case_006,0,0,0,0,0,0,0,0,0,0,0,0.0,1,validation,1,1.0
vp_36371_case_007__w0000,vp_36371_case_007,0,0,0,0,0,0,0,0,0,0,0,0.0,1,train,1,1.0
vp_36371_case_009__w0000,vp_36371_case_009,0,0,0,0,0,0,0,0,0,0,0,0.0,1,train,47,0.02127659574468085
vp_36371_case_009__w0001,vp_36371_case_009,0,0,0,0,0,0,0,0,0,0,0,0.0,1,train,47,0.02127659574468085
vp_36371_case_009__w0002,vp_36371_case_009,0,0,0,0,0,0,0,0,0,0,0,0.0,1,train,47,0.02127659574468085
vp_36371_case_009__w0003,vp_36371_case_009,0,0,0,0,0,0,0,0,0,0,0,0.0,1,train,47,0.02127659574468085
vp_36371_case_009__w0004,vp_36371_case_009,0,0,0,0,0,0,0,0,0,0,0,0.0,1,train,47,0.02127659574468085
vp_36371_case_009__w0005,vp_36371_case_009,0,0,0,0,0,0,0,0,0,0,0,0.0,1,train,47,0.02127659574468085
vp_36371_case_009__w0006,vp_36371_case_009,0,0,0,0,0,0,0,0,0,0,0,0.0,1,train,47,0.02127659574468085
vp_36371_case_009__w0007,vp_36371_case_009,0,0,0,0,0,0,0,0,0,0,0,0.0,1,train,47,0.02127659574468085
vp_36371_case_009__w0008,vp_36371_case_009,0,0,0,0,0,0,0,0,0,0,0,0.0,1,train,47,0.02127659574468085
vp_36371_case_009__w0009,vp_36371_case_009,0,0,0,0,0,0,0,0,0,0,0,0.0,1,train,47,0.02127659574468085
vp_36371_case_009__w0010,vp_36371_case_009,0,0,0,0,0,0,0,0,0,0,0,0.0,1,train,47,0.02127659574468085
vp_36371_case_009__w0011,vp_36371_case_009,0,0,0,0,0,0,0,0,0,0,0,0.0,1,train,47,0.02127659574468085
vp_36371_case_009__w0012,vp_36371_case_009,0,0,0,0,0,0,0,0,0,0,0,0.0,1,train,47,0.02127659574468085
vp_36371_case_009__w0013,vp_36371_case_009,0,0,0,0,0,0,0,0,0,0,0,0.0,1,train,47,0.02127659574468085
vp_36371_case_009__w0014,vp_36371_case_009,0,0,0,0,0,0,0,0,0,0,0,0.0,1,train,47,0.02127659574468085
vp_36371_case_009__w0015,vp_36371_case_009,0,0,0,0,0,0,0,0,0,0,0,0.0,1,train,47,0.02127659574468085
vp_36371_case_009__w0016,vp_36371_case_009,0,0,0,0,0,0,0,0,0,0,0,0.0,1,train,47,0.02127659574468085
vp_36371_case_009__w0017,vp_36371_case_009,0,0,0,0,0,0,0,0,0,0,0,0.0,1,train,47,0.02127659574468085
vp_36371_case_009__w0018,vp_36371_case_009,0,0,0,0,0,0,0,0,0,0,0,0.0,1,train,47,0.02127659574468085
vp_36371_case_009__w0019,vp_36371_case_009,0,1,0,0,0,0,0,1,0,0,0,1.0,1,train,47,0.02127659574468085
vp_36371_case_009__w0020,vp_36371_case_009,1,1,0,1,0,0,0,2,0,1,0,2.0,1,train,47,0.02127659574468085
vp_36371_case_009__w0021,vp_36371_case_009,1,1,0,1,0,0,0,2,0,1,0,0.0,1,train,47,0.02127659574468085
vp_36371_case_009__w0022,vp_36371_case_009,1,1,0,0,0,0,0,2,0,0,0,-1.0,1,train,47,0.02127659574468085
vp_36371_case_009__w0023,vp_36371_case_009,1,1,0,0,0,0,0,2,0,0,0,0.0,1,train,47,0.02127659574468085
vp_36371_case_009__w0024,vp_36371_case_009,0,1,0,0,0,0,0,1,0,0,0,-1.0,1,train,47,0.02127659574468085
vp_36371_case_009__w0025,vp_36371_case_009,0,1,0,0,0,0,0,1,0,0,0,0.0,1,train,47,0.02127659574468085
vp_36371_case_009__w0026,vp_36371_case_009,0,0,0,0,0,0,0,0,0,0,0,-1.0,1,train,47,0.02127659574468085
vp_36371_case_009__w0027,vp_36371_case_009,0,0,0,0,0,0,0,0,0,0,0,0.0,1,train,47,0.02127659574468085
vp_36371_case_009__w0028,vp_36371_case_009,0,0,0,0,0,0,0,0,0,0,0,0.0,1,train,47,0.02127659574468085
vp_36371_case_009__w0029,vp_36371_case_009,0,0,0,0,0,0,0,0,0,0,0,0.0,1,train,47,0.02127659574468085
vp_36371_case_009__w0030,vp_36371_case_009,0,0,0,0,0,0,0,0,0,0,0,0.0,1,train,47,0.02127659574468085
vp_36371_case_009__w0031,vp_36371_case_009,0,0,0,0,0,0,0,0,0,0,0,0.0,1,train,47,0.02127659574468085
vp_36371_case_009__w0032,vp_36371_case_009,0,0,0,0,0,0,0,0,0,0,0,0.0,1,train,47,0.02127659574468085
vp_36371_case_009__w0033,vp_36371_case_009,0,1,0,0,0,0,0,1,0,0,0,1.0,1,train,47,0.02127659574468085
vp_36371_case_009__w0034,vp_36371_case_009,0,1,0,0,0,0,0,1,0,0,0,0.0,1,train,47,0.02127659574468085
vp_36371_case_009__w0035,vp_36371_case_009,0,0,0,0,0,0,0,0,0,0,0,-1.0,1,train,47,0.02127659574468085
vp_36371_case_009__w0036,vp_36371_case_009,1,0,0,0,0,0,0,1,0,0,0,1.0,1,train,47,0.02127659574468085
vp_36371_case_009__w0037,vp_36371_case_009,1,0,0,0,0,0,0,1,0,0,0,0.0,1,train,47,0.02127659574468085
vp_36371_case_009__w0038,vp_36371_case_009,1,0,0,0,0,0,0,1,0,0,0,0.0,1,train,47,0.02127659574468085
vp_36371_case_009__w0039,vp_36371_case_009,0,0,0,0,0,0,0,0,0,0,0,-1.0,1,train,47,0.02127659574468085
vp_36371_case_009__w0040,vp_36371_case_009,0,0,0,0,0,0,0,1,0,0,0,1.0,1,train,47,0.02127659574468085
vp_36371_case_009__w0041,vp_36371_case_009,0,0,0,0,0,0,0,1,0,0,0,0.0,1,train,47,0.02127659574468085
vp_36371_case_009__w0042,vp_36371_case_009,0,0,0,0,0,0,0,0,0,0,0,-1.0,1,train,47,0.02127659574468085
vp_36371_case_009__w0043,vp_36371_case_009,0,0,0,0,0,0,0,0,0,0,0,0.0,1,train,47,0.02127659574468085
vp_36371_case_009__w0044,vp_36371_case_009,0,0,0,0,0,0,0,1,0,0,0,1.0,1,train,47,0.02127659574468085
vp_36371_case_009__w0045,vp_36371_case_009,0,0,0,0,0,0,0,1,0,0,0,0.0,1,train,47,0.02127659574468085
vp_36371_case_009__w0046,vp_36371_case_009,0,0,0,0,0,0,0,0,0,0,0,-1.0,1,train,47,0.02127659574468085
vp_36372_case_001__w0000,vp_36372_case_001,0,1,0,0,0,0,0,1,0,0,0,0.0,1,validation,21,0.047619047619047616
vp_36372_case_001__w0001,vp_36372_case_001,0,0,0,0,0,0,0,0,0,0,0,-1.0,1,validation,21,0.047619047619047616
vp_36372_case_001__w0002,vp_36372_case_001,0,0,0,0,0,0,0,0,0,0,0,0.0,1,validation,21,0.047619047619047616
vp_36372_case_001__w0003,vp_36372_case_001,0,0,0,0,0,0,0,0,0,0,0,0.0,1,validation,21,0.047619047619047616
vp_36372_case_001__w0004,vp_36372_case_001,0,0,0,0,0,0,0,0,0,0,0,0.0,1,validation,21,0.047619047619047616
vp_36372_case_001__w0005,vp_36372_case_001,0,0,0,0,0,0,0,0,0,0,0,0.0,1,validation,21,0.047619047619047616
vp_36372_case_001__w0006,vp_36372_case_001,0,0,0,0,0,0,0,0,0,0,0,0.0,1,validation,21,0.047619047619047616
vp_36372_case_001__w0007,vp_36372_case_001,0,0,0,0,0,0,0,0,0,0,0,0.0,1,validation,21,0.047619047619047616
vp_36372_case_001__w0008,vp_36372_case_001,0,1,0,1,0,0,0,1,0,0,0,2.0,1,validation,21,0.047619047619047616
vp_36372_case_001__w0009,vp_36372_case_001,0,1,0,1,0,0,0,1,0,0,0,0.0,1,validation,21,0.047619047619047616
vp_36372_case_001__w0010,vp_36372_case_001,0,1,0,0,0,0,0,1,0,0,0,-1.0,1,validation,21,0.047619047619047616
vp_36372_case_001__w0011,vp_36372_case_001,1,1,0,0,0,0,0,2,0,0,0,1.0,1,validation,21,0.047619047619047616
vp_36372_case_001__w0012,vp_36372_case_001,1,1,1,0,0,0,0,2,0,1,0,1.0,1,validation,21,0.047619047619047616
vp_36372_case_001__w0013,vp_36372_case_001,1,0,1,0,0,0,0,1,0,1,0,-1.0,1,validation,21,0.047619047619047616
vp_36372_case_001__w0014,vp_36372_case_001,0,0,0,0,0,0,0,0,0,0,0,-2.0,1,validation,21,0.047619047619047616
vp_36372_case_001__w0015,vp_36372_case_001,0,1,0,0,0,0,0,1,0,0,0,1.0,1,validation,21,0.047619047619047616
vp_36372_case_001__w0016,vp_36372_case_001,1,1,0,0,0,0,0,2,0,0,0,1.0,1,validation,21,0.047619047619047616
vp_36372_case_001__w0017,vp_36372_case_001,1,1,0,0,0,0,0,2,0,0,0,0.0,1,validation,21,0.047619047619047616
vp_36372_case_001__w0018,vp_36372_case_001,0,0,0,0,0,0,0,0,0,0,0,-2.0,1,validation,21,0.047619047619047616
vp_36372_case_001__w0019,vp_36372_case_001,0,0,0,0,0,0,0,0,0,0,0,0.0,1,validation,21,0.047619047619047616
vp_36372_case_001__w0020,vp_36372_case_001,1,0,0,0,0,0,0,1,0,0,0,1.0,1,validation,21,0.047619047619047616
vp_36372_case_002__w0000,vp_36372_case_002,0,0,0,0,0,0,0,0,0,0,0,0.0,1,train,34,0.029411764705882353
vp_36372_case_002__w0001,vp_36372_case_002,0,0,0,0,0,0,0,0,0,0,0,0.0,1,train,34,0.029411764705882353
vp_36372_case_002__w0002,vp_36372_case_002,0,0,0,0,0,0,0,0,0,0,0,0.0,1,train,34,0.029411764705882353
vp_36372_case_002__w0003,vp_36372_case_002,0,0,0,0,0,0,0,0,0,0,0,0.0,1,train,34,0.029411764705882353
vp_36372_case_002__w0004,vp_36372_case_002,0,0,0,0,0,0,0,0,0,0,0,0.0,1,train,34,0.029411764705882353
vp_36372_case_002__w0005,vp_36372_case_002,0,0,0,0,0,0,0,0,0,0,0,0.0,1,train,34,0.029411764705882353
vp_36372_case_002__w0006,vp_36372_case_002,0,0,0,0,0,0,0,0,0,0,0,0.0,1,train,34,0.029411764705882353
vp_36372_case_002__w0007,vp_36372_case_002,0,0,0,0,0,0,0,0,0,0,0,0.0,1,train,34,0.029411764705882353
vp_36372_case_002__w0008,vp_36372_case_002,0,0,0,0,0,0,0,0,0,0,0,0.0,1,train,34,0.029411764705882353
vp_36372_case_002__w0009,vp_36372_case_002,0,0,0,0,0,0,0,0,0,0,0,0.0,1,train,34,0.029411764705882353
vp_36372_case_002__w0010,vp_36372_case_002,0,0,0,0,0,0,0,0,0,0,0,0.0,1,train,34,0.029411764705882353
vp_36372_case_002__w0011,vp_36372_case_002,0,0,0,0,0,0,0,0,0,0,0,0.0,1,train,34,0.029411764705882353
vp_36372_case_002__w0012,vp_36372_case_002,0,0,0,0,0,0,0,0,0,0,0,0.0,1,train,34,0.029411764705882353
vp_36372_case_002__w0013,vp_36372_case_002,0,0,0,0,0,0,0,0,0,0,0,0.0,1,train,34,0.029411764705882353
vp_36372_case_002__w0014,vp_36372_case_002,0,0,0,0,0,0,0,0,0,0,0,0.0,1,train,34,0.029411764705882353
vp_36372_case_002__w0015,vp_36372_case_002,0,0,0,0,0,0,0,0,0,0,0,0.0,1,train,34,0.029411764705882353
vp_36372_case_002__w0016,vp_36372_case_002,0,0,0,0,0,0,0,0,0,0,0,0.0,1,train,34,0.029411764705882353
vp_36372_case_002__w0017,vp_36372_case_002,0,0,0,0,0,0,0,0,0,0,0,0.0,1,train,34,0.029411764705882353
vp_36372_case_002__w0018,vp_36372_case_002,0,0,0,0,0,0,0,0,0,0,0,0.0,1,train,34,0.029411764705882353
vp_36372_case_002__w0019,vp_36372_case_002,0,0,0,0,0,0,0,0,0,0,0,0.0,1,train,34,0.029411764705882353
vp_36372_case_002__w0020,vp_36372_case_002,0,0,0,0,0,0,0,0,0,0,0,0.0,1,train,34,0.029411764705882353
vp_36372_case_002__w0021,vp_36372_case_002,0,0,0,0,0,0,0,0,0,0,0,0.0,1,train,34,0.029411764705882353
vp_36372_case_002__w0022,vp_36372_case_002,0,0,0,0,0,0,0,0,0,0,0,0.0,1,train,34,0.029411764705882353
vp_36372_case_002__w0023,vp_36372_case_002,0,0,0,0,0,0,0,0,0,0,0,0.0,1,train,34,0.029411764705882353
vp_36372_case_002__w0024,vp_36372_case_002,0,0,0,0,0,0,0,0,0,0,0,0.0,1,train,34,0.029411764705882353
vp_36372_case_002__w0025,vp_36372_case_002,0,0,0,0,0,0,0,0,0,0,0,0.0,1,train,34,0.029411764705882353
vp_36372_case_002__w0026,vp_36372_case_002,0,0,0,0,0,0,0,0,0,0,0,0.0,1,train,34,0.029411764705882353
vp_36372_case_002__w0027,vp_36372_case_002,1,1,1,0,0,0,0,2,0,1,0,3.0,1,train,34,0.029411764705882353
vp_36372_case_002__w0028,vp_36372_case_002,1,1,1,0,0,0,0,2,0,1,0,0.0,1,train,34,0.029411764705882353
vp_36372_case_002__w0029,vp_36372_case_002,1,1,0,0,0,0,0,2,0,0,0,-1.0,1,train,34,0.029411764705882353
vp_36372_case_002__w0030,vp_36372_case_002,1,0,0,0,0,0,0,1,0,0,0,-1.0,1,train,34,0.029411764705882353
vp_36372_case_002__w0031,vp_36372_case_002,0,1,0,0,0,0,0,2,0,0,0,1.0,1,train,34,0.029411764705882353
vp_36372_case_002__w0032,vp_36372_case_002,0,1,0,0,0,0,0,2,0,0,0,0.0,1,train,34,0.029411764705882353
vp_36372_case_002__w0033,vp_36372_case_002,0,1,0,0,0,0,0,1,0,0,0,-1.0,1,train,34,0.029411764705882353
vp_36372_case_003__w0000,vp_36372_case_003,1,1,0,0,0,0,0,2,0,0,0,0.0,1,test,2,0.5
vp_36372_case_003__w0001,vp_36372_case_003,1,0,0,0,0,0,0,1,0,0,0,-1.0,1,test,2,0.5
vp_36372_case_004__w0000,vp_36372_case_004,0,0,0,0,0,0,0,0,0,0,0,0.0,1,train,1,1.0
vp_36372_case_006__w0000,vp_36372_case_006,0,0,0,0,0,0,0,0,0,0,0,0.0,1,test,5,0.2
vp_36372_case_006__w0001,vp_36372_case_006,0,0,0,0,0,0,0,0,0,0,0,0.0,1,test,5,0.2
vp_36372_case_006__w0002,vp_36372_case_006,1,0,0,0,0,0,0,1,0,0,0,1.0,1,test,5,0.2
vp_36372_case_006__w0003,vp_36372_case_006,1,0,0,0,0,0,0,1,0,0,0,0.0,1,test,5,0.2
vp_36372_case_006__w0004,vp_36372_case_006,1,0,0,0,0,0,0,1,0,0,0,0.0,1,test,5,0.2
vp_36372_case_008__w0000,vp_36372_case_008,0,0,0,0,0,0,0,0,0,0,0,0.0,1,train,6,0.16666666666666666
vp_36372_case_008__w0001,vp_36372_case_008,0,0,0,0,0,0,0,0,0,0,0,0.0,1,train,6,0.16666666666666666
vp_36372_case_008__w0002,vp_36372_case_008,1,0,0,0,0,0,0,1,0,0,0,1.0,1,train,6,0.16666666666666666
vp_36372_case_008__w0003,vp_36372_case_008,1,0,0,0,0,0,0,1,0,0,0,0.0,1,train,6,0.16666666666666666
vp_36372_case_008__w0004,vp_36372_case_008,1,0,0,0,0,0,0,1,0,0,0,0.0,1,train,6,0.16666666666666666
vp_36372_case_008__w0005,vp_36372_case_008,1,0,0,0,0,0,0,1,0,0,0,0.0,1,train,6,0.16666666666666666
vp_36372_case_009__w0000,vp_36372_case_009,1,0,0,0,0,0,0,1,0,0,0,0.0,1,train,3,0.3333333333333333
vp_36372_case_009__w0001,vp_36372_case_009,0,0,0,0,0,0,0,0,0,0,0,-1.0,1,train,3,0.3333333333333333
vp_36372_case_009__w0002,vp_36372_case_009,0,0,0,0,0,0,0,0,0,0,0,0.0,1,train,3,0.3333333333333333
vp_36373_case_001__w0000,vp_36373_case_001,1,1,1,0,0,0,0,2,0,1,0,0.0,1,train,5,0.2
vp_36373_case_001__w0001,vp_36373_case_001,0,1,0,0,0,0,0,1,0,0,0,-2.0,1,train,5,0.2
vp_36373_case_001__w0002,vp_36373_case_001,1,1,1,0,0,0,0,2,0,1,0,2.0,1,train,5,0.2
vp_36373_case_001__w0003,vp_36373_case_001,1,1,1,0,0,0,0,2,0,1,0,0.0,1,train,5,0.2
vp_36373_case_001__w0004,vp_36373_case_001,0,0,0,0,0,0,0,0,0,0,0,-3.0,1,train,5,0.2
vp_36373_case_002__w0000,vp_36373_case_002,1,0,0,0,0,0,0,1,0,0,0,0.0,1,train,5,0.2
vp_36373_case_002__w0001,vp_36373_case_002,1,0,0,0,0,0,0,1,0,0,0,0.0,1,train,5,0.2
vp_36373_case_002__w0002,vp_36373_case_002,1,0,0,0,0,0,0,1,0,0,0,0.0,1,train,5,0.2
vp_36373_case_002__w0003,vp_36373_case_002,0,0,0,0,0,0,0,0,0,0,0,-1.0,1,train,5,0.2
vp_36373_case_002__w0004,vp_36373_case_002,0,1,0,0,0,0,0,1,0,0,0,1.0,1,train,5,0.2
vp_36374_case_001__w0000,vp_36374_case_001,0,0,0,0,0,0,0,0,0,0,0,0.0,1,validation,3,0.3333333333333333
vp_36374_case_001__w0001,vp_36374_case_001,0,0,0,0,0,0,0,0,0,0,0,0.0,1,validation,3,0.3333333333333333
vp_36374_case_001__w0002,vp_36374_case_001,0,0,0,0,0,0,0,0,0,0,0,0.0,1,validation,3,0.3333333333333333
vp_36374_case_002__w0000,vp_36374_case_002,0,0,0,0,0,0,0,0,0,0,0,0.0,1,train,21,0.047619047619047616
vp_36374_case_002__w0001,vp_36374_case_002,0,0,0,0,0,0,0,0,0,0,0,0.0,1,train,21,0.047619047619047616
vp_36374_case_002__w0002,vp_36374_case_002,0,0,0,0,0,0,0,0,0,0,0,0.0,1,train,21,0.047619047619047616
vp_36374_case_002__w0003,vp_36374_case_002,0,0,0,0,0,0,0,0,0,0,0,0.0,1,train,21,0.047619047619047616
vp_36374_case_002__w0004,vp_36374_case_002,0,0,0,0,0,0,0,0,0,0,0,0.0,1,train,21,0.047619047619047616
vp_36374_case_002__w0005,vp_36374_case_002,0,0,0,0,0,0,0,0,0,0,0,0.0,1,train,21,0.047619047619047616
vp_36374_case_002__w0006,vp_36374_case_002,1,0,0,0,0,0,0,1,0,0,0,1.0,1,train,21,0.047619047619047616
vp_36374_case_002__w0007,vp_36374_case_002,1,0,0,0,0,0,0,1,0,0,0,0.0,1,train,21,0.047619047619047616
vp_36374_case_002__w0008,vp_36374_case_002,0,0,0,0,0,0,0,0,0,0,0,-1.0,1,train,21,0.047619047619047616
vp_36374_case_002__w0009,vp_36374_case_002,0,0,0,0,0,0,0,0,0,0,0,0.0,1,train,21,0.047619047619047616
vp_36374_case_002__w0010,vp_36374_case_002,0,0,0,0,0,0,0,0,0,0,0,0.0,1,train,21,0.047619047619047616
vp_36374_case_002__w0011,vp_36374_case_002,0,0,0,0,0,0,0,0,0,0,0,0.0,1,train,21,0.047619047619047616
vp_36374_case_002__w0012,vp_36374_case_002,0,0,0,0,0,0,0,0,0,0,0,0.0,1,train,21,0.047619047619047616
vp_36374_case_002__w0013,vp_36374_case_002,0,0,0,0,0,0,0,0,0,0,0,0.0,1,train,21,0.047619047619047616
vp_36374_case_002__w0014,vp_36374_case_002,0,0,0,0,0,0,0,0,0,0,0,0.0,1,train,21,0.047619047619047616
vp_36374_case_002__w0015,vp_36374_case_002,0,0,0,0,0,0,0,0,0,0,0,0.0,1,train,21,0.047619047619047616
vp_36374_case_002__w0016,vp_36374_case_002,0,0,0,0,0,0,0,0,0,0,0,0.0,1,train,21,0.047619047619047616
vp_36374_case_002__w0017,vp_36374_case_002,0,0,0,0,0,0,0,0,0,0,0,0.0,1,train,21,0.047619047619047616
vp_36374_case_002__w0018,vp_36374_case_002,0,0,0,0,0,0,0,0,0,0,0,0.0,1,train,21,0.047619047619047616
vp_36374_case_002__w0019,vp_36374_case_002,0,0,0,0,0,0,0,0,0,0,0,0.0,1,train,21,0.047619047619047616
vp_36374_case_002__w0020,vp_36374_case_002,0,0,0,0,0,0,0,0,0,0,0,0.0,1,train,21,0.047619047619047616
vp_36375_case_001__w0000,vp_36375_case_001,0,0,0,0,0,0,0,0,0,0,0,0.0,1,train,4,0.25
vp_36375_case_001__w0001,vp_36375_case_001,0,0,0,0,0,0,0,0,0,0,0,0.0,1,train,4,0.25
vp_36375_case_001__w0002,vp_36375_case_001,0,0,0,0,0,0,0,0,0,0,0,0.0,1,train,4,0.25
vp_36375_case_001__w0003,vp_36375_case_001,0,0,0,0,0,0,0,0,0,0,0,0.0,1,train,4,0.25
vp_36375_case_002__w0000,vp_36375_case_002,0,0,0,0,0,0,0,0,0,0,0,0.0,1,train,9,0.1111111111111111
vp_36375_case_002__w0001,vp_36375_case_002,0,0,0,0,0,0,0,0,0,0,0,0.0,1,train,9,0.1111111111111111
vp_36375_case_002__w0002,vp_36375_case_002,0,0,0,0,0,0,0,0,0,0,0,0.0,1,train,9,0.1111111111111111
vp_36375_case_002__w0003,vp_36375_case_002,0,0,0,0,0,0,0,0,0,0,0,0.0,1,train,9,0.1111111111111111
vp_36375_case_002__w0004,vp_36375_case_002,0,0,0,0,1,0,0,1,0,0,0,1.0,1,train,9,0.1111111111111111
vp_36375_case_002__w0005,vp_36375_case_002,0,0,0,0,1,0,0,1,0,0,0,0.0,1,train,9,0.1111111111111111
vp_36375_case_002__w0006,vp_36375_case_002,1,0,0,0,0,0,0,1,0,0,0,0.0,1,train,9,0.1111111111111111
vp_36375_case_002__w0007,vp_36375_case_002,1,0,0,0,0,0,0,1,0,0,0,0.0,1,train,9,0.1111111111111111
vp_36375_case_002__w0008,vp_36375_case_002,0,0,0,0,0,0,0,0,0,0,0,-1.0,1,train,9,0.1111111111111111
vp_36376_case_001__w0000,vp_36376_case_001,0,0,0,0,0,0,0,0,0,0,0,0.0,1,validation,7,0.14285714285714285
vp_36376_case_001__w0001,vp_36376_case_001,0,0,0,0,0,0,0,0,0,0,0,0.0,1,validation,7,0.14285714285714285
vp_36376_case_001__w0002,vp_36376_case_001,0,0,0,0,0,0,0,0,0,0,0,0.0,1,validation,7,0.14285714285714285
vp_36376_case_001__w0003,vp_36376_case_001,0,1,0,0,0,0,0,1,0,0,0,1.0,1,validation,7,0.14285714285714285
vp_36376_case_001__w0004,vp_36376_case_001,0,1,0,0,0,0,0,1,0,0,0,0.0,1,validation,7,0.14285714285714285
vp_36376_case_001__w0005,vp_36376_case_001,0,0,0,0,0,0,0,0,0,0,0,-1.0,1,validation,7,0.14285714285714285
vp_36376_case_001__w0006,vp_36376_case_001,0,1,0,0,0,0,0,1,0,0,0,1.0,1,validation,7,0.14285714285714285
vp_36377_case_001__w0000,vp_36377_case_001,1,1,1,0,0,0,0,2,0,1,0,0.0,1,train,60,0.016666666666666666
vp_36377_case_001__w0001,vp_36377_case_001,0,1,0,0,0,0,0,1,0,0,0,-2.0,1,train,60,0.016666666666666666
vp_36377_case_001__w0002,vp_36377_case_001,0,0,0,0,0,0,0,0,0,0,0,-1.0,1,train,60,0.016666666666666666
vp_36377_case_001__w0003,vp_36377_case_001,0,0,0,0,0,0,0,0,0,0,0,0.0,1,train,60,0.016666666666666666
vp_36377_case_001__w0004,vp_36377_case_001,0,0,0,0,0,0,0,0,0,0,0,0.0,1,train,60,0.016666666666666666
vp_36377_case_001__w0005,vp_36377_case_001,0,0,0,0,0,0,0,0,0,0,0,0.0,1,train,60,0.016666666666666666
vp_36377_case_001__w0006,vp_36377_case_001,1,1,0,0,0,0,0,2,0,0,0,2.0,1,train,60,0.016666666666666666
vp_36377_case_001__w0007,vp_36377_case_001,1,1,0,0,0,0,0,2,0,0,0,0.0,1,train,60,0.016666666666666666
vp_36377_case_001__w0008,vp_36377_case_001,0,1,0,0,0,0,0,1,0,0,0,-1.0,1,train,60,0.016666666666666666
vp_36377_case_001__w0009,vp_36377_case_001,0,1,0,0,0,0,0,1,0,0,0,0.0,1,train,60,0.016666666666666666
vp_36377_case_001__w0010,vp_36377_case_001,0,1,0,0,0,0,0,1,0,0,0,0.0,1,train,60,0.016666666666666666
vp_36377_case_001__w0011,vp_36377_case_001,1,1,1,0,0,0,0,3,0,1,0,3.0,1,train,60,0.016666666666666666
vp_36377_case_001__w0012,vp_36377_case_001,1,1,1,0,0,0,0,3,0,1,0,0.0,1,train,60,0.016666666666666666
vp_36377_case_001__w0013,vp_36377_case_001,0,0,0,0,0,0,0,0,0,0,0,-4.0,1,train,60,0.016666666666666666
vp_36377_case_001__w0014,vp_36377_case_001,0,0,0,0,0,0,0,0,0,0,0,0.0,1,train,60,0.016666666666666666
vp_36377_case_001__w0015,vp_36377_case_001,0,0,0,0,0,0,0,0,0,0,0,0.0,1,train,60,0.016666666666666666
vp_36377_case_001__w0016,vp_36377_case_001,0,0,0,0,0,0,0,0,0,0,0,0.0,1,train,60,0.016666666666666666
vp_36377_case_001__w0017,vp_36377_case_001,0,0,0,0,0,0,0,0,0,0,0,0.0,1,train,60,0.016666666666666666
vp_36377_case_001__w0018,vp_36377_case_001,0,0,0,0,0,0,0,0,0,0,0,0.0,1,train,60,0.016666666666666666
vp_36377_case_001__w0019,vp_36377_case_001,0,1,0,0,0,0,0,1,0,0,0,1.0,1,train,60,0.016666666666666666
vp_36377_case_001__w0020,vp_36377_case_001,0,1,0,0,0,0,0,1,0,0,0,0.0,1,train,60,0.016666666666666666
vp_36377_case_001__w0021,vp_36377_case_001,0,0,0,0,0,0,0,0,0,0,0,-1.0,1,train,60,0.016666666666666666
vp_36377_case_001__w0022,vp_36377_case_001,0,0,0,0,0,0,0,0,0,0,0,0.0,1,train,60,0.016666666666666666
vp_36377_case_001__w0023,vp_36377_case_001,1,0,0,0,0,0,0,1,0,0,0,1.0,1,train,60,0.016666666666666666
vp_36377_case_001__w0024,vp_36377_case_001,1,0,0,0,0,0,0,1,0,0,0,0.0,1,train,60,0.016666666666666666
vp_36377_case_001__w0025,vp_36377_case_001,1,0,0,0,0,0,0,1,0,0,0,0.0,1,train,60,0.016666666666666666
vp_36377_case_001__w0026,vp_36377_case_001,0,0,0,0,0,0,0,0,0,0,0,-1.0,1,train,60,0.016666666666666666
vp_36377_case_001__w0027,vp_36377_case_001,0,0,0,0,0,0,0,0,0,0,0,0.0,1,train,60,0.016666666666666666
vp_36377_case_001__w0028,vp_36377_case_001,0,0,0,0,0,0,0,0,0,0,0,0.0,1,train,60,0.016666666666666666
vp_36377_case_001__w0029,vp_36377_case_001,0,1,0,0,0,0,0,1,0,0,0,1.0,1,train,60,0.016666666666666666
vp_36377_case_001__w0030,vp_36377_case_001,0,1,0,0,0,0,0,1,0,0,0,0.0,1,train,60,0.016666666666666666
vp_36377_case_001__w0031,vp_36377_case_001,0,1,0,0,0,0,0,1,0,0,0,0.0,1,train,60,0.016666666666666666
vp_36377_case_001__w0032,vp_36377_case_001,0,1,0,0,0,0,0,1,0,0,0,0.0,1,train,60,0.016666666666666666
vp_36377_case_001__w0033,vp_36377_case_001,0,1,0,0,0,0,0,1,0,0,0,0.0,1,train,60,0.016666666666666666
vp_36377_case_001__w0034,vp_36377_case_001,0,1,0,0,0,0,0,1,0,0,0,0.0,1,train,60,0.016666666666666666
vp_36377_case_001__w0035,vp_36377_case_001,0,1,0,0,0,0,0,1,0,0,0,0.0,1,train,60,0.016666666666666666
vp_36377_case_001__w0036,vp_36377_case_001,0,0,0,0,0,0,0,0,0,0,0,-1.0,1,train,60,0.016666666666666666
vp_36377_case_001__w0037,vp_36377_case_001,0,0,0,0,0,0,0,0,0,0,0,0.0,1,train,60,0.016666666666666666
vp_36377_case_001__w0038,vp_36377_case_001,0,0,0,0,0,0,0,0,0,0,0,0.0,1,train,60,0.016666666666666666
vp_36377_case_001__w0039,vp_36377_case_001,0,0,0,0,0,0,0,0,0,0,0,0.0,1,train,60,0.016666666666666666
vp_36377_case_001__w0040,vp_36377_case_001,0,0,0,0,0,0,0,0,0,0,0,0.0,1,train,60,0.016666666666666666
vp_36377_case_001__w0041,vp_36377_case_001,0,0,0,0,0,0,0,0,0,0,0,0.0,1,train,60,0.016666666666666666
vp_36377_case_001__w0042,vp_36377_case_001,0,0,0,0,0,0,0,0,0,0,0,0.0,1,train,60,0.016666666666666666
vp_36377_case_001__w0043,vp_36377_case_001,1,0,0,0,0,0,0,1,0,0,0,1.0,1,train,60,0.016666666666666666
vp_36377_case_001__w0044,vp_36377_case_001,1,1,1,0,0,0,0,2,0,1,0,2.0,1,train,60,0.016666666666666666
vp_36377_case_001__w0045,vp_36377_case_001,1,1,1,0,0,0,0,2,0,1,0,0.0,1,train,60,0.016666666666666666
vp_36377_case_001__w0046,vp_36377_case_001,0,0,0,0,0,0,0,0,0,0,0,-3.0,1,train,60,0.016666666666666666
vp_36377_case_001__w0047,vp_36377_case_001,0,0,0,0,0,0,0,0,0,0,0,0.0,1,train,60,0.016666666666666666
vp_36377_case_001__w0048,vp_36377_case_001,0,0,0,0,0,0,0,0,0,0,0,0.0,1,train,60,0.016666666666666666
vp_36377_case_001__w0049,vp_36377_case_001,0,0,0,0,0,0,0,0,0,0,0,0.0,1,train,60,0.016666666666666666
vp_36377_case_001__w0050,vp_36377_case_001,0,0,0,0,0,0,0,0,0,0,0,0.0,1,train,60,0.016666666666666666
vp_36377_case_001__w0051,vp_36377_case_001,0,0,0,0,0,0,0,0,0,0,0,0.0,1,train,60,0.016666666666666666
vp_36377_case_001__w0052,vp_36377_case_001,1,1,0,0,0,0,0,2,0,0,0,2.0,1,train,60,0.016666666666666666
vp_36377_case_001__w0053,vp_36377_case_001,1,1,0,0,0,0,0,2,0,0,0,0.0,1,train,60,0.016666666666666666
vp_36377_case_001__w0054,vp_36377_case_001,0,0,0,0,0,0,0,0,0,0,0,-2.0,1,train,60,0.016666666666666666
vp_36377_case_001__w0055,vp_36377_case_001,0,0,0,0,0,0,0,0,0,0,0,0.0,1,train,60,0.016666666666666666
vp_36377_case_001__w0056,vp_36377_case_001,0,0,0,0,0,0,0,0,0,0,0,0.0,1,train,60,0.016666666666666666
vp_36377_case_001__w0057,vp_36377_case_001,0,0,0,0,0,0,0,0,0,0,0,0.0,1,train,60,0.016666666666666666
vp_36377_case_001__w0058,vp_36377_case_001,0,0,0,0,0,0,0,0,0,0,0,0.0,1,train,60,0.016666666666666666
vp_36377_case_001__w0059,vp_36377_case_001,0,0,0,0,0,0,0,0,0,0,0,0.0,1,train,60,0.016666666666666666
vp_36377_case_002__w0000,vp_36377_case_002,0,0,0,0,0,0,0,0,0,0,0,0.0,1,train,22,0.045454545454545456
vp_36377_case_002__w0001,vp_36377_case_002,0,1,0,0,0,0,0,1,0,0,0,1.0,1,train,22,0.045454545454545456
vp_36377_case_002__w0002,vp_36377_case_002,0,1,0,0,0,0,0,1,0,0,0,0.0,1,train,22,0.045454545454545456
vp_36377_case_002__w0003,vp_36377_case_002,0,1,0,0,0,0,0,1,0,0,0,0.0,1,train,22,0.045454545454545456
vp_36377_case_002__w0004,vp_36377_case_002,0,1,0,0,0,0,0,1,0,0,0,0.0,1,train,22,0.045454545454545456
vp_36377_case_002__w0005,vp_36377_case_002,0,0,0,0,0,0,0,0,0,0,0,-1.0,1,train,22,0.045454545454545456
vp_36377_case_002__w0006,vp_36377_case_002,0,0,0,0,0,0,0,0,0,0,0,0.0,1,train,22,0.045454545454545456
vp_36377_case_002__w0007,vp_36377_case_002,0,0,0,0,0,0,0,0,0,0,0,0.0,1,train,22,0.045454545454545456
vp_36377_case_002__w0008,vp_36377_case_002,0,0,0,0,0,0,0,0,0,0,0,0.0,1,train,22,0.045454545454545456
vp_36377_case_002__w0009,vp_36377_case_002,0,0,0,0,0,0,0,0,0,0,0,0.0,1,train,22,0.045454545454545456
vp_36377_case_002__w0010,vp_36377_case_002,0,0,0,0,0,0,0,0,0,0,0,0.0,1,train,22,0.045454545454545456
vp_36377_case_002__w0011,vp_36377_case_002,0,0,0,0,0,0,0,0,0,0,0,0.0,1,train,22,0.045454545454545456
vp_36377_case_002__w0012,vp_36377_case_002,0,0,0,0,0,0,0,0,0,0,0,0.0,1,train,22,0.045454545454545456
vp_36377_case_002__w0013,vp_36377_case_002,0,1,0,0,0,0,0,1,0,0,0,1.0,1,train,22,0.045454545454545456
vp_36377_case_002__w0014,vp_36377_case_002,0,1,0,0,0,0,0,1,0,0,0,0.0,1,train,22,0.045454545454545456
vp_36377_case_002__w0015,vp_36377_case_002,0,0,0,0,0,0,0,0,0,0,0,-1.0,1,train,22,0.045454545454545456
vp_36377_case_002__w0016,vp_36377_case_002,0,0,0,0,0,0,0,0,0,0,0,0.0,1,train,22,0.045454545454545456
vp_36377_case_002__w0017,vp_36377_case_002,0,0,0,0,0,0,0,0,0,0,0,0.0,1,train,22,0.045454545454545456
vp_36377_case_002__w0018,vp_36377_case_002,0,0,0,0,0,0,0,0,0,0,0,0.0,1,train,22,0.045454545454545456
vp_36377_case_002__w0019,vp_36377_case_002,0,1,0,0,0,0,0,1,0,0,0,1.0,1,train,22,0.045454545454545456
vp_36377_case_002__w0020,vp_36377_case_002,0,1,0,0,0,0,0,1,0,0,0,0.0,1,train,22,0.045454545454545456
vp_36377_case_002__w0021,vp_36377_case_002,0,0,0,0,0,0,0,0,0,0,0,-1.0,1,train,22,0.045454545454545456
vp_36377_case_003__w0000,vp_36377_case_003,0,0,0,0,0,0,0,0,0,0,0,0.0,1,train,2,0.5
vp_36377_case_003__w0001,vp_36377_case_003,1,1,1,0,0,0,0,2,0,1,0,3.0,1,train,2,0.5
vp_36377_case_004__w0000,vp_36377_case_004,1,0,0,0,0,0,0,2,0,0,0,0.0,1,test,2,0.5
vp_36377_case_004__w0001,vp_36377_case_004,1,0,0,0,0,0,0,2,0,0,0,0.0,1,test,2,0.5
vp_36377_case_005__w0000,vp_36377_case_005,0,0,0,0,0,0,0,0,0,0,0,0.0,1,train,11,0.09090909090909091
vp_36377_case_005__w0001,vp_36377_case_005,0,0,0,0,0,0,0,0,0,0,0,0.0,1,train,11,0.09090909090909091
vp_36377_case_005__w0002,vp_36377_case_005,0,0,0,0,0,0,0,0,0,0,0,0.0,1,train,11,0.09090909090909091
vp_36377_case_005__w0003,vp_36377_case_005,0,0,0,0,0,0,0,0,0,0,0,0.0,1,train,11,0.09090909090909091
vp_36377_case_005__w0004,vp_36377_case_005,1,1,0,0,0,0,0,2,0,0,0,2.0,1,train,11,0.09090909090909091
vp_36377_case_005__w0005,vp_36377_case_005,1,1,0,0,0,0,0,2,0,0,0,0.0,1,train,11,0.09090909090909091
vp_36377_case_005__w0006,vp_36377_case_005,0,1,0,0,0,0,0,1,0,0,0,-1.0,1,train,11,0.09090909090909091
vp_36377_case_005__w0007,vp_36377_case_005,0,0,0,0,0,0,0,0,0,0,0,-1.0,1,train,11,0.09090909090909091
vp_36377_case_005__w0008,vp_36377_case_005,0,0,0,0,0,0,0,0,0,0,0,0.0,1,train,11,0.09090909090909091
vp_36377_case_005__w0009,vp_36377_case_005,0,0,0,0,0,0,0,0,0,0,0,0.0,1,train,11,0.09090909090909091
vp_36377_case_005__w0010,vp_36377_case_005,0,0,0,0,0,0,0,0,0,0,0,0.0,1,train,11,0.09090909090909091
vp_36377_case_006__w0000,vp_36377_case_006,0,0,0,0,0,0,0,0,0,0,0,0.0,1,train,7,0.14285714285714285
vp_36377_case_006__w0001,vp_36377_case_006,0,0,0,0,0,0,0,0,0,0,0,0.0,1,train,7,0.14285714285714285
vp_36377_case_006__w0002,vp_36377_case_006,0,0,0,0,0,0,0,0,0,0,0,0.0,1,train,7,0.14285714285714285
vp_36377_case_006__w0003,vp_36377_case_006,0,1,0,0,0,0,0,1,0,0,0,1.0,1,train,7,0.14285714285714285
vp_36377_case_006__w0004,vp_36377_case_006,0,1,0,0,0,0,0,1,0,0,0,0.0,1,train,7,0.14285714285714285
vp_36377_case_006__w0005,vp_36377_case_006,0,1,0,0,0,0,0,1,0,0,0,0.0,1,train,7,0.14285714285714285
vp_36377_case_006__w0006,vp_36377_case_006,0,0,0,0,0,0,0,0,0,0,0,-1.0,1,train,7,0.14285714285714285
vp_36377_case_007__w0000,vp_36377_case_007,1,1,0,0,0,0,0,2,0,0,0,0.0,1,validation,3,0.3333333333333333
vp_36377_case_007__w0001,vp_36377_case_007,0,1,0,0,0,0,0,1,0,0,0,-1.0,1,validation,3,0.3333333333333333
vp_36377_case_007__w0002,vp_36377_case_007,0,0,0,0,0,0,0,0,0,0,0,-1.0,1,validation,3,0.3333333333333333
vp_36377_case_010__w0000,vp_36377_case_010,0,0,0,0,0,0,0,0,0,0,0,0.0,1,train,2,0.5
vp_36377_case_010__w0001,vp_36377_case_010,0,0,0,0,0,0,0,0,0,0,0,0.0,1,train,2,0.5
vp_36377_case_011__w0000,vp_36377_case_011,0,0,0,0,0,0,0,0,0,0,0,0.0,1,train,1,1.0
vp_36377_case_012__w0000,vp_36377_case_012,0,0,0,0,0,0,0,0,0,0,0,0.0,1,train,1,1.0
vp_36377_case_013__w0000,vp_36377_case_013,0,0,0,0,0,0,0,0,0,0,0,0.0,1,test,5,0.2
vp_36377_case_013__w0001,vp_36377_case_013,0,0,0,0,0,0,0,0,0,0,0,0.0,1,test,5,0.2
vp_36377_case_013__w0002,vp_36377_case_013,0,0,0,0,0,0,0,0,0,0,0,0.0,1,test,5,0.2
vp_36377_case_013__w0003,vp_36377_case_013,0,0,0,0,0,0,0,0,0,0,0,0.0,1,test,5,0.2
vp_36377_case_013__w0004,vp_36377_case_013,0,0,0,0,0,0,0,0,0,0,0,0.0,1,test,5,0.2
vp_36377_case_014__w0000,vp_36377_case_014,0,0,0,0,0,0,0,0,0,0,0,0.0,1,test,5,0.2
vp_36377_case_014__w0001,vp_36377_case_014,0,0,0,0,0,0,0,0,0,0,0,0.0,1,test,5,0.2
vp_36377_case_014__w0002,vp_36377_case_014,0,0,0,0,0,0,0,0,0,0,0,0.0,1,test,5,0.2
vp_36377_case_014__w0003,vp_36377_case_014,0,0,0,0,0,0,0,0,0,0,0,0.0,1,test,5,0.2
vp_36377_case_014__w0004,vp_36377_case_014,0,0,0,0,0,0,0,0,0,0,0,0.0,1,test,5,0.2
vp_36377_case_016__w0000,vp_36377_case_016,0,0,0,0,0,0,0,0,0,0,0,0.0,1,test,24,0.041666666666666664
vp_36377_case_016__w0001,vp_36377_case_016,0,0,0,0,0,0,0,0,0,0,0,0.0,1,test,24,0.041666666666666664
vp_36377_case_016__w0002,vp_36377_case_016,0,0,0,0,0,0,0,0,0,0,0,0.0,1,test,24,0.041666666666666664
vp_36377_case_016__w0003,vp_36377_case_016,0,0,0,0,0,0,0,0,0,0,0,0.0,1,test,24,0.041666666666666664
vp_36377_case_016__w0004,vp_36377_case_016,0,0,0,0,0,0,0,0,0,0,0,0.0,1,test,24,0.041666666666666664
vp_36377_case_016__w0005,vp_36377_case_016,0,0,0,0,0,0,0,0,0,0,0,0.0,1,test,24,0.041666666666666664
vp_36377_case_016__w0006,vp_36377_case_016,0,0,0,0,0,0,0,0,0,0,0,0.0,1,test,24,0.041666666666666664
vp_36377_case_016__w0007,vp_36377_case_016,0,0,0,0,0,0,0,0,0,0,0,0.0,1,test,24,0.041666666666666664
vp_36377_case_016__w0008,vp_36377_case_016,0,0,0,0,0,0,0,0,0,0,0,0.0,1,test,24,0.041666666666666664
vp_36377_case_016__w0009,vp_36377_case_016,0,0,0,0,0,0,0,0,0,0,0,0.0,1,test,24,0.041666666666666664
vp_36377_case_016__w0010,vp_36377_case_016,0,0,0,0,0,0,0,0,0,0,0,0.0,1,test,24,0.041666666666666664
vp_36377_case_016__w0011,vp_36377_case_016,0,0,0,0,0,0,0,0,0,0,0,0.0,1,test,24,0.041666666666666664
vp_36377_case_016__w0012,vp_36377_case_016,0,0,0,0,0,0,0,0,0,0,0,0.0,1,test,24,0.041666666666666664
vp_36377_case_016__w0013,vp_36377_case_016,0,0,0,0,0,0,0,0,0,0,0,0.0,1,test,24,0.041666666666666664
vp_36377_case_016__w0014,vp_36377_case_016,0,0,0,0,0,0,0,0,0,0,0,0.0,1,test,24,0.041666666666666664
vp_36377_case_016__w0015,vp_36377_case_016,0,0,0,0,0,0,0,0,0,0,0,0.0,1,test,24,0.041666666666666664
vp_36377_case_016__w0016,vp_36377_case_016,0,0,0,0,0,0,0,0,0,0,0,0.0,1,test,24,0.041666666666666664
vp_36377_case_016__w0017,vp_36377_case_016,0,0,0,0,0,0,0,0,0,0,0,0.0,1,test,24,0.041666666666666664
vp_36377_case_016__w0018,vp_36377_case_016,0,0,0,0,0,0,0,0,0,0,0,0.0,1,test,24,0.041666666666666664
vp_36377_case_016__w0019,vp_36377_case_016,0,0,0,0,0,0,0,0,0,0,0,0.0,1,test,24,0.041666666666666664
vp_36377_case_016__w0020,vp_36377_case_016,0,0,0,0,0,0,0,0,0,0,0,0.0,1,test,24,0.041666666666666664
vp_36377_case_016__w0021,vp_36377_case_016,0,0,0,0,0,0,0,0,0,0,0,0.0,1,test,24,0.041666666666666664
vp_36377_case_016__w0022,vp_36377_case_016,1,0,0,0,0,0,0,1,0,0,0,1.0,1,test,24,0.041666666666666664
vp_36377_case_016__w0023,vp_36377_case_016,1,0,0,0,0,0,0,1,0,0,0,0.0,1,test,24,0.041666666666666664
vp_36377_case_017__w0000,vp_36377_case_017,0,1,0,0,0,0,0,1,0,0,0,0.0,1,test,1,1.0
vp_36378_case_001__w0000,vp_36378_case_001,1,1,1,0,0,0,0,2,0,1,0,0.0,1,train,5,0.2
vp_36378_case_001__w0001,vp_36378_case_001,1,1,1,0,0,0,0,2,0,1,0,0.0,1,train,5,0.2
vp_36378_case_001__w0002,vp_36378_case_001,0,1,0,0,0,0,0,1,0,0,0,-2.0,1,train,5,0.2
vp_36378_case_001__w0003,vp_36378_case_001,0,1,0,0,0,0,0,1,0,0,0,0.0,1,train,5,0.2
vp_36378_case_001__w0004,vp_36378_case_001,0,1,0,0,0,0,0,1,0,0,0,0.0,1,train,5,0.2
vp_36379_case_001__w0000,vp_36379_case_001,1,1,0,0,0,0,0,3,0,0,0,0.0,1,train,16,0.0625
vp_36379_case_001__w0001,vp_36379_case_001,1,0,1,0,0,0,0,2,0,1,0,0.0,1,train,16,0.0625
vp_36379_case_001__w0002,vp_36379_case_001,1,0,1,0,0,0,0,1,0,1,0,-1.0,1,train,16,0.0625
vp_36379_case_001__w0003,vp_36379_case_001,1,0,0,0,0,0,0,1,0,0,0,-1.0,1,train,16,0.0625
vp_36379_case_001__w0004,vp_36379_case_001,1,0,0,0,0,0,0,1,0,0,0,0.0,1,train,16,0.0625
vp_36379_case_001__w0005,vp_36379_case_001,1,1,0,0,0,0,0,2,0,0,0,1.0,1,train,16,0.0625
vp_36379_case_001__w0006,vp_36379_case_001,1,1,0,0,0,0,0,2,0,0,0,0.0,1,train,16,0.0625
vp_36379_case_001__w0007,vp_36379_case_001,1,1,1,0,0,0,0,2,0,1,0,1.0,1,train,16,0.0625
vp_36379_case_001__w0008,vp_36379_case_001,1,1,1,0,0,0,0,2,0,1,0,0.0,1,train,16,0.0625
vp_36379_case_001__w0009,vp_36379_case_001,0,0,0,0,0,0,0,0,0,0,0,-3.0,1,train,16,0.0625
vp_36379_case_001__w0010,vp_36379_case_001,0,0,0,0,0,0,0,0,0,0,0,0.0,1,train,16,0.0625
vp_36379_case_001__w0011,vp_36379_case_001,0,0,0,0,0,0,0,0,0,0,0,0.0,1,train,16,0.0625
vp_36379_case_001__w0012,vp_36379_case_001,0,0,0,0,0,0,0,0,0,0,0,0.0,1,train,16,0.0625
vp_36379_case_001__w0013,vp_36379_case_001,0,0,0,0,0,0,0,0,0,0,0,0.0,1,train,16,0.0625
vp_36379_case_001__w0014,vp_36379_case_001,0,0,0,0,0,0,0,0,0,0,0,0.0,1,train,16,0.0625
vp_36379_case_001__w0015,vp_36379_case_001,0,0,0,0,0,0,0,0,0,0,0,0.0,1,train,16,0.0625
vp_36379_case_002__w0000,vp_36379_case_002,0,0,0,0,0,0,0,0,0,0,0,0.0,1,train,24,0.041666666666666664
vp_36379_case_002__w0001,vp_36379_case_002,1,0,0,0,0,0,0,1,0,0,0,1.0,1,train,24,0.041666666666666664
vp_36379_case_002__w0002,vp_36379_case_002,1,0,0,0,0,0,0,1,0,0,0,0.0,1,train,24,0.041666666666666664
vp_36379_case_002__w0003,vp_36379_case_002,1,0,0,0,0,0,0,1,0,0,0,0.0,1,train,24,0.041666666666666664
vp_36379_case_002__w0004,vp_36379_case_002,1,0,0,0,0,0,0,1,0,0,0,0.0,1,train,24,0.041666666666666664
vp_36379_case_002__w0005,vp_36379_case_002,1,0,1,0,0,0,0,1,0,1,0,1.0,1,train,24,0.041666666666666664
vp_36379_case_002__w0006,vp_36379_case_002,1,0,1,0,0,0,0,1,0,1,0,0.0,1,train,24,0.041666666666666664
vp_36379_case_002__w0007,vp_36379_case_002,1,0,0,0,0,0,0,1,0,0,0,-1.0,1,train,24,0.041666666666666664
vp_36379_case_002__w0008,vp_36379_case_002,1,0,0,0,0,0,0,1,0,0,0,0.0,1,train,24,0.041666666666666664
vp_36379_case_002__w0009,vp_36379_case_002,1,1,0,0,0,0,0,2,0,0,0,1.0,1,train,24,0.041666666666666664
vp_36379_case_002__w0010,vp_36379_case_002,0,1,0,0,0,0,0,1,0,0,0,-1.0,1,train,24,0.041666666666666664
vp_36379_case_002__w0011,vp_36379_case_002,0,1,0,0,0,0,0,1,0,0,0,0.0,1,train,24,0.041666666666666664
vp_36379_case_002__w0012,vp_36379_case_002,0,0,0,0,0,0,0,0,0,0,0,-1.0,1,train,24,0.041666666666666664
vp_36379_case_002__w0013,vp_36379_case_002,0,0,0,0,0,0,0,0,0,0,0,0.0,1,train,24,0.041666666666666664
vp_36379_case_002__w0014,vp_36379_case_002,0,0,0,0,0,0,0,0,0,0,0,0.0,1,train,24,0.041666666666666664
vp_36379_case_002__w0015,vp_36379_case_002,1,0,0,0,0,0,0,1,0,0,0,1.0,1,train,24,0.041666666666666664
vp_36379_case_002__w0016,vp_36379_case_002,1,0,0,0,0,0,0,1,0,0,0,0.0,1,train,24,0.041666666666666664
vp_36379_case_002__w0017,vp_36379_case_002,0,0,0,0,0,0,0,0,0,0,0,-1.0,1,train,24,0.041666666666666664
vp_36379_case_002__w0018,vp_36379_case_002,1,0,0,0,0,0,0,1,0,0,0,1.0,1,train,24,0.041666666666666664
vp_36379_case_002__w0019,vp_36379_case_002,1,0,0,0,0,0,0,1,0,0,0,0.0,1,train,24,0.041666666666666664
vp_36379_case_002__w0020,vp_36379_case_002,1,0,0,0,0,0,0,1,0,0,0,0.0,1,train,24,0.041666666666666664
vp_36379_case_002__w0021,vp_36379_case_002,1,0,0,0,0,0,0,1,0,0,0,0.0,1,train,24,0.041666666666666664
vp_36379_case_002__w0022,vp_36379_case_002,1,0,0,0,0,0,0,1,0,0,0,0.0,1,train,24,0.041666666666666664
vp_36379_case_002__w0023,vp_36379_case_002,0,0,0,0,0,0,0,0,0,0,0,-1.0,1,train,24,0.041666666666666664
vp_36380_case_001__w0000,vp_36380_case_001,0,1,0,0,0,0,0,1,0,0,0,0.0,1,train,38,0.02631578947368421
vp_36380_case_001__w0001,vp_36380_case_001,0,0,0,0,0,0,0,0,0,0,0,-1.0,1,train,38,0.02631578947368421
vp_36380_case_001__w0002,vp_36380_case_001,0,1,0,1,0,0,0,1,0,0,0,2.0,1,train,38,0.02631578947368421
vp_36380_case_001__w0003,vp_36380_case_001,0,1,0,1,0,0,0,1,0,0,0,0.0,1,train,38,0.02631578947368421
vp_36380_case_001__w0004,vp_36380_case_001,0,0,0,0,0,0,0,0,0,0,0,-2.0,1,train,38,0.02631578947368421
vp_36380_case_001__w0005,vp_36380_case_001,0,0,0,0,0,0,0,0,0,0,0,0.0,1,train,38,0.02631578947368421
vp_36380_case_001__w0006,vp_36380_case_001,0,0,0,0,0,0,0,0,0,0,0,0.0,1,train,38,0.02631578947368421
vp_36380_case_001__w0007,vp_36380_case_001,0,0,0,0,0,0,0,0,0,0,0,0.0,1,train,38,0.02631578947368421
vp_36380_case_001__w0008,vp_36380_case_001,0,1,0,0,0,0,0,1,0,0,0,1.0,1,train,38,0.02631578947368421
vp_36380_case_001__w0009,vp_36380_case_001,0,1,0,0,0,0,0,1,0,0,0,0.0,1,train,38,0.02631578947368421
vp_36380_case_001__w0010,vp_36380_case_001,0,1,0,0,0,0,0,1,0,0,0,0.0,1,train,38,0.02631578947368421
vp_36380_case_001__w0011,vp_36380_case_001,1,1,0,0,0,0,0,2,0,0,0,1.0,1,train,38,0.02631578947368421
vp_36380_case_001__w0012,vp_36380_case_001,1,1,1,0,0,0,0,2,0,1,0,1.0,1,train,38,0.02631578947368421
vp_36380_case_001__w0013,vp_36380_case_001,1,1,1,0,0,0,0,2,0,1,0,0.0,1,train,38,0.02631578947368421
vp_36380_case_001__w0014,vp_36380_case_001,0,0,0,0,0,0,0,0,0,0,0,-3.0,1,train,38,0.02631578947368421
vp_36380_case_001__w0015,vp_36380_case_001,0,0,0,0,0,0,0,0,0,0,0,0.0,1,train,38,0.02631578947368421
vp_36380_case_001__w0016,vp_36380_case_001,0,0,0,0,0,0,0,0,0,0,0,0.0,1,train,38,0.02631578947368421
vp_36380_case_001__w0017,vp_36380_case_001,0,0,0,0,0,0,0,0,0,0,0,0.0,1,train,38,0.02631578947368421
vp_36380_case_001__w0018,vp_36380_case_001,0,0,0,0,0,0,0,0,0,0,0,0.0,1,train,38,0.02631578947368421
vp_36380_case_001__w0019,vp_36380_case_001,0,0,0,0,0,0,0,0,0,0,0,0.0,1,train,38,0.02631578947368421
vp_36380_case_001__w0020,vp_36380_case_001,1,1,0,0,0,0,0,2,0,0,0,2.0,1,train,38,0.02631578947368421
vp_36380_case_001__w0021,vp_36380_case_001,1,1,0,0,0,0,0,2,0,0,0,0.0,1,train,38,0.02631578947368421
vp_36380_case_001__w0022,vp_36380_case_001,0,1,0,0,0,0,0,1,0,0,0,-1.0,1,train,38,0.02631578947368421
vp_36380_case_001__w0023,vp_36380_case_001,0,0,0,0,0,0,0,0,0,0,0,-1.0,1,train,38,0.02631578947368421
vp_36380_case_001__w0024,vp_36380_case_001,1,1,0,0,0,0,0,2,0,0,0,2.0,1,train,38,0.02631578947368421
vp_36380_case_001__w0025,vp_36380_case_001,1,1,0,0,0,0,0,2,0,0,0,0.0,1,train,38,0.02631578947368421
vp_36380_case_001__w0026,vp_36380_case_001,1,0,0,0,0,0,0,1,0,0,0,-1.0,1,train,38,0.02631578947368421
vp_36380_case_001__w0027,vp_36380_case_001,0,0,0,0,0,0,0,0,0,0,0,-1.0,1,train,38,0.02631578947368421
vp_36380_case_001__w0028,vp_36380_case_001,0,0,0,0,0,0,0,0,0,0,0,0.0,1,train,38,0.02631578947368421
vp_36380_case_001__w0029,vp_36380_case_001,0,1,0,0,0,0,0,1,0,0,0,1.0,1,train,38,0.02631578947368421
vp_36380_case_001__w0030,vp_36380_case_001,0,1,0,0,0,0,0,1,0,0,0,0.0,1,train,38,0.02631578947368421
vp_36380_case_001__w0031,vp_36380_case_001,0,0,0,0,0,0,0,0,0,0,0,-1.0,1,train,38,0.02631578947368421
vp_36380_case_001__w0032,vp_36380_case_001,0,0,0,0,0,0,0,0,0,0,0,0.0,1,train,38,0.02631578947368421
vp_36380_case_001__w0033,vp_36380_case_001,0,0,0,0,0,0,0,0,0,0,0,0.0,1,train,38,0.02631578947368421
vp_36380_case_001__w0034,vp_36380_case_001,0,0,0,0,0,0,0,0,0,0,0,0.0,1,train,38,0.02631578947368421
vp_36380_case_001__w0035,vp_36380_case_001,0,0,0,0,0,0,0,0,0,0,0,0.0,1,train,38,0.02631578947368421
vp_36380_case_001__w0036,vp_36380_case_001,1,0,0,0,0,0,0,1,0,0,0,1.0,1,train,38,0.02631578947368421
vp_36380_case_001__w0037,vp_36380_case_001,1,0,0,0,0,0,0,1,0,0,0,0.0,1,train,38,0.02631578947368421
vp_36381_case_001__w0000,vp_36381_case_001,1,1,1,0,0,0,0,2,0,1,0,0.0,1,train,29,0.034482758620689655
vp_36381_case_001__w0001,vp_36381_case_001,0,1,0,0,0,0,0,1,0,0,0,-2.0,1,train,29,0.034482758620689655
vp_36381_case_001__w0002,vp_36381_case_001,0,1,0,0,0,0,0,1,0,0,0,0.0,1,train,29,0.034482758620689655
vp_36381_case_001__w0003,vp_36381_case_001,0,1,0,0,0,0,0,1,0,0,0,0.0,1,train,29,0.034482758620689655
vp_36381_case_001__w0004,vp_36381_case_001,0,0,0,0,0,0,0,0,0,0,0,-1.0,1,train,29,0.034482758620689655
vp_36381_case_001__w0005,vp_36381_case_001,0,0,0,0,0,0,0,0,0,0,0,0.0,1,train,29,0.034482758620689655
vp_36381_case_001__w0006,vp_36381_case_001,0,0,0,0,0,0,0,0,0,0,0,0.0,1,train,29,0.034482758620689655
vp_36381_case_001__w0007,vp_36381_case_001,0,1,0,0,0,0,0,1,0,0,0,1.0,1,train,29,0.034482758620689655
vp_36381_case_001__w0008,vp_36381_case_001,0,1,0,0,0,0,0,1,0,0,0,0.0,1,train,29,0.034482758620689655
vp_36381_case_001__w0009,vp_36381_case_001,0,0,0,1,0,0,0,0,0,0,0,0.0,1,train,29,0.034482758620689655
vp_36381_case_001__w0010,vp_36381_case_001,1,1,0,1,0,0,0,2,0,1,0,2.0,1,train,29,0.034482758620689655
vp_36381_case_001__w0011,vp_36381_case_001,1,1,0,0,0,0,0,2,0,0,0,-1.0,1,train,29,0.034482758620689655
vp_36381_case_001__w0012,vp_36381_case_001,0,1,0,0,0,0,0,1,0,0,0,-1.0,1,train,29,0.034482758620689655
vp_36381_case_001__w0013,vp_36381_case_001,0,0,0,0,0,0,0,0,0,0,0,-1.0,1,train,29,0.034482758620689655
vp_36381_case_001__w0014,vp_36381_case_001,0,0,0,0,0,0,0,0,0,0,0,0.0,1,train,29,0.034482758620689655
vp_36381_case_001__w0015,vp_36381_case_001,0,0,0,0,0,0,0,0,0,0,0,0.0,1,train,29,0.034482758620689655
vp_36381_case_001__w0016,vp_36381_case_001,0,0,0,0,0,0,0,0,0,0,0,0.0,1,train,29,0.034482758620689655
vp_36381_case_001__w0017,vp_36381_case_001,1,1,1,0,0,0,0,2,0,1,0,3.0,1,train,29,0.034482758620689655
vp_36381_case_001__w0018,vp_36381_case_001,1,1,1,0,0,0,0,2,0,1,0,0.0,1,train,29,0.034482758620689655
vp_36381_case_001__w0019,vp_36381_case_001,0,0,0,0,0,0,0,0,0,0,0,-3.0,1,train,29,0.034482758620689655
vp_36381_case_001__w0020,vp_36381_case_001,0,0,0,0,0,0,0,0,0,0,0,0.0,1,train,29,0.034482758620689655
vp_36381_case_001__w0021,vp_36381_case_001,0,0,0,0,0,0,0,0,0,0,0,0.0,1,train,29,0.034482758620689655
vp_36381_case_001__w0022,vp_36381_case_001,0,0,0,0,0,0,0,0,0,0,0,0.0,1,train,29,0.034482758620689655
vp_36381_case_001__w0023,vp_36381_case_001,0,0,0,0,0,0,0,0,0,0,0,0.0,1,train,29,0.034482758620689655
vp_36381_case_001__w0024,vp_36381_case_001,0,0,0,0,0,0,0,0,0,0,0,0.0,1,train,29,0.034482758620689655
vp_36381_case_001__w0025,vp_36381_case_001,0,0,0,0,0,0,0,0,0,0,0,0.0,1,train,29,0.034482758620689655
vp_36381_case_001__w0026,vp_36381_case_001,0,0,0,0,0,0,0,0,0,0,0,0.0,1,train,29,0.034482758620689655
vp_36381_case_001__w0027,vp_36381_case_001,1,1,1,0,0,0,0,2,0,1,0,3.0,1,train,29,0.034482758620689655
vp_36381_case_001__w0028,vp_36381_case_001,1,1,1,0,0,0,0,2,0,1,0,0.0,1,train,29,0.034482758620689655
vp_36381_case_002__w0000,vp_36381_case_002,0,0,0,0,0,0,0,0,0,0,0,0.0,1,train,3,0.3333333333333333
vp_36381_case_002__w0001,vp_36381_case_002,0,0,0,0,0,0,0,0,0,0,0,0.0,1,train,3,0.3333333333333333
vp_36381_case_002__w0002,vp_36381_case_002,0,0,0,0,0,0,0,0,0,0,0,0.0,1,train,3,0.3333333333333333
vp_36381_case_003__w0000,vp_36381_case_003,0,0,0,0,0,0,0,0,0,0,0,0.0,1,train,8,0.125
vp_36381_case_003__w0001,vp_36381_case_003,0,0,0,0,0,0,0,0,0,0,0,0.0,1,train,8,0.125
vp_36381_case_003__w0002,vp_36381_case_003,0,0,0,0,0,0,0,0,0,0,0,0.0,1,train,8,0.125
vp_36381_case_003__w0003,vp_36381_case_003,0,0,0,0,0,0,0,0,0,0,0,0.0,1,train,8,0.125
vp_36381_case_003__w0004,vp_36381_case_003,0,0,0,0,0,0,0,0,0,0,0,0.0,1,train,8,0.125
vp_36381_case_003__w0005,vp_36381_case_003,0,1,0,0,0,0,0,1,0,0,0,1.0,1,train,8,0.125
vp_36381_case_003__w0006,vp_36381_case_003,0,1,0,0,0,0,0,1,0,0,0,0.0,1,train,8,0.125
vp_36381_case_003__w0007,vp_36381_case_003,0,0,0,0,0,0,0,0,0,0,0,-1.0,1,train,8,0.125
vp_36382_case_001__w0000,vp_36382_case_001,1,1,0,0,0,0,0,2,0,0,0,0.0,1,train,1,1.0
vp_36383_case_001__w0000,vp_36383_case_001,1,1,1,0,0,0,0,2,0,1,0,0.0,1,train,13,0.07692307692307693
vp_36383_case_001__w0001,vp_36383_case_001,1,1,1,0,0,0,0,2,0,1,0,0.0,1,train,13,0.07692307692307693
vp_36383_case_001__w0002,vp_36383_case_001,0,1,0,0,0,0,0,1,0,0,0,-2.0,1,train,13,0.07692307692307693
vp_36383_case_001__w0003,vp_36383_case_001,0,0,0,0,0,0,0,0,0,0,0,-1.0,1,train,13,0.07692307692307693
vp_36383_case_001__w0004,vp_36383_case_001,0,0,0,0,0,0,0,0,0,0,0,0.0,1,train,13,0.07692307692307693
vp_36383_case_001__w0005,vp_36383_case_001,0,0,0,0,0,0,0,0,0,0,0,0.0,1,train,13,0.07692307692307693
vp_36383_case_001__w0006,vp_36383_case_001,0,1,0,0,0,0,0,1,0,0,0,1.0,1,train,13,0.07692307692307693
vp_36383_case_001__w0007,vp_36383_case_001,0,1,0,0,0,0,0,1,0,0,0,0.0,1,train,13,0.07692307692307693
vp_36383_case_001__w0008,vp_36383_case_001,0,0,0,0,0,0,0,0,0,0,0,-1.0,1,train,13,0.07692307692307693
vp_36383_case_001__w0009,vp_36383_case_001,0,0,0,0,0,0,0,0,0,0,0,0.0,1,train,13,0.07692307692307693
vp_36383_case_001__w0010,vp_36383_case_001,0,0,0,0,0,0,0,0,0,0,0,0.0,1,train,13,0.07692307692307693
vp_36383_case_001__w0011,vp_36383_case_001,0,0,0,0,0,0,0,0,0,0,0,0.0,1,train,13,0.07692307692307693
vp_36383_case_001__w0012,vp_36383_case_001,0,0,0,0,0,0,0,0,0,0,0,0.0,1,train,13,0.07692307692307693
vp_36384_case_001__w0000,vp_36384_case_001,1,1,1,0,0,0,0,2,0,1,0,0.0,1,test,14,0.07142857142857142
vp_36384_case_001__w0001,vp_36384_case_001,0,1,0,0,0,0,0,1,0,0,0,-2.0,1,test,14,0.07142857142857142
vp_36384_case_001__w0002,vp_36384_case_001,0,0,0,0,0,0,0,0,0,0,0,-1.0,1,test,14,0.07142857142857142
vp_36384_case_001__w0003,vp_36384_case_001,0,1,0,0,0,0,0,1,0,0,0,1.0,1,test,14,0.07142857142857142
vp_36384_case_001__w0004,vp_36384_case_001,0,1,0,0,0,0,0,1,0,0,0,0.0,1,test,14,0.07142857142857142
vp_36384_case_001__w0005,vp_36384_case_001,0,0,0,0,0,0,0,0,0,0,0,-1.0,1,test,14,0.07142857142857142
vp_36384_case_001__w0006,vp_36384_case_001,0,1,0,0,0,0,0,1,0,0,0,1.0,1,test,14,0.07142857142857142
vp_36384_case_001__w0007,vp_36384_case_001,1,1,1,0,0,0,0,2,0,1,0,2.0,1,test,14,0.07142857142857142
vp_36384_case_001__w0008,vp_36384_case_001,1,1,1,0,0,0,0,2,0,1,0,0.0,1,test,14,0.07142857142857142
vp_36384_case_001__w0009,vp_36384_case_001,0,0,0,0,0,0,0,0,0,0,0,-3.0,1,test,14,0.07142857142857142
vp_36384_case_001__w0010,vp_36384_case_001,0,0,0,0,0,0,0,0,0,0,0,0.0,1,test,14,0.07142857142857142
vp_36384_case_001__w0011,vp_36384_case_001,0,0,0,0,0,0,0,0,0,0,0,0.0,1,test,14,0.07142857142857142
vp_36384_case_001__w0012,vp_36384_case_001,0,0,0,0,0,0,0,0,0,0,0,0.0,1,test,14,0.07142857142857142
vp_36384_case_001__w0013,vp_36384_case_001,0,0,0,0,0,0,0,0,0,0,0,0.0,1,test,14,0.07142857142857142
vp_36385_case_001__w0000,vp_36385_case_001,1,1,1,0,0,0,0,2,0,1,0,0.0,1,train,34,0.029411764705882353
vp_36385_case_001__w0001,vp_36385_case_001,0,0,0,0,0,0,0,0,0,0,0,-3.0,1,train,34,0.029411764705882353
vp_36385_case_001__w0002,vp_36385_case_001,0,0,0,0,0,0,0,0,0,0,0,0.0,1,train,34,0.029411764705882353
vp_36385_case_001__w0003,vp_36385_case_001,0,0,0,0,0,0,0,0,0,0,0,0.0,1,train,34,0.029411764705882353
vp_36385_case_001__w0004,vp_36385_case_001,0,0,0,0,0,0,0,1,0,0,0,1.0,1,train,34,0.029411764705882353
vp_36385_case_001__w0005,vp_36385_case_001,0,0,0,0,0,0,0,1,0,0,0,0.0,1,train,34,0.029411764705882353
vp_36385_case_001__w0006,vp_36385_case_001,1,0,0,0,0,0,0,1,0,0,0,0.0,1,train,34,0.029411764705882353
vp_36385_case_001__w0007,vp_36385_case_001,1,0,0,0,0,0,0,1,0,0,0,0.0,1,train,34,0.029411764705882353
vp_36385_case_001__w0008,vp_36385_case_001,1,1,1,1,0,0,0,2,0,1,0,2.0,1,train,34,0.029411764705882353
vp_36385_case_001__w0009,vp_36385_case_001,1,1,1,1,0,0,0,2,0,1,0,0.0,1,train,34,0.029411764705882353
vp_36385_case_001__w0010,vp_36385_case_001,1,1,0,0,0,0,0,2,0,0,0,-1.0,1,train,34,0.029411764705882353
vp_36385_case_001__w0011,vp_36385_case_001,0,0,0,0,0,0,0,0,0,0,0,-2.0,1,train,34,0.029411764705882353
vp_36385_case_001__w0012,vp_36385_case_001,0,0,0,0,0,0,0,0,0,0,0,0.0,1,train,34,0.029411764705882353
vp_36385_case_001__w0013,vp_36385_case_001,0,0,0,0,0,0,0,0,0,0,0,0.0,1,train,34,0.029411764705882353
vp_36385_case_001__w0014,vp_36385_case_001,0,0,0,0,0,0,0,0,0,0,0,0.0,1,train,34,0.029411764705882353
vp_36385_case_001__w0015,vp_36385_case_001,0,0,0,0,0,0,0,0,0,0,0,0.0,1,train,34,0.029411764705882353
vp_36385_case_001__w0016,vp_36385_case_001,0,0,0,0,0,0,0,0,0,0,0,0.0,1,train,34,0.029411764705882353
vp_36385_case_001__w0017,vp_36385_case_001,0,0,0,0,0,0,0,0,0,0,0,0.0,1,train,34,0.029411764705882353
vp_36385_case_001__w0018,vp_36385_case_001,0,0,0,0,0,0,0,0,0,0,0,0.0,1,train,34,0.029411764705882353
vp_36385_case_001__w0019,vp_36385_case_001,1,1,0,1,0,0,0,2,0,1,0,3.0,1,train,34,0.029411764705882353
vp_36385_case_001__w0020,vp_36385_case_001,1,1,0,1,0,0,0,2,0,1,0,0.0,1,train,34,0.029411764705882353
vp_36385_case_001__w0021,vp_36385_case_001,0,0,0,0,0,0,0,0,0,0,0,-3.0,1,train,34,0.029411764705882353
vp_36385_case_001__w0022,vp_36385_case_001,0,0,0,0,0,0,0,0,0,0,0,0.0,1,train,34,0.029411764705882353
vp_36385_case_001__w0023,vp_36385_case_001,0,0,0,0,0,0,0,0,0,0,0,0.0,1,train,34,0.029411764705882353
vp_36385_case_001__w0024,vp_36385_case_001,0,0,0,0,0,0,0,0,0,0,0,0.0,1,train,34,0.029411764705882353
vp_36385_case_001__w0025,vp_36385_case_001,0,0,0,1,0,0,0,0,0,0,0,1.0,1,train,34,0.029411764705882353
vp_36385_case_001__w0026,vp_36385_case_001,0,0,0,1,0,0,0,0,0,0,0,0.0,1,train,34,0.029411764705882353
vp_36385_case_001__w0027,vp_36385_case_001,1,0,1,0,0,0,0,1,0,1,0,1.0,1,train,34,0.029411764705882353
vp_36385_case_001__w0028,vp_36385_case_001,1,0,1,0,0,0,0,2,0,1,0,1.0,1,train,34,0.029411764705882353
vp_36385_case_001__w0029,vp_36385_case_001,0,0,0,0,0,0,0,1,0,0,0,-2.0,1,train,34,0.029411764705882353
vp_36385_case_001__w0030,vp_36385_case_001,0,0,0,0,0,0,0,0,0,0,0,-1.0,1,train,34,0.029411764705882353
vp_36385_case_001__w0031,vp_36385_case_001,0,0,0,0,0,0,0,0,0,0,0,0.0,1,train,34,0.029411764705882353
vp_36385_case_001__w0032,vp_36385_case_001,0,0,0,0,0,0,0,0,0,0,0,0.0,1,train,34,0.029411764705882353
vp_36385_case_001__w0033,vp_36385_case_001,1,0,0,0,0,0,0,1,0,0,0,1.0,1,train,34,0.029411764705882353
vp_36385_case_002__w0000,vp_36385_case_002,0,0,0,0,0,0,0,0,0,0,0,0.0,1,train,3,0.3333333333333333
vp_36385_case_002__w0001,vp_36385_case_002,0,0,0,0,0,0,0,0,0,0,0,0.0,1,train,3,0.3333333333333333
vp_36385_case_002__w0002,vp_36385_case_002,0,0,0,0,0,0,0,0,0,0,0,0.0,1,train,3,0.3333333333333333
vp_36385_case_003__w0000,vp_36385_case_003,1,1,1,0,0,0,0,2,0,1,0,0.0,1,train,24,0.041666666666666664
vp_36385_case_003__w0001,vp_36385_case_003,1,1,1,0,0,0,0,2,0,1,0,0.0,1,train,24,0.041666666666666664
vp_36385_case_003__w0002,vp_36385_case_003,1,1,0,0,0,0,0,2,0,0,0,-1.0,1,train,24,0.041666666666666664
vp_36385_case_003__w0003,vp_36385_case_003,0,0,0,0,0,0,0,0,0,0,0,-2.0,1,train,24,0.041666666666666664
vp_36385_case_003__w0004,vp_36385_case_003,0,0,0,0,0,0,0,0,0,0,0,0.0,1,train,24,0.041666666666666664
vp_36385_case_003__w0005,vp_36385_case_003,0,1,0,0,0,0,0,1,0,0,0,1.0,1,train,24,0.041666666666666664
vp_36385_case_003__w0006,vp_36385_case_003,0,1,0,0,0,0,0,1,0,0,0,0.0,1,train,24,0.041666666666666664
vp_36385_case_003__w0007,vp_36385_case_003,0,0,0,0,0,0,0,0,0,0,0,-1.0,1,train,24,0.041666666666666664
vp_36385_case_003__w0008,vp_36385_case_003,0,0,0,0,0,0,0,0,0,0,0,0.0,1,train,24,0.041666666666666664
vp_36385_case_003__w0009,vp_36385_case_003,0,1,0,0,0,0,0,1,0,0,0,1.0,1,train,24,0.041666666666666664
vp_36385_case_003__w0010,vp_36385_case_003,0,1,0,0,0,0,0,1,0,0,0,0.0,1,train,24,0.041666666666666664
vp_36385_case_003__w0011,vp_36385_case_003,0,0,0,0,0,0,0,0,0,0,0,-1.0,1,train,24,0.041666666666666664
vp_36385_case_003__w0012,vp_36385_case_003,0,0,0,0,0,0,0,0,0,0,0,0.0,1,train,24,0.041666666666666664
vp_36385_case_003__w0013,vp_36385_case_003,0,1,0,0,0,0,0,1,0,0,0,1.0,1,train,24,0.041666666666666664
vp_36385_case_003__w0014,vp_36385_case_003,1,1,1,0,0,0,0,2,0,1,0,2.0,1,train,24,0.041666666666666664
vp_36385_case_003__w0015,vp_36385_case_003,1,0,1,0,0,0,0,1,0,1,0,-1.0,1,train,24,0.041666666666666664
vp_36385_case_003__w0016,vp_36385_case_003,0,1,0,1,0,0,0,1,0,0,0,0.0,1,train,24,0.041666666666666664
vp_36385_case_003__w0017,vp_36385_case_003,0,1,0,1,0,0,0,1,0,0,0,0.0,1,train,24,0.041666666666666664
vp_36385_case_003__w0018,vp_36385_case_003,0,0,0,0,0,0,0,1,0,0,0,-1.0,1,train,24,0.041666666666666664
vp_36385_case_003__w0019,vp_36385_case_003,0,0,0,0,0,0,0,1,0,0,0,0.0,1,train,24,0.041666666666666664
vp_36385_case_003__w0020,vp_36385_case_003,0,0,0,0,0,0,0,0,0,0,0,-1.0,1,train,24,0.041666666666666664
vp_36385_case_003__w0021,vp_36385_case_003,0,0,0,0,0,0,0,0,0,0,0,0.0,1,train,24,0.041666666666666664
vp_36385_case_003__w0022,vp_36385_case_003,0,0,0,0,0,0,0,0,0,0,0,0.0,1,train,24,0.041666666666666664
vp_36385_case_003__w0023,vp_36385_case_003,0,0,0,0,0,0,0,0,0,0,0,0.0,1,train,24,0.041666666666666664
vp_36385_case_004__w0000,vp_36385_case_004,0,0,0,0,0,0,0,0,0,0,0,0.0,1,validation,17,0.058823529411764705
vp_36385_case_004__w0001,vp_36385_case_004,0,0,0,0,0,0,0,0,0,0,0,0.0,1,validation,17,0.058823529411764705
vp_36385_case_004__w0002,vp_36385_case_004,0,0,0,0,0,0,0,0,0,0,0,0.0,1,validation,17,0.058823529411764705
vp_36385_case_004__w0003,vp_36385_case_004,1,0,0,0,0,0,0,1,0,0,0,1.0,1,validation,17,0.058823529411764705
vp_36385_case_004__w0004,vp_36385_case_004,1,0,0,0,0,0,0,1,0,0,0,0.0,1,validation,17,0.058823529411764705
vp_36385_case_004__w0005,vp_36385_case_004,0,0,0,0,0,0,0,0,0,0,0,-1.0,1,validation,17,0.058823529411764705
vp_36385_case_004__w0006,vp_36385_case_004,0,0,0,0,0,0,0,0,0,0,0,0.0,1,validation,17,0.058823529411764705
vp_36385_case_004__w0007,vp_36385_case_004,0,0,0,0,0,0,0,0,0,0,0,0.0,1,validation,17,0.058823529411764705
vp_36385_case_004__w0008,vp_36385_case_004,0,0,0,0,0,0,0,0,0,0,0,0.0,1,validation,17,0.058823529411764705
vp_36385_case_004__w0009,vp_36385_case_004,0,0,0,0,0,0,0,0,0,0,0,0.0,1,validation,17,0.058823529411764705
vp_36385_case_004__w0010,vp_36385_case_004,0,0,0,0,0,0,0,0,0,0,0,0.0,1,validation,17,0.058823529411764705
vp_36385_case_004__w0011,vp_36385_case_004,0,0,0,0,0,0,0,0,0,0,0,0.0,1,validation,17,0.058823529411764705
vp_36385_case_004__w0012,vp_36385_case_004,0,0,0,0,0,0,0,0,0,0,0,0.0,1,validation,17,0.058823529411764705
vp_36385_case_004__w0013,vp_36385_case_004,0,0,0,0,0,0,0,0,0,0,0,0.0,1,validation,17,0.058823529411764705
vp_36385_case_004__w0014,vp_36385_case_004,0,0,0,0,0,0,0,0,0,0,0,0.0,1,validation,17,0.058823529411764705
vp_36385_case_004__w0015,vp_36385_case_004,0,0,0,0,0,0,0,0,0,0,0,0.0,1,validation,17,0.058823529411764705
vp_36385_case_004__w0016,vp_36385_case_004,0,0,0,0,0,0,0,0,0,0,0,0.0,1,validation,17,0.058823529411764705
vp_36385_case_005__w0000,vp_36385_case_005,1,1,0,0,0,0,0,2,0,0,0,0.0,1,train,65,0.015384615384615385
vp_36385_case_005__w0001,vp_36385_case_005,0,1,0,0,0,0,0,1,0,0,0,-1.0,1,train,65,0.015384615384615385
vp_36385_case_005__w0002,vp_36385_case_005,0,1,0,0,0,0,0,1,0,0,0,0.0,1,train,65,0.015384615384615385
vp_36385_case_005__w0003,vp_36385_case_005,1,1,0,0,0,0,0,2,0,0,0,1.0,1,train,65,0.015384615384615385
vp_36385_case_005__w0004,vp_36385_case_005,1,1,0,1,0,0,0,2,0,1,0,1.0,1,train,65,0.015384615384615385
vp_36385_case_005__w0005,vp_36385_case_005,1,1,0,1,0,0,0,2,0,1,0,0.0,1,train,65,0.015384615384615385
vp_36385_case_005__w0006,vp_36385_case_005,1,1,0,0,0,0,0,2,0,0,0,-1.0,1,train,65,0.015384615384615385
vp_36385_case_005__w0007,vp_36385_case_005,0,1,0,0,0,0,0,1,0,0,0,-1.0,1,train,65,0.015384615384615385
vp_36385_case_005__w0008,vp_36385_case_005,0,0,0,0,0,0,0,0,0,0,0,-1.0,1,train,65,0.015384615384615385
vp_36385_case_005__w0009,vp_36385_case_005,0,1,0,0,0,0,0,1,0,0,0,1.0,1,train,65,0.015384615384615385
vp_36385_case_005__w0010,vp_36385_case_005,0,1,0,0,0,0,0,1,0,0,0,0.0,1,train,65,0.015384615384615385
vp_36385_case_005__w0011,vp_36385_case_005,0,1,0,0,0,0,0,1,0,0,0,0.0,1,train,65,0.015384615384615385
vp_36385_case_005__w0012,vp_36385_case_005,0,1,0,0,0,0,0,1,0,0,0,0.0,1,train,65,0.015384615384615385
vp_36385_case_005__w0013,vp_36385_case_005,0,0,0,0,0,0,0,0,0,0,0,-1.0,1,train,65,0.015384615384615385
vp_36385_case_005__w0014,vp_36385_case_005,0,0,0,0,0,0,0,0,0,0,0,0.0,1,train,65,0.015384615384615385
vp_36385_case_005__w0015,vp_36385_case_005,0,0,0,0,0,0,0,0,0,0,0,0.0,1,train,65,0.015384615384615385
vp_36385_case_005__w0016,vp_36385_case_005,0,0,0,0,0,0,0,0,0,0,0,0.0,1,train,65,0.015384615384615385
vp_36385_case_005__w0017,vp_36385_case_005,0,0,0,0,0,0,0,0,0,0,0,0.0,1,train,65,0.015384615384615385
vp_36385_case_005__w0018,vp_36385_case_005,0,0,0,0,0,0,0,0,0,0,0,0.0,1,train,65,0.015384615384615385
vp_36385_case_005__w0019,vp_36385_case_005,0,0,0,1,0,0,0,0,0,0,0,1.0,1,train,65,0.015384615384615385
vp_36385_case_005__w0020,vp_36385_case_005,0,0,0,1,0,0,0,0,0,0,0,0.0,1,train,65,0.015384615384615385
vp_36385_case_005__w0021,vp_36385_case_005,0,0,0,0,0,0,0,0,0,0,0,-1.0,1,train,65,0.015384615384615385
vp_36385_case_005__w0022,vp_36385_case_005,0,0,0,0,0,0,0,0,0,0,0,0.0,1,train,65,0.015384615384615385
vp_36385_case_005__w0023,vp_36385_case_005,0,0,0,0,0,0,0,0,0,0,0,0.0,1,train,65,0.015384615384615385
vp_36385_case_005__w0024,vp_36385_case_005,0,0,0,0,0,0,0,0,0,0,0,0.0,1,train,65,0.015384615384615385
vp_36385_case_005__w0025,vp_36385_case_005,0,0,0,0,0,0,0,0,0,0,0,0.0,1,train,65,0.015384615384615385
vp_36385_case_005__w0026,vp_36385_case_005,0,0,0,0,0,0,0,0,0,0,0,0.0,1,train,65,0.015384615384615385
vp_36385_case_005__w0027,vp_36385_case_005,0,0,0,0,0,0,0,0,0,0,0,0.0,1,train,65,0.015384615384615385
vp_36385_case_005__w0028,vp_36385_case_005,0,0,0,0,0,0,0,0,0,0,0,0.0,1,train,65,0.015384615384615385
vp_36385_case_005__w0029,vp_36385_case_005,0,0,0,0,0,0,0,0,0,0,0,0.0,1,train,65,0.015384615384615385
vp_36385_case_005__w0030,vp_36385_case_005,1,0,0,0,0,0,0,1,0,0,0,1.0,1,train,65,0.015384615384615385
vp_36385_case_005__w0031,vp_36385_case_005,1,0,0,0,0,0,0,1,0,0,0,0.0,1,train,65,0.015384615384615385
vp_36385_case_005__w0032,vp_36385_case_005,1,0,0,0,0,0,0,1,0,0,0,0.0,1,train,65,0.015384615384615385
vp_36385_case_005__w0033,vp_36385_case_005,0,1,0,0,0,0,0,1,0,0,0,0.0,1,train,65,0.015384615384615385
vp_36385_case_005__w0034,vp_36385_case_005,0,1,0,0,0,0,0,1,0,0,0,0.0,1,train,65,0.015384615384615385
vp_36385_case_005__w0035,vp_36385_case_005,0,1,0,0,0,0,0,1,0,0,0,0.0,1,train,65,0.015384615384615385
vp_36385_case_005__w0036,vp_36385_case_005,0,1,0,0,0,0,0,1,0,0,0,0.0,1,train,65,0.015384615384615385
vp_36385_case_005__w0037,vp_36385_case_005,0,1,0,0,0,0,0,1,0,0,0,0.0,1,train,65,0.015384615384615385
vp_36385_case_005__w0038,vp_36385_case_005,0,1,0,0,0,0,0,1,0,0,0,0.0,1,train,65,0.015384615384615385
vp_36385_case_005__w0039,vp_36385_case_005,0,1,0,0,0,0,0,1,0,0,0,0.0,1,train,65,0.015384615384615385
vp_36385_case_005__w0040,vp_36385_case_005,0,0,0,0,0,0,0,0,0,0,0,-1.0,1,train,65,0.015384615384615385
vp_36385_case_005__w0041,vp_36385_case_005,0,0,0,0,0,0,0,0,0,0,0,0.0,1,train,65,0.015384615384615385
vp_36385_case_005__w0042,vp_36385_case_005,0,0,0,0,0,0,0,0,0,0,0,0.0,1,train,65,0.015384615384615385
vp_36385_case_005__w0043,vp_36385_case_005,0,1,0,0,0,0,0,1,0,0,0,1.0,1,train,65,0.015384615384615385
vp_36385_case_005__w0044,vp_36385_case_005,0,1,0,0,0,0,0,1,0,0,0,0.0,1,train,65,0.015384615384615385
vp_36385_case_005__w0045,vp_36385_case_005,0,1,0,0,0,0,0,1,0,0,0,0.0,1,train,65,0.015384615384615385
vp_36385_case_005__w0046,vp_36385_case_005,0,1,0,0,0,0,0,1,0,0,0,0.0,1,train,65,0.015384615384615385
vp_36385_case_005__w0047,vp_36385_case_005,0,1,0,0,0,0,0,1,0,0,0,0.0,1,train,65,0.015384615384615385
vp_36385_case_005__w0048,vp_36385_case_005,0,1,0,0,0,0,0,1,0,0,0,0.0,1,train,65,0.015384615384615385
vp_36385_case_005__w0049,vp_36385_case_005,0,0,0,1,0,0,0,0,0,0,0,0.0,1,train,65,0.015384615384615385
vp_36385_case_005__w0050,vp_36385_case_005,0,0,0,1,0,0,0,0,0,0,0,0.0,1,train,65,0.015384615384615385
vp_36385_case_005__w0051,vp_36385_case_005,0,0,0,0,0,0,0,0,0,0,0,-1.0,1,train,65,0.015384615384615385
vp_36385_case_005__w0052,vp_36385_case_005,0,0,0,0,0,0,0,0,0,0,0,0.0,1,train,65,0.015384615384615385
vp_36385_case_005__w0053,vp_36385_case_005,0,0,0,0,0,0,0,0,0,0,0,0.0,1,train,65,0.015384615384615385
vp_36385_case_005__w0054,vp_36385_case_005,0,0,0,0,0,0,0,0,0,0,0,0.0,1,train,65,0.015384615384615385
vp_36385_case_005__w0055,vp_36385_case_005,0,0,0,0,0,0,0,0,0,0,0,0.0,1,train,65,0.015384615384615385
vp_36385_case_005__w0056,vp_36385_case_005,0,0,0,0,0,0,0,0,0,0,0,0.0,1,train,65,0.015384615384615385
vp_36385_case_005__w0057,vp_36385_case_005,0,1,0,0,0,0,0,1,0,0,0,1.0,1,train,65,0.015384615384615385
vp_36385_case_005__w0058,vp_36385_case_005,0,1,0,0,0,0,0,1,0,0,0,0.0,1,train,65,0.015384615384615385
vp_36385_case_005__w0059,vp_36385_case_005,0,0,0,1,0,0,0,0,0,0,0,0.0,1,train,65,0.015384615384615385
vp_36385_case_005__w0060,vp_36385_case_005,0,0,0,1,0,0,0,0,0,0,0,0.0,1,train,65,0.015384615384615385
vp_36385_case_005__w0061,vp_36385_case_005,0,0,0,0,0,0,0,0,0,0,0,-1.0,1,train,65,0.015384615384615385
vp_36385_case_005__w0062,vp_36385_case_005,0,1,0,0,0,0,0,1,0,0,0,1.0,1,train,65,0.015384615384615385
vp_36385_case_005__w0063,vp_36385_case_005,0,1,0,0,0,0,0,1,0,0,0,0.0,1,train,65,0.015384615384615385
vp_36385_case_005__w0064,vp_36385_case_005,0,1,0,0,0,0,0,1,0,0,0,0.0,1,train,65,0.015384615384615385
vp_36388_case_001__w0000,vp_36388_case_001,0,0,0,0,0,0,0,0,0,0,0,0.0,1,validation,17,0.058823529411764705
vp_36388_case_001__w0001,vp_36388_case_001,0,0,0,0,0,0,0,0,0,0,0,0.0,1,validation,17,0.058823529411764705
vp_36388_case_001__w0002,vp_36388_case_001,0,0,0,0,0,0,0,0,0,0,0,0.0,1,validation,17,0.058823529411764705
vp_36388_case_001__w0003,vp_36388_case_001,0,0,0,0,0,0,0,0,0,0,0,0.0,1,validation,17,0.058823529411764705
vp_36388_case_001__w0004,vp_36388_case_001,0,0,0,0,0,0,0,0,0,0,0,0.0,1,validation,17,0.058823529411764705
vp_36388_case_001__w0005,vp_36388_case_001,0,0,0,0,0,0,0,0,0,0,0,0.0,1,validation,17,0.058823529411764705
vp_36388_case_001__w0006,vp_36388_case_001,0,0,0,0,0,0,0,0,0,0,0,0.0,1,validation,17,0.058823529411764705
vp_36388_case_001__w0007,vp_36388_case_001,0,0,0,0,0,0,0,0,0,0,0,0.0,1,validation,17,0.058823529411764705
vp_36388_case_001__w0008,vp_36388_case_001,0,0,0,0,0,0,0,0,0,0,0,0.0,1,validation,17,0.058823529411764705
vp_36388_case_001__w0009,vp_36388_case_001,0,0,0,0,0,0,0,0,0,0,0,0.0,1,validation,17,0.058823529411764705
vp_36388_case_001__w0010,vp_36388_case_001,1,1,0,0,0,0,0,2,0,0,0,2.0,1,validation,17,0.058823529411764705
vp_36388_case_001__w0011,vp_36388_case_001,1,1,0,0,0,0,0,2,0,0,0,0.0,1,validation,17,0.058823529411764705
vp_36388_case_001__w0012,vp_36388_case_001,1,0,0,0,0,0,0,1,0,0,0,-1.0,1,validation,17,0.058823529411764705
vp_36388_case_001__w0013,vp_36388_case_001,1,0,0,0,0,0,0,1,0,0,0,0.0,1,validation,17,0.058823529411764705
vp_36388_case_001__w0014,vp_36388_case_001,0,0,0,0,0,0,0,0,0,0,0,-1.0,1,validation,17,0.058823529411764705
vp_36388_case_001__w0015,vp_36388_case_001,1,1,1,0,0,0,0,2,0,1,0,3.0,1,validation,17,0.058823529411764705
vp_36388_case_001__w0016,vp_36388_case_001,1,1,1,0,0,0,0,2,0,1,0,0.0,1,validation,17,0.058823529411764705
vp_36389_case_005__w0000,vp_36389_case_005,0,0,0,0,0,0,0,0,0,0,0,0.0,1,train,2,0.5
vp_36389_case_005__w0001,vp_36389_case_005,0,0,0,0,0,0,0,0,0,0,0,0.0,1,train,2,0.5
vp_36390_case_002__w0000,vp_36390_case_002,0,0,0,0,0,0,0,0,0,0,0,0.0,1,train,15,0.06666666666666667
vp_36390_case_002__w0001,vp_36390_case_002,0,0,0,0,0,0,0,0,0,0,0,0.0,1,train,15,0.06666666666666667
vp_36390_case_002__w0002,vp_36390_case_002,0,0,0,0,0,0,0,0,0,0,0,0.0,1,train,15,0.06666666666666667
vp_36390_case_002__w0003,vp_36390_case_002,1,0,0,0,0,0,0,1,0,0,0,1.0,1,train,15,0.06666666666666667
vp_36390_case_002__w0004,vp_36390_case_002,1,1,1,0,0,0,0,2,0,1,0,2.0,1,train,15,0.06666666666666667
vp_36390_case_002__w0005,vp_36390_case_002,0,1,0,0,0,0,0,1,0,0,0,-2.0,1,train,15,0.06666666666666667
vp_36390_case_002__w0006,vp_36390_case_002,0,0,0,0,0,0,0,0,0,0,0,-1.0,1,train,15,0.06666666666666667
vp_36390_case_002__w0007,vp_36390_case_002,0,0,0,0,0,0,0,0,0,0,0,0.0,1,train,15,0.06666666666666667
vp_36390_case_002__w0008,vp_36390_case_002,0,0,0,0,0,0,0,0,0,0,0,0.0,1,train,15,0.06666666666666667
vp_36390_case_002__w0009,vp_36390_case_002,0,0,0,0,0,0,0,0,0,0,0,0.0,1,train,15,0.06666666666666667
vp_36390_case_002__w0010,vp_36390_case_002,0,0,0,0,0,0,0,0,0,0,0,0.0,1,train,15,0.06666666666666667
vp_36390_case_002__w0011,vp_36390_case_002,0,0,0,0,0,0,0,0,0,0,0,0.0,1,train,15,0.06666666666666667
vp_36390_case_002__w0012,vp_36390_case_002,0,1,0,0,0,0,0,1,0,0,0,1.0,1,train,15,0.06666666666666667
vp_36390_case_002__w0013,vp_36390_case_002,0,1,0,0,0,0,0,1,0,0,0,0.0,1,train,15,0.06666666666666667
vp_36390_case_002__w0014,vp_36390_case_002,0,0,0,0,0,0,0,0,0,0,0,-1.0,1,train,15,0.06666666666666667
vp_36390_case_003__w0000,vp_36390_case_003,1,0,0,0,0,0,0,1,0,0,0,0.0,1,train,9,0.1111111111111111
vp_36390_case_003__w0001,vp_36390_case_003,1,0,0,0,0,0,0,1,0,0,0,0.0,1,train,9,0.1111111111111111
vp_36390_case_003__w0002,vp_36390_case_003,0,0,0,0,0,0,0,0,0,0,0,-1.0,1,train,9,0.1111111111111111
vp_36390_case_003__w0003,vp_36390_case_003,0,0,0,0,0,0,0,0,0,0,0,0.0,1,train,9,0.1111111111111111
vp_36390_case_003__w0004,vp_36390_case_003,0,1,0,0,0,0,0,1,0,0,0,1.0,1,train,9,0.1111111111111111
vp_36390_case_003__w0005,vp_36390_case_003,0,1,0,0,0,0,0,1,0,0,0,0.0,1,train,9,0.1111111111111111
vp_36390_case_003__w0006,vp_36390_case_003,0,1,0,0,0,0,0,1,0,0,0,0.0,1,train,9,0.1111111111111111
vp_36390_case_003__w0007,vp_36390_case_003,0,1,0,0,0,0,0,1,0,0,0,0.0,1,train,9,0.1111111111111111
vp_36390_case_003__w0008,vp_36390_case_003,1,1,0,0,0,0,0,2,0,0,0,1.0,1,train,9,0.1111111111111111
vp_36390_case_005__w0000,vp_36390_case_005,0,0,0,0,0,0,0,0,0,0,0,0.0,1,train,14,0.07142857142857142
vp_36390_case_005__w0001,vp_36390_case_005,0,0,0,0,0,0,0,0,0,0,0,0.0,1,train,14,0.07142857142857142
vp_36390_case_005__w0002,vp_36390_case_005,0,1,0,0,0,0,0,1,0,0,0,1.0,1,train,14,0.07142857142857142
vp_36390_case_005__w0003,vp_36390_case_005,0,1,0,0,0,0,0,1,0,0,0,0.0,1,train,14,0.07142857142857142
vp_36390_case_005__w0004,vp_36390_case_005,0,0,0,0,0,0,0,0,0,0,0,-1.0,1,train,14,0.07142857142857142
vp_36390_case_005__w0005,vp_36390_case_005,0,0,0,0,0,0,0,0,0,0,0,0.0,1,train,14,0.07142857142857142
vp_36390_case_005__w0006,vp_36390_case_005,0,0,0,0,0,0,0,0,0,0,0,0.0,1,train,14,0.07142857142857142
vp_36390_case_005__w0007,vp_36390_case_005,1,0,0,0,0,0,0,2,0,0,0,2.0,1,train,14,0.07142857142857142
vp_36390_case_005__w0008,vp_36390_case_005,1,0,0,0,0,0,0,2,0,0,0,0.0,1,train,14,0.07142857142857142
vp_36390_case_005__w0009,vp_36390_case_005,0,0,0,0,0,0,0,0,0,0,0,-2.0,1,train,14,0.07142857142857142
vp_36390_case_005__w0010,vp_36390_case_005,0,0,0,0,0,0,0,0,0,0,0,0.0,1,train,14,0.07142857142857142
vp_36390_case_005__w0011,vp_36390_case_005,0,0,0,0,0,0,0,0,0,0,0,0.0,1,train,14,0.07142857142857142
vp_36390_case_005__w0012,vp_36390_case_005,0,0,0,0,0,0,0,0,0,0,0,0.0,1,train,14,0.07142857142857142
vp_36390_case_005__w0013,vp_36390_case_005,1,0,0,0,0,0,0,1,0,0,0,1.0,1,train,14,0.07142857142857142
vp_36390_case_006__w0000,vp_36390_case_006,0,0,0,0,0,0,0,0,0,0,0,0.0,1,train,1,1.0
vp_36390_case_007__w0000,vp_36390_case_007,0,0,0,0,0,0,0,0,0,0,0,0.0,1,train,4,0.25
vp_36390_case_007__w0001,vp_36390_case_007,0,0,0,0,0,0,0,0,0,0,0,0.0,1,train,4,0.25
vp_36390_case_007__w0002,vp_36390_case_007,0,0,0,0,0,0,0,0,0,0,0,0.0,1,train,4,0.25
vp_36390_case_007__w0003,vp_36390_case_007,0,0,0,0,0,0,0,0,0,0,0,0.0,1,train,4,0.25
vp_36391_case_001__w0000,vp_36391_case_001,0,1,0,0,0,0,0,1,0,0,0,0.0,1,train,3,0.3333333333333333
vp_36391_case_001__w0001,vp_36391_case_001,0,1,0,0,0,0,0,1,0,0,0,0.0,1,train,3,0.3333333333333333
vp_36391_case_001__w0002,vp_36391_case_001,0,1,0,0,0,0,0,1,0,0,0,0.0,1,train,3,0.3333333333333333
vp_36392_case_001__w0000,vp_36392_case_001,0,1,0,0,0,0,0,1,0,0,0,0.0,1,test,19,0.05263157894736842
vp_36392_case_001__w0001,vp_36392_case_001,0,1,0,0,0,0,0,1,0,0,0,0.0,1,test,19,0.05263157894736842
vp_36392_case_001__w0002,vp_36392_case_001,0,0,0,0,0,0,0,0,0,0,0,-1.0,1,test,19,0.05263157894736842
vp_36392_case_001__w0003,vp_36392_case_001,0,0,0,0,0,0,0,0,0,0,0,0.0,1,test,19,0.05263157894736842
vp_36392_case_001__w0004,vp_36392_case_001,0,1,0,0,0,0,0,1,0,0,0,1.0,1,test,19,0.05263157894736842
vp_36392_case_001__w0005,vp_36392_case_001,1,1,0,0,0,0,0,3,0,0,0,2.0,1,test,19,0.05263157894736842
vp_36392_case_001__w0006,vp_36392_case_001,1,0,0,0,0,0,0,2,0,0,0,-1.0,1,test,19,0.05263157894736842
vp_36392_case_001__w0007,vp_36392_case_001,1,0,0,0,0,0,0,2,0,0,0,0.0,1,test,19,0.05263157894736842
vp_36392_case_001__w0008,vp_36392_case_001,1,0,0,0,0,0,0,2,0,0,0,0.0,1,test,19,0.05263157894736842
vp_36392_case_001__w0009,vp_36392_case_001,1,0,0,0,0,0,0,1,0,0,0,-1.0,1,test,19,0.05263157894736842
vp_36392_case_001__w0010,vp_36392_case_001,1,1,0,0,0,0,0,2,0,0,0,1.0,1,test,19,0.05263157894736842
vp_36392_case_001__w0011,vp_36392_case_001,0,1,0,0,0,0,0,1,0,0,0,-1.0,1,test,19,0.05263157894736842
vp_36392_case_001__w0012,vp_36392_case_001,1,1,1,0,0,0,0,2,0,1,0,2.0,1,test,19,0.05263157894736842
vp_36392_case_001__w0013,vp_36392_case_001,1,1,1,0,0,0,0,2,0,1,0,0.0,1,test,19,0.05263157894736842
vp_36392_case_001__w0014,vp_36392_case_001,0,0,0,0,0,0,0,0,0,0,0,-3.0,1,test,19,0.05263157894736842
vp_36392_case_001__w0015,vp_36392_case_001,0,0,0,0,0,0,0,0,0,0,0,0.0,1,test,19,0.05263157894736842
vp_36392_case_001__w0016,vp_36392_case_001,1,0,0,0,0,0,0,1,0,0,0,1.0,1,test,19,0.05263157894736842
vp_36392_case_001__w0017,vp_36392_case_001,1,0,0,0,0,0,0,1,0,0,0,0.0,1,test,19,0.05263157894736842
vp_36392_case_001__w0018,vp_36392_case_001,1,0,0,0,0,0,0,1,0,0,0,0.0,1,test,19,0.05263157894736842
vp_36393_case_001__w0000,vp_36393_case_001,1,1,1,0,0,0,0,2,0,1,0,0.0,1,train,10,0.1
vp_36393_case_001__w0001,vp_36393_case_001,1,1,1,0,0,0,0,2,0,1,0,0.0,1,train,10,0.1
vp_36393_case_001__w0002,vp_36393_case_001,0,0,0,0,0,0,0,0,0,0,0,-3.0,1,train,10,0.1
vp_36393_case_001__w0003,vp_36393_case_001,0,1,0,0,0,0,0,1,0,0,0,1.0,1,train,10,0.1
vp_36393_case_001__w0004,vp_36393_case_001,0,1,0,0,0,0,0,1,0,0,0,0.0,1,train,10,0.1
vp_36393_case_001__w0005,vp_36393_case_001,0,0,0,0,0,0,0,0,0,0,0,-1.0,1,train,10,0.1
vp_36393_case_001__w0006,vp_36393_case_001,0,0,0,0,0,0,0,0,0,0,0,0.0,1,train,10,0.1
vp_36393_case_001__w0007,vp_36393_case_001,0,1,0,0,0,0,0,1,0,0,0,1.0,1,train,10,0.1
vp_36393_case_001__w0008,vp_36393_case_001,0,1,0,0,0,0,0,1,0,0,0,0.0,1,train,10,0.1
vp_36393_case_001__w0009,vp_36393_case_001,0,0,0,0,0,0,0,0,0,0,0,-1.0,1,train,10,0.1
vp_36393_case_002__w0000,vp_36393_case_002,0,0,0,0,0,0,0,0,0,0,0,0.0,1,train,5,0.2
vp_36393_case_002__w0001,vp_36393_case_002,0,0,0,0,0,0,0,0,0,0,0,0.0,1,train,5,0.2
vp_36393_case_002__w0002,vp_36393_case_002,0,0,0,0,0,0,0,0,0,0,0,0.0,1,train,5,0.2
vp_36393_case_002__w0003,vp_36393_case_002,0,0,0,0,0,0,0,0,0,0,0,0.0,1,train,5,0.2
vp_36393_case_002__w0004,vp_36393_case_002,0,0,0,0,0,0,0,0,0,0,0,0.0,1,train,5,0.2
vp_36394_case_001__w0000,vp_36394_case_001,1,1,1,0,0,0,0,2,0,1,0,0.0,1,train,5,0.2
vp_36394_case_001__w0001,vp_36394_case_001,0,1,0,0,0,0,0,1,0,0,0,-2.0,1,train,5,0.2
vp_36394_case_001__w0002,vp_36394_case_001,0,0,0,0,0,0,0,0,0,0,0,-1.0,1,train,5,0.2
vp_36394_case_001__w0003,vp_36394_case_001,0,0,0,0,0,0,0,0,0,0,0,0.0,1,train,5,0.2
vp_36394_case_001__w0004,vp_36394_case_001,0,0,0,0,0,0,0,0,0,0,0,0.0,1,train,5,0.2
vp_36394_case_002__w0000,vp_36394_case_002,1,0,0,0,0,0,0,1,0,0,0,0.0,1,train,8,0.125
vp_36394_case_002__w0001,vp_36394_case_002,1,0,0,0,0,0,0,1,0,0,0,0.0,1,train,8,0.125
vp_36394_case_002__w0002,vp_36394_case_002,0,0,0,0,0,0,0,1,0,0,0,0.0,1,train,8,0.125
vp_36394_case_002__w0003,vp_36394_case_002,0,1,0,0,0,0,0,2,0,0,0,1.0,1,train,8,0.125
vp_36394_case_002__w0004,vp_36394_case_002,0,1,0,0,0,0,0,1,0,0,0,-1.0,1,train,8,0.125
vp_36394_case_002__w0005,vp_36394_case_002,0,1,0,0,0,0,0,1,0,0,0,0.0,1,train,8,0.125
vp_36394_case_002__w0006,vp_36394_case_002,1,1,1,0,0,0,0,2,0,1,0,2.0,1,train,8,0.125
vp_36394_case_002__w0007,vp_36394_case_002,1,1,1,0,0,0,0,2,0,1,0,0.0,1,train,8,0.125
vp_36394_case_003__w0000,vp_36394_case_003,0,0,0,0,0,0,0,0,0,0,0,0.0,1,train,12,0.08333333333333333
vp_36394_case_003__w0001,vp_36394_case_003,0,0,0,0,0,0,0,0,0,0,0,0.0,1,train,12,0.08333333333333333
vp_36394_case_003__w0002,vp_36394_case_003,0,0,0,0,0,0,0,0,0,0,0,0.0,1,train,12,0.08333333333333333
vp_36394_case_003__w0003,vp_36394_case_003,0,0,0,0,0,0,0,0,0,0,0,0.0,1,train,12,0.08333333333333333
vp_36394_case_003__w0004,vp_36394_case_003,0,0,0,0,0,0,0,0,0,0,0,0.0,1,train,12,0.08333333333333333
vp_36394_case_003__w0005,vp_36394_case_003,0,1,0,0,0,0,0,1,0,0,0,1.0,1,train,12,0.08333333333333333
vp_36394_case_003__w0006,vp_36394_case_003,0,1,0,0,0,0,0,1,0,0,0,0.0,1,train,12,0.08333333333333333
vp_36394_case_003__w0007,vp_36394_case_003,0,1,0,0,0,0,0,1,0,0,0,0.0,1,train,12,0.08333333333333333
vp_36394_case_003__w0008,vp_36394_case_003,0,1,0,0,0,0,0,1,0,0,0,0.0,1,train,12,0.08333333333333333
vp_36394_case_003__w0009,vp_36394_case_003,0,1,0,0,0,0,0,1,0,0,0,0.0,1,train,12,0.08333333333333333
vp_36394_case_003__w0010,vp_36394_case_003,0,1,0,0,0,0,0,1,0,0,0,0.0,1,train,12,0.08333333333333333
vp_36394_case_003__w0011,vp_36394_case_003,0,1,0,0,0,0,0,1,0,0,0,0.0,1,train,12,0.08333333333333333
vp_36395_case_001__w0000,vp_36395_case_001,0,0,0,0,0,0,0,0,0,0,0,0.0,1,train,18,0.05555555555555555
vp_36395_case_001__w0001,vp_36395_case_001,0,1,0,0,0,0,0,1,0,0,0,1.0,1,train,18,0.05555555555555555
vp_36395_case_001__w0002,vp_36395_case_001,0,1,0,0,0,0,0,1,0,0,0,0.0,1,train,18,0.05555555555555555
vp_36395_case_001__w0003,vp_36395_case_001,0,1,0,0,0,0,0,1,0,0,0,0.0,1,train,18,0.05555555555555555
vp_36395_case_001__w0004,vp_36395_case_001,0,1,0,0,0,0,0,1,0,0,0,0.0,1,train,18,0.05555555555555555
vp_36395_case_001__w0005,vp_36395_case_001,0,1,0,0,0,0,0,1,0,0,0,0.0,1,train,18,0.05555555555555555
vp_36395_case_001__w0006,vp_36395_case_001,0,1,0,0,0,0,0,1,0,0,0,0.0,1,train,18,0.05555555555555555
vp_36395_case_001__w0007,vp_36395_case_001,0,0,0,0,0,0,0,0,0,0,0,-1.0,1,train,18,0.05555555555555555
vp_36395_case_001__w0008,vp_36395_case_001,0,0,0,0,0,0,0,0,0,0,0,0.0,1,train,18,0.05555555555555555
vp_36395_case_001__w0009,vp_36395_case_001,0,0,0,1,0,0,0,0,0,0,0,1.0,1,train,18,0.05555555555555555
vp_36395_case_001__w0010,vp_36395_case_001,0,0,0,1,0,0,0,0,0,0,0,0.0,1,train,18,0.05555555555555555
vp_36395_case_001__w0011,vp_36395_case_001,1,1,0,0,0,0,0,2,0,0,0,1.0,1,train,18,0.05555555555555555
vp_36395_case_001__w0012,vp_36395_case_001,1,1,0,0,0,0,0,2,0,0,0,0.0,1,train,18,0.05555555555555555
vp_36395_case_001__w0013,vp_36395_case_001,1,1,0,0,0,0,0,2,0,0,0,0.0,1,train,18,0.05555555555555555
vp_36395_case_001__w0014,vp_36395_case_001,1,1,1,0,0,0,0,3,0,1,0,2.0,1,train,18,0.05555555555555555
vp_36395_case_001__w0015,vp_36395_case_001,1,1,1,0,0,0,0,3,0,1,0,0.0,1,train,18,0.05555555555555555
vp_36395_case_001__w0016,vp_36395_case_001,1,1,1,0,0,0,0,3,0,1,0,0.0,1,train,18,0.05555555555555555
vp_36395_case_001__w0017,vp_36395_case_001,0,0,0,0,0,0,0,0,0,0,0,-4.0,1,train,18,0.05555555555555555
vp_36396_case_001__w0000,vp_36396_case_001,0,1,0,0,0,0,0,1,0,0,0,0.0,1,train,27,0.037037037037037035
vp_36396_case_001__w0001,vp_36396_case_001,0,1,0,0,0,0,0,1,0,0,0,0.0,1,train,27,0.037037037037037035
vp_36396_case_001__w0002,vp_36396_case_001,0,0,0,0,0,0,0,0,0,0,0,-1.0,1,train,27,0.037037037037037035
vp_36396_case_001__w0003,vp_36396_case_001,0,0,0,0,0,0,0,0,0,0,0,0.0,1,train,27,0.037037037037037035
vp_36396_case_001__w0004,vp_36396_case_001,0,1,0,0,0,0,0,1,0,0,0,1.0,1,train,27,0.037037037037037035
vp_36396_case_001__w0005,vp_36396_case_001,0,1,0,0,0,0,0,1,0,0,0,0.0,1,train,27,0.037037037037037035
vp_36396_case_001__w0006,vp_36396_case_001,0,0,0,0,0,0,0,0,0,0,0,-1.0,1,train,27,0.037037037037037035
vp_36396_case_001__w0007,vp_36396_case_001,1,1,0,0,0,0,0,2,0,0,0,2.0,1,train,27,0.037037037037037035
vp_36396_case_001__w0008,vp_36396_case_001,1,1,0,0,0,0,0,2,0,0,0,0.0,1,train,27,0.037037037037037035
vp_36396_case_001__w0009,vp_36396_case_001,0,1,0,0,0,0,0,1,0,0,0,-1.0,1,train,27,0.037037037037037035
vp_36396_case_001__w0010,vp_36396_case_001,0,0,0,0,0,0,0,0,0,0,0,-1.0,1,train,27,0.037037037037037035
vp_36396_case_001__w0011,vp_36396_case_001,0,1,0,0,0,0,0,1,0,0,0,1.0,1,train,27,0.037037037037037035
vp_36396_case_001__w0012,vp_36396_case_001,1,1,1,0,0,0,0,2,0,1,0,2.0,1,train,27,0.037037037037037035
vp_36396_case_001__w0013,vp_36396_case_001,1,1,1,0,0,0,0,2,0,1,0,0.0,1,train,27,0.037037037037037035
vp_36396_case_001__w0014,vp_36396_case_001,0,0,0,0,0,0,0,0,0,0,0,-3.0,1,train,27,0.037037037037037035
vp_36396_case_001__w0015,vp_36396_case_001,0,0,0,0,0,0,0,0,0,0,0,0.0,1,train,27,0.037037037037037035
vp_36396_case_001__w0016,vp_36396_case_001,0,1,0,0,0,0,0,1,0,0,0,1.0,1,train,27,0.037037037037037035
vp_36396_case_001__w0017,vp_36396_case_001,0,1,0,0,0,0,0,1,0,0,0,0.0,1,train,27,0.037037037037037035
vp_36396_case_001__w0018,vp_36396_case_001,1,1,1,0,0,0,0,2,0,1,0,2.0,1,train,27,0.037037037037037035
vp_36396_case_001__w0019,vp_36396_case_001,1,1,1,0,0,0,0,2,0,1,0,0.0,1,train,27,0.037037037037037035
vp_36396_case_001__w0020,vp_36396_case_001,0,0,0,0,0,0,0,0,0,0,0,-3.0,1,train,27,0.037037037037037035
vp_36396_case_001__w0021,vp_36396_case_001,0,0,0,0,0,0,0,0,0,0,0,0.0,1,train,27,0.037037037037037035
vp_36396_case_001__w0022,vp_36396_case_001,0,0,0,0,0,0,0,0,0,0,0,0.0,1,train,27,0.037037037037037035
vp_36396_case_001__w0023,vp_36396_case_001,0,0,0,0,0,0,0,0,0,0,0,0.0,1,train,27,0.037037037037037035
vp_36396_case_001__w0024,vp_36396_case_001,0,0,0,0,0,0,0,0,0,0,0,0.0,1,train,27,0.037037037037037035
vp_36396_case_001__w0025,vp_36396_case_001,0,0,0,0,0,0,0,0,0,0,0,0.0,1,train,27,0.037037037037037035
vp_36396_case_001__w0026,vp_36396_case_001,0,0,0,0,0,0,0,0,0,0,0,0.0,1,train,27,0.037037037037037035
vp_36396_case_009__w0000,vp_36396_case_009,0,0,0,0,0,0,0,0,0,0,0,0.0,1,train,5,0.2
vp_36396_case_009__w0001,vp_36396_case_009,0,0,0,0,0,0,0,0,0,0,0,0.0,1,train,5,0.2
vp_36396_case_009__w0002,vp_36396_case_009,0,0,0,0,0,0,0,0,0,0,0,0.0,1,train,5,0.2
vp_36396_case_009__w0003,vp_36396_case_009,0,0,0,0,0,0,0,0,0,0,0,0.0,1,train,5,0.2
vp_36396_case_009__w0004,vp_36396_case_009,0,0,0,0,0,0,0,0,0,0,0,0.0,1,train,5,0.2
vp_36396_case_012__w0000,vp_36396_case_012,1,1,1,0,0,0,0,2,0,1,0,0.0,1,train,2,0.5
vp_36396_case_012__w0001,vp_36396_case_012,1,1,1,0,0,0,0,2,0,1,0,0.0,1,train,2,0.5
vp_36396_case_013__w0000,vp_36396_case_013,1,1,0,0,0,0,0,2,0,0,0,0.0,1,test,13,0.07692307692307693
vp_36396_case_013__w0001,vp_36396_case_013,0,0,0,0,0,0,0,0,0,0,0,-2.0,1,test,13,0.07692307692307693
vp_36396_case_013__w0002,vp_36396_case_013,0,1,0,0,0,0,0,1,0,0,0,1.0,1,test,13,0.07692307692307693
vp_36396_case_013__w0003,vp_36396_case_013,0,1,0,0,0,0,0,1,0,0,0,0.0,1,test,13,0.07692307692307693
vp_36396_case_013__w0004,vp_36396_case_013,1,1,0,0,0,0,0,2,0,0,0,1.0,1,test,13,0.07692307692307693
vp_36396_case_013__w0005,vp_36396_case_013,1,1,0,0,0,0,0,2,0,0,0,0.0,1,test,13,0.07692307692307693
vp_36396_case_013__w0006,vp_36396_case_013,0,0,0,0,0,0,0,0,0,0,0,-2.0,1,test,13,0.07692307692307693
vp_36396_case_013__w0007,vp_36396_case_013,0,0,0,0,0,0,0,0,0,0,0,0.0,1,test,13,0.07692307692307693
vp_36396_case_013__w0008,vp_36396_case_013,0,0,0,0,0,0,0,0,0,0,0,0.0,1,test,13,0.07692307692307693
vp_36396_case_013__w0009,vp_36396_case_013,1,1,0,0,0,0,0,2,0,0,0,2.0,1,test,13,0.07692307692307693
vp_36396_case_013__w0010,vp_36396_case_013,1,1,0,0,0,0,0,2,0,0,0,0.0,1,test,13,0.07692307692307693
vp_36396_case_013__w0011,vp_36396_case_013,0,1,0,0,0,0,0,1,0,0,0,-1.0,1,test,13,0.07692307692307693
vp_36396_case_013__w0012,vp_36396_case_013,0,0,0,0,0,0,0,0,0,0,0,-1.0,1,test,13,0.07692307692307693
vp_36397_case_001__w0000,vp_36397_case_001,0,1,0,0,0,0,0,1,0,0,0,0.0,1,train,2,0.5
vp_36397_case_001__w0001,vp_36397_case_001,0,0,0,0,0,0,0,0,0,0,0,-1.0,1,train,2,0.5
vp_36398_case_001__w0000,vp_36398_case_001,0,0,0,0,0,0,0,0,0,0,0,0.0,1,test,18,0.05555555555555555
vp_36398_case_001__w0001,vp_36398_case_001,0,0,0,0,0,0,0,0,0,0,0,0.0,1,test,18,0.05555555555555555
vp_36398_case_001__w0002,vp_36398_case_001,0,0,0,0,0,0,0,0,0,0,0,0.0,1,test,18,0.05555555555555555
vp_36398_case_001__w0003,vp_36398_case_001,0,0,0,0,0,0,0,0,0,0,0,0.0,1,test,18,0.05555555555555555
vp_36398_case_001__w0004,vp_36398_case_001,0,0,0,0,0,0,0,0,0,0,0,0.0,1,test,18,0.05555555555555555
vp_36398_case_001__w0005,vp_36398_case_001,1,1,1,0,0,0,0,2,0,1,0,3.0,1,test,18,0.05555555555555555
vp_36398_case_001__w0006,vp_36398_case_001,1,1,1,0,0,0,0,2,0,1,0,0.0,1,test,18,0.05555555555555555
vp_36398_case_001__w0007,vp_36398_case_001,1,1,1,0,0,0,0,2,0,1,0,0.0,1,test,18,0.05555555555555555
vp_36398_case_001__w0008,vp_36398_case_001,0,0,0,0,0,0,0,0,0,0,0,-3.0,1,test,18,0.05555555555555555
vp_36398_case_001__w0009,vp_36398_case_001,0,0,0,0,0,0,0,0,0,0,0,0.0,1,test,18,0.05555555555555555
vp_36398_case_001__w0010,vp_36398_case_001,1,0,0,0,0,0,0,1,0,0,0,1.0,1,test,18,0.05555555555555555
vp_36398_case_001__w0011,vp_36398_case_001,1,0,0,0,0,0,0,1,0,0,0,0.0,1,test,18,0.05555555555555555
vp_36398_case_001__w0012,vp_36398_case_001,0,0,0,0,0,0,0,0,0,0,0,-1.0,1,test,18,0.05555555555555555
vp_36398_case_001__w0013,vp_36398_case_001,0,0,0,0,0,0,0,0,0,0,0,0.0,1,test,18,0.05555555555555555
vp_36398_case_001__w0014,vp_36398_case_001,0,0,0,0,0,0,0,0,0,0,0,0.0,1,test,18,0.05555555555555555
vp_36398_case_001__w0015,vp_36398_case_001,0,0,0,0,0,0,0,0,0,0,0,0.0,1,test,18,0.05555555555555555
vp_36398_case_001__w0016,vp_36398_case_001,0,0,0,0,0,0,0,0,0,0,0,0.0,1,test,18,0.05555555555555555
vp_36398_case_001__w0017,vp_36398_case_001,0,0,0,0,0,0,0,0,0,0,0,0.0,1,test,18,0.05555555555555555
vp_36399_case_001__w0000,vp_36399_case_001,0,0,0,0,0,0,0,0,0,0,0,0.0,1,test,2,0.5
vp_36399_case_001__w0001,vp_36399_case_001,0,1,0,0,0,0,0,1,0,0,0,1.0,1,test,2,0.5
vp_36400_case_001__w0000,vp_36400_case_001,1,1,1,0,0,0,0,2,0,1,0,0.0,1,validation,1,1.0
vp_36401_case_001__w0000,vp_36401_case_001,0,1,0,0,0,0,0,1,0,0,0,0.0,1,train,2,0.5
vp_36401_case_001__w0001,vp_36401_case_001,1,1,1,0,0,0,0,2,0,1,0,2.0,1,train,2,0.5
vp_36401_case_002__w0000,vp_36401_case_002,0,0,0,0,0,0,0,0,0,0,0,0.0,1,train,15,0.06666666666666667
vp_36401_case_002__w0001,vp_36401_case_002,0,1,0,0,0,0,0,1,0,0,0,1.0,1,train,15,0.06666666666666667
vp_36401_case_002__w0002,vp_36401_case_002,0,1,0,0,0,0,0,1,0,0,0,0.0,1,train,15,0.06666666666666667
vp_36401_case_002__w0003,vp_36401_case_002,0,0,0,0,0,0,0,0,0,0,0,-1.0,1,train,15,0.06666666666666667
vp_36401_case_002__w0004,vp_36401_case_002,0,0,0,0,0,0,0,0,0,0,0,0.0,1,train,15,0.06666666666666667
vp_36401_case_002__w0005,vp_36401_case_002,0,0,0,0,0,0,0,0,0,0,0,0.0,1,train,15,0.06666666666666667
vp_36401_case_002__w0006,vp_36401_case_002,0,0,0,0,0,0,0,0,0,0,0,0.0,1,train,15,0.06666666666666667
vp_36401_case_002__w0007,vp_36401_case_002,0,0,0,0,0,0,0,0,0,0,0,0.0,1,train,15,0.06666666666666667
vp_36401_case_002__w0008,vp_36401_case_002,0,0,0,0,0,0,0,0,0,0,0,0.0,1,train,15,0.06666666666666667
vp_36401_case_002__w0009,vp_36401_case_002,0,0,0,0,0,0,0,0,0,0,0,0.0,1,train,15,0.06666666666666667
vp_36401_case_002__w0010,vp_36401_case_002,0,0,0,0,0,0,0,0,0,0,0,0.0,1,train,15,0.06666666666666667
vp_36401_case_002__w0011,vp_36401_case_002,1,0,0,0,0,0,0,1,0,0,0,1.0,1,train,15,0.06666666666666667
vp_36401_case_002__w0012,vp_36401_case_002,1,0,0,1,0,0,0,1,0,1,0,1.0,1,train,15,0.06666666666666667
vp_36401_case_002__w0013,vp_36401_case_002,1,0,0,0,0,0,0,1,0,0,0,-1.0,1,train,15,0.06666666666666667
vp_36401_case_002__w0014,vp_36401_case_002,1,0,0,1,0,0,0,1,0,1,0,1.0,1,train,15,0.06666666666666667
vp_36401_case_003__w0000,vp_36401_case_003,0,0,0,0,0,0,0,0,0,0,0,0.0,1,train,21,0.047619047619047616
vp_36401_case_003__w0001,vp_36401_case_003,0,0,0,0,0,0,0,0,0,0,0,0.0,1,train,21,0.047619047619047616
vp_36401_case_003__w0002,vp_36401_case_003,0,0,0,0,0,0,0,0,0,0,0,0.0,1,train,21,0.047619047619047616
vp_36401_case_003__w0003,vp_36401_case_003,0,0,0,0,0,0,0,0,0,0,0,0.0,1,train,21,0.047619047619047616
vp_36401_case_003__w0004,vp_36401_case_003,0,0,0,0,0,0,0,0,0,0,0,0.0,1,train,21,0.047619047619047616
vp_36401_case_003__w0005,vp_36401_case_003,0,0,0,0,0,0,0,0,0,0,0,0.0,1,train,21,0.047619047619047616
vp_36401_case_003__w0006,vp_36401_case_003,0,0,0,0,0,0,0,0,0,0,0,0.0,1,train,21,0.047619047619047616
vp_36401_case_003__w0007,vp_36401_case_003,0,0,0,0,0,0,0,0,0,0,0,0.0,1,train,21,0.047619047619047616
vp_36401_case_003__w0008,vp_36401_case_003,0,0,0,0,0,0,0,0,0,0,0,0.0,1,train,21,0.047619047619047616
vp_36401_case_003__w0009,vp_36401_case_003,0,0,0,0,0,0,0,0,0,0,0,0.0,1,train,21,0.047619047619047616
vp_36401_case_003__w0010,vp_36401_case_003,0,0,0,0,0,0,0,0,0,0,0,0.0,1,train,21,0.047619047619047616
vp_36401_case_003__w0011,vp_36401_case_003,0,0,0,0,0,0,0,0,0,0,0,0.0,1,train,21,0.047619047619047616
vp_36401_case_003__w0012,vp_36401_case_003,0,0,0,0,0,0,0,0,0,0,0,0.0,1,train,21,0.047619047619047616
vp_36401_case_003__w0013,vp_36401_case_003,0,0,0,0,0,0,0,0,0,0,0,0.0,1,train,21,0.047619047619047616
vp_36401_case_003__w0014,vp_36401_case_003,0,0,0,0,0,0,0,0,0,0,0,0.0,1,train,21,0.047619047619047616
vp_36401_case_003__w0015,vp_36401_case_003,0,0,0,0,0,0,0,0,0,0,0,0.0,1,train,21,0.047619047619047616
vp_36401_case_003__w0016,vp_36401_case_003,0,0,0,0,0,0,0,0,0,0,0,0.0,1,train,21,0.047619047619047616
vp_36401_case_003__w0017,vp_36401_case_003,0,0,0,0,0,0,0,0,0,0,0,0.0,1,train,21,0.047619047619047616
vp_36401_case_003__w0018,vp_36401_case_003,0,0,0,0,0,0,0,0,0,0,0,0.0,1,train,21,0.047619047619047616
vp_36401_case_003__w0019,vp_36401_case_003,0,0,0,0,0,0,0,0,0,0,0,0.0,1,train,21,0.047619047619047616
vp_36401_case_003__w0020,vp_36401_case_003,0,0,0,0,0,0,0,0,0,0,0,0.0,1,train,21,0.047619047619047616
vp_36402_case_001__w0000,vp_36402_case_001,0,0,0,0,0,0,0,0,0,0,0,0.0,1,train,5,0.2
vp_36402_case_001__w0001,vp_36402_case_001,0,0,0,0,0,0,0,0,0,0,0,0.0,1,train,5,0.2
vp_36402_case_001__w0002,vp_36402_case_001,0,0,0,0,0,0,0,0,0,0,0,0.0,1,train,5,0.2
vp_36402_case_001__w0003,vp_36402_case_001,0,0,0,0,0,0,0,0,0,0,0,0.0,1,train,5,0.2
vp_36402_case_001__w0004,vp_36402_case_001,0,0,0,0,0,0,0,0,0,0,0,0.0,1,train,5,0.2
vp_36403_case_001__w0000,vp_36403_case_001,0,0,0,0,0,0,0,0,0,0,0,0.0,1,train,21,0.047619047619047616
vp_36403_case_001__w0001,vp_36403_case_001,0,0,0,0,0,0,0,0,0,0,0,0.0,1,train,21,0.047619047619047616
vp_36403_case_001__w0002,vp_36403_case_001,0,0,0,0,0,0,0,0,0,0,0,0.0,1,train,21,0.047619047619047616
vp_36403_case_001__w0003,vp_36403_case_001,0,0,0,0,0,1,0,0,1,0,0,1.0,1,train,21,0.047619047619047616
vp_36403_case_001__w0004,vp_36403_case_001,0,0,0,0,0,1,0,0,1,0,0,0.0,1,train,21,0.047619047619047616
vp_36403_case_001__w0005,vp_36403_case_001,0,0,0,0,1,1,0,1,1,0,1,1.0,1,train,21,0.047619047619047616
vp_36403_case_001__w0006,vp_36403_case_001,0,0,0,0,1,1,0,1,1,0,1,0.0,1,train,21,0.047619047619047616
vp_36403_case_001__w0007,vp_36403_case_001,0,0,0,0,0,0,0,0,0,0,0,-2.0,1,train,21,0.047619047619047616
vp_36403_case_001__w0008,vp_36403_case_001,0,0,0,0,0,0,0,0,0,0,0,0.0,1,train,21,0.047619047619047616
vp_36403_case_001__w0009,vp_36403_case_001,1,0,1,0,0,0,0,1,0,1,0,2.0,1,train,21,0.047619047619047616
vp_36403_case_001__w0010,vp_36403_case_001,1,0,1,0,0,0,0,1,0,1,0,0.0,1,train,21,0.047619047619047616
vp_36403_case_001__w0011,vp_36403_case_001,1,0,0,0,0,0,0,1,0,0,0,-1.0,1,train,21,0.047619047619047616
vp_36403_case_001__w0012,vp_36403_case_001,1,1,0,0,0,0,0,2,0,0,0,1.0,1,train,21,0.047619047619047616
vp_36403_case_001__w0013,vp_36403_case_001,0,1,0,0,0,0,0,1,0,0,0,-1.0,1,train,21,0.047619047619047616
vp_36403_case_001__w0014,vp_36403_case_001,0,1,0,0,0,0,0,1,0,0,0,0.0,1,train,21,0.047619047619047616
vp_36403_case_001__w0015,vp_36403_case_001,0,0,0,0,0,0,0,0,0,0,0,-1.0,1,train,21,0.047619047619047616
vp_36403_case_001__w0016,vp_36403_case_001,0,0,0,0,0,0,0,0,0,0,0,0.0,1,train,21,0.047619047619047616
vp_36403_case_001__w0017,vp_36403_case_001,0,0,0,0,0,0,0,0,0,0,0,0.0,1,train,21,0.047619047619047616
vp_36403_case_001__w0018,vp_36403_case_001,0,0,0,0,0,0,0,0,0,0,0,0.0,1,train,21,0.047619047619047616
vp_36403_case_001__w0019,vp_36403_case_001,0,0,0,0,0,0,0,0,0,0,0,0.0,1,train,21,0.047619047619047616
vp_36403_case_001__w0020,vp_36403_case_001,0,0,0,0,0,0,0,0,0,0,0,0.0,1,train,21,0.047619047619047616
vp_36404_case_001__w0000,vp_36404_case_001,0,0,0,1,0,0,0,0,0,0,0,0.0,1,train,11,0.09090909090909091
vp_36404_case_001__w0001,vp_36404_case_001,0,0,0,0,0,0,0,1,0,0,0,0.0,1,train,11,0.09090909090909091
vp_36404_case_001__w0002,vp_36404_case_001,0,0,0,0,0,0,0,1,0,0,0,0.0,1,train,11,0.09090909090909091
vp_36404_case_001__w0003,vp_36404_case_001,1,1,0,0,0,0,0,2,0,0,0,1.0,1,train,11,0.09090909090909091
vp_36404_case_001__w0004,vp_36404_case_001,1,1,0,0,0,0,0,2,0,0,0,0.0,1,train,11,0.09090909090909091
vp_36404_case_001__w0005,vp_36404_case_001,0,0,0,0,0,0,0,0,0,0,0,-2.0,1,train,11,0.09090909090909091
vp_36404_case_001__w0006,vp_36404_case_001,1,0,0,0,0,0,0,1,0,0,0,1.0,1,train,11,0.09090909090909091
vp_36404_case_001__w0007,vp_36404_case_001,1,0,0,0,0,0,0,1,0,0,0,0.0,1,train,11,0.09090909090909091
vp_36404_case_001__w0008,vp_36404_case_001,0,0,0,0,0,0,0,0,0,0,0,-1.0,1,train,11,0.09090909090909091
vp_36404_case_001__w0009,vp_36404_case_001,0,0,0,0,0,0,0,0,0,0,0,0.0,1,train,11,0.09090909090909091
vp_36404_case_001__w0010,vp_36404_case_001,0,0,0,0,0,0,0,0,0,0,0,0.0,1,train,11,0.09090909090909091
vp_36405_case_001__w0000,vp_36405_case_001,0,0,0,0,0,0,0,0,0,0,0,0.0,1,train,123,0.008130081300813009
vp_36405_case_001__w0001,vp_36405_case_001,0,0,0,0,0,0,0,0,0,0,0,0.0,1,train,123,0.008130081300813009
vp_36405_case_001__w0002,vp_36405_case_001,0,0,0,0,0,0,0,0,0,0,0,0.0,1,train,123,0.008130081300813009
vp_36405_case_001__w0003,vp_36405_case_001,0,1,0,0,0,0,0,1,0,0,0,1.0,1,train,123,0.008130081300813009
vp_36405_case_001__w0004,vp_36405_case_001,0,1,0,0,0,0,0,1,0,0,0,0.0,1,train,123,0.008130081300813009
vp_36405_case_001__w0005,vp_36405_case_001,0,0,0,0,0,0,0,0,0,0,0,-1.0,1,train,123,0.008130081300813009
vp_36405_case_001__w0006,vp_36405_case_001,0,0,0,0,0,0,0,0,0,0,0,0.0,1,train,123,0.008130081300813009
vp_36405_case_001__w0007,vp_36405_case_001,0,0,0,0,0,0,0,0,0,0,0,0.0,1,train,123,0.008130081300813009
vp_36405_case_001__w0008,vp_36405_case_001,0,0,0,0,0,0,0,0,0,0,0,0.0,1,train,123,0.008130081300813009
vp_36405_case_001__w0009,vp_36405_case_001,0,0,0,0,0,0,0,0,0,0,0,0.0,1,train,123,0.008130081300813009
vp_36405_case_001__w0010,vp_36405_case_001,0,0,0,0,0,0,0,0,0,0,0,0.0,1,train,123,0.008130081300813009
vp_36405_case_001__w0011,vp_36405_case_001,0,0,0,0,0,0,0,0,0,0,0,0.0,1,train,123,0.008130081300813009
vp_36405_case_001__w0012,vp_36405_case_001,1,0,0,0,0,0,0,1,0,0,0,1.0,1,train,123,0.008130081300813009
vp_36405_case_001__w0013,vp_36405_case_001,1,0,0,0,0,0,0,1,0,0,0,0.0,1,train,123,0.008130081300813009
vp_36405_case_001__w0014,vp_36405_case_001,0,0,0,0,0,0,0,0,0,0,0,-1.0,1,train,123,0.008130081300813009
vp_36405_case_001__w0015,vp_36405_case_001,0,0,0,0,0,0,0,0,0,0,0,0.0,1,train,123,0.008130081300813009
vp_36405_case_001__w0016,vp_36405_case_001,0,0,0,0,0,0,0,0,0,0,0,0.0,1,train,123,0.008130081300813009
vp_36405_case_001__w0017,vp_36405_case_001,0,0,0,0,0,0,0,0,0,0,0,0.0,1,train,123,0.008130081300813009
vp_36405_case_001__w0018,vp_36405_case_001,0,0,0,0,0,0,0,0,0,0,0,0.0,1,train,123,0.008130081300813009
vp_36405_case_001__w0019,vp_36405_case_001,0,0,0,0,0,0,0,0,0,0,0,0.0,1,train,123,0.008130081300813009
vp_36405_case_001__w0020,vp_36405_case_001,0,0,0,0,0,0,0,0,0,0,0,0.0,1,train,123,0.008130081300813009
vp_36405_case_001__w0021,vp_36405_case_001,0,0,0,0,0,0,0,0,0,0,0,0.0,1,train,123,0.008130081300813009
vp_36405_case_001__w0022,vp_36405_case_001,0,0,0,0,0,0,0,0,0,0,0,0.0,1,train,123,0.008130081300813009
vp_36405_case_001__w0023,vp_36405_case_001,0,0,0,0,0,0,0,0,0,0,0,0.0,1,train,123,0.008130081300813009
vp_36405_case_001__w0024,vp_36405_case_001,0,1,0,0,0,0,0,1,0,0,0,1.0,1,train,123,0.008130081300813009
vp_36405_case_001__w0025,vp_36405_case_001,0,1,0,0,0,0,0,1,0,0,0,0.0,1,train,123,0.008130081300813009
vp_36405_case_001__w0026,vp_36405_case_001,0,0,0,0,0,0,0,0,0,0,0,-1.0,1,train,123,0.008130081300813009
vp_36405_case_001__w0027,vp_36405_case_001,0,0,0,0,0,0,0,0,0,0,0,0.0,1,train,123,0.008130081300813009
vp_36405_case_001__w0028,vp_36405_case_001,0,0,0,0,0,0,0,0,0,0,0,0.0,1,train,123,0.008130081300813009
vp_36405_case_001__w0029,vp_36405_case_001,0,0,0,0,0,0,0,0,0,0,0,0.0,1,train,123,0.008130081300813009
vp_36405_case_001__w0030,vp_36405_case_001,0,0,0,0,0,0,0,0,0,0,0,0.0,1,train,123,0.008130081300813009
vp_36405_case_001__w0031,vp_36405_case_001,0,0,0,0,0,0,0,0,0,0,0,0.0,1,train,123,0.008130081300813009
vp_36405_case_001__w0032,vp_36405_case_001,0,0,0,0,0,0,0,0,0,0,0,0.0,1,train,123,0.008130081300813009
vp_36405_case_001__w0033,vp_36405_case_001,0,0,0,0,0,0,0,0,0,0,0,0.0,1,train,123,0.008130081300813009
vp_36405_case_001__w0034,vp_36405_case_001,1,0,0,0,0,0,0,1,0,0,0,1.0,1,train,123,0.008130081300813009
vp_36405_case_001__w0035,vp_36405_case_001,1,0,0,0,0,0,0,1,0,0,0,0.0,1,train,123,0.008130081300813009
vp_36405_case_001__w0036,vp_36405_case_001,1,0,0,0,0,0,0,1,0,0,0,0.0,1,train,123,0.008130081300813009
vp_36405_case_001__w0037,vp_36405_case_001,1,0,0,0,0,0,0,1,0,0,0,0.0,1,train,123,0.008130081300813009
vp_36405_case_001__w0038,vp_36405_case_001,0,0,0,0,0,0,0,0,0,0,0,-1.0,1,train,123,0.008130081300813009
vp_36405_case_001__w0039,vp_36405_case_001,0,0,0,0,0,0,0,0,0,0,0,0.0,1,train,123,0.008130081300813009
vp_36405_case_001__w0040,vp_36405_case_001,1,0,0,0,0,0,0,1,0,0,0,1.0,1,train,123,0.008130081300813009
vp_36405_case_001__w0041,vp_36405_case_001,1,0,0,0,0,0,0,1,0,0,0,0.0,1,train,123,0.008130081300813009
vp_36405_case_001__w0042,vp_36405_case_001,0,0,0,0,0,0,0,0,0,0,0,-1.0,1,train,123,0.008130081300813009
vp_36405_case_001__w0043,vp_36405_case_001,0,0,0,0,0,0,0,0,0,0,0,0.0,1,train,123,0.008130081300813009
vp_36405_case_001__w0044,vp_36405_case_001,0,0,0,0,0,0,0,0,0,0,0,0.0,1,train,123,0.008130081300813009
vp_36405_case_001__w0045,vp_36405_case_001,0,0,0,0,0,0,0,0,0,0,0,0.0,1,train,123,0.008130081300813009
vp_36405_case_001__w0046,vp_36405_case_001,0,0,0,0,0,0,0,0,0,0,0,0.0,1,train,123,0.008130081300813009
vp_36405_case_001__w0047,vp_36405_case_001,0,0,0,0,0,0,0,0,0,0,0,0.0,1,train,123,0.008130081300813009
vp_36405_case_001__w0048,vp_36405_case_001,0,0,0,0,0,0,0,0,0,0,0,0.0,1,train,123,0.008130081300813009
vp_36405_case_001__w0049,vp_36405_case_001,0,0,0,0,0,0,0,0,0,0,0,0.0,1,train,123,0.008130081300813009
vp_36405_case_001__w0050,vp_36405_case_001,0,0,0,0,0,0,0,0,0,0,0,0.0,1,train,123,0.008130081300813009
vp_36405_case_001__w0051,vp_36405_case_001,0,0,0,0,0,0,0,0,0,0,0,0.0,1,train,123,0.008130081300813009
vp_36405_case_001__w0052,vp_36405_case_001,0,0,0,0,0,0,0,0,0,0,0,0.0,1,train,123,0.008130081300813009
vp_36405_case_001__w0053,vp_36405_case_001,0,0,0,0,1,0,0,2,0,0,0,2.0,1,train,123,0.008130081300813009
vp_36405_case_001__w0054,vp_36405_case_001,1,0,0,0,1,0,0,3,0,0,0,1.0,1,train,123,0.008130081300813009
vp_36405_case_001__w0055,vp_36405_case_001,1,0,0,0,0,0,0,1,0,0,0,-2.0,1,train,123,0.008130081300813009
vp_36405_case_001__w0056,vp_36405_case_001,0,0,0,0,0,0,0,0,0,0,0,-1.0,1,train,123,0.008130081300813009
vp_36405_case_001__w0057,vp_36405_case_001,0,0,0,0,0,0,0,0,0,0,0,0.0,1,train,123,0.008130081300813009
vp_36405_case_001__w0058,vp_36405_case_001,0,0,0,0,0,0,0,0,0,0,0,0.0,1,train,123,0.008130081300813009
vp_36405_case_001__w0059,vp_36405_case_001,0,0,0,0,0,0,0,0,0,0,0,0.0,1,train,123,0.008130081300813009
vp_36405_case_001__w0060,vp_36405_case_001,0,0,0,0,0,0,0,0,0,0,0,0.0,1,train,123,0.008130081300813009
vp_36405_case_001__w0061,vp_36405_case_001,0,0,0,0,0,0,0,0,0,0,0,0.0,1,train,123,0.008130081300813009
vp_36405_case_001__w0062,vp_36405_case_001,0,0,0,0,0,0,0,0,0,0,0,0.0,1,train,123,0.008130081300813009
vp_36405_case_001__w0063,vp_36405_case_001,0,0,0,0,0,0,0,0,0,0,0,0.0,1,train,123,0.008130081300813009
vp_36405_case_001__w0064,vp_36405_case_001,0,0,0,0,0,0,0,0,0,0,0,0.0,1,train,123,0.008130081300813009
vp_36405_case_001__w0065,vp_36405_case_001,0,0,0,0,0,0,0,0,0,0,0,0.0,1,train,123,0.008130081300813009
vp_36405_case_001__w0066,vp_36405_case_001,0,0,0,0,0,0,0,0,0,0,0,0.0,1,train,123,0.008130081300813009
vp_36405_case_001__w0067,vp_36405_case_001,0,0,0,0,0,0,0,0,0,0,0,0.0,1,train,123,0.008130081300813009
vp_36405_case_001__w0068,vp_36405_case_001,0,0,0,0,0,0,0,0,0,0,0,0.0,1,train,123,0.008130081300813009
vp_36405_case_001__w0069,vp_36405_case_001,0,0,0,0,0,0,0,0,0,0,0,0.0,1,train,123,0.008130081300813009
vp_36405_case_001__w0070,vp_36405_case_001,0,0,0,0,0,0,0,0,0,0,0,0.0,1,train,123,0.008130081300813009
vp_36405_case_001__w0071,vp_36405_case_001,0,0,0,0,0,0,0,0,0,0,0,0.0,1,train,123,0.008130081300813009
vp_36405_case_001__w0072,vp_36405_case_001,0,0,0,0,0,0,0,0,0,0,0,0.0,1,train,123,0.008130081300813009
vp_36405_case_001__w0073,vp_36405_case_001,0,0,0,0,0,0,0,0,0,0,0,0.0,1,train,123,0.008130081300813009
vp_36405_case_001__w0074,vp_36405_case_001,0,0,0,0,0,0,0,0,0,0,0,0.0,1,train,123,0.008130081300813009
vp_36405_case_001__w0075,vp_36405_case_001,0,0,0,0,0,0,0,0,0,0,0,0.0,1,train,123,0.008130081300813009
vp_36405_case_001__w0076,vp_36405_case_001,0,0,0,0,0,0,0,0,0,0,0,0.0,1,train,123,0.008130081300813009
vp_36405_case_001__w0077,vp_36405_case_001,0,0,0,0,0,0,0,0,0,0,0,0.0,1,train,123,0.008130081300813009
vp_36405_case_001__w0078,vp_36405_case_001,0,0,0,0,0,0,0,0,0,0,0,0.0,1,train,123,0.008130081300813009
vp_36405_case_001__w0079,vp_36405_case_001,0,0,0,0,0,0,0,0,0,0,0,0.0,1,train,123,0.008130081300813009
vp_36405_case_001__w0080,vp_36405_case_001,0,0,0,0,0,0,0,0,0,0,0,0.0,1,train,123,0.008130081300813009
vp_36405_case_001__w0081,vp_36405_case_001,0,0,0,0,0,0,0,0,0,0,0,0.0,1,train,123,0.008130081300813009
vp_36405_case_001__w0082,vp_36405_case_001,0,0,0,0,0,0,0,0,0,0,0,0.0,1,train,123,0.008130081300813009
vp_36405_case_001__w0083,vp_36405_case_001,0,0,0,0,0,0,0,0,0,0,0,0.0,1,train,123,0.008130081300813009
vp_36405_case_001__w0084,vp_36405_case_001,0,0,0,0,1,0,0,1,0,0,0,1.0,1,train,123,0.008130081300813009
vp_36405_case_001__w0085,vp_36405_case_001,0,0,0,0,1,0,0,2,0,0,0,1.0,1,train,123,0.008130081300813009
vp_36405_case_001__w0086,vp_36405_case_001,0,0,0,0,0,0,0,1,0,0,0,-1.0,1,train,123,0.008130081300813009
vp_36405_case_001__w0087,vp_36405_case_001,0,0,0,0,0,0,0,0,0,0,0,-1.0,1,train,123,0.008130081300813009
vp_36405_case_001__w0088,vp_36405_case_001,0,0,0,0,0,0,0,0,0,0,0,0.0,1,train,123,0.008130081300813009
vp_36405_case_001__w0089,vp_36405_case_001,0,0,0,0,0,0,0,0,0,0,0,0.0,1,train,123,0.008130081300813009
vp_36405_case_001__w0090,vp_36405_case_001,0,0,0,0,0,0,0,0,0,0,0,0.0,1,train,123,0.008130081300813009
vp_36405_case_001__w0091,vp_36405_case_001,0,0,0,0,0,0,0,0,0,0,0,0.0,1,train,123,0.008130081300813009
vp_36405_case_001__w0092,vp_36405_case_001,0,0,0,0,0,0,0,0,0,0,0,0.0,1,train,123,0.008130081300813009
vp_36405_case_001__w0093,vp_36405_case_001,0,0,0,0,0,0,0,0,0,0,0,0.0,1,train,123,0.008130081300813009
vp_36405_case_001__w0094,vp_36405_case_001,0,0,0,0,0,0,0,0,0,0,0,0.0,1,train,123,0.008130081300813009
vp_36405_case_001__w0095,vp_36405_case_001,0,0,0,0,0,0,0,0,0,0,0,0.0,1,train,123,0.008130081300813009
vp_36405_case_001__w0096,vp_36405_case_001,0,0,0,0,0,0,0,0,0,0,0,0.0,1,train,123,0.008130081300813009
vp_36405_case_001__w0097,vp_36405_case_001,0,0,0,0,0,0,0,0,0,0,0,0.0,1,train,123,0.008130081300813009
vp_36405_case_001__w0098,vp_36405_case_001,0,0,0,0,0,0,0,0,0,0,0,0.0,1,train,123,0.008130081300813009
vp_36405_case_001__w0099,vp_36405_case_001,1,0,0,0,0,0,0,1,0,0,0,1.0,1,train,123,0.008130081300813009
vp_36405_case_001__w0100,vp_36405_case_001,1,0,0,0,0,0,0,1,0,0,0,0.0,1,train,123,0.008130081300813009
vp_36405_case_001__w0101,vp_36405_case_001,0,0,0,0,0,0,0,0,0,0,0,-1.0,1,train,123,0.008130081300813009
vp_36405_case_001__w0102,vp_36405_case_001,0,0,0,0,0,0,0,0,0,0,0,0.0,1,train,123,0.008130081300813009
vp_36405_case_001__w0103,vp_36405_case_001,0,0,0,0,0,0,0,0,0,0,0,0.0,1,train,123,0.008130081300813009
vp_36405_case_001__w0104,vp_36405_case_001,0,0,0,0,0,0,0,0,0,0,0,0.0,1,train,123,0.008130081300813009
vp_36405_case_001__w0105,vp_36405_case_001,0,0,0,0,0,0,0,0,0,0,0,0.0,1,train,123,0.008130081300813009
vp_36405_case_001__w0106,vp_36405_case_001,0,0,0,0,0,0,0,0,0,0,0,0.0,1,train,123,0.008130081300813009
vp_36405_case_001__w0107,vp_36405_case_001,0,0,0,0,0,0,0,0,0,0,0,0.0,1,train,123,0.008130081300813009
vp_36405_case_001__w0108,vp_36405_case_001,0,0,0,0,0,0,0,0,0,0,0,0.0,1,train,123,0.008130081300813009
vp_36405_case_001__w0109,vp_36405_case_001,0,0,0,0,0,0,0,0,0,0,0,0.0,1,train,123,0.008130081300813009
vp_36405_case_001__w0110,vp_36405_case_001,0,0,0,0,0,0,0,0,0,0,0,0.0,1,train,123,0.008130081300813009
vp_36405_case_001__w0111,vp_36405_case_001,0,0,0,0,0,0,0,0,0,0,0,0.0,1,train,123,0.008130081300813009
vp_36405_case_001__w0112,vp_36405_case_001,0,0,0,0,0,0,0,0,0,0,0,0.0,1,train,123,0.008130081300813009
vp_36405_case_001__w0113,vp_36405_case_001,0,0,0,0,0,0,0,0,0,0,0,0.0,1,train,123,0.008130081300813009
vp_36405_case_001__w0114,vp_36405_case_001,0,0,0,0,0,0,0,0,0,0,0,0.0,1,train,123,0.008130081300813009
vp_36405_case_001__w0115,vp_36405_case_001,0,0,0,0,0,0,0,0,0,0,0,0.0,1,train,123,0.008130081300813009
vp_36405_case_001__w0116,vp_36405_case_001,0,0,0,0,0,0,0,0,0,0,0,0.0,1,train,123,0.008130081300813009
vp_36405_case_001__w0117,vp_36405_case_001,0,0,0,0,0,0,0,0,0,0,0,0.0,1,train,123,0.008130081300813009
vp_36405_case_001__w0118,vp_36405_case_001,1,0,0,0,0,0,0,1,0,0,0,1.0,1,train,123,0.008130081300813009
vp_36405_case_001__w0119,vp_36405_case_001,1,0,0,0,0,0,0,1,0,0,0,0.0,1,train,123,0.008130081300813009
vp_36405_case_001__w0120,vp_36405_case_001,0,0,0,0,0,0,0,0,0,0,0,-1.0,1,train,123,0.008130081300813009
vp_36405_case_001__w0121,vp_36405_case_001,0,0,0,0,0,0,0,0,0,0,0,0.0,1,train,123,0.008130081300813009
vp_36405_case_001__w0122,vp_36405_case_001,0,0,0,0,0,0,0,0,0,0,0,0.0,1,train,123,0.008130081300813009
vp_36406_case_001__w0000,vp_36406_case_001,1,0,0,0,0,0,0,1,0,0,0,0.0,1,train,41,0.024390243902439025
vp_36406_case_001__w0001,vp_36406_case_001,1,1,1,0,0,0,0,2,0,1,0,2.0,1,train,41,0.024390243902439025
vp_36406_case_001__w0002,vp_36406_case_001,1,1,1,0,0,0,0,2,0,1,0,0.0,1,train,41,0.024390243902439025
vp_36406_case_001__w0003,vp_36406_case_001,0,0,0,0,0,0,0,0,0,0,0,-3.0,1,train,41,0.024390243902439025
vp_36406_case_001__w0004,vp_36406_case_001,0,0,0,0,0,0,0,0,0,0,0,0.0,1,train,41,0.024390243902439025
vp_36406_case_001__w0005,vp_36406_case_001,0,0,0,0,0,0,0,0,0,0,0,0.0,1,train,41,0.024390243902439025
vp_36406_case_001__w0006,vp_36406_case_001,0,0,0,0,0,0,0,0,0,0,0,0.0,1,train,41,0.024390243902439025
vp_36406_case_001__w0007,vp_36406_case_001,0,0,0,0,0,0,0,0,0,0,0,0.0,1,train,41,0.024390243902439025
vp_36406_case_001__w0008,vp_36406_case_001,0,0,0,0,0,0,0,0,0,0,0,0.0,1,train,41,0.024390243902439025
vp_36406_case_001__w0009,vp_36406_case_001,0,0,0,0,0,0,0,0,0,0,0,0.0,1,train,41,0.024390243902439025
vp_36406_case_001__w0010,vp_36406_case_001,0,0,0,0,0,0,0,0,0,0,0,0.0,1,train,41,0.024390243902439025
vp_36406_case_001__w0011,vp_36406_case_001,1,1,1,0,0,0,0,2,0,1,0,3.0,1,train,41,0.024390243902439025
vp_36406_case_001__w0012,vp_36406_case_001,1,1,1,0,0,0,0,2,0,1,0,0.0,1,train,41,0.024390243902439025
vp_36406_case_001__w0013,vp_36406_case_001,0,0,0,0,0,0,0,0,0,0,0,-3.0,1,train,41,0.024390243902439025
vp_36406_case_001__w0014,vp_36406_case_001,0,1,0,0,0,0,0,1,0,0,0,1.0,1,train,41,0.024390243902439025
vp_36406_case_001__w0015,vp_36406_case_001,0,1,0,0,0,0,0,1,0,0,0,0.0,1,train,41,0.024390243902439025
vp_36406_case_001__w0016,vp_36406_case_001,0,0,0,0,0,0,0,0,0,0,0,-1.0,1,train,41,0.024390243902439025
vp_36406_case_001__w0017,vp_36406_case_001,0,1,0,0,0,0,0,1,0,0,0,1.0,1,train,41,0.024390243902439025
vp_36406_case_001__w0018,vp_36406_case_001,1,1,0,0,0,0,0,2,0,0,0,1.0,1,train,41,0.024390243902439025
vp_36406_case_001__w0019,vp_36406_case_001,1,0,0,0,0,0,0,1,0,0,0,-1.0,1,train,41,0.024390243902439025
vp_36406_case_001__w0020,vp_36406_case_001,0,0,0,0,0,0,0,0,0,0,0,-1.0,1,train,41,0.024390243902439025
vp_36406_case_001__w0021,vp_36406_case_001,0,0,0,0,0,0,0,0,0,0,0,0.0,1,train,41,0.024390243902439025
vp_36406_case_001__w0022,vp_36406_case_001,0,0,0,0,0,0,0,0,0,0,0,0.0,1,train,41,0.024390243902439025
vp_36406_case_001__w0023,vp_36406_case_001,1,0,0,0,0,0,0,1,0,0,0,1.0,1,train,41,0.024390243902439025
vp_36406_case_001__w0024,vp_36406_case_001,1,0,0,0,0,0,0,1,0,0,0,0.0,1,train,41,0.024390243902439025
vp_36406_case_001__w0025,vp_36406_case_001,0,0,0,0,0,0,0,0,0,0,0,-1.0,1,train,41,0.024390243902439025
vp_36406_case_001__w0026,vp_36406_case_001,0,0,0,0,0,0,0,0,0,0,0,0.0,1,train,41,0.024390243902439025
vp_36406_case_001__w0027,vp_36406_case_001,0,1,0,0,0,0,0,1,0,0,0,1.0,1,train,41,0.024390243902439025
vp_36406_case_001__w0028,vp_36406_case_001,0,1,0,0,0,0,0,1,0,0,0,0.0,1,train,41,0.024390243902439025
vp_36406_case_001__w0029,vp_36406_case_001,0,0,0,0,0,0,0,0,0,0,0,-1.0,1,train,41,0.024390243902439025
vp_36406_case_001__w0030,vp_36406_case_001,0,0,0,0,0,0,0,0,0,0,0,0.0,1,train,41,0.024390243902439025
vp_36406_case_001__w0031,vp_36406_case_001,0,0,0,0,0,0,0,0,0,0,0,0.0,1,train,41,0.024390243902439025
vp_36406_case_001__w0032,vp_36406_case_001,0,0,0,0,0,0,0,0,0,0,0,0.0,1,train,41,0.024390243902439025
vp_36406_case_001__w0033,vp_36406_case_001,0,0,0,0,0,0,0,0,0,0,0,0.0,1,train,41,0.024390243902439025
vp_36406_case_001__w0034,vp_36406_case_001,0,0,0,0,0,0,0,0,0,0,0,0.0,1,train,41,0.024390243902439025
vp_36406_case_001__w0035,vp_36406_case_001,0,0,0,0,0,0,0,0,0,0,0,0.0,1,train,41,0.024390243902439025
vp_36406_case_001__w0036,vp_36406_case_001,0,0,0,0,0,0,0,0,0,0,0,0.0,1,train,41,0.024390243902439025
vp_36406_case_001__w0037,vp_36406_case_001,0,0,0,0,0,0,0,0,0,0,0,0.0,1,train,41,0.024390243902439025
vp_36406_case_001__w0038,vp_36406_case_001,0,1,0,0,0,0,0,1,0,0,0,1.0,1,train,41,0.024390243902439025
vp_36406_case_001__w0039,vp_36406_case_001,0,1,0,0,0,0,0,1,0,0,0,0.0,1,train,41,0.024390243902439025
vp_36406_case_001__w0040,vp_36406_case_001,0,0,0,0,0,0,0,0,0,0,0,-1.0,1,train,41,0.024390243902439025
vp_36407_case_001__w0000,vp_36407_case_001,0,1,0,0,0,0,0,1,0,0,0,0.0,1,train,7,0.14285714285714285
vp_36407_case_001__w0001,vp_36407_case_001,0,1,0,0,0,0,0,1,0,0,0,0.0,1,train,7,0.14285714285714285
vp_36407_case_001__w0002,vp_36407_case_001,0,1,0,0,0,0,0,1,0,0,0,0.0,1,train,7,0.14285714285714285
vp_36407_case_001__w0003,vp_36407_case_001,0,0,0,0,0,0,0,0,0,0,0,-1.0,1,train,7,0.14285714285714285
vp_36407_case_001__w0004,vp_36407_case_001,0,1,0,0,0,0,0,1,0,0,0,1.0,1,train,7,0.14285714285714285
vp_36407_case_001__w0005,vp_36407_case_001,0,1,0,0,0,0,0,1,0,0,0,0.0,1,train,7,0.14285714285714285
vp_36407_case_001__w0006,vp_36407_case_001,0,0,0,0,0,0,0,0,0,0,0,-1.0,1,train,7,0.14285714285714285
vp_36407_case_002__w0000,vp_36407_case_002,0,1,0,0,0,0,0,1,0,0,0,0.0,1,train,7,0.14285714285714285
vp_36407_case_002__w0001,vp_36407_case_002,0,1,0,0,0,0,0,1,0,0,0,0.0,1,train,7,0.14285714285714285
vp_36407_case_002__w0002,vp_36407_case_002,0,1,0,0,0,0,0,1,0,0,0,0.0,1,train,7,0.14285714285714285
vp_36407_case_002__w0003,vp_36407_case_002,0,1,0,1,0,0,0,1,0,0,0,1.0,1,train,7,0.14285714285714285
vp_36407_case_002__w0004,vp_36407_case_002,0,0,0,1,0,0,0,0,0,0,0,-1.0,1,train,7,0.14285714285714285
vp_36407_case_002__w0005,vp_36407_case_002,0,0,0,0,0,0,0,0,0,0,0,-1.0,1,train,7,0.14285714285714285
vp_36407_case_002__w0006,vp_36407_case_002,0,0,0,0,0,0,0,0,0,0,0,0.0,1,train,7,0.14285714285714285
vp_36407_case_003__w0000,vp_36407_case_003,0,0,0,0,0,0,0,0,0,0,0,0.0,1,train,7,0.14285714285714285
vp_36407_case_003__w0001,vp_36407_case_003,0,0,0,0,0,0,0,0,0,0,0,0.0,1,train,7,0.14285714285714285
vp_36407_case_003__w0002,vp_36407_case_003,0,1,0,0,0,0,0,1,0,0,0,1.0,1,train,7,0.14285714285714285
vp_36407_case_003__w0003,vp_36407_case_003,0,1,0,0,0,0,0,1,0,0,0,0.0,1,train,7,0.14285714285714285
vp_36407_case_003__w0004,vp_36407_case_003,0,0,0,0,0,0,0,0,0,0,0,-1.0,1,train,7,0.14285714285714285
vp_36407_case_003__w0005,vp_36407_case_003,0,0,0,0,0,0,0,0,0,0,0,0.0,1,train,7,0.14285714285714285
vp_36407_case_003__w0006,vp_36407_case_003,0,1,0,0,0,0,0,1,0,0,0,1.0,1,train,7,0.14285714285714285
vp_36407_case_005__w0000,vp_36407_case_005,0,0,0,0,0,0,0,0,0,0,0,0.0,1,train,2,0.5
vp_36407_case_005__w0001,vp_36407_case_005,0,0,0,0,0,0,0,1,0,0,0,1.0,1,train,2,0.5
vp_36407_case_006__w0000,vp_36407_case_006,1,0,0,0,0,0,0,1,0,0,0,0.0,1,train,2,0.5
vp_36407_case_006__w0001,vp_36407_case_006,1,0,0,0,0,0,0,1,0,0,0,0.0,1,train,2,0.5
vp_36408_case_001__w0000,vp_36408_case_001,0,0,0,0,0,0,0,0,0,0,0,0.0,1,train,2,0.5
vp_36408_case_001__w0001,vp_36408_case_001,0,0,0,0,0,0,0,0,0,0,0,0.0,1,train,2,0.5
vp_36409_case_001__w0000,vp_36409_case_001,0,1,0,0,0,0,0,1,0,0,0,0.0,1,validation,2,0.5
vp_36409_case_001__w0001,vp_36409_case_001,1,1,0,0,0,0,0,2,0,0,0,1.0,1,validation,2,0.5
vp_36410_case_001__w0000,vp_36410_case_001,1,0,0,0,0,0,0,1,0,0,0,0.0,1,test,5,0.2
vp_36410_case_001__w0001,vp_36410_case_001,1,0,0,0,0,0,0,1,0,0,0,0.0,1,test,5,0.2
vp_36410_case_001__w0002,vp_36410_case_001,0,0,0,0,0,0,0,0,0,0,0,-1.0,1,test,5,0.2
vp_36410_case_001__w0003,vp_36410_case_001,0,0,0,0,0,0,0,0,0,0,0,0.0,1,test,5,0.2
vp_36410_case_001__w0004,vp_36410_case_001,0,0,0,0,0,0,0,0,0,0,0,0.0,1,test,5,0.2
vp_36411_case_001__w0000,vp_36411_case_001,0,0,0,0,0,0,0,0,0,0,0,0.0,1,validation,4,0.25
vp_36411_case_001__w0001,vp_36411_case_001,0,1,0,0,0,0,0,1,0,0,0,1.0,1,validation,4,0.25
vp_36411_case_001__w0002,vp_36411_case_001,0,1,0,0,0,0,0,1,0,0,0,0.0,1,validation,4,0.25
vp_36411_case_001__w0003,vp_36411_case_001,0,0,0,0,0,0,0,0,0,0,0,-1.0,1,validation,4,0.25
vp_36413_case_001__w0000,vp_36413_case_001,1,1,1,0,0,0,0,2,0,1,0,0.0,1,train,72,0.013888888888888888
vp_36413_case_001__w0001,vp_36413_case_001,0,1,0,0,0,0,0,1,0,0,0,-2.0,1,train,72,0.013888888888888888
vp_36413_case_001__w0002,vp_36413_case_001,0,0,0,0,0,0,0,1,0,0,0,0.0,1,train,72,0.013888888888888888
vp_36413_case_001__w0003,vp_36413_case_001,0,0,0,0,0,0,0,1,0,0,0,0.0,1,train,72,0.013888888888888888
vp_36413_case_001__w0004,vp_36413_case_001,0,0,0,0,0,0,0,0,0,0,0,-1.0,1,train,72,0.013888888888888888
vp_36413_case_001__w0005,vp_36413_case_001,0,0,0,0,0,0,0,0,0,0,0,0.0,1,train,72,0.013888888888888888
vp_36413_case_001__w0006,vp_36413_case_001,0,1,0,0,0,0,0,1,0,0,0,1.0,1,train,72,0.013888888888888888
vp_36413_case_001__w0007,vp_36413_case_001,0,1,0,0,0,0,0,1,0,0,0,0.0,1,train,72,0.013888888888888888
vp_36413_case_001__w0008,vp_36413_case_001,0,0,0,0,0,0,0,0,0,0,0,-1.0,1,train,72,0.013888888888888888
vp_36413_case_001__w0009,vp_36413_case_001,0,0,0,0,0,0,0,0,0,0,0,0.0,1,train,72,0.013888888888888888
vp_36413_case_001__w0010,vp_36413_case_001,0,0,0,0,0,0,0,0,0,0,0,0.0,1,train,72,0.013888888888888888
vp_36413_case_001__w0011,vp_36413_case_001,0,0,0,0,0,0,0,0,0,0,0,0.0,1,train,72,0.013888888888888888
vp_36413_case_001__w0012,vp_36413_case_001,0,0,0,0,0,0,0,0,0,0,0,0.0,1,train,72,0.013888888888888888
vp_36413_case_001__w0013,vp_36413_case_001,0,0,0,0,0,0,0,0,0,0,0,0.0,1,train,72,0.013888888888888888
vp_36413_case_001__w0014,vp_36413_case_001,0,0,0,0,0,0,0,0,0,0,0,0.0,1,train,72,0.013888888888888888
vp_36413_case_001__w0015,vp_36413_case_001,0,0,0,0,0,0,0,0,0,0,0,0.0,1,train,72,0.013888888888888888
vp_36413_case_001__w0016,vp_36413_case_001,0,0,0,0,0,0,0,0,0,0,0,0.0,1,train,72,0.013888888888888888
vp_36413_case_001__w0017,vp_36413_case_001,0,0,0,0,0,0,0,0,0,0,0,0.0,1,train,72,0.013888888888888888
vp_36413_case_001__w0018,vp_36413_case_001,0,0,0,0,0,0,0,0,0,0,0,0.0,1,train,72,0.013888888888888888
vp_36413_case_001__w0019,vp_36413_case_001,0,0,0,0,0,0,0,0,0,0,0,0.0,1,train,72,0.013888888888888888
vp_36413_case_001__w0020,vp_36413_case_001,0,0,0,0,0,0,0,0,0,0,0,0.0,1,train,72,0.013888888888888888
vp_36413_case_001__w0021,vp_36413_case_001,0,0,0,0,0,0,0,0,0,0,0,0.0,1,train,72,0.013888888888888888
vp_36413_case_001__w0022,vp_36413_case_001,0,0,0,0,0,0,0,0,0,0,0,0.0,1,train,72,0.013888888888888888
vp_36413_case_001__w0023,vp_36413_case_001,0,0,0,0,0,0,0,0,0,0,0,0.0,1,train,72,0.013888888888888888
vp_36413_case_001__w0024,vp_36413_case_001,0,0,0,0,0,0,0,0,0,0,0,0.0,1,train,72,0.013888888888888888
vp_36413_case_001__w0025,vp_36413_case_001,0,0,0,0,0,0,0,0,0,0,0,0.0,1,train,72,0.013888888888888888
vp_36413_case_001__w0026,vp_36413_case_001,0,0,0,0,0,0,0,0,0,0,0,0.0,1,train,72,0.013888888888888888
vp_36413_case_001__w0027,vp_36413_case_001,0,0,0,0,0,0,0,0,0,0,0,0.0,1,train,72,0.013888888888888888
vp_36413_case_001__w0028,vp_36413_case_001,0,0,0,0,0,0,0,0,0,0,0,0.0,1,train,72,0.013888888888888888
vp_36413_case_001__w0029,vp_36413_case_001,0,0,0,0,0,0,0,0,0,0,0,0.0,1,train,72,0.013888888888888888
vp_36413_case_001__w0030,vp_36413_case_001,0,0,0,0,0,0,0,0,0,0,0,0.0,1,train,72,0.013888888888888888
vp_36413_case_001__w0031,vp_36413_case_001,0,0,0,0,0,0,0,0,0,0,0,0.0,1,train,72,0.013888888888888888
vp_36413_case_001__w0032,vp_36413_case_001,0,0,0,0,0,0,0,0,0,0,0,0.0,1,train,72,0.013888888888888888
vp_36413_case_001__w0033,vp_36413_case_001,0,0,0,0,0,0,0,0,0,0,0,0.0,1,train,72,0.013888888888888888
vp_36413_case_001__w0034,vp_36413_case_001,0,0,0,0,0,0,0,0,0,0,0,0.0,1,train,72,0.013888888888888888
vp_36413_case_001__w0035,vp_36413_case_001,0,0,0,0,0,0,0,0,0,0,0,0.0,1,train,72,0.013888888888888888
vp_36413_case_001__w0036,vp_36413_case_001,0,0,0,0,0,0,0,0,0,0,0,0.0,1,train,72,0.013888888888888888
vp_36413_case_001__w0037,vp_36413_case_001,0,0,0,0,0,0,0,0,0,0,0,0.0,1,train,72,0.013888888888888888
vp_36413_case_001__w0038,vp_36413_case_001,0,0,0,0,0,0,0,0,0,0,0,0.0,1,train,72,0.013888888888888888
vp_36413_case_001__w0039,vp_36413_case_001,0,0,0,0,0,0,0,0,0,0,0,0.0,1,train,72,0.013888888888888888
vp_36413_case_001__w0040,vp_36413_case_001,0,0,0,0,0,0,0,0,0,0,0,0.0,1,train,72,0.013888888888888888
vp_36413_case_001__w0041,vp_36413_case_001,0,0,0,0,0,0,0,0,0,0,0,0.0,1,train,72,0.013888888888888888
vp_36413_case_001__w0042,vp_36413_case_001,0,0,0,0,0,0,0,0,0,0,0,0.0,1,train,72,0.013888888888888888
vp_36413_case_001__w0043,vp_36413_case_001,0,0,0,0,0,0,0,0,0,0,0,0.0,1,train,72,0.013888888888888888
vp_36413_case_001__w0044,vp_36413_case_001,0,0,0,0,0,0,0,0,0,0,0,0.0,1,train,72,0.013888888888888888
vp_36413_case_001__w0045,vp_36413_case_001,0,0,0,0,0,0,0,0,0,0,0,0.0,1,train,72,0.013888888888888888
vp_36413_case_001__w0046,vp_36413_case_001,0,0,0,0,0,0,0,0,0,0,0,0.0,1,train,72,0.013888888888888888
vp_36413_case_001__w0047,vp_36413_case_001,0,0,0,0,0,0,0,0,0,0,0,0.0,1,train,72,0.013888888888888888
vp_36413_case_001__w0048,vp_36413_case_001,0,0,0,0,0,0,0,0,0,0,0,0.0,1,train,72,0.013888888888888888
vp_36413_case_001__w0049,vp_36413_case_001,0,0,0,0,0,0,0,0,0,0,0,0.0,1,train,72,0.013888888888888888
vp_36413_case_001__w0050,vp_36413_case_001,0,0,0,0,0,0,0,0,0,0,0,0.0,1,train,72,0.013888888888888888
vp_36413_case_001__w0051,vp_36413_case_001,0,0,0,0,0,0,0,0,0,0,0,0.0,1,train,72,0.013888888888888888
vp_36413_case_001__w0052,vp_36413_case_001,0,0,0,0,0,0,0,0,0,0,0,0.0,1,train,72,0.013888888888888888
vp_36413_case_001__w0053,vp_36413_case_001,0,0,0,0,0,0,0,0,0,0,0,0.0,1,train,72,0.013888888888888888
vp_36413_case_001__w0054,vp_36413_case_001,0,0,0,0,0,0,0,0,0,0,0,0.0,1,train,72,0.013888888888888888
vp_36413_case_001__w0055,vp_36413_case_001,0,0,0,0,0,0,0,0,0,0,0,0.0,1,train,72,0.013888888888888888
vp_36413_case_001__w0056,vp_36413_case_001,0,0,0,0,0,0,0,0,0,0,0,0.0,1,train,72,0.013888888888888888
vp_36413_case_001__w0057,vp_36413_case_001,0,0,0,0,0,0,0,0,0,0,0,0.0,1,train,72,0.013888888888888888
vp_36413_case_001__w0058,vp_36413_case_001,0,0,0,0,0,0,0,0,0,0,0,0.0,1,train,72,0.013888888888888888
vp_36413_case_001__w0059,vp_36413_case_001,0,0,0,0,0,0,0,0,0,0,0,0.0,1,train,72,0.013888888888888888
vp_36413_case_001__w0060,vp_36413_case_001,0,0,0,0,0,0,0,0,0,0,0,0.0,1,train,72,0.013888888888888888
vp_36413_case_001__w0061,vp_36413_case_001,0,0,0,0,0,0,0,0,0,0,0,0.0,1,train,72,0.013888888888888888
vp_36413_case_001__w0062,vp_36413_case_001,1,0,0,0,0,0,0,1,0,0,0,1.0,1,train,72,0.013888888888888888
vp_36413_case_001__w0063,vp_36413_case_001,1,0,0,0,0,0,0,1,0,0,0,0.0,1,train,72,0.013888888888888888
vp_36413_case_001__w0064,vp_36413_case_001,0,0,0,0,0,0,0,0,0,0,0,-1.0,1,train,72,0.013888888888888888
vp_36413_case_001__w0065,vp_36413_case_001,0,1,0,0,0,0,0,1,0,0,0,1.0,1,train,72,0.013888888888888888
vp_36413_case_001__w0066,vp_36413_case_001,0,1,0,0,0,0,0,1,0,0,0,0.0,1,train,72,0.013888888888888888
vp_36413_case_001__w0067,vp_36413_case_001,0,0,0,0,0,0,0,0,0,0,0,-1.0,1,train,72,0.013888888888888888
vp_36413_case_001__w0068,vp_36413_case_001,1,0,0,0,0,0,0,1,0,0,0,1.0,1,train,72,0.013888888888888888
vp_36413_case_001__w0069,vp_36413_case_001,1,0,1,0,0,0,0,1,0,1,0,1.0,1,train,72,0.013888888888888888
vp_36413_case_001__w0070,vp_36413_case_001,1,0,1,0,0,0,0,1,0,1,0,0.0,1,train,72,0.013888888888888888
vp_36413_case_001__w0071,vp_36413_case_001,0,0,0,0,0,0,0,0,0,0,0,-2.0,1,train,72,0.013888888888888888
vp_36414_case_001__w0000,vp_36414_case_001,0,1,0,0,0,0,0,1,0,0,0,0.0,1,train,6,0.16666666666666666
vp_36414_case_001__w0001,vp_36414_case_001,0,1,0,0,0,0,0,1,0,0,0,0.0,1,train,6,0.16666666666666666
vp_36414_case_001__w0002,vp_36414_case_001,0,1,0,0,0,0,0,1,0,0,0,0.0,1,train,6,0.16666666666666666
vp_36414_case_001__w0003,vp_36414_case_001,1,0,0,0,0,0,0,1,0,0,0,0.0,1,train,6,0.16666666666666666
vp_36414_case_001__w0004,vp_36414_case_001,1,0,0,0,0,0,0,1,0,0,0,0.0,1,train,6,0.16666666666666666
vp_36414_case_001__w0005,vp_36414_case_001,0,0,0,0,0,0,0,0,0,0,0,-1.0,1,train,6,0.16666666666666666
vp_36415_case_001__w0000,vp_36415_case_001,1,1,1,0,0,0,0,2,0,1,0,0.0,1,train,5,0.2
vp_36415_case_001__w0001,vp_36415_case_001,0,0,0,0,0,0,0,0,0,0,0,-3.0,1,train,5,0.2
vp_36415_case_001__w0002,vp_36415_case_001,0,0,0,0,0,0,0,0,0,0,0,0.0,1,train,5,0.2
vp_36415_case_001__w0003,vp_36415_case_001,0,0,0,0,0,0,0,0,0,0,0,0.0,1,train,5,0.2
vp_36415_case_001__w0004,vp_36415_case_001,0,0,0,0,0,0,0,0,0,0,0,0.0,1,train,5,0.2
vp_36415_case_002__w0000,vp_36415_case_002,1,1,0,0,0,0,0,2,0,0,0,0.0,1,train,6,0.16666666666666666
vp_36415_case_002__w0001,vp_36415_case_002,0,1,0,0,0,0,0,1,0,0,0,-1.0,1,train,6,0.16666666666666666
vp_36415_case_002__w0002,vp_36415_case_002,0,1,0,0,0,0,0,1,0,0,0,0.0,1,train,6,0.16666666666666666
vp_36415_case_002__w0003,vp_36415_case_002,0,0,0,0,0,0,0,0,0,0,0,-1.0,1,train,6,0.16666666666666666
vp_36415_case_002__w0004,vp_36415_case_002,0,0,0,0,0,0,0,0,0,0,0,0.0,1,train,6,0.16666666666666666
vp_36415_case_002__w0005,vp_36415_case_002,0,1,0,0,0,0,0,1,0,0,0,1.0,1,train,6,0.16666666666666666
vp_36416_case_001__w0000,vp_36416_case_001,0,1,0,0,0,0,0,1,0,0,0,0.0,1,train,13,0.07692307692307693
vp_36416_case_001__w0001,vp_36416_case_001,0,0,0,0,0,0,0,0,0,0,0,-1.0,1,train,13,0.07692307692307693
vp_36416_case_001__w0002,vp_36416_case_001,0,0,0,0,0,0,0,0,0,0,0,0.0,1,train,13,0.07692307692307693
vp_36416_case_001__w0003,vp_36416_case_001,0,1,0,0,0,0,0,1,0,0,0,1.0,1,train,13,0.07692307692307693
vp_36416_case_001__w0004,vp_36416_case_001,0,1,0,0,0,0,0,1,0,0,0,0.0,1,train,13,0.07692307692307693
vp_36416_case_001__w0005,vp_36416_case_001,0,0,0,0,0,0,0,0,0,0,0,-1.0,1,train,13,0.07692307692307693
vp_36416_case_001__w0006,vp_36416_case_001,0,0,0,0,0,0,0,0,0,0,0,0.0,1,train,13,0.07692307692307693
vp_36416_case_001__w0007,vp_36416_case_001,0,0,0,0,0,0,0,0,0,0,0,0.0,1,train,13,0.07692307692307693
vp_36416_case_001__w0008,vp_36416_case_001,0,0,0,0,0,0,0,0,0,0,0,0.0,1,train,13,0.07692307692307693
vp_36416_case_001__w0009,vp_36416_case_001,0,0,0,0,0,0,0,0,0,0,0,0.0,1,train,13,0.07692307692307693
vp_36416_case_001__w0010,vp_36416_case_001,0,0,0,0,0,0,0,0,0,0,0,0.0,1,train,13,0.07692307692307693
vp_36416_case_001__w0011,vp_36416_case_001,0,0,0,0,0,0,0,0,0,0,0,0.0,1,train,13,0.07692307692307693
vp_36416_case_001__w0012,vp_36416_case_001,0,0,0,0,0,0,0,0,0,0,0,0.0,1,train,13,0.07692307692307693
vp_36416_case_002__w0000,vp_36416_case_002,0,1,0,0,0,0,0,1,0,0,0,0.0,1,train,6,0.16666666666666666
vp_36416_case_002__w0001,vp_36416_case_002,0,0,0,0,0,0,0,0,0,0,0,-1.0,1,train,6,0.16666666666666666
vp_36416_case_002__w0002,vp_36416_case_002,0,0,0,0,0,0,0,0,0,0,0,0.0,1,train,6,0.16666666666666666
vp_36416_case_002__w0003,vp_36416_case_002,0,0,0,0,0,0,0,0,0,0,0,0.0,1,train,6,0.16666666666666666
vp_36416_case_002__w0004,vp_36416_case_002,0,0,0,0,0,0,0,0,0,0,0,0.0,1,train,6,0.16666666666666666
vp_36416_case_002__w0005,vp_36416_case_002,0,0,0,0,0,0,0,0,0,0,0,0.0,1,train,6,0.16666666666666666
vp_36416_case_003__w0000,vp_36416_case_003,0,0,0,0,0,0,0,0,0,0,0,0.0,1,validation,7,0.14285714285714285
vp_36416_case_003__w0001,vp_36416_case_003,0,0,0,0,0,0,0,0,0,0,0,0.0,1,validation,7,0.14285714285714285
vp_36416_case_003__w0002,vp_36416_case_003,0,0,0,0,0,0,0,0,0,0,0,0.0,1,validation,7,0.14285714285714285
vp_36416_case_003__w0003,vp_36416_case_003,0,0,0,0,0,0,0,0,0,0,0,0.0,1,validation,7,0.14285714285714285
vp_36416_case_003__w0004,vp_36416_case_003,0,0,0,0,0,0,0,0,0,0,0,0.0,1,validation,7,0.14285714285714285
vp_36416_case_003__w0005,vp_36416_case_003,1,0,0,0,0,0,0,1,0,0,0,1.0,1,validation,7,0.14285714285714285
vp_36416_case_003__w0006,vp_36416_case_003,1,0,0,0,0,0,0,1,0,0,0,0.0,1,validation,7,0.14285714285714285
vp_36416_case_004__w0000,vp_36416_case_004,0,0,0,0,0,0,0,0,0,0,0,0.0,1,train,21,0.047619047619047616
vp_36416_case_004__w0001,vp_36416_case_004,0,0,0,0,0,0,0,0,0,0,0,0.0,1,train,21,0.047619047619047616
vp_36416_case_004__w0002,vp_36416_case_004,0,0,0,0,0,0,0,0,0,0,0,0.0,1,train,21,0.047619047619047616
vp_36416_case_004__w0003,vp_36416_case_004,0,0,0,0,0,0,0,0,0,0,0,0.0,1,train,21,0.047619047619047616
vp_36416_case_004__w0004,vp_36416_case_004,0,0,0,0,0,0,0,0,0,0,0,0.0,1,train,21,0.047619047619047616
vp_36416_case_004__w0005,vp_36416_case_004,0,0,0,0,0,0,0,0,0,0,0,0.0,1,train,21,0.047619047619047616
vp_36416_case_004__w0006,vp_36416_case_004,0,0,0,0,0,0,0,0,0,0,0,0.0,1,train,21,0.047619047619047616
vp_36416_case_004__w0007,vp_36416_case_004,0,0,0,0,0,0,0,0,0,0,0,0.0,1,train,21,0.047619047619047616
vp_36416_case_004__w0008,vp_36416_case_004,0,0,0,0,0,0,0,0,0,0,0,0.0,1,train,21,0.047619047619047616
vp_36416_case_004__w0009,vp_36416_case_004,0,0,0,0,0,0,0,0,0,0,0,0.0,1,train,21,0.047619047619047616
vp_36416_case_004__w0010,vp_36416_case_004,0,0,0,0,0,0,0,0,0,0,0,0.0,1,train,21,0.047619047619047616
vp_36416_case_004__w0011,vp_36416_case_004,0,0,0,0,0,0,0,0,0,0,0,0.0,1,train,21,0.047619047619047616
vp_36416_case_004__w0012,vp_36416_case_004,0,0,0,0,0,0,0,0,0,0,0,0.0,1,train,21,0.047619047619047616
vp_36416_case_004__w0013,vp_36416_case_004,0,0,0,0,0,0,0,0,0,0,0,0.0,1,train,21,0.047619047619047616
vp_36416_case_004__w0014,vp_36416_case_004,0,0,0,0,0,0,0,0,0,0,0,0.0,1,train,21,0.047619047619047616
vp_36416_case_004__w0015,vp_36416_case_004,0,0,0,0,0,0,0,0,0,0,0,0.0,1,train,21,0.047619047619047616
vp_36416_case_004__w0016,vp_36416_case_004,1,1,0,0,0,0,0,2,0,0,0,2.0,1,train,21,0.047619047619047616
vp_36416_case_004__w0017,vp_36416_case_004,1,1,0,0,0,0,0,2,0,0,0,0.0,1,train,21,0.047619047619047616
vp_36416_case_004__w0018,vp_36416_case_004,0,0,0,0,0,0,0,0,0,0,0,-2.0,1,train,21,0.047619047619047616
vp_36416_case_004__w0019,vp_36416_case_004,0,0,0,0,0,0,0,0,0,0,0,0.0,1,train,21,0.047619047619047616
vp_36416_case_004__w0020,vp_36416_case_004,1,0,0,0,0,0,0,1,0,0,0,1.0,1,train,21,0.047619047619047616
vp_36416_case_005__w0000,vp_36416_case_005,0,0,0,0,0,0,0,0,0,0,0,0.0,1,train,4,0.25
vp_36416_case_005__w0001,vp_36416_case_005,0,0,0,0,0,0,0,0,0,0,0,0.0,1,train,4,0.25
vp_36416_case_005__w0002,vp_36416_case_005,0,0,0,0,0,0,0,0,0,0,0,0.0,1,train,4,0.25
vp_36416_case_005__w0003,vp_36416_case_005,1,0,0,0,0,0,0,1,0,0,0,1.0,1,train,4,0.25
vp_36416_case_006__w0000,vp_36416_case_006,1,1,0,0,0,0,0,2,0,0,0,0.0,1,train,4,0.25
vp_36416_case_006__w0001,vp_36416_case_006,1,1,0,0,0,0,0,2,0,0,0,0.0,1,train,4,0.25
vp_36416_case_006__w0002,vp_36416_case_006,1,0,0,0,0,0,0,1,0,0,0,-1.0,1,train,4,0.25
vp_36416_case_006__w0003,vp_36416_case_006,1,1,1,0,0,0,0,2,0,1,0,2.0,1,train,4,0.25
vp_36416_case_007__w0000,vp_36416_case_007,0,1,0,0,0,0,0,1,0,0,0,0.0,1,validation,5,0.2
vp_36416_case_007__w0001,vp_36416_case_007,0,1,0,0,0,0,0,1,0,0,0,0.0,1,validation,5,0.2
vp_36416_case_007__w0002,vp_36416_case_007,0,0,0,0,0,0,0,0,0,0,0,-1.0,1,validation,5,0.2
vp_36416_case_007__w0003,vp_36416_case_007,0,1,0,0,0,0,0,1,0,0,0,1.0,1,validation,5,0.2
vp_36416_case_007__w0004,vp_36416_case_007,0,1,0,0,0,0,0,1,0,0,0,0.0,1,validation,5,0.2
vp_36416_case_008__w0000,vp_36416_case_008,1,0,0,1,0,0,0,1,0,1,0,0.0,1,train,3,0.3333333333333333
vp_36416_case_008__w0001,vp_36416_case_008,1,1,0,0,0,0,0,2,0,0,0,0.0,1,train,3,0.3333333333333333
vp_36416_case_008__w0002,vp_36416_case_008,1,1,0,0,0,0,0,2,0,0,0,0.0,1,train,3,0.3333333333333333
vp_36416_case_009__w0000,vp_36416_case_009,0,0,0,0,0,0,0,0,0,0,0,0.0,1,train,8,0.125
vp_36416_case_009__w0001,vp_36416_case_009,0,0,0,0,0,0,0,0,0,0,0,0.0,1,train,8,0.125
vp_36416_case_009__w0002,vp_36416_case_009,0,0,0,0,0,0,0,0,0,0,0,0.0,1,train,8,0.125
vp_36416_case_009__w0003,vp_36416_case_009,0,0,0,0,0,0,0,0,0,0,0,0.0,1,train,8,0.125
vp_36416_case_009__w0004,vp_36416_case_009,0,0,0,0,0,0,0,0,0,0,0,0.0,1,train,8,0.125
vp_36416_case_009__w0005,vp_36416_case_009,0,0,0,0,0,0,0,0,0,0,0,0.0,1,train,8,0.125
vp_36416_case_009__w0006,vp_36416_case_009,1,0,0,0,0,0,0,1,0,0,0,1.0,1,train,8,0.125
vp_36416_case_009__w0007,vp_36416_case_009,1,0,0,0,0,0,0,1,0,0,0,0.0,1,train,8,0.125
vp_36416_case_010__w0000,vp_36416_case_010,0,0,0,0,0,0,0,0,0,0,0,0.0,1,train,4,0.25
vp_36416_case_010__w0001,vp_36416_case_010,0,0,0,0,0,0,0,0,0,0,0,0.0,1,train,4,0.25
vp_36416_case_010__w0002,vp_36416_case_010,0,0,0,0,0,0,0,0,0,0,0,0.0,1,train,4,0.25
vp_36416_case_010__w0003,vp_36416_case_010,0,0,0,0,0,0,0,0,0,0,0,0.0,1,train,4,0.25
vp_36416_case_011__w0000,vp_36416_case_011,0,0,0,0,0,0,0,0,0,0,0,0.0,1,test,7,0.14285714285714285
vp_36416_case_011__w0001,vp_36416_case_011,0,0,0,0,0,0,0,0,0,0,0,0.0,1,test,7,0.14285714285714285
vp_36416_case_011__w0002,vp_36416_case_011,0,0,0,0,0,0,0,0,0,0,0,0.0,1,test,7,0.14285714285714285
vp_36416_case_011__w0003,vp_36416_case_011,0,0,0,0,0,0,0,0,0,0,0,0.0,1,test,7,0.14285714285714285
vp_36416_case_011__w0004,vp_36416_case_011,0,0,0,0,0,0,0,0,0,0,0,0.0,1,test,7,0.14285714285714285
vp_36416_case_011__w0005,vp_36416_case_011,0,0,0,0,0,0,0,0,0,0,0,0.0,1,test,7,0.14285714285714285
vp_36416_case_011__w0006,vp_36416_case_011,0,0,0,0,0,0,0,0,0,0,0,0.0,1,test,7,0.14285714285714285
vp_36417_case_002__w0000,vp_36417_case_002,0,0,0,0,0,0,0,0,0,0,0,0.0,1,train,6,0.16666666666666666
vp_36417_case_002__w0001,vp_36417_case_002,1,0,0,0,0,0,0,1,0,0,0,1.0,1,train,6,0.16666666666666666
vp_36417_case_002__w0002,vp_36417_case_002,1,1,0,0,0,0,0,2,0,0,0,1.0,1,train,6,0.16666666666666666
vp_36417_case_002__w0003,vp_36417_case_002,0,1,0,0,0,0,0,1,0,0,0,-1.0,1,train,6,0.16666666666666666
vp_36417_case_002__w0004,vp_36417_case_002,1,0,0,0,0,0,0,1,0,0,0,0.0,1,train,6,0.16666666666666666
vp_36417_case_002__w0005,vp_36417_case_002,1,0,0,0,0,0,0,1,0,0,0,0.0,1,train,6,0.16666666666666666
vp_36417_case_004__w0000,vp_36417_case_004,0,0,0,0,0,0,0,0,0,0,0,0.0,1,validation,1,1.0
vp_36418_case_001__w0000,vp_36418_case_001,0,1,0,0,0,0,0,1,0,0,0,0.0,1,validation,15,0.06666666666666667
vp_36418_case_001__w0001,vp_36418_case_001,0,1,0,0,0,0,0,1,0,0,0,0.0,1,validation,15,0.06666666666666667
vp_36418_case_001__w0002,vp_36418_case_001,0,1,0,0,0,0,0,1,0,0,0,0.0,1,validation,15,0.06666666666666667
vp_36418_case_001__w0003,vp_36418_case_001,0,1,0,0,0,0,0,1,0,0,0,0.0,1,validation,15,0.06666666666666667
vp_36418_case_001__w0004,vp_36418_case_001,1,1,1,0,0,0,0,2,0,1,0,2.0,1,validation,15,0.06666666666666667
vp_36418_case_001__w0005,vp_36418_case_001,1,1,1,0,0,0,0,2,0,1,0,0.0,1,validation,15,0.06666666666666667
vp_36418_case_001__w0006,vp_36418_case_001,0,0,0,0,0,0,0,0,0,0,0,-3.0,1,validation,15,0.06666666666666667
vp_36418_case_001__w0007,vp_36418_case_001,0,0,0,0,0,0,0,0,0,0,0,0.0,1,validation,15,0.06666666666666667
vp_36418_case_001__w0008,vp_36418_case_001,1,1,0,0,0,0,0,2,0,0,0,2.0,1,validation,15,0.06666666666666667
vp_36418_case_001__w0009,vp_36418_case_001,1,1,0,0,0,0,0,2,0,0,0,0.0,1,validation,15,0.06666666666666667
vp_36418_case_001__w0010,vp_36418_case_001,0,0,0,0,0,0,0,0,0,0,0,-2.0,1,validation,15,0.06666666666666667
vp_36418_case_001__w0011,vp_36418_case_001,0,0,0,0,0,0,0,0,0,0,0,0.0,1,validation,15,0.06666666666666667
vp_36418_case_001__w0012,vp_36418_case_001,0,0,0,0,0,0,0,0,0,0,0,0.0,1,validation,15,0.06666666666666667
vp_36418_case_001__w0013,vp_36418_case_001,0,0,0,0,0,0,0,0,0,0,0,0.0,1,validation,15,0.06666666666666667
vp_36418_case_001__w0014,vp_36418_case_001,0,0,0,0,0,0,0,0,0,0,0,0.0,1,validation,15,0.06666666666666667
vp_36419_case_001__w0000,vp_36419_case_001,0,0,0,0,0,0,0,0,0,0,0,0.0,1,train,1,1.0
vp_36428_case_001__w0000,vp_36428_case_001,0,0,0,0,0,0,0,0,0,0,0,0.0,1,validation,7,0.14285714285714285
vp_36428_case_001__w0001,vp_36428_case_001,0,0,0,0,0,0,0,0,0,0,0,0.0,1,validation,7,0.14285714285714285
vp_36428_case_001__w0002,vp_36428_case_001,0,0,0,0,0,0,0,0,0,0,0,0.0,1,validation,7,0.14285714285714285
vp_36428_case_001__w0003,vp_36428_case_001,0,0,0,0,0,0,0,0,0,0,0,0.0,1,validation,7,0.14285714285714285
vp_36428_case_001__w0004,vp_36428_case_001,0,0,0,0,0,0,0,0,0,0,0,0.0,1,validation,7,0.14285714285714285
vp_36428_case_001__w0005,vp_36428_case_001,0,0,0,0,0,0,0,0,0,0,0,0.0,1,validation,7,0.14285714285714285
vp_36428_case_001__w0006,vp_36428_case_001,0,0,0,0,0,0,0,0,0,0,0,0.0,1,validation,7,0.14285714285714285
vp_36429_case_001__w0000,vp_36429_case_001,1,1,0,1,0,0,0,2,0,1,0,0.0,1,validation,1,1.0
vp_36432_case_001__w0000,vp_36432_case_001,0,1,0,0,0,0,0,1,0,0,0,0.0,1,test,1,1.0
vp_36435_case_001__w0000,vp_36435_case_001,0,1,0,0,0,0,0,1,0,0,0,0.0,1,train,1,1.0
vp_36435_case_002__w0000,vp_36435_case_002,0,0,0,0,0,0,0,0,0,0,0,0.0,1,train,1,1.0
vp_36441_case_001__w0000,vp_36441_case_001,0,1,0,0,0,0,0,1,0,0,0,0.0,1,validation,10,0.1
vp_36441_case_001__w0001,vp_36441_case_001,0,1,0,0,0,0,0,1,0,0,0,0.0,1,validation,10,0.1
vp_36441_case_001__w0002,vp_36441_case_001,0,0,0,0,0,0,0,0,0,0,0,-1.0,1,validation,10,0.1
vp_36441_case_001__w0003,vp_36441_case_001,0,0,0,0,0,0,0,0,0,0,0,0.0,1,validation,10,0.1
vp_36441_case_001__w0004,vp_36441_case_001,1,1,0,0,0,0,0,2,0,0,0,2.0,1,validation,10,0.1
vp_36441_case_001__w0005,vp_36441_case_001,1,1,0,0,0,0,0,2,0,0,0,0.0,1,validation,10,0.1
vp_36441_case_001__w0006,vp_36441_case_001,0,0,0,0,0,0,0,0,0,0,0,-2.0,1,validation,10,0.1
vp_36441_case_001__w0007,vp_36441_case_001,1,0,0,0,0,0,0,1,0,0,0,1.0,1,validation,10,0.1
vp_36441_case_001__w0008,vp_36441_case_001,1,0,0,0,0,0,0,1,0,0,0,0.0,1,validation,10,0.1
vp_36441_case_001__w0009,vp_36441_case_001,0,0,0,0,0,0,0,0,0,0,0,-1.0,1,validation,10,0.1
vp_36442_case_001__w0000,vp_36442_case_001,1,1,1,0,0,0,0,2,0,1,0,0.0,1,test,4,0.25
vp_36442_case_001__w0001,vp_36442_case_001,0,1,0,0,0,0,0,1,0,0,0,-2.0,1,test,4,0.25
vp_36442_case_001__w0002,vp_36442_case_001,0,0,0,0,0,0,0,0,0,0,0,-1.0,1,test,4,0.25
vp_36442_case_001__w0003,vp_36442_case_001,0,0,0,0,0,0,0,0,0,0,0,0.0,1,test,4,0.25
vp_36443_case_001__w0000,vp_36443_case_001,1,1,1,0,0,0,0,2,0,1,0,0.0,1,train,5,0.2
vp_36443_case_001__w0001,vp_36443_case_001,0,1,0,0,0,0,0,1,0,0,0,-2.0,1,train,5,0.2
vp_36443_case_001__w0002,vp_36443_case_001,0,1,0,0,0,0,0,1,0,0,0,0.0,1,train,5,0.2
vp_36443_case_001__w0003,vp_36443_case_001,0,0,0,0,0,0,0,0,0,0,0,-1.0,1,train,5,0.2
vp_36443_case_001__w0004,vp_36443_case_001,0,0,0,0,0,0,0,0,0,0,0,0.0,1,train,5,0.2
vp_36444_case_001__w0000,vp_36444_case_001,0,1,0,0,0,0,0,1,0,0,0,0.0,1,test,4,0.25
vp_36444_case_001__w0001,vp_36444_case_001,0,1,0,0,0,0,0,1,0,0,0,0.0,1,test,4,0.25
vp_36444_case_001__w0002,vp_36444_case_001,0,0,0,0,0,0,0,0,0,0,0,-1.0,1,test,4,0.25
vp_36444_case_001__w0003,vp_36444_case_001,0,0,0,0,0,0,0,0,0,0,0,0.0,1,test,4,0.25
vp_36445_case_001__w0000,vp_36445_case_001,0,1,0,0,0,0,0,1,0,0,0,0.0,1,train,2,0.5
vp_36445_case_001__w0001,vp_36445_case_001,0,0,0,0,0,0,0,0,0,0,0,-1.0,1,train,2,0.5
vp_36446_case_001__w0000,vp_36446_case_001,1,1,1,0,0,0,0,2,0,1,0,0.0,1,train,1,1.0
vp_36448_case_001__w0000,vp_36448_case_001,1,1,1,0,0,0,0,2,0,1,0,0.0,1,validation,6,0.16666666666666666
vp_36448_case_001__w0001,vp_36448_case_001,0,0,0,0,0,0,0,0,0,0,0,-3.0,1,validation,6,0.16666666666666666
vp_36448_case_001__w0002,vp_36448_case_001,0,0,0,0,0,0,0,0,0,0,0,0.0,1,validation,6,0.16666666666666666
vp_36448_case_001__w0003,vp_36448_case_001,0,0,0,0,0,0,0,0,0,0,0,0.0,1,validation,6,0.16666666666666666
vp_36448_case_001__w0004,vp_36448_case_001,0,0,0,0,0,0,0,0,0,0,0,0.0,1,validation,6,0.16666666666666666
vp_36448_case_001__w0005,vp_36448_case_001,0,0,0,0,0,0,0,0,0,0,0,0.0,1,validation,6,0.16666666666666666
vp_36449_case_001__w0000,vp_36449_case_001,0,1,0,0,0,0,0,1,0,0,0,0.0,1,train,7,0.14285714285714285
vp_36449_case_001__w0001,vp_36449_case_001,0,1,0,0,0,0,0,1,0,0,0,0.0,1,train,7,0.14285714285714285
vp_36449_case_001__w0002,vp_36449_case_001,0,0,0,0,0,0,0,0,0,0,0,-1.0,1,train,7,0.14285714285714285
vp_36449_case_001__w0003,vp_36449_case_001,0,0,0,0,0,0,0,0,0,0,0,0.0,1,train,7,0.14285714285714285
vp_36449_case_001__w0004,vp_36449_case_001,1,1,1,0,0,0,0,2,0,1,0,3.0,1,train,7,0.14285714285714285
vp_36449_case_001__w0005,vp_36449_case_001,1,1,1,0,0,0,0,2,0,1,0,0.0,1,train,7,0.14285714285714285
vp_36449_case_001__w0006,vp_36449_case_001,0,0,0,0,0,0,0,0,0,0,0,-3.0,1,train,7,0.14285714285714285
vp_36454_case_001__w0000,vp_36454_case_001,0,1,0,0,0,0,0,1,0,0,0,0.0,1,validation,2,0.5
vp_36454_case_001__w0001,vp_36454_case_001,0,1,0,0,0,0,0,1,0,0,0,0.0,1,validation,2,0.5
vp_36457_case_001__w0000,vp_36457_case_001,0,0,0,0,0,0,0,0,0,0,0,0.0,1,validation,4,0.25
vp_36457_case_001__w0001,vp_36457_case_001,0,1,0,0,0,0,0,1,0,0,0,1.0,1,validation,4,0.25
vp_36457_case_001__w0002,vp_36457_case_001,0,1,0,0,0,0,0,1,0,0,0,0.0,1,validation,4,0.25
vp_36457_case_001__w0003,vp_36457_case_001,0,1,0,0,0,0,0,1,0,0,0,0.0,1,validation,4,0.25
vp_36463_case_001__w0000,vp_36463_case_001,0,0,0,0,0,0,0,0,0,0,0,0.0,1,train,12,0.08333333333333333
vp_36463_case_001__w0001,vp_36463_case_001,0,0,0,0,0,0,0,0,0,0,0,0.0,1,train,12,0.08333333333333333
vp_36463_case_001__w0002,vp_36463_case_001,0,0,0,0,0,0,0,0,0,0,0,0.0,1,train,12,0.08333333333333333
vp_36463_case_001__w0003,vp_36463_case_001,0,0,0,0,0,0,0,0,0,0,0,0.0,1,train,12,0.08333333333333333
vp_36463_case_001__w0004,vp_36463_case_001,0,0,0,0,0,0,0,1,1,0,0,2.0,1,train,12,0.08333333333333333
vp_36463_case_001__w0005,vp_36463_case_001,1,0,0,0,0,0,0,2,1,0,0,1.0,1,train,12,0.08333333333333333
vp_36463_case_001__w0006,vp_36463_case_001,1,0,0,0,0,0,0,1,0,0,0,-2.0,1,train,12,0.08333333333333333
vp_36463_case_001__w0007,vp_36463_case_001,0,0,0,0,0,0,0,0,0,0,0,-1.0,1,train,12,0.08333333333333333
vp_36463_case_001__w0008,vp_36463_case_001,0,0,0,0,0,0,0,0,0,0,0,0.0,1,train,12,0.08333333333333333
vp_36463_case_001__w0009,vp_36463_case_001,0,0,0,0,0,0,0,0,0,0,0,0.0,1,train,12,0.08333333333333333
vp_36463_case_001__w0010,vp_36463_case_001,0,0,0,0,0,0,0,0,0,0,0,0.0,1,train,12,0.08333333333333333
vp_36463_case_001__w0011,vp_36463_case_001,0,0,0,0,0,0,0,0,0,0,0,0.0,1,train,12,0.08333333333333333
vp_36463_case_002__w0000,vp_36463_case_002,0,0,0,0,0,0,0,0,0,0,0,0.0,1,train,2,0.5
vp_36463_case_002__w0001,vp_36463_case_002,0,0,0,0,0,0,0,0,0,0,0,0.0,1,train,2,0.5
vp_36463_case_003__w0000,vp_36463_case_003,1,0,0,0,0,0,0,1,0,0,0,0.0,1,train,12,0.08333333333333333
vp_36463_case_003__w0001,vp_36463_case_003,1,0,0,0,0,0,0,1,0,0,0,0.0,1,train,12,0.08333333333333333
vp_36463_case_003__w0002,vp_36463_case_003,0,0,0,0,0,0,0,0,0,0,0,-1.0,1,train,12,0.08333333333333333
vp_36463_case_003__w0003,vp_36463_case_003,0,0,0,0,0,0,0,0,0,0,0,0.0,1,train,12,0.08333333333333333
vp_36463_case_003__w0004,vp_36463_case_003,0,0,0,0,0,0,0,0,0,0,0,0.0,1,train,12,0.08333333333333333
vp_36463_case_003__w0005,vp_36463_case_003,0,0,0,0,0,0,0,0,0,0,0,0.0,1,train,12,0.08333333333333333
vp_36463_case_003__w0006,vp_36463_case_003,0,0,0,0,0,0,0,0,0,0,0,0.0,1,train,12,0.08333333333333333
vp_36463_case_003__w0007,vp_36463_case_003,0,0,0,0,0,0,0,0,0,0,0,0.0,1,train,12,0.08333333333333333
vp_36463_case_003__w0008,vp_36463_case_003,0,0,0,0,0,0,0,0,0,0,0,0.0,1,train,12,0.08333333333333333
vp_36463_case_003__w0009,vp_36463_case_003,0,0,0,0,0,0,0,0,0,0,0,0.0,1,train,12,0.08333333333333333
vp_36463_case_003__w0010,vp_36463_case_003,0,0,0,0,0,0,0,0,0,0,0,0.0,1,train,12,0.08333333333333333
vp_36463_case_003__w0011,vp_36463_case_003,0,0,0,0,0,0,0,0,0,0,0,0.0,1,train,12,0.08333333333333333
vp_36464_case_001__w0000,vp_36464_case_001,0,0,0,0,0,0,0,0,0,0,0,0.0,1,test,2,0.5
vp_36464_case_001__w0001,vp_36464_case_001,0,0,0,0,0,0,0,1,0,0,0,1.0,1,test,2,0.5
vp_36464_case_002__w0000,vp_36464_case_002,0,0,0,0,0,0,0,0,0,0,0,0.0,1,train,4,0.25
vp_36464_case_002__w0001,vp_36464_case_002,0,0,0,0,0,0,0,0,0,0,0,0.0,1,train,4,0.25
vp_36464_case_002__w0002,vp_36464_case_002,0,0,0,0,0,0,0,0,0,0,0,0.0,1,train,4,0.25
vp_36464_case_002__w0003,vp_36464_case_002,0,0,0,0,0,0,0,0,0,0,0,0.0,1,train,4,0.25
vp_36467_case_001__w0000,vp_36467_case_001,1,0,1,0,0,0,0,1,0,1,0,0.0,1,train,5,0.2
vp_36467_case_001__w0001,vp_36467_case_001,0,0,0,0,0,0,0,0,0,0,0,-2.0,1,train,5,0.2
vp_36467_case_001__w0002,vp_36467_case_001,0,0,0,0,0,0,0,0,0,0,0,0.0,1,train,5,0.2
vp_36467_case_001__w0003,vp_36467_case_001,0,0,0,0,0,0,0,0,0,0,0,0.0,1,train,5,0.2
vp_36467_case_001__w0004,vp_36467_case_001,0,0,0,0,0,0,0,0,0,0,0,0.0,1,train,5,0.2
vp_36478_case_001__w0000,vp_36478_case_001,0,1,0,0,0,0,0,1,0,0,0,0.0,1,train,2,0.5
vp_36478_case_001__w0001,vp_36478_case_001,0,1,0,0,0,0,0,1,0,0,0,0.0,1,train,2,0.5
vp_36486_case_001__w0000,vp_36486_case_001,0,0,0,0,0,0,0,0,0,0,0,0.0,1,train,2,0.5
vp_36486_case_001__w0001,vp_36486_case_001,0,0,0,0,0,0,0,0,0,0,0,0.0,1,train,2,0.5
vp_36491_case_001__w0000,vp_36491_case_001,0,1,0,0,0,0,0,1,0,0,0,0.0,1,train,10,0.1
vp_36491_case_001__w0001,vp_36491_case_001,0,1,0,0,0,0,0,1,0,0,0,0.0,1,train,10,0.1
vp_36491_case_001__w0002,vp_36491_case_001,0,1,0,0,0,0,0,1,0,0,0,0.0,1,train,10,0.1
vp_36491_case_001__w0003,vp_36491_case_001,0,1,0,0,0,0,0,1,0,0,0,0.0,1,train,10,0.1
vp_36491_case_001__w0004,vp_36491_case_001,0,0,0,0,0,0,0,0,0,0,0,-1.0,1,train,10,0.1
vp_36491_case_001__w0005,vp_36491_case_001,0,0,0,0,0,0,0,0,0,0,0,0.0,1,train,10,0.1
vp_36491_case_001__w0006,vp_36491_case_001,0,0,0,0,0,0,0,0,0,0,0,0.0,1,train,10,0.1
vp_36491_case_001__w0007,vp_36491_case_001,0,0,0,0,0,0,0,0,0,0,0,0.0,1,train,10,0.1
vp_36491_case_001__w0008,vp_36491_case_001,0,0,0,0,0,0,0,0,0,0,0,0.0,1,train,10,0.1
vp_36491_case_001__w0009,vp_36491_case_001,0,0,0,0,0,0,0,0,0,0,0,0.0,1,train,10,0.1
vp_36492_case_001__w0000,vp_36492_case_001,1,1,1,0,0,0,0,2,0,1,0,0.0,1,validation,7,0.14285714285714285
vp_36492_case_001__w0001,vp_36492_case_001,0,1,0,0,0,0,0,1,0,0,0,-2.0,1,validation,7,0.14285714285714285
vp_36492_case_001__w0002,vp_36492_case_001,0,1,0,0,0,0,0,1,0,0,0,0.0,1,validation,7,0.14285714285714285
vp_36492_case_001__w0003,vp_36492_case_001,0,0,0,0,0,0,0,0,0,0,0,-1.0,1,validation,7,0.14285714285714285
vp_36492_case_001__w0004,vp_36492_case_001,0,0,0,0,0,0,0,0,0,0,0,0.0,1,validation,7,0.14285714285714285
vp_36492_case_001__w0005,vp_36492_case_001,1,0,0,0,0,0,0,1,0,0,0,1.0,1,validation,7,0.14285714285714285
vp_36492_case_001__w0006,vp_36492_case_001,1,0,0,0,0,0,0,1,0,0,0,0.0,1,validation,7,0.14285714285714285
vp_36495_case_001__w0000,vp_36495_case_001,0,0,0,0,0,0,0,0,0,0,0,0.0,1,train,2,0.5
vp_36495_case_001__w0001,vp_36495_case_001,0,0,0,0,0,0,0,0,0,0,0,0.0,1,train,2,0.5
vp_36503_case_001__w0000,vp_36503_case_001,0,1,0,0,0,0,0,1,0,0,0,0.0,1,train,3,0.3333333333333333
vp_36503_case_001__w0001,vp_36503_case_001,0,1,0,0,0,0,0,1,0,0,0,0.0,1,train,3,0.3333333333333333
vp_36503_case_001__w0002,vp_36503_case_001,0,1,0,0,0,0,0,1,0,0,0,0.0,1,train,3,0.3333333333333333
vp_36504_case_001__w0000,vp_36504_case_001,0,1,0,0,0,0,0,1,0,0,0,0.0,1,train,5,0.2
vp_36504_case_001__w0001,vp_36504_case_001,0,0,0,0,0,0,0,0,0,0,0,-1.0,1,train,5,0.2
vp_36504_case_001__w0002,vp_36504_case_001,0,0,0,0,0,0,0,0,0,0,0,0.0,1,train,5,0.2
vp_36504_case_001__w0003,vp_36504_case_001,0,0,0,0,0,0,0,0,0,0,0,0.0,1,train,5,0.2
vp_36504_case_001__w0004,vp_36504_case_001,0,0,0,0,0,0,0,0,0,0,0,0.0,1,train,5,0.2
vp_36505_case_001__w0000,vp_36505_case_001,0,0,0,0,0,0,0,0,0,0,0,0.0,1,validation,14,0.07142857142857142
vp_36505_case_001__w0001,vp_36505_case_001,0,0,0,0,0,0,0,0,0,0,0,0.0,1,validation,14,0.07142857142857142
vp_36505_case_001__w0002,vp_36505_case_001,0,0,0,0,0,0,0,0,0,0,0,0.0,1,validation,14,0.07142857142857142
vp_36505_case_001__w0003,vp_36505_case_001,0,0,0,0,0,0,0,0,0,0,0,0.0,1,validation,14,0.07142857142857142
vp_36505_case_001__w0004,vp_36505_case_001,0,0,0,0,0,0,0,0,0,0,0,0.0,1,validation,14,0.07142857142857142
vp_36505_case_001__w0005,vp_36505_case_001,0,0,0,0,0,0,0,0,0,0,0,0.0,1,validation,14,0.07142857142857142
vp_36505_case_001__w0006,vp_36505_case_001,0,0,0,0,0,0,0,0,0,0,0,0.0,1,validation,14,0.07142857142857142
vp_36505_case_001__w0007,vp_36505_case_001,0,0,0,0,0,0,0,0,0,0,0,0.0,1,validation,14,0.07142857142857142
vp_36505_case_001__w0008,vp_36505_case_001,0,0,0,0,0,0,0,0,0,0,0,0.0,1,validation,14,0.07142857142857142
vp_36505_case_001__w0009,vp_36505_case_001,0,0,0,0,0,0,0,0,0,0,0,0.0,1,validation,14,0.07142857142857142
vp_36505_case_001__w0010,vp_36505_case_001,0,0,0,0,0,0,0,0,0,0,0,0.0,1,validation,14,0.07142857142857142
vp_36505_case_001__w0011,vp_36505_case_001,0,0,0,0,0,0,0,0,0,0,0,0.0,1,validation,14,0.07142857142857142
vp_36505_case_001__w0012,vp_36505_case_001,0,0,0,0,0,0,0,0,0,0,0,0.0,1,validation,14,0.07142857142857142
vp_36505_case_001__w0013,vp_36505_case_001,0,0,0,0,0,0,0,0,0,0,0,0.0,1,validation,14,0.07142857142857142
vp_36505_case_002__w0000,vp_36505_case_002,0,0,0,0,0,0,0,0,0,0,0,0.0,1,train,1,1.0
vp_36506_case_001__w0000,vp_36506_case_001,0,0,0,0,0,0,0,0,0,0,0,0.0,1,train,32,0.03125
vp_36506_case_001__w0001,vp_36506_case_001,0,0,0,0,0,0,0,0,0,0,0,0.0,1,train,32,0.03125
vp_36506_case_001__w0002,vp_36506_case_001,0,0,0,0,0,0,0,0,0,0,0,0.0,1,train,32,0.03125
vp_36506_case_001__w0003,vp_36506_case_001,0,0,0,0,0,0,0,0,0,0,0,0.0,1,train,32,0.03125
vp_36506_case_001__w0004,vp_36506_case_001,0,0,0,0,0,0,0,0,0,0,0,0.0,1,train,32,0.03125
vp_36506_case_001__w0005,vp_36506_case_001,0,0,0,0,0,0,0,0,0,0,0,0.0,1,train,32,0.03125
vp_36506_case_001__w0006,vp_36506_case_001,0,0,0,0,0,0,0,0,0,0,0,0.0,1,train,32,0.03125
vp_36506_case_001__w0007,vp_36506_case_001,0,0,0,0,0,0,0,0,0,0,0,0.0,1,train,32,0.03125
vp_36506_case_001__w0008,vp_36506_case_001,0,0,0,0,0,0,0,0,0,0,0,0.0,1,train,32,0.03125
vp_36506_case_001__w0009,vp_36506_case_001,0,0,0,0,0,0,0,0,0,0,0,0.0,1,train,32,0.03125
vp_36506_case_001__w0010,vp_36506_case_001,0,0,0,0,0,0,0,0,0,0,0,0.0,1,train,32,0.03125
vp_36506_case_001__w0011,vp_36506_case_001,0,0,0,0,0,0,0,0,0,0,0,0.0,1,train,32,0.03125
vp_36506_case_001__w0012,vp_36506_case_001,0,0,0,0,0,0,0,0,0,0,0,0.0,1,train,32,0.03125
vp_36506_case_001__w0013,vp_36506_case_001,0,0,0,0,0,0,0,0,0,0,0,0.0,1,train,32,0.03125
vp_36506_case_001__w0014,vp_36506_case_001,0,0,0,0,0,0,0,0,0,0,0,0.0,1,train,32,0.03125
vp_36506_case_001__w0015,vp_36506_case_001,0,0,0,0,0,0,0,0,0,0,0,0.0,1,train,32,0.03125
vp_36506_case_001__w0016,vp_36506_case_001,0,0,0,0,0,0,0,0,0,0,0,0.0,1,train,32,0.03125
vp_36506_case_001__w0017,vp_36506_case_001,0,0,0,0,0,0,0,0,0,0,0,0.0,1,train,32,0.03125
vp_36506_case_001__w0018,vp_36506_case_001,0,0,0,0,0,0,0,0,0,0,0,0.0,1,train,32,0.03125
vp_36506_case_001__w0019,vp_36506_case_001,0,0,0,0,0,0,0,0,0,0,0,0.0,1,train,32,0.03125
vp_36506_case_001__w0020,vp_36506_case_001,0,0,0,0,0,0,0,0,0,0,0,0.0,1,train,32,0.03125
vp_36506_case_001__w0021,vp_36506_case_001,0,0,0,0,0,0,0,0,0,0,0,0.0,1,train,32,0.03125
vp_36506_case_001__w0022,vp_36506_case_001,0,0,0,0,0,0,0,0,0,0,0,0.0,1,train,32,0.03125
vp_36506_case_001__w0023,vp_36506_case_001,0,0,0,0,0,0,0,0,0,0,0,0.0,1,train,32,0.03125
vp_36506_case_001__w0024,vp_36506_case_001,0,0,0,0,0,0,0,0,0,0,0,0.0,1,train,32,0.03125
vp_36506_case_001__w0025,vp_36506_case_001,0,0,0,0,0,0,0,0,0,0,0,0.0,1,train,32,0.03125
vp_36506_case_001__w0026,vp_36506_case_001,0,0,0,0,0,0,0,0,0,0,0,0.0,1,train,32,0.03125
vp_36506_case_001__w0027,vp_36506_case_001,0,0,0,0,0,0,0,0,0,0,0,0.0,1,train,32,0.03125
vp_36506_case_001__w0028,vp_36506_case_001,0,0,0,0,0,0,0,0,0,0,0,0.0,1,train,32,0.03125
vp_36506_case_001__w0029,vp_36506_case_001,0,0,0,0,0,0,0,0,0,0,0,0.0,1,train,32,0.03125
vp_36506_case_001__w0030,vp_36506_case_001,0,0,0,0,0,0,0,0,0,0,0,0.0,1,train,32,0.03125
vp_36506_case_001__w0031,vp_36506_case_001,0,0,0,0,0,0,0,0,0,0,0,0.0,1,train,32,0.03125
vp_36506_case_002__w0000,vp_36506_case_002,0,0,0,0,0,0,0,0,0,0,0,0.0,1,train,48,0.020833333333333332
vp_36506_case_002__w0001,vp_36506_case_002,0,0,0,0,0,0,0,0,0,0,0,0.0,1,train,48,0.020833333333333332
vp_36506_case_002__w0002,vp_36506_case_002,0,0,0,0,0,0,0,0,0,0,0,0.0,1,train,48,0.020833333333333332
vp_36506_case_002__w0003,vp_36506_case_002,0,0,0,0,0,0,0,0,0,0,0,0.0,1,train,48,0.020833333333333332
vp_36506_case_002__w0004,vp_36506_case_002,0,0,0,0,0,0,0,0,0,0,0,0.0,1,train,48,0.020833333333333332
vp_36506_case_002__w0005,vp_36506_case_002,0,0,0,0,0,0,0,0,0,0,0,0.0,1,train,48,0.020833333333333332
vp_36506_case_002__w0006,vp_36506_case_002,0,0,0,0,0,0,0,0,0,0,0,0.0,1,train,48,0.020833333333333332
vp_36506_case_002__w0007,vp_36506_case_002,0,0,0,0,0,0,0,0,0,0,0,0.0,1,train,48,0.020833333333333332
vp_36506_case_002__w0008,vp_36506_case_002,0,0,0,0,0,0,0,0,0,0,0,0.0,1,train,48,0.020833333333333332
vp_36506_case_002__w0009,vp_36506_case_002,0,0,0,0,0,0,0,0,0,0,0,0.0,1,train,48,0.020833333333333332
vp_36506_case_002__w0010,vp_36506_case_002,0,0,0,0,0,0,0,0,0,0,0,0.0,1,train,48,0.020833333333333332
vp_36506_case_002__w0011,vp_36506_case_002,0,0,0,0,0,0,0,0,0,0,0,0.0,1,train,48,0.020833333333333332
vp_36506_case_002__w0012,vp_36506_case_002,0,0,0,0,0,0,0,0,0,0,0,0.0,1,train,48,0.020833333333333332
vp_36506_case_002__w0013,vp_36506_case_002,0,0,0,0,0,0,0,0,0,0,0,0.0,1,train,48,0.020833333333333332
vp_36506_case_002__w0014,vp_36506_case_002,0,0,0,0,0,0,0,0,0,0,0,0.0,1,train,48,0.020833333333333332
vp_36506_case_002__w0015,vp_36506_case_002,0,0,0,0,0,0,0,0,0,0,0,0.0,1,train,48,0.020833333333333332
vp_36506_case_002__w0016,vp_36506_case_002,0,0,0,0,0,0,0,0,0,0,0,0.0,1,train,48,0.020833333333333332
vp_36506_case_002__w0017,vp_36506_case_002,0,0,0,0,0,0,0,0,0,0,0,0.0,1,train,48,0.020833333333333332
vp_36506_case_002__w0018,vp_36506_case_002,0,0,0,0,0,0,0,0,0,0,0,0.0,1,train,48,0.020833333333333332
vp_36506_case_002__w0019,vp_36506_case_002,0,0,0,0,0,0,0,0,0,0,0,0.0,1,train,48,0.020833333333333332
vp_36506_case_002__w0020,vp_36506_case_002,0,0,0,0,0,0,0,0,0,0,0,0.0,1,train,48,0.020833333333333332
vp_36506_case_002__w0021,vp_36506_case_002,0,0,0,0,0,0,0,0,0,0,0,0.0,1,train,48,0.020833333333333332
vp_36506_case_002__w0022,vp_36506_case_002,0,0,0,0,0,0,0,0,0,0,0,0.0,1,train,48,0.020833333333333332
vp_36506_case_002__w0023,vp_36506_case_002,0,0,0,0,0,0,0,0,0,0,0,0.0,1,train,48,0.020833333333333332
vp_36506_case_002__w0024,vp_36506_case_002,0,0,0,0,0,0,0,0,0,0,0,0.0,1,train,48,0.020833333333333332
vp_36506_case_002__w0025,vp_36506_case_002,0,0,0,0,0,0,0,0,0,0,0,0.0,1,train,48,0.020833333333333332
vp_36506_case_002__w0026,vp_36506_case_002,0,0,0,0,0,0,0,0,0,0,0,0.0,1,train,48,0.020833333333333332
vp_36506_case_002__w0027,vp_36506_case_002,0,0,0,0,0,0,0,0,0,0,0,0.0,1,train,48,0.020833333333333332
vp_36506_case_002__w0028,vp_36506_case_002,0,0,0,0,0,0,0,0,0,0,0,0.0,1,train,48,0.020833333333333332
vp_36506_case_002__w0029,vp_36506_case_002,0,0,0,0,0,0,0,0,0,0,0,0.0,1,train,48,0.020833333333333332
vp_36506_case_002__w0030,vp_36506_case_002,0,0,0,0,0,0,0,0,0,0,0,0.0,1,train,48,0.020833333333333332
vp_36506_case_002__w0031,vp_36506_case_002,0,0,0,0,0,0,0,0,0,0,0,0.0,1,train,48,0.020833333333333332
vp_36506_case_002__w0032,vp_36506_case_002,0,0,0,0,0,0,0,0,0,0,0,0.0,1,train,48,0.020833333333333332
vp_36506_case_002__w0033,vp_36506_case_002,0,0,0,0,0,0,0,0,0,0,0,0.0,1,train,48,0.020833333333333332
vp_36506_case_002__w0034,vp_36506_case_002,0,0,0,0,0,0,0,0,0,0,0,0.0,1,train,48,0.020833333333333332
vp_36506_case_002__w0035,vp_36506_case_002,0,0,0,0,0,0,0,0,0,0,0,0.0,1,train,48,0.020833333333333332
vp_36506_case_002__w0036,vp_36506_case_002,0,0,0,0,0,0,0,0,0,0,0,0.0,1,train,48,0.020833333333333332
vp_36506_case_002__w0037,vp_36506_case_002,0,0,0,0,0,0,0,0,0,0,0,0.0,1,train,48,0.020833333333333332
vp_36506_case_002__w0038,vp_36506_case_002,0,0,0,0,0,0,0,0,0,0,0,0.0,1,train,48,0.020833333333333332
vp_36506_case_002__w0039,vp_36506_case_002,0,0,0,0,0,0,0,0,0,0,0,0.0,1,train,48,0.020833333333333332
vp_36506_case_002__w0040,vp_36506_case_002,0,0,0,0,0,0,0,0,0,0,0,0.0,1,train,48,0.020833333333333332
vp_36506_case_002__w0041,vp_36506_case_002,0,0,0,0,0,0,0,0,0,0,0,0.0,1,train,48,0.020833333333333332
vp_36506_case_002__w0042,vp_36506_case_002,0,0,0,0,0,0,0,0,0,0,0,0.0,1,train,48,0.020833333333333332
vp_36506_case_002__w0043,vp_36506_case_002,0,0,0,0,0,0,0,0,0,0,0,0.0,1,train,48,0.020833333333333332
vp_36506_case_002__w0044,vp_36506_case_002,0,0,0,0,0,0,0,0,0,0,0,0.0,1,train,48,0.020833333333333332
vp_36506_case_002__w0045,vp_36506_case_002,0,0,0,0,0,0,0,0,0,0,0,0.0,1,train,48,0.020833333333333332
vp_36506_case_002__w0046,vp_36506_case_002,0,0,0,0,0,0,0,0,0,0,0,0.0,1,train,48,0.020833333333333332
vp_36506_case_002__w0047,vp_36506_case_002,0,0,0,0,0,0,0,0,0,0,0,0.0,1,train,48,0.020833333333333332
vp_36506_case_003__w0000,vp_36506_case_003,0,0,0,0,0,0,0,0,0,0,0,0.0,1,test,10,0.1
vp_36506_case_003__w0001,vp_36506_case_003,0,0,0,0,0,0,0,0,0,0,0,0.0,1,test,10,0.1
vp_36506_case_003__w0002,vp_36506_case_003,0,0,0,0,0,0,0,0,0,0,0,0.0,1,test,10,0.1
vp_36506_case_003__w0003,vp_36506_case_003,0,0,0,0,0,0,0,0,0,0,0,0.0,1,test,10,0.1
vp_36506_case_003__w0004,vp_36506_case_003,0,0,0,0,0,0,0,0,0,0,0,0.0,1,test,10,0.1
vp_36506_case_003__w0005,vp_36506_case_003,0,0,0,0,0,0,0,0,0,0,0,0.0,1,test,10,0.1
vp_36506_case_003__w0006,vp_36506_case_003,0,0,0,0,0,0,0,0,0,0,0,0.0,1,test,10,0.1
vp_36506_case_003__w0007,vp_36506_case_003,0,0,0,0,0,0,0,0,0,0,0,0.0,1,test,10,0.1
vp_36506_case_003__w0008,vp_36506_case_003,0,0,0,0,0,0,0,0,0,0,0,0.0,1,test,10,0.1
vp_36506_case_003__w0009,vp_36506_case_003,0,0,0,0,0,0,0,0,0,0,0,0.0,1,test,10,0.1
vp_36506_case_005__w0000,vp_36506_case_005,0,0,0,0,0,0,0,0,0,0,0,0.0,1,train,9,0.1111111111111111
vp_36506_case_005__w0001,vp_36506_case_005,0,0,0,0,0,0,0,0,0,0,0,0.0,1,train,9,0.1111111111111111
vp_36506_case_005__w0002,vp_36506_case_005,0,0,0,0,0,0,0,0,0,0,0,0.0,1,train,9,0.1111111111111111
vp_36506_case_005__w0003,vp_36506_case_005,0,0,0,0,0,0,0,0,0,0,0,0.0,1,train,9,0.1111111111111111
vp_36506_case_005__w0004,vp_36506_case_005,0,0,0,0,0,0,0,0,0,0,0,0.0,1,train,9,0.1111111111111111
vp_36506_case_005__w0005,vp_36506_case_005,0,0,0,0,0,0,0,0,0,0,0,0.0,1,train,9,0.1111111111111111
vp_36506_case_005__w0006,vp_36506_case_005,0,0,0,0,0,0,0,0,0,0,0,0.0,1,train,9,0.1111111111111111
vp_36506_case_005__w0007,vp_36506_case_005,0,0,0,0,0,0,0,0,0,0,0,0.0,1,train,9,0.1111111111111111
vp_36506_case_005__w0008,vp_36506_case_005,0,0,0,0,0,0,0,0,0,0,0,0.0,1,train,9,0.1111111111111111
vp_36507_case_001__w0000,vp_36507_case_001,0,0,0,0,0,0,0,0,0,0,0,0.0,1,validation,2,0.5
vp_36507_case_001__w0001,vp_36507_case_001,0,0,0,0,0,0,0,0,0,0,0,0.0,1,validation,2,0.5
vp_36508_case_001__w0000,vp_36508_case_001,0,0,0,0,0,0,0,1,1,0,0,0.0,1,train,3,0.3333333333333333
vp_36508_case_001__w0001,vp_36508_case_001,0,0,0,0,0,0,0,1,1,0,0,0.0,1,train,3,0.3333333333333333
vp_36508_case_001__w0002,vp_36508_case_001,0,0,0,0,0,0,0,0,0,0,0,-2.0,1,train,3,0.3333333333333333
vp_36509_case_001__w0000,vp_36509_case_001,0,0,0,0,0,0,0,0,0,0,0,0.0,1,train,18,0.05555555555555555
vp_36509_case_001__w0001,vp_36509_case_001,0,0,0,0,0,0,0,0,0,0,0,0.0,1,train,18,0.05555555555555555
vp_36509_case_001__w0002,vp_36509_case_001,0,0,0,0,0,0,0,0,0,0,0,0.0,1,train,18,0.05555555555555555
vp_36509_case_001__w0003,vp_36509_case_001,0,0,0,0,0,0,0,0,0,0,0,0.0,1,train,18,0.05555555555555555
vp_36509_case_001__w0004,vp_36509_case_001,0,0,0,0,0,0,0,1,0,0,0,0.0,1,train,18,0.05555555555555555
vp_36509_case_001__w0005,vp_36509_case_001,0,0,0,0,0,0,0,1,0,0,0,0.0,1,train,18,0.05555555555555555
vp_36509_case_001__w0006,vp_36509_case_001,1,0,0,0,0,0,0,1,0,0,0,1.0,1,train,18,0.05555555555555555
vp_36509_case_001__w0007,vp_36509_case_001,1,0,0,0,0,0,0,1,0,0,0,0.0,1,train,18,0.05555555555555555
vp_36509_case_001__w0008,vp_36509_case_001,0,0,0,0,0,0,0,0,0,0,0,-1.0,1,train,18,0.05555555555555555
vp_36509_case_001__w0009,vp_36509_case_001,0,0,0,0,0,0,0,0,0,0,0,0.0,1,train,18,0.05555555555555555
vp_36509_case_001__w0010,vp_36509_case_001,0,0,0,0,0,0,0,0,0,0,0,0.0,1,train,18,0.05555555555555555
vp_36509_case_001__w0011,vp_36509_case_001,0,0,0,0,0,0,0,0,0,0,0,0.0,1,train,18,0.05555555555555555
vp_36509_case_001__w0012,vp_36509_case_001,0,0,0,0,0,0,0,0,0,0,0,0.0,1,train,18,0.05555555555555555
vp_36509_case_001__w0013,vp_36509_case_001,0,0,0,0,0,0,0,0,0,0,0,0.0,1,train,18,0.05555555555555555
vp_36509_case_001__w0014,vp_36509_case_001,0,0,0,0,0,0,0,0,0,0,0,0.0,1,train,18,0.05555555555555555
vp_36509_case_001__w0015,vp_36509_case_001,0,0,0,0,0,0,0,0,0,0,0,0.0,1,train,18,0.05555555555555555
vp_36509_case_001__w0016,vp_36509_case_001,0,0,0,0,0,0,0,0,0,0,0,0.0,1,train,18,0.05555555555555555
vp_36509_case_001__w0017,vp_36509_case_001,0,0,0,0,0,0,0,0,0,0,0,0.0,1,train,18,0.05555555555555555
vp_36510_case_001__w0000,vp_36510_case_001,0,0,0,0,0,0,0,0,0,0,0,0.0,1,test,14,0.07142857142857142
vp_36510_case_001__w0001,vp_36510_case_001,0,0,0,0,0,0,0,0,0,0,0,0.0,1,test,14,0.07142857142857142
vp_36510_case_001__w0002,vp_36510_case_001,0,0,0,0,0,0,0,1,0,0,0,1.0,1,test,14,0.07142857142857142
vp_36510_case_001__w0003,vp_36510_case_001,0,0,0,0,0,0,0,2,0,0,0,0.0,1,test,14,0.07142857142857142
vp_36510_case_001__w0004,vp_36510_case_001,0,0,0,0,0,0,0,1,0,0,0,-1.0,1,test,14,0.07142857142857142
vp_36510_case_001__w0005,vp_36510_case_001,0,0,0,0,0,0,0,0,0,0,0,0.0,1,test,14,0.07142857142857142
vp_36510_case_001__w0006,vp_36510_case_001,0,0,0,0,0,0,0,0,0,0,0,0.0,1,test,14,0.07142857142857142
vp_36510_case_001__w0007,vp_36510_case_001,0,0,0,0,0,0,0,0,0,0,0,0.0,1,test,14,0.07142857142857142
vp_36510_case_001__w0008,vp_36510_case_001,0,0,0,0,0,0,0,0,0,0,0,0.0,1,test,14,0.07142857142857142
vp_36510_case_001__w0009,vp_36510_case_001,0,0,0,0,0,0,0,0,0,0,0,0.0,1,test,14,0.07142857142857142
vp_36510_case_001__w0010,vp_36510_case_001,0,0,0,0,0,0,0,0,0,0,0,0.0,1,test,14,0.07142857142857142
vp_36510_case_001__w0011,vp_36510_case_001,0,0,0,0,0,0,0,0,0,0,0,0.0,1,test,14,0.07142857142857142
vp_36510_case_001__w0012,vp_36510_case_001,0,0,0,0,0,0,0,0,0,0,0,0.0,1,test,14,0.07142857142857142
vp_36510_case_001__w0013,vp_36510_case_001,0,0,0,0,0,0,0,1,0,0,0,1.0,1,test,14,0.07142857142857142
vp_36511_case_001__w0000,vp_36511_case_001,0,0,0,0,0,0,0,0,0,0,0,0.0,1,train,14,0.07142857142857142
vp_36511_case_001__w0001,vp_36511_case_001,0,0,0,0,0,0,0,0,0,0,0,0.0,1,train,14,0.07142857142857142
vp_36511_case_001__w0002,vp_36511_case_001,0,0,0,0,0,0,0,0,0,0,0,0.0,1,train,14,0.07142857142857142
vp_36511_case_001__w0003,vp_36511_case_001,0,0,0,0,0,0,0,0,0,0,0,0.0,1,train,14,0.07142857142857142
vp_36511_case_001__w0004,vp_36511_case_001,0,0,0,0,0,0,0,0,0,0,0,0.0,1,train,14,0.07142857142857142
vp_36511_case_001__w0005,vp_36511_case_001,0,0,0,0,0,0,0,0,0,0,0,0.0,1,train,14,0.07142857142857142
vp_36511_case_001__w0006,vp_36511_case_001,0,0,0,0,0,0,0,0,0,0,0,0.0,1,train,14,0.07142857142857142
vp_36511_case_001__w0007,vp_36511_case_001,0,0,0,0,0,0,0,0,0,0,0,0.0,1,train,14,0.07142857142857142
vp_36511_case_001__w0008,vp_36511_case_001,0,0,0,0,0,0,0,0,0,0,0,0.0,1,train,14,0.07142857142857142
vp_36511_case_001__w0009,vp_36511_case_001,0,0,0,0,0,0,0,0,0,0,0,0.0,1,train,14,0.07142857142857142
vp_36511_case_001__w0010,vp_36511_case_001,0,0,0,0,0,0,0,0,0,0,0,0.0,1,train,14,0.07142857142857142
vp_36511_case_001__w0011,vp_36511_case_001,0,0,0,0,0,0,0,0,0,0,0,0.0,1,train,14,0.07142857142857142
vp_36511_case_001__w0012,vp_36511_case_001,0,0,0,0,0,0,0,0,0,0,0,0.0,1,train,14,0.07142857142857142
vp_36511_case_001__w0013,vp_36511_case_001,0,0,0,0,0,0,0,0,0,0,0,0.0,1,train,14,0.07142857142857142
vp_36512_case_002__w0000,vp_36512_case_002,0,0,0,0,0,0,0,0,0,0,0,0.0,1,train,12,0.08333333333333333
vp_36512_case_002__w0001,vp_36512_case_002,0,0,0,0,0,0,0,0,0,0,0,0.0,1,train,12,0.08333333333333333
vp_36512_case_002__w0002,vp_36512_case_002,0,0,0,0,0,0,0,0,0,0,0,0.0,1,train,12,0.08333333333333333
vp_36512_case_002__w0003,vp_36512_case_002,0,0,0,0,0,0,0,1,1,0,0,2.0,1,train,12,0.08333333333333333
vp_36512_case_002__w0004,vp_36512_case_002,0,0,0,0,0,0,0,1,1,0,0,0.0,1,train,12,0.08333333333333333
vp_36512_case_002__w0005,vp_36512_case_002,0,0,0,0,0,0,0,0,0,0,0,-2.0,1,train,12,0.08333333333333333
vp_36512_case_002__w0006,vp_36512_case_002,0,0,0,0,0,0,0,0,0,0,0,0.0,1,train,12,0.08333333333333333
vp_36512_case_002__w0007,vp_36512_case_002,0,0,0,0,0,0,0,0,0,0,0,0.0,1,train,12,0.08333333333333333
vp_36512_case_002__w0008,vp_36512_case_002,0,0,0,0,0,0,0,0,0,0,0,0.0,1,train,12,0.08333333333333333
vp_36512_case_002__w0009,vp_36512_case_002,0,0,0,0,0,0,0,0,0,0,0,0.0,1,train,12,0.08333333333333333
vp_36512_case_002__w0010,vp_36512_case_002,0,0,0,0,0,0,0,0,0,0,0,0.0,1,train,12,0.08333333333333333
vp_36512_case_002__w0011,vp_36512_case_002,0,0,0,0,0,0,0,0,0,0,0,0.0,1,train,12,0.08333333333333333
vp_36513_case_001__w0000,vp_36513_case_001,0,0,0,0,0,0,0,1,0,0,0,0.0,1,train,14,0.07142857142857142
vp_36513_case_001__w0001,vp_36513_case_001,0,0,0,0,0,0,0,0,0,0,0,-1.0,1,train,14,0.07142857142857142
vp_36513_case_001__w0002,vp_36513_case_001,0,0,0,0,0,0,0,0,0,0,0,0.0,1,train,14,0.07142857142857142
vp_36513_case_001__w0003,vp_36513_case_001,0,0,0,0,0,0,0,0,0,0,0,0.0,1,train,14,0.07142857142857142
vp_36513_case_001__w0004,vp_36513_case_001,0,0,0,0,0,0,0,0,0,0,0,0.0,1,train,14,0.07142857142857142
vp_36513_case_001__w0005,vp_36513_case_001,0,0,0,0,0,0,0,1,0,0,0,1.0,1,train,14,0.07142857142857142
vp_36513_case_001__w0006,vp_36513_case_001,0,0,0,0,0,0,0,1,0,0,0,0.0,1,train,14,0.07142857142857142
vp_36513_case_001__w0007,vp_36513_case_001,0,1,0,0,0,0,0,1,0,0,0,0.0,1,train,14,0.07142857142857142
vp_36513_case_001__w0008,vp_36513_case_001,0,1,0,0,0,0,0,1,0,0,0,0.0,1,train,14,0.07142857142857142
vp_36513_case_001__w0009,vp_36513_case_001,0,0,0,0,0,0,0,0,0,0,0,-1.0,1,train,14,0.07142857142857142
vp_36513_case_001__w0010,vp_36513_case_001,0,1,0,0,0,0,0,2,0,0,0,2.0,1,train,14,0.07142857142857142
vp_36513_case_001__w0011,vp_36513_case_001,0,1,0,0,0,0,0,2,0,0,0,0.0,1,train,14,0.07142857142857142
vp_36513_case_001__w0012,vp_36513_case_001,0,0,0,0,0,0,0,0,0,0,0,-2.0,1,train,14,0.07142857142857142
vp_36513_case_001__w0013,vp_36513_case_001,0,0,0,0,0,0,0,0,0,0,0,0.0,1,train,14,0.07142857142857142
vp_36513_case_002__w0000,vp_36513_case_002,0,0,0,0,0,0,0,0,0,0,0,0.0,1,train,2,0.5
vp_36513_case_002__w0001,vp_36513_case_002,0,0,0,0,0,0,0,0,0,0,0,0.0,1,train,2,0.5
vp_36514_case_001__w0000,vp_36514_case_001,0,0,0,0,0,0,0,0,0,0,0,0.0,1,test,4,0.25
vp_36514_case_001__w0001,vp_36514_case_001,0,0,0,0,0,0,0,0,0,0,0,0.0,1,test,4,0.25
vp_36514_case_001__w0002,vp_36514_case_001,0,0,0,0,0,0,0,0,0,0,0,0.0,1,test,4,0.25
vp_36514_case_001__w0003,vp_36514_case_001,0,0,0,0,0,0,0,0,0,0,0,0.0,1,test,4,0.25
vp_36515_case_001__w0000,vp_36515_case_001,0,0,0,0,0,0,0,0,0,0,0,0.0,1,train,15,0.06666666666666667
vp_36515_case_001__w0001,vp_36515_case_001,0,0,0,0,0,0,0,0,0,0,0,0.0,1,train,15,0.06666666666666667
vp_36515_case_001__w0002,vp_36515_case_001,0,0,0,0,0,0,0,0,0,0,0,0.0,1,train,15,0.06666666666666667
vp_36515_case_001__w0003,vp_36515_case_001,0,0,0,0,0,0,0,0,0,0,0,0.0,1,train,15,0.06666666666666667
vp_36515_case_001__w0004,vp_36515_case_001,0,0,0,0,0,0,0,0,0,0,0,0.0,1,train,15,0.06666666666666667
vp_36515_case_001__w0005,vp_36515_case_001,0,0,0,0,0,0,0,0,0,0,0,0.0,1,train,15,0.06666666666666667
vp_36515_case_001__w0006,vp_36515_case_001,0,0,0,0,0,0,0,0,0,0,0,0.0,1,train,15,0.06666666666666667
vp_36515_case_001__w0007,vp_36515_case_001,0,0,0,0,0,0,0,0,0,0,0,0.0,1,train,15,0.06666666666666667
vp_36515_case_001__w0008,vp_36515_case_001,0,0,0,0,0,0,0,0,0,0,0,0.0,1,train,15,0.06666666666666667
vp_36515_case_001__w0009,vp_36515_case_001,0,0,0,0,0,0,0,0,0,0,0,0.0,1,train,15,0.06666666666666667
vp_36515_case_001__w0010,vp_36515_case_001,0,0,0,0,0,0,0,0,0,0,0,0.0,1,train,15,0.06666666666666667
vp_36515_case_001__w0011,vp_36515_case_001,0,0,0,0,1,0,0,1,0,0,0,1.0,1,train,15,0.06666666666666667
vp_36515_case_001__w0012,vp_36515_case_001,0,0,0,0,1,0,0,1,0,0,0,0.0,1,train,15,0.06666666666666667
vp_36515_case_001__w0013,vp_36515_case_001,0,0,0,0,1,1,0,1,1,0,1,1.0,1,train,15,0.06666666666666667
vp_36515_case_001__w0014,vp_36515_case_001,0,0,0,0,1,1,0,1,1,0,1,0.0,1,train,15,0.06666666666666667
vp_36516_case_001__w0000,vp_36516_case_001,0,0,0,0,0,0,0,0,0,0,0,0.0,1,train,22,0.045454545454545456
vp_36516_case_001__w0001,vp_36516_case_001,0,0,0,0,0,0,0,0,0,0,0,0.0,1,train,22,0.045454545454545456
vp_36516_case_001__w0002,vp_36516_case_001,0,0,0,0,0,0,0,0,0,0,0,0.0,1,train,22,0.045454545454545456
vp_36516_case_001__w0003,vp_36516_case_001,0,0,0,0,0,0,0,0,0,0,0,0.0,1,train,22,0.045454545454545456
vp_36516_case_001__w0004,vp_36516_case_001,0,0,0,0,0,0,0,0,0,0,0,0.0,1,train,22,0.045454545454545456
vp_36516_case_001__w0005,vp_36516_case_001,0,0,0,0,0,0,0,0,0,0,0,0.0,1,train,22,0.045454545454545456
vp_36516_case_001__w0006,vp_36516_case_001,0,0,0,0,0,0,0,0,0,0,0,0.0,1,train,22,0.045454545454545456
vp_36516_case_001__w0007,vp_36516_case_001,0,0,0,0,0,0,0,0,0,0,0,0.0,1,train,22,0.045454545454545456
vp_36516_case_001__w0008,vp_36516_case_001,0,0,0,0,0,0,0,0,0,0,0,0.0,1,train,22,0.045454545454545456
vp_36516_case_001__w0009,vp_36516_case_001,0,0,0,0,0,0,0,0,0,0,0,0.0,1,train,22,0.045454545454545456
vp_36516_case_001__w0010,vp_36516_case_001,0,0,0,0,0,0,0,0,0,0,0,0.0,1,train,22,0.045454545454545456
vp_36516_case_001__w0011,vp_36516_case_001,0,0,0,0,0,0,0,0,0,0,0,0.0,1,train,22,0.045454545454545456
vp_36516_case_001__w0012,vp_36516_case_001,0,0,0,0,0,0,0,0,0,0,0,0.0,1,train,22,0.045454545454545456
vp_36516_case_001__w0013,vp_36516_case_001,0,0,0,0,0,0,0,0,0,0,0,0.0,1,train,22,0.045454545454545456
vp_36516_case_001__w0014,vp_36516_case_001,0,0,0,0,0,0,0,0,0,0,0,0.0,1,train,22,0.045454545454545456
vp_36516_case_001__w0015,vp_36516_case_001,0,0,0,0,0,0,0,0,0,0,0,0.0,1,train,22,0.045454545454545456
vp_36516_case_001__w0016,vp_36516_case_001,0,0,0,0,0,0,0,0,0,0,0,0.0,1,train,22,0.045454545454545456
vp_36516_case_001__w0017,vp_36516_case_001,0,0,0,0,0,0,0,0,0,0,0,0.0,1,train,22,0.045454545454545456
vp_36516_case_001__w0018,vp_36516_case_001,0,0,0,0,0,0,0,0,0,0,0,0.0,1,train,22,0.045454545454545456
vp_36516_case_001__w0019,vp_36516_case_001,0,0,0,0,0,0,0,0,0,0,0,0.0,1,train,22,0.045454545454545456
vp_36516_case_001__w0020,vp_36516_case_001,0,0,0,0,0,0,0,0,0,0,0,0.0,1,train,22,0.045454545454545456
vp_36516_case_001__w0021,vp_36516_case_001,0,0,0,0,0,0,0,0,0,0,0,0.0,1,train,22,0.045454545454545456
vp_36516_case_002__w0000,vp_36516_case_002,0,0,0,0,0,0,0,0,0,0,0,0.0,1,train,24,0.041666666666666664
vp_36516_case_002__w0001,vp_36516_case_002,0,0,0,0,0,0,0,0,0,0,0,0.0,1,train,24,0.041666666666666664
vp_36516_case_002__w0002,vp_36516_case_002,0,0,0,0,0,0,0,0,0,0,0,0.0,1,train,24,0.041666666666666664
vp_36516_case_002__w0003,vp_36516_case_002,0,0,0,0,0,0,0,0,0,0,0,0.0,1,train,24,0.041666666666666664
vp_36516_case_002__w0004,vp_36516_case_002,0,0,0,0,0,0,0,0,0,0,0,0.0,1,train,24,0.041666666666666664
vp_36516_case_002__w0005,vp_36516_case_002,0,0,0,0,0,0,0,0,0,0,0,0.0,1,train,24,0.041666666666666664
vp_36516_case_002__w0006,vp_36516_case_002,0,0,0,0,0,0,0,0,0,0,0,0.0,1,train,24,0.041666666666666664
vp_36516_case_002__w0007,vp_36516_case_002,0,0,0,1,0,0,0,0,0,0,0,1.0,1,train,24,0.041666666666666664
vp_36516_case_002__w0008,vp_36516_case_002,0,0,0,1,0,0,0,0,0,0,0,0.0,1,train,24,0.041666666666666664
vp_36516_case_002__w0009,vp_36516_case_002,0,0,0,0,0,0,0,0,0,0,0,-1.0,1,train,24,0.041666666666666664
vp_36516_case_002__w0010,vp_36516_case_002,0,0,0,0,0,0,0,0,0,0,0,0.0,1,train,24,0.041666666666666664
vp_36516_case_002__w0011,vp_36516_case_002,0,0,0,0,0,0,0,0,0,0,0,0.0,1,train,24,0.041666666666666664
vp_36516_case_002__w0012,vp_36516_case_002,0,0,0,0,0,0,0,0,0,0,0,0.0,1,train,24,0.041666666666666664
vp_36516_case_002__w0013,vp_36516_case_002,0,0,0,0,0,0,0,0,0,0,0,0.0,1,train,24,0.041666666666666664
vp_36516_case_002__w0014,vp_36516_case_002,0,0,0,0,0,0,0,0,0,0,0,0.0,1,train,24,0.041666666666666664
vp_36516_case_002__w0015,vp_36516_case_002,0,0,0,0,0,0,0,0,0,0,0,0.0,1,train,24,0.041666666666666664
vp_36516_case_002__w0016,vp_36516_case_002,0,0,0,0,0,0,0,0,0,0,0,0.0,1,train,24,0.041666666666666664
vp_36516_case_002__w0017,vp_36516_case_002,0,0,0,0,0,0,0,0,0,0,0,0.0,1,train,24,0.041666666666666664
vp_36516_case_002__w0018,vp_36516_case_002,0,0,0,0,0,0,0,0,0,0,0,0.0,1,train,24,0.041666666666666664
vp_36516_case_002__w0019,vp_36516_case_002,0,0,0,0,0,0,0,0,0,0,0,0.0,1,train,24,0.041666666666666664
vp_36516_case_002__w0020,vp_36516_case_002,0,0,0,0,0,0,0,0,0,0,0,0.0,1,train,24,0.041666666666666664
vp_36516_case_002__w0021,vp_36516_case_002,0,0,0,0,0,0,0,0,0,0,0,0.0,1,train,24,0.041666666666666664
vp_36516_case_002__w0022,vp_36516_case_002,0,0,0,0,0,0,0,0,0,0,0,0.0,1,train,24,0.041666666666666664
vp_36516_case_002__w0023,vp_36516_case_002,0,0,0,0,0,0,0,0,0,0,0,0.0,1,train,24,0.041666666666666664
vp_36516_case_003__w0000,vp_36516_case_003,0,0,0,0,0,0,0,0,0,0,0,0.0,1,train,7,0.14285714285714285
vp_36516_case_003__w0001,vp_36516_case_003,0,0,0,0,0,0,0,1,0,0,0,1.0,1,train,7,0.14285714285714285
vp_36516_case_003__w0002,vp_36516_case_003,0,0,0,0,0,0,0,1,0,0,0,0.0,1,train,7,0.14285714285714285
vp_36516_case_003__w0003,vp_36516_case_003,0,0,0,0,0,0,0,0,0,0,0,-1.0,1,train,7,0.14285714285714285
vp_36516_case_003__w0004,vp_36516_case_003,0,0,0,0,0,0,0,0,0,0,0,0.0,1,train,7,0.14285714285714285
vp_36516_case_003__w0005,vp_36516_case_003,0,0,0,0,0,0,0,0,0,0,0,0.0,1,train,7,0.14285714285714285
vp_36516_case_003__w0006,vp_36516_case_003,0,0,0,0,0,0,0,0,0,0,0,0.0,1,train,7,0.14285714285714285
vp_36516_case_004__w0000,vp_36516_case_004,0,0,0,0,0,0,0,0,0,0,0,0.0,1,train,2,0.5
vp_36516_case_004__w0001,vp_36516_case_004,0,0,0,0,0,0,0,0,0,0,0,0.0,1,train,2,0.5
vp_36517_case_001__w0000,vp_36517_case_001,0,0,0,0,0,0,0,0,0,0,0,0.0,1,test,12,0.08333333333333333
vp_36517_case_001__w0001,vp_36517_case_001,0,0,0,0,0,0,0,0,0,0,0,0.0,1,test,12,0.08333333333333333
vp_36517_case_001__w0002,vp_36517_case_001,0,0,0,0,0,0,0,0,0,0,0,0.0,1,test,12,0.08333333333333333
vp_36517_case_001__w0003,vp_36517_case_001,0,0,0,0,0,0,0,0,0,0,0,0.0,1,test,12,0.08333333333333333
vp_36517_case_001__w0004,vp_36517_case_001,0,0,0,0,0,0,0,0,0,0,0,0.0,1,test,12,0.08333333333333333
vp_36517_case_001__w0005,vp_36517_case_001,0,0,0,0,0,0,0,0,0,0,0,0.0,1,test,12,0.08333333333333333
vp_36517_case_001__w0006,vp_36517_case_001,0,0,0,0,0,0,0,0,0,0,0,0.0,1,test,12,0.08333333333333333
vp_36517_case_001__w0007,vp_36517_case_001,0,0,0,0,0,0,0,0,0,0,0,0.0,1,test,12,0.08333333333333333
vp_36517_case_001__w0008,vp_36517_case_001,0,0,0,0,0,0,0,0,1,0,0,1.0,1,test,12,0.08333333333333333
vp_36517_case_001__w0009,vp_36517_case_001,0,0,0,0,0,0,0,0,1,0,0,0.0,1,test,12,0.08333333333333333
vp_36517_case_001__w0010,vp_36517_case_001,0,0,0,0,0,0,0,0,0,0,0,-1.0,1,test,12,0.08333333333333333
vp_36517_case_001__w0011,vp_36517_case_001,0,0,0,0,0,0,0,0,0,0,0,0.0,1,test,12,0.08333333333333333
vp_36517_case_002__w0000,vp_36517_case_002,0,0,0,0,0,0,0,0,0,0,0,0.0,1,train,6,0.16666666666666666
vp_36517_case_002__w0001,vp_36517_case_002,0,0,0,0,0,0,0,0,0,0,0,0.0,1,train,6,0.16666666666666666
vp_36517_case_002__w0002,vp_36517_case_002,0,0,0,0,0,0,0,0,0,0,0,0.0,1,train,6,0.16666666666666666
vp_36517_case_002__w0003,vp_36517_case_002,0,0,0,0,0,0,0,0,0,0,0,0.0,1,train,6,0.16666666666666666
vp_36517_case_002__w0004,vp_36517_case_002,0,0,0,0,0,0,0,0,0,0,0,0.0,1,train,6,0.16666666666666666
vp_36517_case_002__w0005,vp_36517_case_002,0,0,0,0,0,0,0,0,0,0,0,0.0,1,train,6,0.16666666666666666
vp_36517_case_003__w0000,vp_36517_case_003,0,0,0,0,0,0,0,1,0,0,0,0.0,1,test,6,0.16666666666666666
vp_36517_case_003__w0001,vp_36517_case_003,0,0,0,0,0,0,0,0,0,0,0,-1.0,1,test,6,0.16666666666666666
vp_36517_case_003__w0002,vp_36517_case_003,0,0,0,0,0,0,0,0,0,0,0,0.0,1,test,6,0.16666666666666666
vp_36517_case_003__w0003,vp_36517_case_003,0,0,0,0,0,0,0,0,0,0,0,0.0,1,test,6,0.16666666666666666
vp_36517_case_003__w0004,vp_36517_case_003,0,0,0,0,0,0,0,0,0,0,0,0.0,1,test,6,0.16666666666666666
vp_36517_case_003__w0005,vp_36517_case_003,0,0,0,0,0,0,0,0,0,0,0,0.0,1,test,6,0.16666666666666666
vp_36518_case_001__w0000,vp_36518_case_001,0,0,0,0,0,0,0,0,0,0,0,0.0,1,train,7,0.14285714285714285
vp_36518_case_001__w0001,vp_36518_case_001,0,0,0,0,0,0,0,0,0,0,0,0.0,1,train,7,0.14285714285714285
vp_36518_case_001__w0002,vp_36518_case_001,0,0,0,0,0,0,0,0,1,0,0,1.0,1,train,7,0.14285714285714285
vp_36518_case_001__w0003,vp_36518_case_001,0,0,0,0,0,0,0,0,1,0,0,0.0,1,train,7,0.14285714285714285
vp_36518_case_001__w0004,vp_36518_case_001,0,0,0,0,0,0,0,0,0,0,0,-1.0,1,train,7,0.14285714285714285
vp_36518_case_001__w0005,vp_36518_case_001,0,0,0,0,0,0,0,0,0,0,0,0.0,1,train,7,0.14285714285714285
vp_36518_case_001__w0006,vp_36518_case_001,0,0,0,0,0,0,0,0,0,0,0,0.0,1,train,7,0.14285714285714285
vp_36518_case_002__w0000,vp_36518_case_002,0,0,0,0,0,0,0,0,0,0,0,0.0,1,test,4,0.25
vp_36518_case_002__w0001,vp_36518_case_002,0,0,0,0,0,0,0,0,0,0,0,0.0,1,test,4,0.25
vp_36518_case_002__w0002,vp_36518_case_002,0,0,0,0,0,0,0,0,0,0,0,0.0,1,test,4,0.25
vp_36518_case_002__w0003,vp_36518_case_002,0,0,0,0,0,0,0,0,0,0,0,0.0,1,test,4,0.25
vp_36519_case_001__w0000,vp_36519_case_001,0,1,0,0,0,0,0,1,0,0,0,0.0,1,train,10,0.1
vp_36519_case_001__w0001,vp_36519_case_001,0,0,0,0,0,0,0,0,0,0,0,-1.0,1,train,10,0.1
vp_36519_case_001__w0002,vp_36519_case_001,0,0,0,0,0,0,0,0,0,0,0,0.0,1,train,10,0.1
vp_36519_case_001__w0003,vp_36519_case_001,0,0,0,0,0,0,0,0,0,0,0,0.0,1,train,10,0.1
vp_36519_case_001__w0004,vp_36519_case_001,0,0,0,0,0,0,0,0,0,0,0,0.0,1,train,10,0.1
vp_36519_case_001__w0005,vp_36519_case_001,0,0,0,0,0,0,0,0,0,0,0,0.0,1,train,10,0.1
vp_36519_case_001__w0006,vp_36519_case_001,0,0,0,0,0,0,0,0,0,0,0,0.0,1,train,10,0.1
vp_36519_case_001__w0007,vp_36519_case_001,0,0,0,0,0,0,0,0,0,0,0,0.0,1,train,10,0.1
vp_36519_case_001__w0008,vp_36519_case_001,0,0,0,0,0,0,0,0,0,0,0,0.0,1,train,10,0.1
vp_36519_case_001__w0009,vp_36519_case_001,0,0,0,0,0,0,0,1,1,0,0,2.0,1,train,10,0.1
vp_36519_case_002__w0000,vp_36519_case_002,0,0,0,0,0,0,0,0,0,0,0,0.0,1,train,3,0.3333333333333333
vp_36519_case_002__w0001,vp_36519_case_002,0,0,0,0,0,0,0,0,0,0,0,0.0,1,train,3,0.3333333333333333
vp_36519_case_002__w0002,vp_36519_case_002,0,0,0,0,0,0,0,0,0,0,0,0.0,1,train,3,0.3333333333333333
vp_36520_case_001__w0000,vp_36520_case_001,0,0,0,0,0,0,0,0,0,0,0,0.0,1,validation,3,0.3333333333333333
vp_36520_case_001__w0001,vp_36520_case_001,0,0,0,0,0,0,0,1,0,0,0,1.0,1,validation,3,0.3333333333333333
vp_36520_case_001__w0002,vp_36520_case_001,0,0,0,0,0,0,0,1,0,0,0,0.0,1,validation,3,0.3333333333333333
vp_36520_case_007__w0000,vp_36520_case_007,0,0,0,0,0,0,0,0,0,0,0,0.0,1,train,5,0.2
vp_36520_case_007__w0001,vp_36520_case_007,0,0,0,0,0,0,0,0,0,0,0,0.0,1,train,5,0.2
vp_36520_case_007__w0002,vp_36520_case_007,0,0,0,0,0,0,0,0,0,0,0,0.0,1,train,5,0.2
vp_36520_case_007__w0003,vp_36520_case_007,0,0,0,0,0,0,0,0,0,0,0,0.0,1,train,5,0.2
vp_36520_case_007__w0004,vp_36520_case_007,0,0,0,0,0,0,0,0,0,0,0,0.0,1,train,5,0.2
vp_36521_case_001__w0000,vp_36521_case_001,0,0,0,0,0,0,0,0,0,0,0,0.0,1,train,15,0.06666666666666667
vp_36521_case_001__w0001,vp_36521_case_001,0,0,0,0,0,0,0,0,0,0,0,0.0,1,train,15,0.06666666666666667
vp_36521_case_001__w0002,vp_36521_case_001,0,0,0,0,0,0,0,0,0,0,0,0.0,1,train,15,0.06666666666666667
vp_36521_case_001__w0003,vp_36521_case_001,0,0,0,0,0,0,0,0,0,0,0,0.0,1,train,15,0.06666666666666667
vp_36521_case_001__w0004,vp_36521_case_001,0,0,0,0,0,0,0,1,0,0,0,1.0,1,train,15,0.06666666666666667
vp_36521_case_001__w0005,vp_36521_case_001,0,0,0,0,0,0,0,1,0,0,0,0.0,1,train,15,0.06666666666666667
vp_36521_case_001__w0006,vp_36521_case_001,0,0,0,0,0,0,0,0,0,0,0,-1.0,1,train,15,0.06666666666666667
vp_36521_case_001__w0007,vp_36521_case_001,0,0,0,0,0,0,0,0,0,0,0,0.0,1,train,15,0.06666666666666667
vp_36521_case_001__w0008,vp_36521_case_001,0,0,0,0,0,0,0,0,0,0,0,0.0,1,train,15,0.06666666666666667
vp_36521_case_001__w0009,vp_36521_case_001,0,0,0,0,0,0,0,0,0,0,0,0.0,1,train,15,0.06666666666666667
vp_36521_case_001__w0010,vp_36521_case_001,0,0,0,0,0,0,0,1,0,0,0,1.0,1,train,15,0.06666666666666667
vp_36521_case_001__w0011,vp_36521_case_001,0,0,0,0,0,0,0,1,0,0,0,0.0,1,train,15,0.06666666666666667
vp_36521_case_001__w0012,vp_36521_case_001,0,0,0,0,0,0,0,1,0,0,0,0.0,1,train,15,0.06666666666666667
vp_36521_case_001__w0013,vp_36521_case_001,0,0,0,0,0,0,0,1,0,0,0,0.0,1,train,15,0.06666666666666667
vp_36521_case_001__w0014,vp_36521_case_001,0,0,0,0,0,0,0,0,0,0,0,-1.0,1,train,15,0.06666666666666667
vp_36522_case_001__w0000,vp_36522_case_001,0,0,0,0,0,0,0,0,0,0,0,0.0,1,train,45,0.022222222222222223
vp_36522_case_001__w0001,vp_36522_case_001,0,0,0,0,0,0,0,0,0,0,0,0.0,1,train,45,0.022222222222222223
vp_36522_case_001__w0002,vp_36522_case_001,0,0,0,0,0,0,0,0,0,0,0,0.0,1,train,45,0.022222222222222223
vp_36522_case_001__w0003,vp_36522_case_001,0,0,0,0,0,0,0,1,0,0,0,1.0,1,train,45,0.022222222222222223
vp_36522_case_001__w0004,vp_36522_case_001,0,0,0,0,0,0,0,1,0,0,0,0.0,1,train,45,0.022222222222222223
vp_36522_case_001__w0005,vp_36522_case_001,0,0,0,0,0,0,0,1,0,0,0,0.0,1,train,45,0.022222222222222223
vp_36522_case_001__w0006,vp_36522_case_001,0,0,0,0,0,0,0,1,0,0,0,0.0,1,train,45,0.022222222222222223
vp_36522_case_001__w0007,vp_36522_case_001,0,0,0,0,0,0,0,1,0,0,0,0.0,1,train,45,0.022222222222222223
vp_36522_case_001__w0008,vp_36522_case_001,0,0,0,0,0,0,0,0,0,0,0,-1.0,1,train,45,0.022222222222222223
vp_36522_case_001__w0009,vp_36522_case_001,0,0,0,0,0,0,0,0,0,0,0,0.0,1,train,45,0.022222222222222223
vp_36522_case_001__w0010,vp_36522_case_001,0,0,0,0,0,0,0,0,0,0,0,0.0,1,train,45,0.022222222222222223
vp_36522_case_001__w0011,vp_36522_case_001,0,0,0,0,0,0,0,0,0,0,0,0.0,1,train,45,0.022222222222222223
vp_36522_case_001__w0012,vp_36522_case_001,0,0,0,0,0,0,0,0,0,0,0,0.0,1,train,45,0.022222222222222223
vp_36522_case_001__w0013,vp_36522_case_001,0,0,0,0,0,0,0,0,0,0,0,0.0,1,train,45,0.022222222222222223
vp_36522_case_001__w0014,vp_36522_case_001,0,0,0,0,0,0,0,0,0,0,0,0.0,1,train,45,0.022222222222222223
vp_36522_case_001__w0015,vp_36522_case_001,0,0,0,0,0,0,0,0,0,0,0,0.0,1,train,45,0.022222222222222223
vp_36522_case_001__w0016,vp_36522_case_001,0,0,0,0,0,0,0,0,0,0,0,0.0,1,train,45,0.022222222222222223
vp_36522_case_001__w0017,vp_36522_case_001,0,0,0,0,0,0,0,0,0,0,0,0.0,1,train,45,0.022222222222222223
vp_36522_case_001__w0018,vp_36522_case_001,0,0,0,0,0,0,0,0,0,0,0,0.0,1,train,45,0.022222222222222223
vp_36522_case_001__w0019,vp_36522_case_001,0,0,0,0,0,0,0,0,0,0,0,0.0,1,train,45,0.022222222222222223
vp_36522_case_001__w0020,vp_36522_case_001,0,0,0,0,0,0,0,0,0,0,0,0.0,1,train,45,0.022222222222222223
vp_36522_case_001__w0021,vp_36522_case_001,0,0,0,0,0,0,0,0,0,0,0,0.0,1,train,45,0.022222222222222223
vp_36522_case_001__w0022,vp_36522_case_001,0,0,0,0,0,0,0,0,0,0,0,0.0,1,train,45,0.022222222222222223
vp_36522_case_001__w0023,vp_36522_case_001,0,0,0,0,0,0,0,0,0,0,0,0.0,1,train,45,0.022222222222222223
vp_36522_case_001__w0024,vp_36522_case_001,0,0,0,0,0,0,0,0,0,0,0,0.0,1,train,45,0.022222222222222223
vp_36522_case_001__w0025,vp_36522_case_001,0,0,0,0,0,0,0,0,0,0,0,0.0,1,train,45,0.022222222222222223
vp_36522_case_001__w0026,vp_36522_case_001,0,0,0,0,0,0,0,0,0,0,0,0.0,1,train,45,0.022222222222222223
vp_36522_case_001__w0027,vp_36522_case_001,0,0,0,0,0,0,0,0,0,0,0,0.0,1,train,45,0.022222222222222223
vp_36522_case_001__w0028,vp_36522_case_001,0,0,0,0,0,0,0,0,0,0,0,0.0,1,train,45,0.022222222222222223
vp_36522_case_001__w0029,vp_36522_case_001,0,0,0,1,0,0,0,0,0,0,0,1.0,1,train,45,0.022222222222222223
vp_36522_case_001__w0030,vp_36522_case_001,0,0,0,0,0,0,0,0,0,0,0,-1.0,1,train,45,0.022222222222222223
vp_36522_case_001__w0031,vp_36522_case_001,0,0,0,0,0,0,0,0,0,0,0,0.0,1,train,45,0.022222222222222223
vp_36522_case_001__w0032,vp_36522_case_001,0,0,0,0,0,0,0,0,0,0,0,0.0,1,train,45,0.022222222222222223
vp_36522_case_001__w0033,vp_36522_case_001,0,0,0,0,0,0,0,0,0,0,0,0.0,1,train,45,0.022222222222222223
vp_36522_case_001__w0034,vp_36522_case_001,0,0,0,0,0,0,0,0,0,0,0,0.0,1,train,45,0.022222222222222223
vp_36522_case_001__w0035,vp_36522_case_001,0,0,0,0,0,0,0,0,0,0,0,0.0,1,train,45,0.022222222222222223
vp_36522_case_001__w0036,vp_36522_case_001,0,0,0,0,0,0,0,0,0,0,0,0.0,1,train,45,0.022222222222222223
vp_36522_case_001__w0037,vp_36522_case_001,0,0,0,0,0,0,0,0,0,0,0,0.0,1,train,45,0.022222222222222223
vp_36522_case_001__w0038,vp_36522_case_001,0,0,0,0,0,0,0,0,0,0,0,0.0,1,train,45,0.022222222222222223
vp_36522_case_001__w0039,vp_36522_case_001,0,0,0,0,0,0,0,0,0,0,0,0.0,1,train,45,0.022222222222222223
vp_36522_case_001__w0040,vp_36522_case_001,0,0,0,0,0,0,0,0,0,0,0,0.0,1,train,45,0.022222222222222223
vp_36522_case_001__w0041,vp_36522_case_001,0,0,0,0,0,0,0,0,0,0,0,0.0,1,train,45,0.022222222222222223
vp_36522_case_001__w0042,vp_36522_case_001,0,0,0,0,0,0,0,0,0,0,0,0.0,1,train,45,0.022222222222222223
vp_36522_case_001__w0043,vp_36522_case_001,0,0,0,0,0,0,0,0,0,0,0,0.0,1,train,45,0.022222222222222223
vp_36522_case_001__w0044,vp_36522_case_001,0,0,0,0,0,0,0,0,0,0,0,0.0,1,train,45,0.022222222222222223
vp_36524_case_001__w0000,vp_36524_case_001,0,0,0,0,0,0,0,0,0,0,0,0.0,1,train,2,0.5
vp_36524_case_001__w0001,vp_36524_case_001,0,0,0,0,0,0,0,0,0,0,0,0.0,1,train,2,0.5
vp_36525_case_001__w0000,vp_36525_case_001,0,0,0,0,0,0,0,0,0,0,0,0.0,1,test,2,0.5
vp_36525_case_001__w0001,vp_36525_case_001,0,0,0,0,0,0,0,0,0,0,0,0.0,1,test,2,0.5
vp_36527_case_001__w0000,vp_36527_case_001,0,0,0,0,0,0,0,0,0,0,0,0.0,1,train,3,0.3333333333333333
vp_36527_case_001__w0001,vp_36527_case_001,0,0,0,0,0,0,0,0,0,0,0,0.0,1,train,3,0.3333333333333333
vp_36527_case_001__w0002,vp_36527_case_001,0,0,0,0,0,0,0,0,0,0,0,0.0,1,train,3,0.3333333333333333
vp_36531_case_001__w0000,vp_36531_case_001,1,0,0,0,0,0,0,1,0,0,0,0.0,1,train,2,0.5
vp_36531_case_001__w0001,vp_36531_case_001,1,0,0,0,0,0,0,1,0,0,0,0.0,1,train,2,0.5
vp_36532_case_001__w0000,vp_36532_case_001,1,0,0,0,0,0,0,1,0,0,0,0.0,1,train,4,0.25
vp_36532_case_001__w0001,vp_36532_case_001,0,0,0,0,0,0,0,1,0,0,0,0.0,1,train,4,0.25
vp_36532_case_001__w0002,vp_36532_case_001,0,0,0,0,0,0,0,1,0,0,0,0.0,1,train,4,0.25
vp_36532_case_001__w0003,vp_36532_case_001,0,0,0,0,0,0,0,0,0,0,0,-1.0,1,train,4,0.25
vp_36536_case_001__w0000,vp_36536_case_001,0,1,0,0,0,0,0,1,0,0,0,0.0,1,train,3,0.3333333333333333
vp_36536_case_001__w0001,vp_36536_case_001,0,0,0,0,0,0,0,0,0,0,0,-1.0,1,train,3,0.3333333333333333
vp_36536_case_001__w0002,vp_36536_case_001,0,0,0,0,0,0,0,0,0,0,0,0.0,1,train,3,0.3333333333333333
vp_36539_case_001__w0000,vp_36539_case_001,0,0,0,0,0,0,0,0,0,0,0,0.0,1,train,2,0.5
vp_36539_case_001__w0001,vp_36539_case_001,0,0,0,0,0,0,0,0,0,0,0,0.0,1,train,2,0.5
vp_36540_case_001__w0000,vp_36540_case_001,0,0,0,0,0,0,0,0,0,0,0,0.0,1,train,1,1.0
vp_36541_case_001__w0000,vp_36541_case_001,0,0,0,0,0,0,0,0,0,0,0,0.0,1,train,1,1.0
vp_36542_case_001__w0000,vp_36542_case_001,0,0,0,0,0,0,0,0,0,0,0,0.0,1,train,1,1.0
vp_36547_case_001__w0000,vp_36547_case_001,1,0,0,0,0,0,0,1,0,0,0,0.0,1,train,4,0.25
vp_36547_case_001__w0001,vp_36547_case_001,0,0,0,0,0,0,0,0,0,0,0,-1.0,1,train,4,0.25
vp_36547_case_001__w0002,vp_36547_case_001,0,0,0,0,0,0,0,0,0,0,0,0.0,1,train,4,0.25
vp_36547_case_001__w0003,vp_36547_case_001,0,0,0,0,0,0,0,0,0,0,0,0.0,1,train,4,0.25
vp_36552_case_001__w0000,vp_36552_case_001,1,0,0,0,0,0,0,1,0,0,0,0.0,1,train,1,1.0
vp_36553_case_001__w0000,vp_36553_case_001,0,0,0,0,0,0,0,0,0,0,0,0.0,1,train,5,0.2
vp_36553_case_001__w0001,vp_36553_case_001,0,0,0,0,0,0,0,0,0,0,0,0.0,1,train,5,0.2
vp_36553_case_001__w0002,vp_36553_case_001,0,0,0,0,0,0,0,0,0,0,0,0.0,1,train,5,0.2
vp_36553_case_001__w0003,vp_36553_case_001,0,1,0,0,0,0,0,1,0,0,0,1.0,1,train,5,0.2
vp_36553_case_001__w0004,vp_36553_case_001,0,1,0,0,0,0,0,1,0,0,0,0.0,1,train,5,0.2
vp_36554_case_001__w0000,vp_36554_case_001,0,0,0,0,0,0,0,0,0,0,0,0.0,1,test,59,0.01694915254237288
vp_36554_case_001__w0001,vp_36554_case_001,0,0,0,0,0,0,0,0,0,0,0,0.0,1,test,59,0.01694915254237288
vp_36554_case_001__w0002,vp_36554_case_001,0,0,0,0,0,0,0,0,0,0,0,0.0,1,test,59,0.01694915254237288
vp_36554_case_001__w0003,vp_36554_case_001,0,0,0,0,0,0,0,0,0,0,0,0.0,1,test,59,0.01694915254237288
vp_36554_case_001__w0004,vp_36554_case_001,0,0,0,0,0,0,0,0,0,0,0,0.0,1,test,59,0.01694915254237288
vp_36554_case_001__w0005,vp_36554_case_001,0,0,0,0,0,0,0,0,0,0,0,0.0,1,test,59,0.01694915254237288
vp_36554_case_001__w0006,vp_36554_case_001,0,0,0,0,0,0,0,0,0,0,0,0.0,1,test,59,0.01694915254237288
vp_36554_case_001__w0007,vp_36554_case_001,0,0,0,0,0,0,0,0,0,0,0,0.0,1,test,59,0.01694915254237288
vp_36554_case_001__w0008,vp_36554_case_001,0,0,0,0,0,0,0,0,0,0,0,0.0,1,test,59,0.01694915254237288
vp_36554_case_001__w0009,vp_36554_case_001,0,0,0,0,0,0,0,0,0,0,0,0.0,1,test,59,0.01694915254237288
vp_36554_case_001__w0010,vp_36554_case_001,0,0,0,0,0,0,0,0,0,0,0,0.0,1,test,59,0.01694915254237288
vp_36554_case_001__w0011,vp_36554_case_001,0,0,0,0,0,0,0,0,0,0,0,0.0,1,test,59,0.01694915254237288
vp_36554_case_001__w0012,vp_36554_case_001,0,0,0,0,0,0,0,0,0,0,0,0.0,1,test,59,0.01694915254237288
vp_36554_case_001__w0013,vp_36554_case_001,0,0,0,0,0,0,0,0,0,0,0,0.0,1,test,59,0.01694915254237288
vp_36554_case_001__w0014,vp_36554_case_001,0,0,0,0,0,0,0,0,0,0,0,0.0,1,test,59,0.01694915254237288
vp_36554_case_001__w0015,vp_36554_case_001,0,0,0,0,0,0,0,0,0,0,0,0.0,1,test,59,0.01694915254237288
vp_36554_case_001__w0016,vp_36554_case_001,0,0,0,0,0,0,0,0,0,0,0,0.0,1,test,59,0.01694915254237288
vp_36554_case_001__w0017,vp_36554_case_001,0,0,0,0,0,0,0,0,0,0,0,0.0,1,test,59,0.01694915254237288
vp_36554_case_001__w0018,vp_36554_case_001,0,0,0,0,0,0,0,0,0,0,0,0.0,1,test,59,0.01694915254237288
vp_36554_case_001__w0019,vp_36554_case_001,0,0,0,0,0,0,0,0,0,0,0,0.0,1,test,59,0.01694915254237288
vp_36554_case_001__w0020,vp_36554_case_001,0,0,0,0,0,0,0,0,0,0,0,0.0,1,test,59,0.01694915254237288
vp_36554_case_001__w0021,vp_36554_case_001,0,0,0,0,0,0,0,0,0,0,0,0.0,1,test,59,0.01694915254237288
vp_36554_case_001__w0022,vp_36554_case_001,0,0,0,0,0,0,0,0,0,0,0,0.0,1,test,59,0.01694915254237288
vp_36554_case_001__w0023,vp_36554_case_001,0,0,0,0,0,0,0,0,0,0,0,0.0,1,test,59,0.01694915254237288
vp_36554_case_001__w0024,vp_36554_case_001,0,0,0,0,0,0,0,0,0,0,0,0.0,1,test,59,0.01694915254237288
vp_36554_case_001__w0025,vp_36554_case_001,0,0,0,0,0,0,0,0,0,0,0,0.0,1,test,59,0.01694915254237288
vp_36554_case_001__w0026,vp_36554_case_001,0,0,0,0,0,0,0,0,0,0,0,0.0,1,test,59,0.01694915254237288
vp_36554_case_001__w0027,vp_36554_case_001,0,0,0,0,0,0,0,0,0,0,0,0.0,1,test,59,0.01694915254237288
vp_36554_case_001__w0028,vp_36554_case_001,0,0,0,0,0,0,0,0,0,0,0,0.0,1,test,59,0.01694915254237288
vp_36554_case_001__w0029,vp_36554_case_001,0,0,0,0,0,0,0,0,0,0,0,0.0,1,test,59,0.01694915254237288
vp_36554_case_001__w0030,vp_36554_case_001,0,0,0,0,0,0,0,0,0,0,0,0.0,1,test,59,0.01694915254237288
vp_36554_case_001__w0031,vp_36554_case_001,0,0,0,0,0,0,0,0,0,0,0,0.0,1,test,59,0.01694915254237288
vp_36554_case_001__w0032,vp_36554_case_001,0,0,0,0,0,0,0,0,0,0,0,0.0,1,test,59,0.01694915254237288
vp_36554_case_001__w0033,vp_36554_case_001,0,0,0,0,0,0,0,0,0,0,0,0.0,1,test,59,0.01694915254237288
vp_36554_case_001__w0034,vp_36554_case_001,0,0,0,0,0,0,0,0,0,0,0,0.0,1,test,59,0.01694915254237288
vp_36554_case_001__w0035,vp_36554_case_001,0,0,0,0,0,0,0,0,0,0,0,0.0,1,test,59,0.01694915254237288
vp_36554_case_001__w0036,vp_36554_case_001,0,0,0,0,0,0,0,0,0,0,0,0.0,1,test,59,0.01694915254237288
vp_36554_case_001__w0037,vp_36554_case_001,0,0,0,0,0,0,0,0,0,0,0,0.0,1,test,59,0.01694915254237288
vp_36554_case_001__w0038,vp_36554_case_001,0,0,0,0,0,0,0,0,0,0,0,0.0,1,test,59,0.01694915254237288
vp_36554_case_001__w0039,vp_36554_case_001,0,0,0,0,0,0,0,0,0,0,0,0.0,1,test,59,0.01694915254237288
vp_36554_case_001__w0040,vp_36554_case_001,0,0,0,0,0,0,0,0,0,0,0,0.0,1,test,59,0.01694915254237288
vp_36554_case_001__w0041,vp_36554_case_001,0,0,0,0,0,0,0,0,0,0,0,0.0,1,test,59,0.01694915254237288
vp_36554_case_001__w0042,vp_36554_case_001,0,0,0,0,0,0,0,0,0,0,0,0.0,1,test,59,0.01694915254237288
vp_36554_case_001__w0043,vp_36554_case_001,0,0,0,0,0,0,0,0,0,0,0,0.0,1,test,59,0.01694915254237288
vp_36554_case_001__w0044,vp_36554_case_001,0,0,0,0,0,0,0,0,0,0,0,0.0,1,test,59,0.01694915254237288
vp_36554_case_001__w0045,vp_36554_case_001,0,0,0,0,0,0,0,0,0,0,0,0.0,1,test,59,0.01694915254237288
vp_36554_case_001__w0046,vp_36554_case_001,0,0,0,0,0,0,0,0,0,0,0,0.0,1,test,59,0.01694915254237288
vp_36554_case_001__w0047,vp_36554_case_001,0,0,0,0,0,0,0,0,0,0,0,0.0,1,test,59,0.01694915254237288
vp_36554_case_001__w0048,vp_36554_case_001,0,0,0,0,0,0,0,0,0,0,0,0.0,1,test,59,0.01694915254237288
vp_36554_case_001__w0049,vp_36554_case_001,0,0,0,0,0,0,0,0,0,0,0,0.0,1,test,59,0.01694915254237288
vp_36554_case_001__w0050,vp_36554_case_001,0,0,0,0,0,0,0,0,0,0,0,0.0,1,test,59,0.01694915254237288
vp_36554_case_001__w0051,vp_36554_case_001,0,0,0,0,0,0,0,0,0,0,0,0.0,1,test,59,0.01694915254237288
vp_36554_case_001__w0052,vp_36554_case_001,0,0,0,0,0,0,0,0,0,0,0,0.0,1,test,59,0.01694915254237288
vp_36554_case_001__w0053,vp_36554_case_001,0,0,0,0,0,0,0,0,0,0,0,0.0,1,test,59,0.01694915254237288
vp_36554_case_001__w0054,vp_36554_case_001,0,0,0,0,0,0,0,0,0,0,0,0.0,1,test,59,0.01694915254237288
vp_36554_case_001__w0055,vp_36554_case_001,0,0,0,0,0,0,0,0,0,0,0,0.0,1,test,59,0.01694915254237288
vp_36554_case_001__w0056,vp_36554_case_001,0,0,0,0,0,0,0,0,0,0,0,0.0,1,test,59,0.01694915254237288
vp_36554_case_001__w0057,vp_36554_case_001,0,0,0,0,0,0,0,0,0,0,0,0.0,1,test,59,0.01694915254237288
vp_36554_case_001__w0058,vp_36554_case_001,0,0,0,0,0,0,0,0,0,0,0,0.0,1,test,59,0.01694915254237288
vp_36555_case_001__w0000,vp_36555_case_001,0,0,0,0,0,0,0,0,0,0,0,0.0,1,train,3,0.3333333333333333
vp_36555_case_001__w0001,vp_36555_case_001,0,0,0,0,0,0,0,0,0,0,0,0.0,1,train,3,0.3333333333333333
vp_36555_case_001__w0002,vp_36555_case_001,0,0,0,0,0,0,0,0,0,0,0,0.0,1,train,3,0.3333333333333333
vp_36567_case_001__w0000,vp_36567_case_001,0,0,0,0,0,0,0,0,0,0,0,0.0,1,test,12,0.08333333333333333
vp_36567_case_001__w0001,vp_36567_case_001,0,0,0,0,0,0,0,0,0,0,0,0.0,1,test,12,0.08333333333333333
vp_36567_case_001__w0002,vp_36567_case_001,0,0,0,0,0,0,0,0,0,0,0,0.0,1,test,12,0.08333333333333333
vp_36567_case_001__w0003,vp_36567_case_001,0,0,0,0,0,0,0,0,0,0,0,0.0,1,test,12,0.08333333333333333
vp_36567_case_001__w0004,vp_36567_case_001,0,0,0,0,0,0,0,0,0,0,0,0.0,1,test,12,0.08333333333333333
vp_36567_case_001__w0005,vp_36567_case_001,0,0,0,0,0,0,0,0,0,0,0,0.0,1,test,12,0.08333333333333333
vp_36567_case_001__w0006,vp_36567_case_001,0,0,0,0,0,0,0,0,0,0,0,0.0,1,test,12,0.08333333333333333
vp_36567_case_001__w0007,vp_36567_case_001,0,0,0,0,0,0,0,0,0,0,0,0.0,1,test,12,0.08333333333333333
vp_36567_case_001__w0008,vp_36567_case_001,0,0,0,0,0,0,0,0,1,0,0,1.0,1,test,12,0.08333333333333333
vp_36567_case_001__w0009,vp_36567_case_001,0,0,0,0,0,0,0,0,1,0,0,0.0,1,test,12,0.08333333333333333
vp_36567_case_001__w0010,vp_36567_case_001,0,0,0,0,0,0,0,0,0,0,0,-1.0,1,test,12,0.08333333333333333
vp_36567_case_001__w0011,vp_36567_case_001,0,0,0,0,0,0,0,0,0,0,0,0.0,1,test,12,0.08333333333333333
vp_36568_case_001__w0000,vp_36568_case_001,1,1,1,0,0,0,0,2,0,1,0,0.0,1,train,2,0.5
vp_36568_case_001__w0001,vp_36568_case_001,1,1,1,0,0,0,0,2,0,1,0,0.0,1,train,2,0.5
vp_36577_case_001__w0000,vp_36577_case_001,0,0,0,0,0,0,0,0,0,0,0,0.0,1,test,6,0.16666666666666666
vp_36577_case_001__w0001,vp_36577_case_001,0,0,0,0,0,0,0,0,0,0,0,0.0,1,test,6,0.16666666666666666
vp_36577_case_001__w0002,vp_36577_case_001,0,0,0,0,0,0,0,0,0,0,0,0.0,1,test,6,0.16666666666666666
vp_36577_case_001__w0003,vp_36577_case_001,0,0,0,0,0,0,0,0,0,0,0,0.0,1,test,6,0.16666666666666666
vp_36577_case_001__w0004,vp_36577_case_001,0,0,0,0,0,0,0,0,0,0,0,0.0,1,test,6,0.16666666666666666
vp_36577_case_001__w0005,vp_36577_case_001,0,0,0,0,0,0,0,0,0,0,0,0.0,1,test,6,0.16666666666666666
vp_36578_case_001__w0000,vp_36578_case_001,0,0,0,0,0,0,0,0,0,0,0,0.0,1,train,6,0.16666666666666666
vp_36578_case_001__w0001,vp_36578_case_001,0,0,0,0,0,0,0,0,0,0,0,0.0,1,train,6,0.16666666666666666
vp_36578_case_001__w0002,vp_36578_case_001,0,0,0,0,0,0,0,0,0,0,0,0.0,1,train,6,0.16666666666666666
vp_36578_case_001__w0003,vp_36578_case_001,0,0,0,0,0,0,0,0,0,0,0,0.0,1,train,6,0.16666666666666666
vp_36578_case_001__w0004,vp_36578_case_001,0,0,0,0,0,0,0,1,1,0,0,2.0,1,train,6,0.16666666666666666
vp_36578_case_001__w0005,vp_36578_case_001,0,0,0,0,0,0,0,1,1,0,0,0.0,1,train,6,0.16666666666666666
vp_36578_case_002__w0000,vp_36578_case_002,0,1,0,0,0,0,0,2,0,0,0,0.0,1,train,7,0.14285714285714285
vp_36578_case_002__w0001,vp_36578_case_002,0,1,0,0,0,0,0,2,0,0,0,0.0,1,train,7,0.14285714285714285
vp_36578_case_002__w0002,vp_36578_case_002,0,1,0,0,0,0,0,2,0,0,0,0.0,1,train,7,0.14285714285714285
vp_36578_case_002__w0003,vp_36578_case_002,0,1,0,0,0,0,0,2,0,0,0,0.0,1,train,7,0.14285714285714285
vp_36578_case_002__w0004,vp_36578_case_002,0,0,0,0,0,0,0,0,0,0,0,-2.0,1,train,7,0.14285714285714285
vp_36578_case_002__w0005,vp_36578_case_002,0,0,0,0,0,0,0,0,0,0,0,0.0,1,train,7,0.14285714285714285
vp_36578_case_002__w0006,vp_36578_case_002,0,0,0,0,0,0,0,0,0,0,0,0.0,1,train,7,0.14285714285714285
vp_36579_case_001__w0000,vp_36579_case_001,0,0,0,0,0,0,0,0,0,0,0,0.0,1,train,74,0.013513513513513514
vp_36579_case_001__w0001,vp_36579_case_001,0,0,0,0,0,0,0,1,0,0,0,1.0,1,train,74,0.013513513513513514
vp_36579_case_001__w0002,vp_36579_case_001,0,0,0,0,0,0,0,1,0,0,0,0.0,1,train,74,0.013513513513513514
vp_36579_case_001__w0003,vp_36579_case_001,0,0,0,0,0,0,0,0,0,0,0,-1.0,1,train,74,0.013513513513513514
vp_36579_case_001__w0004,vp_36579_case_001,0,0,0,0,0,0,0,0,0,0,0,0.0,1,train,74,0.013513513513513514
vp_36579_case_001__w0005,vp_36579_case_001,0,0,0,0,0,0,0,0,0,0,0,0.0,1,train,74,0.013513513513513514
vp_36579_case_001__w0006,vp_36579_case_001,0,0,0,0,0,0,0,0,0,0,0,0.0,1,train,74,0.013513513513513514
vp_36579_case_001__w0007,vp_36579_case_001,0,0,0,0,0,0,0,0,0,0,0,0.0,1,train,74,0.013513513513513514
vp_36579_case_001__w0008,vp_36579_case_001,0,0,0,0,0,0,0,0,0,0,0,0.0,1,train,74,0.013513513513513514
vp_36579_case_001__w0009,vp_36579_case_001,0,0,0,0,0,0,0,0,0,0,0,0.0,1,train,74,0.013513513513513514
vp_36579_case_001__w0010,vp_36579_case_001,0,0,0,0,0,0,0,0,0,0,0,0.0,1,train,74,0.013513513513513514
vp_36579_case_001__w0011,vp_36579_case_001,0,0,0,0,0,0,0,0,0,0,0,0.0,1,train,74,0.013513513513513514
vp_36579_case_001__w0012,vp_36579_case_001,0,0,0,0,0,0,0,0,0,0,0,0.0,1,train,74,0.013513513513513514
vp_36579_case_001__w0013,vp_36579_case_001,0,0,0,0,0,0,0,0,0,0,0,0.0,1,train,74,0.013513513513513514
vp_36579_case_001__w0014,vp_36579_case_001,0,0,0,0,0,0,0,0,0,0,0,0.0,1,train,74,0.013513513513513514
vp_36579_case_001__w0015,vp_36579_case_001,0,0,0,0,0,0,0,0,0,0,0,0.0,1,train,74,0.013513513513513514
vp_36579_case_001__w0016,vp_36579_case_001,0,0,0,0,0,0,0,0,0,0,0,0.0,1,train,74,0.013513513513513514
vp_36579_case_001__w0017,vp_36579_case_001,0,0,0,0,0,0,0,0,0,0,0,0.0,1,train,74,0.013513513513513514
vp_36579_case_001__w0018,vp_36579_case_001,0,0,0,0,0,0,0,0,0,0,0,0.0,1,train,74,0.013513513513513514
vp_36579_case_001__w0019,vp_36579_case_001,0,0,0,0,0,0,0,0,0,0,0,0.0,1,train,74,0.013513513513513514
vp_36579_case_001__w0020,vp_36579_case_001,0,0,0,0,0,0,0,0,0,0,0,0.0,1,train,74,0.013513513513513514
vp_36579_case_001__w0021,vp_36579_case_001,0,0,0,0,0,0,0,0,0,0,0,0.0,1,train,74,0.013513513513513514
vp_36579_case_001__w0022,vp_36579_case_001,0,0,0,0,0,0,0,0,0,0,0,0.0,1,train,74,0.013513513513513514
vp_36579_case_001__w0023,vp_36579_case_001,0,0,0,0,0,0,0,0,0,0,0,0.0,1,train,74,0.013513513513513514
vp_36579_case_001__w0024,vp_36579_case_001,0,0,0,0,0,0,0,0,0,0,0,0.0,1,train,74,0.013513513513513514
vp_36579_case_001__w0025,vp_36579_case_001,0,0,0,0,0,0,0,0,0,0,0,0.0,1,train,74,0.013513513513513514
vp_36579_case_001__w0026,vp_36579_case_001,0,0,0,0,0,0,0,0,0,0,0,0.0,1,train,74,0.013513513513513514
vp_36579_case_001__w0027,vp_36579_case_001,0,0,0,0,0,0,0,0,0,0,0,0.0,1,train,74,0.013513513513513514
vp_36579_case_001__w0028,vp_36579_case_001,0,0,0,0,0,0,0,0,0,0,0,0.0,1,train,74,0.013513513513513514
vp_36579_case_001__w0029,vp_36579_case_001,0,0,0,0,0,0,0,0,0,0,0,0.0,1,train,74,0.013513513513513514
vp_36579_case_001__w0030,vp_36579_case_001,0,0,0,0,0,0,0,0,0,0,0,0.0,1,train,74,0.013513513513513514
vp_36579_case_001__w0031,vp_36579_case_001,0,0,0,0,0,0,0,0,0,0,0,0.0,1,train,74,0.013513513513513514
vp_36579_case_001__w0032,vp_36579_case_001,0,0,0,0,0,0,0,0,0,0,0,0.0,1,train,74,0.013513513513513514
vp_36579_case_001__w0033,vp_36579_case_001,0,0,0,0,0,0,0,0,0,0,0,0.0,1,train,74,0.013513513513513514
vp_36579_case_001__w0034,vp_36579_case_001,0,0,0,0,0,0,0,0,0,0,0,0.0,1,train,74,0.013513513513513514
vp_36579_case_001__w0035,vp_36579_case_001,0,0,0,0,0,0,0,0,0,0,0,0.0,1,train,74,0.013513513513513514
vp_36579_case_001__w0036,vp_36579_case_001,0,0,0,0,0,0,0,0,0,0,0,0.0,1,train,74,0.013513513513513514
vp_36579_case_001__w0037,vp_36579_case_001,0,0,0,0,0,0,0,0,0,0,0,0.0,1,train,74,0.013513513513513514
vp_36579_case_001__w0038,vp_36579_case_001,0,0,0,0,0,0,0,0,0,0,0,0.0,1,train,74,0.013513513513513514
vp_36579_case_001__w0039,vp_36579_case_001,0,0,0,0,0,0,0,0,0,0,0,0.0,1,train,74,0.013513513513513514
vp_36579_case_001__w0040,vp_36579_case_001,0,0,0,0,0,0,0,0,0,0,0,0.0,1,train,74,0.013513513513513514
vp_36579_case_001__w0041,vp_36579_case_001,0,0,0,0,0,0,0,0,0,0,0,0.0,1,train,74,0.013513513513513514
vp_36579_case_001__w0042,vp_36579_case_001,0,0,0,0,0,0,0,0,0,0,0,0.0,1,train,74,0.013513513513513514
vp_36579_case_001__w0043,vp_36579_case_001,0,0,0,0,0,0,0,0,0,0,0,0.0,1,train,74,0.013513513513513514
vp_36579_case_001__w0044,vp_36579_case_001,0,0,0,0,0,0,0,0,0,0,0,0.0,1,train,74,0.013513513513513514
vp_36579_case_001__w0045,vp_36579_case_001,0,0,0,0,0,0,0,0,0,0,0,0.0,1,train,74,0.013513513513513514
vp_36579_case_001__w0046,vp_36579_case_001,0,0,0,0,0,0,0,0,0,0,0,0.0,1,train,74,0.013513513513513514
vp_36579_case_001__w0047,vp_36579_case_001,0,0,0,0,0,0,0,0,0,0,0,0.0,1,train,74,0.013513513513513514
vp_36579_case_001__w0048,vp_36579_case_001,0,0,0,0,0,0,0,0,0,0,0,0.0,1,train,74,0.013513513513513514
vp_36579_case_001__w0049,vp_36579_case_001,0,0,0,0,0,0,0,0,0,0,0,0.0,1,train,74,0.013513513513513514
vp_36579_case_001__w0050,vp_36579_case_001,0,0,0,0,0,0,0,0,0,0,0,0.0,1,train,74,0.013513513513513514
vp_36579_case_001__w0051,vp_36579_case_001,0,0,0,0,0,0,0,0,0,0,0,0.0,1,train,74,0.013513513513513514
vp_36579_case_001__w0052,vp_36579_case_001,0,0,0,0,0,0,0,0,0,0,0,0.0,1,train,74,0.013513513513513514
vp_36579_case_001__w0053,vp_36579_case_001,0,0,0,0,0,0,0,0,0,0,0,0.0,1,train,74,0.013513513513513514
vp_36579_case_001__w0054,vp_36579_case_001,0,0,0,0,0,0,0,0,0,0,0,0.0,1,train,74,0.013513513513513514
vp_36579_case_001__w0055,vp_36579_case_001,0,0,0,0,0,0,0,0,0,0,0,0.0,1,train,74,0.013513513513513514
vp_36579_case_001__w0056,vp_36579_case_001,0,0,0,0,0,0,0,0,0,0,0,0.0,1,train,74,0.013513513513513514
vp_36579_case_001__w0057,vp_36579_case_001,0,0,0,0,0,0,0,0,0,0,0,0.0,1,train,74,0.013513513513513514
vp_36579_case_001__w0058,vp_36579_case_001,0,0,0,0,0,0,0,0,0,0,0,0.0,1,train,74,0.013513513513513514
vp_36579_case_001__w0059,vp_36579_case_001,0,0,0,0,0,0,0,0,0,0,0,0.0,1,train,74,0.013513513513513514
vp_36579_case_001__w0060,vp_36579_case_001,0,0,0,0,0,0,0,0,0,0,0,0.0,1,train,74,0.013513513513513514
vp_36579_case_001__w0061,vp_36579_case_001,0,0,0,0,0,0,0,0,0,0,0,0.0,1,train,74,0.013513513513513514
vp_36579_case_001__w0062,vp_36579_case_001,0,0,0,0,0,0,0,0,0,0,0,0.0,1,train,74,0.013513513513513514
vp_36579_case_001__w0063,vp_36579_case_001,0,0,0,0,0,0,0,0,0,0,0,0.0,1,train,74,0.013513513513513514
vp_36579_case_001__w0064,vp_36579_case_001,0,0,0,0,0,0,0,0,0,0,0,0.0,1,train,74,0.013513513513513514
vp_36579_case_001__w0065,vp_36579_case_001,0,0,0,0,0,0,0,0,0,0,0,0.0,1,train,74,0.013513513513513514
vp_36579_case_001__w0066,vp_36579_case_001,0,0,0,0,0,0,0,0,0,0,0,0.0,1,train,74,0.013513513513513514
vp_36579_case_001__w0067,vp_36579_case_001,0,0,0,0,0,0,0,0,0,0,0,0.0,1,train,74,0.013513513513513514
vp_36579_case_001__w0068,vp_36579_case_001,0,0,0,0,0,0,0,0,0,0,0,0.0,1,train,74,0.013513513513513514
vp_36579_case_001__w0069,vp_36579_case_001,0,0,0,0,0,0,0,0,0,0,0,0.0,1,train,74,0.013513513513513514
vp_36579_case_001__w0070,vp_36579_case_001,0,0,0,0,0,0,0,0,0,0,0,0.0,1,train,74,0.013513513513513514
vp_36579_case_001__w0071,vp_36579_case_001,0,0,0,0,0,0,0,0,0,0,0,0.0,1,train,74,0.013513513513513514
vp_36579_case_001__w0072,vp_36579_case_001,0,0,0,0,0,0,0,0,0,0,0,0.0,1,train,74,0.013513513513513514
vp_36579_case_001__w0073,vp_36579_case_001,0,0,0,0,0,0,0,0,0,0,0,0.0,1,train,74,0.013513513513513514
vp_36580_case_001__w0000,vp_36580_case_001,0,0,0,0,0,0,0,0,0,0,0,0.0,1,train,10,0.1
vp_36580_case_001__w0001,vp_36580_case_001,0,0,0,0,0,0,0,0,0,0,0,0.0,1,train,10,0.1
vp_36580_case_001__w0002,vp_36580_case_001,0,0,0,0,0,0,0,0,0,0,0,0.0,1,train,10,0.1
vp_36580_case_001__w0003,vp_36580_case_001,0,0,0,0,0,0,0,0,0,0,0,0.0,1,train,10,0.1
vp_36580_case_001__w0004,vp_36580_case_001,0,0,0,0,0,0,0,0,0,0,0,0.0,1,train,10,0.1
vp_36580_case_001__w0005,vp_36580_case_001,0,0,0,0,0,0,0,0,0,0,0,0.0,1,train,10,0.1
vp_36580_case_001__w0006,vp_36580_case_001,0,0,0,0,0,0,0,0,0,0,0,0.0,1,train,10,0.1
vp_36580_case_001__w0007,vp_36580_case_001,0,0,0,0,0,0,0,0,0,0,0,0.0,1,train,10,0.1
vp_36580_case_001__w0008,vp_36580_case_001,0,0,0,0,0,0,0,0,0,0,0,0.0,1,train,10,0.1
vp_36580_case_001__w0009,vp_36580_case_001,0,0,0,0,0,0,0,0,0,0,0,0.0,1,train,10,0.1
vp_36582_case_001__w0000,vp_36582_case_001,0,0,0,0,0,0,0,0,0,0,0,0.0,1,train,9,0.1111111111111111
vp_36582_case_001__w0001,vp_36582_case_001,0,0,0,0,0,0,0,0,0,0,0,0.0,1,train,9,0.1111111111111111
vp_36582_case_001__w0002,vp_36582_case_001,0,0,0,0,0,0,0,1,0,0,0,1.0,1,train,9,0.1111111111111111
vp_36582_case_001__w0003,vp_36582_case_001,0,0,0,0,0,0,0,1,0,0,0,0.0,1,train,9,0.1111111111111111
vp_36582_case_001__w0004,vp_36582_case_001,0,0,0,0,0,0,0,0,0,0,0,-1.0,1,train,9,0.1111111111111111
vp_36582_case_001__w0005,vp_36582_case_001,0,0,0,0,0,0,0,0,0,0,0,0.0,1,train,9,0.1111111111111111
vp_36582_case_001__w0006,vp_36582_case_001,0,0,0,0,0,0,0,0,0,0,0,0.0,1,train,9,0.1111111111111111
vp_36582_case_001__w0007,vp_36582_case_001,0,0,0,0,0,0,0,0,0,0,0,0.0,1,train,9,0.1111111111111111
vp_36582_case_001__w0008,vp_36582_case_001,0,0,0,0,0,0,0,0,0,0,0,0.0,1,train,9,0.1111111111111111
vp_36583_case_001__w0000,vp_36583_case_001,0,0,0,0,0,0,0,1,1,0,0,0.0,1,train,5,0.2
vp_36583_case_001__w0001,vp_36583_case_001,0,0,0,0,0,0,0,0,0,0,0,-2.0,1,train,5,0.2
vp_36583_case_001__w0002,vp_36583_case_001,0,0,0,0,0,0,0,0,0,0,0,0.0,1,train,5,0.2
vp_36583_case_001__w0003,vp_36583_case_001,0,0,0,0,0,0,0,0,0,0,0,0.0,1,train,5,0.2
vp_36583_case_001__w0004,vp_36583_case_001,0,0,0,0,0,0,0,0,0,0,0,0.0,1,train,5,0.2
vp_36583_case_002__w0000,vp_36583_case_002,0,0,0,0,0,0,0,0,0,0,0,0.0,1,train,8,0.125
vp_36583_case_002__w0001,vp_36583_case_002,0,0,0,0,0,0,0,0,0,0,0,0.0,1,train,8,0.125
vp_36583_case_002__w0002,vp_36583_case_002,0,0,0,0,0,0,0,0,0,0,0,0.0,1,train,8,0.125
vp_36583_case_002__w0003,vp_36583_case_002,0,0,0,0,0,0,0,0,0,0,0,0.0,1,train,8,0.125
vp_36583_case_002__w0004,vp_36583_case_002,0,0,0,0,0,0,0,0,0,0,0,0.0,1,train,8,0.125
vp_36583_case_002__w0005,vp_36583_case_002,0,0,0,0,0,0,0,1,0,0,0,1.0,1,train,8,0.125
vp_36583_case_002__w0006,vp_36583_case_002,0,0,0,0,0,0,0,1,0,0,0,0.0,1,train,8,0.125
vp_36583_case_002__w0007,vp_36583_case_002,0,0,0,0,0,0,0,0,0,0,0,-1.0,1,train,8,0.125
vp_36584_case_001__w0000,vp_36584_case_001,0,0,0,0,0,0,0,0,0,0,0,0.0,1,train,1,1.0
vp_36584_case_002__w0000,vp_36584_case_002,0,0,0,0,0,0,0,0,0,0,0,0.0,1,train,21,0.047619047619047616
vp_36584_case_002__w0001,vp_36584_case_002,0,0,0,0,0,0,0,0,0,0,0,0.0,1,train,21,0.047619047619047616
vp_36584_case_002__w0002,vp_36584_case_002,1,0,0,0,0,0,0,1,0,0,0,1.0,1,train,21,0.047619047619047616
vp_36584_case_002__w0003,vp_36584_case_002,1,0,0,0,0,0,0,1,0,0,0,0.0,1,train,21,0.047619047619047616
vp_36584_case_002__w0004,vp_36584_case_002,1,0,0,0,0,0,0,1,0,0,0,0.0,1,train,21,0.047619047619047616
vp_36584_case_002__w0005,vp_36584_case_002,1,1,0,0,0,0,0,2,0,0,0,1.0,1,train,21,0.047619047619047616
vp_36584_case_002__w0006,vp_36584_case_002,0,1,0,0,1,0,0,2,0,0,0,0.0,1,train,21,0.047619047619047616
vp_36584_case_002__w0007,vp_36584_case_002,0,0,0,0,1,0,0,2,1,0,0,1.0,1,train,21,0.047619047619047616
vp_36584_case_002__w0008,vp_36584_case_002,0,0,0,0,0,0,0,1,1,0,0,-1.0,1,train,21,0.047619047619047616
vp_36584_case_002__w0009,vp_36584_case_002,0,0,0,0,0,0,0,0,0,0,0,-2.0,1,train,21,0.047619047619047616
vp_36584_case_002__w0010,vp_36584_case_002,0,0,0,0,0,0,0,0,0,0,0,0.0,1,train,21,0.047619047619047616
vp_36584_case_002__w0011,vp_36584_case_002,0,0,0,0,0,0,0,0,0,0,0,0.0,1,train,21,0.047619047619047616
vp_36584_case_002__w0012,vp_36584_case_002,0,0,0,0,0,0,0,0,0,0,0,0.0,1,train,21,0.047619047619047616
vp_36584_case_002__w0013,vp_36584_case_002,0,0,0,0,0,0,0,0,0,0,0,0.0,1,train,21,0.047619047619047616
vp_36584_case_002__w0014,vp_36584_case_002,0,0,0,0,0,0,0,0,0,0,0,0.0,1,train,21,0.047619047619047616
vp_36584_case_002__w0015,vp_36584_case_002,0,0,0,0,0,0,0,0,0,0,0,0.0,1,train,21,0.047619047619047616
vp_36584_case_002__w0016,vp_36584_case_002,0,0,0,0,0,0,0,0,0,0,0,0.0,1,train,21,0.047619047619047616
vp_36584_case_002__w0017,vp_36584_case_002,0,0,0,0,0,0,0,0,0,0,0,0.0,1,train,21,0.047619047619047616
vp_36584_case_002__w0018,vp_36584_case_002,0,0,0,0,0,0,0,0,0,0,0,0.0,1,train,21,0.047619047619047616
vp_36584_case_002__w0019,vp_36584_case_002,0,0,0,0,0,0,0,0,0,0,0,0.0,1,train,21,0.047619047619047616
vp_36584_case_002__w0020,vp_36584_case_002,0,0,0,0,0,0,0,0,0,0,0,0.0,1,train,21,0.047619047619047616
vp_36584_case_003__w0000,vp_36584_case_003,0,0,0,0,0,0,0,0,0,0,0,0.0,1,validation,1,1.0
vp_36584_case_004__w0000,vp_36584_case_004,0,0,0,0,0,0,0,0,0,0,0,0.0,1,train,5,0.2
vp_36584_case_004__w0001,vp_36584_case_004,0,0,0,0,0,0,0,0,0,0,0,0.0,1,train,5,0.2
vp_36584_case_004__w0002,vp_36584_case_004,0,0,0,0,0,0,0,0,0,0,0,0.0,1,train,5,0.2
vp_36584_case_004__w0003,vp_36584_case_004,0,0,0,0,0,0,0,0,0,0,0,0.0,1,train,5,0.2
vp_36584_case_004__w0004,vp_36584_case_004,0,0,0,0,0,0,0,0,0,0,0,0.0,1,train,5,0.2
vp_36585_case_001__w0000,vp_36585_case_001,0,0,0,0,0,0,0,1,0,0,0,0.0,1,train,3,0.3333333333333333
vp_36585_case_001__w0001,vp_36585_case_001,0,0,0,0,0,0,0,0,0,0,0,0.0,1,train,3,0.3333333333333333
vp_36585_case_001__w0002,vp_36585_case_001,0,0,0,0,0,0,0,0,0,0,0,0.0,1,train,3,0.3333333333333333
vp_36586_case_001__w0000,vp_36586_case_001,0,0,0,0,0,0,0,0,0,0,0,0.0,1,train,21,0.047619047619047616
vp_36586_case_001__w0001,vp_36586_case_001,0,0,0,0,0,0,0,0,0,0,0,0.0,1,train,21,0.047619047619047616
vp_36586_case_001__w0002,vp_36586_case_001,0,0,0,0,0,0,0,0,0,0,0,0.0,1,train,21,0.047619047619047616
vp_36586_case_001__w0003,vp_36586_case_001,0,0,0,0,0,0,0,0,0,0,0,0.0,1,train,21,0.047619047619047616
vp_36586_case_001__w0004,vp_36586_case_001,0,0,0,0,0,0,0,0,0,0,0,0.0,1,train,21,0.047619047619047616
vp_36586_case_001__w0005,vp_36586_case_001,0,0,0,0,0,0,0,0,0,0,0,0.0,1,train,21,0.047619047619047616
vp_36586_case_001__w0006,vp_36586_case_001,0,0,0,0,0,0,0,0,0,0,0,0.0,1,train,21,0.047619047619047616
vp_36586_case_001__w0007,vp_36586_case_001,0,0,0,0,0,0,0,0,0,0,0,0.0,1,train,21,0.047619047619047616
vp_36586_case_001__w0008,vp_36586_case_001,0,0,0,0,0,0,0,0,0,0,0,0.0,1,train,21,0.047619047619047616
vp_36586_case_001__w0009,vp_36586_case_001,0,0,0,0,0,0,0,0,0,0,0,0.0,1,train,21,0.047619047619047616
vp_36586_case_001__w0010,vp_36586_case_001,0,0,0,0,0,0,0,0,0,0,0,0.0,1,train,21,0.047619047619047616
vp_36586_case_001__w0011,vp_36586_case_001,0,0,0,0,0,0,0,0,0,0,0,0.0,1,train,21,0.047619047619047616
vp_36586_case_001__w0012,vp_36586_case_001,0,0,0,0,0,0,0,0,0,0,0,0.0,1,train,21,0.047619047619047616
vp_36586_case_001__w0013,vp_36586_case_001,0,0,0,0,0,0,0,0,0,0,0,0.0,1,train,21,0.047619047619047616
vp_36586_case_001__w0014,vp_36586_case_001,0,0,0,0,0,0,0,0,0,0,0,0.0,1,train,21,0.047619047619047616
vp_36586_case_001__w0015,vp_36586_case_001,0,0,0,0,0,0,0,0,0,0,0,0.0,1,train,21,0.047619047619047616
vp_36586_case_001__w0016,vp_36586_case_001,0,0,0,0,0,0,0,0,0,0,0,0.0,1,train,21,0.047619047619047616
vp_36586_case_001__w0017,vp_36586_case_001,0,0,0,0,0,0,0,0,0,0,0,0.0,1,train,21,0.047619047619047616
vp_36586_case_001__w0018,vp_36586_case_001,0,0,0,0,0,0,0,0,0,0,0,0.0,1,train,21,0.047619047619047616
vp_36586_case_001__w0019,vp_36586_case_001,0,0,0,0,0,0,0,0,0,0,0,0.0,1,train,21,0.047619047619047616
vp_36586_case_001__w0020,vp_36586_case_001,0,0,0,0,0,0,0,0,0,0,0,0.0,1,train,21,0.047619047619047616
vp_36587_case_001__w0000,vp_36587_case_001,0,0,0,0,0,0,0,0,0,0,0,0.0,1,validation,5,0.2
vp_36587_case_001__w0001,vp_36587_case_001,0,0,0,0,0,0,0,0,0,0,0,0.0,1,validation,5,0.2
vp_36587_case_001__w0002,vp_36587_case_001,0,0,0,0,0,0,0,0,0,0,0,0.0,1,validation,5,0.2
vp_36587_case_001__w0003,vp_36587_case_001,0,0,0,0,0,0,0,0,0,0,0,0.0,1,validation,5,0.2
vp_36587_case_001__w0004,vp_36587_case_001,0,0,0,0,0,0,0,0,0,0,0,0.0,1,validation,5,0.2
vp_36587_case_002__w0000,vp_36587_case_002,0,0,0,0,0,0,0,0,0,0,0,0.0,1,test,5,0.2
vp_36587_case_002__w0001,vp_36587_case_002,0,0,0,0,0,0,0,0,0,0,0,0.0,1,test,5,0.2
vp_36587_case_002__w0002,vp_36587_case_002,0,0,0,0,0,0,0,0,0,0,0,0.0,1,test,5,0.2
vp_36587_case_002__w0003,vp_36587_case_002,0,0,0,0,0,0,0,0,0,0,0,0.0,1,test,5,0.2
vp_36587_case_002__w0004,vp_36587_case_002,0,0,0,0,0,0,0,0,0,0,0,0.0,1,test,5,0.2
vp_36587_case_003__w0000,vp_36587_case_003,0,0,0,0,0,0,0,0,0,0,0,0.0,1,train,15,0.06666666666666667
vp_36587_case_003__w0001,vp_36587_case_003,0,0,0,0,0,0,0,0,0,0,0,0.0,1,train,15,0.06666666666666667
vp_36587_case_003__w0002,vp_36587_case_003,0,0,0,0,0,0,0,0,0,0,0,0.0,1,train,15,0.06666666666666667
vp_36587_case_003__w0003,vp_36587_case_003,0,0,0,0,0,0,0,0,0,0,0,0.0,1,train,15,0.06666666666666667
vp_36587_case_003__w0004,vp_36587_case_003,0,0,0,0,0,0,0,0,0,0,0,0.0,1,train,15,0.06666666666666667
vp_36587_case_003__w0005,vp_36587_case_003,0,0,0,0,0,0,0,0,0,0,0,0.0,1,train,15,0.06666666666666667
vp_36587_case_003__w0006,vp_36587_case_003,0,0,0,0,0,0,0,0,0,0,0,0.0,1,train,15,0.06666666666666667
vp_36587_case_003__w0007,vp_36587_case_003,0,0,0,0,0,0,0,0,0,0,0,0.0,1,train,15,0.06666666666666667
vp_36587_case_003__w0008,vp_36587_case_003,0,0,0,0,0,0,0,0,0,0,0,0.0,1,train,15,0.06666666666666667
vp_36587_case_003__w0009,vp_36587_case_003,0,0,0,0,0,0,0,0,0,0,0,0.0,1,train,15,0.06666666666666667
vp_36587_case_003__w0010,vp_36587_case_003,0,0,0,0,0,0,0,0,0,0,0,0.0,1,train,15,0.06666666666666667
vp_36587_case_003__w0011,vp_36587_case_003,0,0,0,0,0,0,0,0,0,0,0,0.0,1,train,15,0.06666666666666667
vp_36587_case_003__w0012,vp_36587_case_003,0,0,0,0,0,0,0,0,0,0,0,0.0,1,train,15,0.06666666666666667
vp_36587_case_003__w0013,vp_36587_case_003,0,0,0,0,0,0,0,0,0,0,0,0.0,1,train,15,0.06666666666666667
vp_36587_case_003__w0014,vp_36587_case_003,0,0,0,0,0,0,0,0,0,0,0,0.0,1,train,15,0.06666666666666667
vp_36588_case_001__w0000,vp_36588_case_001,0,0,0,0,0,0,0,0,0,0,0,0.0,1,train,9,0.1111111111111111
vp_36588_case_001__w0001,vp_36588_case_001,0,0,0,0,0,0,0,0,0,0,0,0.0,1,train,9,0.1111111111111111
vp_36588_case_001__w0002,vp_36588_case_001,0,0,0,0,0,0,0,0,0,0,0,0.0,1,train,9,0.1111111111111111
vp_36588_case_001__w0003,vp_36588_case_001,0,0,0,0,0,0,0,0,0,0,0,0.0,1,train,9,0.1111111111111111
vp_36588_case_001__w0004,vp_36588_case_001,0,0,0,0,0,0,0,0,0,0,0,0.0,1,train,9,0.1111111111111111
vp_36588_case_001__w0005,vp_36588_case_001,0,0,0,0,0,0,0,0,0,0,0,0.0,1,train,9,0.1111111111111111
vp_36588_case_001__w0006,vp_36588_case_001,0,0,0,0,0,0,0,0,0,0,0,0.0,1,train,9,0.1111111111111111
vp_36588_case_001__w0007,vp_36588_case_001,0,0,0,0,0,0,0,0,0,0,0,0.0,1,train,9,0.1111111111111111
vp_36588_case_001__w0008,vp_36588_case_001,0,0,0,0,0,0,0,0,0,0,0,0.0,1,train,9,0.1111111111111111
vp_36589_case_001__w0000,vp_36589_case_001,0,0,0,0,0,0,0,1,0,0,0,0.0,1,validation,5,0.2
vp_36589_case_001__w0001,vp_36589_case_001,0,0,0,0,0,0,0,0,0,0,0,-1.0,1,validation,5,0.2
vp_36589_case_001__w0002,vp_36589_case_001,0,0,0,0,0,0,0,0,0,0,0,0.0,1,validation,5,0.2
vp_36589_case_001__w0003,vp_36589_case_001,0,0,0,0,0,0,0,0,0,0,0,0.0,1,validation,5,0.2
vp_36589_case_001__w0004,vp_36589_case_001,0,0,0,0,0,0,0,0,0,0,0,0.0,1,validation,5,0.2
vp_36591_case_001__w0000,vp_36591_case_001,0,0,0,0,0,0,0,0,0,0,0,0.0,1,test,1,1.0
vp_36592_case_001__w0000,vp_36592_case_001,0,0,0,1,0,0,0,1,0,0,0,0.0,1,train,4,0.25
vp_36592_case_001__w0001,vp_36592_case_001,0,0,0,1,0,0,0,1,0,0,0,0.0,1,train,4,0.25
vp_36592_case_001__w0002,vp_36592_case_001,0,0,0,0,0,0,0,0,0,0,0,-2.0,1,train,4,0.25
vp_36592_case_001__w0003,vp_36592_case_001,0,0,0,0,0,0,0,0,0,0,0,0.0,1,train,4,0.25
vp_36593_case_001__w0000,vp_36593_case_001,0,0,0,0,0,0,0,0,0,0,0,0.0,1,train,2,0.5
vp_36593_case_001__w0001,vp_36593_case_001,0,0,0,0,0,0,0,0,1,0,0,1.0,1,train,2,0.5
vp_36593_case_002__w0000,vp_36593_case_002,0,0,0,0,0,0,0,0,0,0,0,0.0,1,validation,11,0.09090909090909091
vp_36593_case_002__w0001,vp_36593_case_002,0,0,0,0,0,0,0,0,0,0,0,0.0,1,validation,11,0.09090909090909091
vp_36593_case_002__w0002,vp_36593_case_002,0,0,0,0,0,0,0,0,0,0,0,0.0,1,validation,11,0.09090909090909091
vp_36593_case_002__w0003,vp_36593_case_002,0,0,0,0,0,0,0,0,0,0,0,0.0,1,validation,11,0.09090909090909091
vp_36593_case_002__w0004,vp_36593_case_002,0,0,0,0,0,0,0,0,0,0,0,0.0,1,validation,11,0.09090909090909091
vp_36593_case_002__w0005,vp_36593_case_002,0,0,0,0,0,0,0,0,0,0,0,0.0,1,validation,11,0.09090909090909091
vp_36593_case_002__w0006,vp_36593_case_002,0,0,0,0,0,0,0,0,0,0,0,0.0,1,validation,11,0.09090909090909091
vp_36593_case_002__w0007,vp_36593_case_002,0,0,0,0,0,0,0,0,0,0,0,0.0,1,validation,11,0.09090909090909091
vp_36593_case_002__w0008,vp_36593_case_002,0,0,0,0,0,0,0,0,0,0,0,0.0,1,validation,11,0.09090909090909091
vp_36593_case_002__w0009,vp_36593_case_002,0,0,0,0,1,0,0,1,0,0,0,1.0,1,validation,11,0.09090909090909091
vp_36593_case_002__w0010,vp_36593_case_002,0,0,0,0,1,0,0,1,0,0,0,0.0,1,validation,11,0.09090909090909091
vp_36594_case_001__w0000,vp_36594_case_001,0,0,0,0,0,0,0,0,0,0,0,0.0,1,test,19,0.05263157894736842
vp_36594_case_001__w0001,vp_36594_case_001,0,0,0,0,0,0,0,0,0,0,0,0.0,1,test,19,0.05263157894736842
vp_36594_case_001__w0002,vp_36594_case_001,0,0,0,0,0,0,0,0,0,0,0,0.0,1,test,19,0.05263157894736842
vp_36594_case_001__w0003,vp_36594_case_001,0,0,0,0,0,0,0,0,0,0,0,0.0,1,test,19,0.05263157894736842
vp_36594_case_001__w0004,vp_36594_case_001,0,0,0,0,0,0,0,0,0,0,0,0.0,1,test,19,0.05263157894736842
vp_36594_case_001__w0005,vp_36594_case_001,0,0,0,0,0,0,0,0,0,0,0,0.0,1,test,19,0.05263157894736842
vp_36594_case_001__w0006,vp_36594_case_001,0,0,0,0,0,0,0,0,0,0,0,0.0,1,test,19,0.05263157894736842
vp_36594_case_001__w0007,vp_36594_case_001,0,0,0,0,0,0,0,0,0,0,0,0.0,1,test,19,0.05263157894736842
vp_36594_case_001__w0008,vp_36594_case_001,0,0,0,0,0,0,0,0,0,0,0,0.0,1,test,19,0.05263157894736842
vp_36594_case_001__w0009,vp_36594_case_001,0,0,0,0,0,0,0,0,0,0,0,0.0,1,test,19,0.05263157894736842
vp_36594_case_001__w0010,vp_36594_case_001,0,0,0,0,0,0,0,0,0,0,0,0.0,1,test,19,0.05263157894736842
vp_36594_case_001__w0011,vp_36594_case_001,0,0,0,0,0,0,0,0,0,0,0,0.0,1,test,19,0.05263157894736842
vp_36594_case_001__w0012,vp_36594_case_001,0,0,0,0,0,0,0,0,0,0,0,0.0,1,test,19,0.05263157894736842
vp_36594_case_001__w0013,vp_36594_case_001,0,0,0,0,0,0,0,0,0,0,0,0.0,1,test,19,0.05263157894736842
vp_36594_case_001__w0014,vp_36594_case_001,0,0,0,0,0,0,0,0,0,0,0,0.0,1,test,19,0.05263157894736842
vp_36594_case_001__w0015,vp_36594_case_001,0,0,0,0,0,0,0,0,0,0,0,0.0,1,test,19,0.05263157894736842
vp_36594_case_001__w0016,vp_36594_case_001,0,0,0,0,0,0,0,0,0,0,0,0.0,1,test,19,0.05263157894736842
vp_36594_case_001__w0017,vp_36594_case_001,0,0,0,0,0,0,0,0,0,0,0,0.0,1,test,19,0.05263157894736842
vp_36594_case_001__w0018,vp_36594_case_001,0,0,0,0,0,0,0,0,0,0,0,0.0,1,test,19,0.05263157894736842
vp_36594_case_003__w0000,vp_36594_case_003,0,0,0,0,0,0,0,0,0,0,0,0.0,1,train,6,0.16666666666666666
vp_36594_case_003__w0001,vp_36594_case_003,0,0,0,0,0,0,0,0,0,0,0,0.0,1,train,6,0.16666666666666666
vp_36594_case_003__w0002,vp_36594_case_003,0,0,0,0,0,0,0,0,0,0,0,0.0,1,train,6,0.16666666666666666
vp_36594_case_003__w0003,vp_36594_case_003,0,0,0,0,0,0,0,0,0,0,0,0.0,1,train,6,0.16666666666666666
vp_36594_case_003__w0004,vp_36594_case_003,0,0,0,0,0,0,0,0,0,0,0,0.0,1,train,6,0.16666666666666666
vp_36594_case_003__w0005,vp_36594_case_003,0,0,0,0,0,0,0,0,0,0,0,0.0,1,train,6,0.16666666666666666
vp_36595_case_001__w0000,vp_36595_case_001,0,0,0,0,1,1,0,1,1,0,1,0.0,1,validation,7,0.14285714285714285
vp_36595_case_001__w0001,vp_36595_case_001,0,0,0,0,1,1,0,1,1,0,1,0.0,1,validation,7,0.14285714285714285
vp_36595_case_001__w0002,vp_36595_case_001,0,0,0,0,0,0,0,0,0,0,0,-2.0,1,validation,7,0.14285714285714285
vp_36595_case_001__w0003,vp_36595_case_001,0,0,0,0,1,0,0,1,0,0,0,1.0,1,validation,7,0.14285714285714285
vp_36595_case_001__w0004,vp_36595_case_001,0,0,0,0,1,0,0,1,0,0,0,0.0,1,validation,7,0.14285714285714285
vp_36595_case_001__w0005,vp_36595_case_001,0,0,0,0,0,0,0,0,0,0,0,-1.0,1,validation,7,0.14285714285714285
vp_36595_case_001__w0006,vp_36595_case_001,0,0,0,0,0,0,0,0,0,0,0,0.0,1,validation,7,0.14285714285714285
vp_36595_case_002__w0000,vp_36595_case_002,0,0,0,0,1,0,0,1,0,0,0,0.0,1,train,29,0.034482758620689655
vp_36595_case_002__w0001,vp_36595_case_002,0,0,0,0,1,1,0,1,1,0,1,1.0,1,train,29,0.034482758620689655
vp_36595_case_002__w0002,vp_36595_case_002,0,0,0,0,1,1,0,1,1,0,1,0.0,1,train,29,0.034482758620689655
vp_36595_case_002__w0003,vp_36595_case_002,0,0,0,0,0,0,0,0,0,0,0,-2.0,1,train,29,0.034482758620689655
vp_36595_case_002__w0004,vp_36595_case_002,0,0,0,0,0,0,0,0,0,0,0,0.0,1,train,29,0.034482758620689655
vp_36595_case_002__w0005,vp_36595_case_002,0,0,0,0,0,0,0,0,0,0,0,0.0,1,train,29,0.034482758620689655
vp_36595_case_002__w0006,vp_36595_case_002,0,0,0,0,0,0,0,0,0,0,0,0.0,1,train,29,0.034482758620689655
vp_36595_case_002__w0007,vp_36595_case_002,1,0,1,1,0,0,0,1,0,1,0,2.0,1,train,29,0.034482758620689655
vp_36595_case_002__w0008,vp_36595_case_002,1,0,1,1,0,0,0,1,0,1,0,0.0,1,train,29,0.034482758620689655
vp_36595_case_002__w0009,vp_36595_case_002,1,0,0,0,0,0,0,1,0,0,0,-1.0,1,train,29,0.034482758620689655
vp_36595_case_002__w0010,vp_36595_case_002,0,0,0,0,0,0,0,0,0,0,0,-1.0,1,train,29,0.034482758620689655
vp_36595_case_002__w0011,vp_36595_case_002,0,0,0,0,0,0,0,0,0,0,0,0.0,1,train,29,0.034482758620689655
vp_36595_case_002__w0012,vp_36595_case_002,0,0,0,0,1,0,0,1,0,0,0,1.0,1,train,29,0.034482758620689655
vp_36595_case_002__w0013,vp_36595_case_002,0,0,0,0,1,0,0,1,0,0,0,0.0,1,train,29,0.034482758620689655
vp_36595_case_002__w0014,vp_36595_case_002,0,0,0,0,0,0,0,0,0,0,0,-1.0,1,train,29,0.034482758620689655
vp_36595_case_002__w0015,vp_36595_case_002,0,0,0,0,0,0,0,0,0,0,0,0.0,1,train,29,0.034482758620689655
vp_36595_case_002__w0016,vp_36595_case_002,0,0,0,0,0,0,0,0,0,0,0,0.0,1,train,29,0.034482758620689655
vp_36595_case_002__w0017,vp_36595_case_002,0,0,0,0,0,0,0,0,0,0,0,0.0,1,train,29,0.034482758620689655
vp_36595_case_002__w0018,vp_36595_case_002,0,0,0,0,0,0,0,0,0,0,0,0.0,1,train,29,0.034482758620689655
vp_36595_case_002__w0019,vp_36595_case_002,0,0,0,0,0,0,0,0,0,0,0,0.0,1,train,29,0.034482758620689655
vp_36595_case_002__w0020,vp_36595_case_002,0,0,0,0,0,0,0,0,0,0,0,0.0,1,train,29,0.034482758620689655
vp_36595_case_002__w0021,vp_36595_case_002,0,0,0,0,0,0,0,0,0,0,0,0.0,1,train,29,0.034482758620689655
vp_36595_case_002__w0022,vp_36595_case_002,0,0,0,0,0,0,0,0,0,0,0,0.0,1,train,29,0.034482758620689655
vp_36595_case_002__w0023,vp_36595_case_002,0,0,0,0,0,0,0,0,0,0,0,0.0,1,train,29,0.034482758620689655
vp_36595_case_002__w0024,vp_36595_case_002,0,0,0,0,0,0,0,0,0,0,0,0.0,1,train,29,0.034482758620689655
vp_36595_case_002__w0025,vp_36595_case_002,0,0,0,0,0,0,0,0,0,0,0,0.0,1,train,29,0.034482758620689655
vp_36595_case_002__w0026,vp_36595_case_002,0,0,0,0,0,0,0,0,0,0,0,0.0,1,train,29,0.034482758620689655
vp_36595_case_002__w0027,vp_36595_case_002,0,0,0,0,0,0,0,0,0,0,0,0.0,1,train,29,0.034482758620689655
vp_36595_case_002__w0028,vp_36595_case_002,0,0,0,0,0,0,0,0,0,0,0,0.0,1,train,29,0.034482758620689655
vp_36595_case_003__w0000,vp_36595_case_003,0,0,0,0,0,0,0,0,0,0,0,0.0,1,train,80,0.0125
vp_36595_case_003__w0001,vp_36595_case_003,0,0,0,0,0,0,0,0,0,0,0,0.0,1,train,80,0.0125
vp_36595_case_003__w0002,vp_36595_case_003,0,0,0,0,0,0,0,0,0,0,0,0.0,1,train,80,0.0125
vp_36595_case_003__w0003,vp_36595_case_003,0,0,0,0,0,0,0,0,0,0,0,0.0,1,train,80,0.0125
vp_36595_case_003__w0004,vp_36595_case_003,0,0,0,0,0,0,0,0,0,0,0,0.0,1,train,80,0.0125
vp_36595_case_003__w0005,vp_36595_case_003,0,0,0,0,0,0,0,0,0,0,0,0.0,1,train,80,0.0125
vp_36595_case_003__w0006,vp_36595_case_003,0,0,0,0,0,0,0,0,0,0,0,0.0,1,train,80,0.0125
vp_36595_case_003__w0007,vp_36595_case_003,0,0,0,0,0,0,0,0,0,0,0,0.0,1,train,80,0.0125
vp_36595_case_003__w0008,vp_36595_case_003,0,0,0,0,0,0,0,0,0,0,0,0.0,1,train,80,0.0125
vp_36595_case_003__w0009,vp_36595_case_003,0,0,0,0,0,0,0,0,0,0,0,0.0,1,train,80,0.0125
vp_36595_case_003__w0010,vp_36595_case_003,0,0,0,0,0,0,0,1,0,0,0,1.0,1,train,80,0.0125
vp_36595_case_003__w0011,vp_36595_case_003,0,0,0,0,0,0,0,1,0,0,0,0.0,1,train,80,0.0125
vp_36595_case_003__w0012,vp_36595_case_003,0,0,0,0,0,0,0,0,0,0,0,-1.0,1,train,80,0.0125
vp_36595_case_003__w0013,vp_36595_case_003,0,0,0,0,0,0,0,0,0,0,0,0.0,1,train,80,0.0125
vp_36595_case_003__w0014,vp_36595_case_003,0,0,0,0,0,0,0,0,0,0,0,0.0,1,train,80,0.0125
vp_36595_case_003__w0015,vp_36595_case_003,0,0,0,0,0,0,0,0,0,0,0,0.0,1,train,80,0.0125
vp_36595_case_003__w0016,vp_36595_case_003,0,0,0,0,0,0,0,0,0,0,0,0.0,1,train,80,0.0125
vp_36595_case_003__w0017,vp_36595_case_003,0,0,0,0,0,0,0,0,0,0,0,0.0,1,train,80,0.0125
vp_36595_case_003__w0018,vp_36595_case_003,0,0,0,0,0,0,0,0,0,0,0,0.0,1,train,80,0.0125
vp_36595_case_003__w0019,vp_36595_case_003,0,0,0,0,0,0,0,0,0,0,0,0.0,1,train,80,0.0125
vp_36595_case_003__w0020,vp_36595_case_003,0,0,0,0,0,0,0,0,0,0,0,0.0,1,train,80,0.0125
vp_36595_case_003__w0021,vp_36595_case_003,0,0,0,0,0,0,0,0,0,0,0,0.0,1,train,80,0.0125
vp_36595_case_003__w0022,vp_36595_case_003,0,0,0,0,0,0,0,0,0,0,0,0.0,1,train,80,0.0125
vp_36595_case_003__w0023,vp_36595_case_003,0,0,0,0,0,0,0,0,0,0,0,0.0,1,train,80,0.0125
vp_36595_case_003__w0024,vp_36595_case_003,0,0,0,0,0,0,0,0,0,0,0,0.0,1,train,80,0.0125
vp_36595_case_003__w0025,vp_36595_case_003,0,0,0,0,0,0,0,0,0,0,0,0.0,1,train,80,0.0125
vp_36595_case_003__w0026,vp_36595_case_003,0,0,0,0,0,0,0,0,0,0,0,0.0,1,train,80,0.0125
vp_36595_case_003__w0027,vp_36595_case_003,0,0,0,0,0,0,0,0,0,0,0,0.0,1,train,80,0.0125
vp_36595_case_003__w0028,vp_36595_case_003,0,0,0,0,0,0,0,0,0,0,0,0.0,1,train,80,0.0125
vp_36595_case_003__w0029,vp_36595_case_003,0,0,0,0,0,0,0,0,0,0,0,0.0,1,train,80,0.0125
vp_36595_case_003__w0030,vp_36595_case_003,0,0,0,0,0,0,0,0,0,0,0,0.0,1,train,80,0.0125
vp_36595_case_003__w0031,vp_36595_case_003,0,0,0,0,0,0,0,0,0,0,0,0.0,1,train,80,0.0125
vp_36595_case_003__w0032,vp_36595_case_003,0,0,0,0,0,0,0,0,0,0,0,0.0,1,train,80,0.0125
vp_36595_case_003__w0033,vp_36595_case_003,0,0,0,0,0,0,0,0,0,0,0,0.0,1,train,80,0.0125
vp_36595_case_003__w0034,vp_36595_case_003,0,0,0,0,0,0,0,0,0,0,0,0.0,1,train,80,0.0125
vp_36595_case_003__w0035,vp_36595_case_003,0,0,0,0,0,0,0,0,0,0,0,0.0,1,train,80,0.0125
vp_36595_case_003__w0036,vp_36595_case_003,0,0,0,0,0,0,0,0,0,0,0,0.0,1,train,80,0.0125
vp_36595_case_003__w0037,vp_36595_case_003,0,0,0,0,0,0,0,0,0,0,0,0.0,1,train,80,0.0125
vp_36595_case_003__w0038,vp_36595_case_003,0,0,0,0,0,0,0,0,0,0,0,0.0,1,train,80,0.0125
vp_36595_case_003__w0039,vp_36595_case_003,0,0,0,0,0,0,0,0,0,0,0,0.0,1,train,80,0.0125
vp_36595_case_003__w0040,vp_36595_case_003,0,0,0,0,0,0,0,0,0,0,0,0.0,1,train,80,0.0125
vp_36595_case_003__w0041,vp_36595_case_003,0,0,0,0,0,0,0,0,0,0,0,0.0,1,train,80,0.0125
vp_36595_case_003__w0042,vp_36595_case_003,0,0,0,0,0,0,0,0,0,0,0,0.0,1,train,80,0.0125
vp_36595_case_003__w0043,vp_36595_case_003,0,0,0,0,0,0,0,0,0,0,0,0.0,1,train,80,0.0125
vp_36595_case_003__w0044,vp_36595_case_003,0,0,0,1,0,0,0,0,0,0,0,1.0,1,train,80,0.0125
vp_36595_case_003__w0045,vp_36595_case_003,0,0,0,1,0,0,0,0,0,0,0,0.0,1,train,80,0.0125
vp_36595_case_003__w0046,vp_36595_case_003,0,0,0,0,0,0,0,0,0,0,0,-1.0,1,train,80,0.0125
vp_36595_case_003__w0047,vp_36595_case_003,0,0,0,0,0,0,0,0,0,0,0,0.0,1,train,80,0.0125
vp_36595_case_003__w0048,vp_36595_case_003,0,0,0,0,0,0,0,0,0,0,0,0.0,1,train,80,0.0125
vp_36595_case_003__w0049,vp_36595_case_003,0,0,0,0,0,0,0,0,0,0,0,0.0,1,train,80,0.0125
vp_36595_case_003__w0050,vp_36595_case_003,0,0,0,0,0,0,0,0,0,0,0,0.0,1,train,80,0.0125
vp_36595_case_003__w0051,vp_36595_case_003,0,0,0,0,0,0,0,0,0,0,0,0.0,1,train,80,0.0125
vp_36595_case_003__w0052,vp_36595_case_003,1,0,0,0,0,0,0,1,0,0,0,1.0,1,train,80,0.0125
vp_36595_case_003__w0053,vp_36595_case_003,1,0,0,0,0,0,0,1,0,0,0,0.0,1,train,80,0.0125
vp_36595_case_003__w0054,vp_36595_case_003,0,0,0,0,0,0,0,0,0,0,0,-1.0,1,train,80,0.0125
vp_36595_case_003__w0055,vp_36595_case_003,0,0,0,0,0,0,0,0,0,0,0,0.0,1,train,80,0.0125
vp_36595_case_003__w0056,vp_36595_case_003,0,0,0,0,0,0,0,0,0,0,0,0.0,1,train,80,0.0125
vp_36595_case_003__w0057,vp_36595_case_003,0,0,0,0,0,0,0,0,0,0,0,0.0,1,train,80,0.0125
vp_36595_case_003__w0058,vp_36595_case_003,0,0,0,0,0,0,0,0,0,0,0,0.0,1,train,80,0.0125
vp_36595_case_003__w0059,vp_36595_case_003,0,0,0,0,0,0,0,0,0,0,0,0.0,1,train,80,0.0125
vp_36595_case_003__w0060,vp_36595_case_003,0,0,0,0,0,0,0,0,0,0,0,0.0,1,train,80,0.0125
vp_36595_case_003__w0061,vp_36595_case_003,0,0,0,0,0,0,0,0,0,0,0,0.0,1,train,80,0.0125
vp_36595_case_003__w0062,vp_36595_case_003,0,0,0,0,0,0,0,0,0,0,0,0.0,1,train,80,0.0125
vp_36595_case_003__w0063,vp_36595_case_003,0,0,0,0,0,0,0,0,0,0,0,0.0,1,train,80,0.0125
vp_36595_case_003__w0064,vp_36595_case_003,0,0,0,0,0,0,0,0,0,0,0,0.0,1,train,80,0.0125
vp_36595_case_003__w0065,vp_36595_case_003,0,0,0,0,0,0,0,0,0,0,0,0.0,1,train,80,0.0125
vp_36595_case_003__w0066,vp_36595_case_003,0,0,0,0,0,0,0,0,0,0,0,0.0,1,train,80,0.0125
vp_36595_case_003__w0067,vp_36595_case_003,1,0,0,0,0,0,0,1,0,0,0,1.0,1,train,80,0.0125
vp_36595_case_003__w0068,vp_36595_case_003,1,0,0,0,0,0,0,1,0,0,0,0.0,1,train,80,0.0125
vp_36595_case_003__w0069,vp_36595_case_003,0,0,0,0,0,0,0,0,0,0,0,-1.0,1,train,80,0.0125
vp_36595_case_003__w0070,vp_36595_case_003,0,0,0,0,0,0,0,0,0,0,0,0.0,1,train,80,0.0125
vp_36595_case_003__w0071,vp_36595_case_003,0,0,0,0,0,0,0,0,0,0,0,0.0,1,train,80,0.0125
vp_36595_case_003__w0072,vp_36595_case_003,0,0,0,0,0,0,0,0,0,0,0,0.0,1,train,80,0.0125
vp_36595_case_003__w0073,vp_36595_case_003,0,0,0,0,0,0,0,0,0,0,0,0.0,1,train,80,0.0125
vp_36595_case_003__w0074,vp_36595_case_003,0,0,0,0,0,0,0,0,0,0,0,0.0,1,train,80,0.0125
vp_36595_case_003__w0075,vp_36595_case_003,0,0,0,0,0,0,0,0,0,0,0,0.0,1,train,80,0.0125
vp_36595_case_003__w0076,vp_36595_case_003,0,0,0,0,0,0,0,0,0,0,0,0.0,1,train,80,0.0125
vp_36595_case_003__w0077,vp_36595_case_003,0,0,0,0,0,0,0,0,0,0,0,0.0,1,train,80,0.0125
vp_36595_case_003__w0078,vp_36595_case_003,0,0,0,0,0,0,0,0,0,0,0,0.0,1,train,80,0.0125
vp_36595_case_003__w0079,vp_36595_case_003,0,0,0,0,0,0,0,0,0,0,0,0.0,1,train,80,0.0125
vp_36596_case_001__w0000,vp_36596_case_001,0,0,0,0,0,0,0,0,0,0,0,0.0,1,validation,24,0.041666666666666664
vp_36596_case_001__w0001,vp_36596_case_001,0,0,0,0,0,0,0,0,0,0,0,0.0,1,validation,24,0.041666666666666664
vp_36596_case_001__w0002,vp_36596_case_001,0,0,0,0,0,0,0,0,0,0,0,0.0,1,validation,24,0.041666666666666664
vp_36596_case_001__w0003,vp_36596_case_001,0,0,0,0,0,0,0,0,0,0,0,0.0,1,validation,24,0.041666666666666664
vp_36596_case_001__w0004,vp_36596_case_001,0,0,0,0,0,0,0,0,0,0,0,0.0,1,validation,24,0.041666666666666664
vp_36596_case_001__w0005,vp_36596_case_001,0,0,0,0,0,0,0,0,0,0,0,0.0,1,validation,24,0.041666666666666664
vp_36596_case_001__w0006,vp_36596_case_001,0,0,0,0,0,0,0,0,0,0,0,0.0,1,validation,24,0.041666666666666664
vp_36596_case_001__w0007,vp_36596_case_001,0,0,0,0,0,0,0,0,0,0,0,0.0,1,validation,24,0.041666666666666664
vp_36596_case_001__w0008,vp_36596_case_001,0,0,0,0,0,0,0,0,0,0,0,0.0,1,validation,24,0.041666666666666664
vp_36596_case_001__w0009,vp_36596_case_001,0,0,0,0,0,0,0,0,0,0,0,0.0,1,validation,24,0.041666666666666664
vp_36596_case_001__w0010,vp_36596_case_001,0,0,0,0,0,0,0,0,0,0,0,0.0,1,validation,24,0.041666666666666664
vp_36596_case_001__w0011,vp_36596_case_001,0,0,0,0,0,0,0,0,0,0,0,0.0,1,validation,24,0.041666666666666664
vp_36596_case_001__w0012,vp_36596_case_001,0,0,0,0,0,0,0,0,0,0,0,0.0,1,validation,24,0.041666666666666664
vp_36596_case_001__w0013,vp_36596_case_001,0,0,0,0,0,0,0,0,0,0,0,0.0,1,validation,24,0.041666666666666664
vp_36596_case_001__w0014,vp_36596_case_001,0,0,0,0,0,0,0,0,0,0,0,0.0,1,validation,24,0.041666666666666664
vp_36596_case_001__w0015,vp_36596_case_001,0,0,0,0,0,0,0,0,0,0,0,0.0,1,validation,24,0.041666666666666664
vp_36596_case_001__w0016,vp_36596_case_001,0,0,0,0,0,0,0,0,0,0,0,0.0,1,validation,24,0.041666666666666664
vp_36596_case_001__w0017,vp_36596_case_001,0,0,0,0,0,0,0,0,0,0,0,0.0,1,validation,24,0.041666666666666664
vp_36596_case_001__w0018,vp_36596_case_001,0,0,0,0,0,0,0,0,0,0,0,0.0,1,validation,24,0.041666666666666664
vp_36596_case_001__w0019,vp_36596_case_001,0,0,0,0,0,0,0,0,0,0,0,0.0,1,validation,24,0.041666666666666664
vp_36596_case_001__w0020,vp_36596_case_001,0,0,0,0,0,0,0,0,0,0,0,0.0,1,validation,24,0.041666666666666664
vp_36596_case_001__w0021,vp_36596_case_001,0,0,0,0,0,0,0,0,0,0,0,0.0,1,validation,24,0.041666666666666664
vp_36596_case_001__w0022,vp_36596_case_001,0,0,0,0,0,0,0,0,0,0,0,0.0,1,validation,24,0.041666666666666664
vp_36596_case_001__w0023,vp_36596_case_001,0,0,0,0,0,0,0,0,0,0,0,0.0,1,validation,24,0.041666666666666664
vp_36599_case_001__w0000,vp_36599_case_001,0,0,0,1,0,0,0,0,0,0,0,0.0,1,validation,8,0.125
vp_36599_case_001__w0001,vp_36599_case_001,0,0,0,1,0,0,0,1,0,0,0,0.0,1,validation,8,0.125
vp_36599_case_001__w0002,vp_36599_case_001,0,0,0,0,0,0,0,1,0,0,0,-1.0,1,validation,8,0.125
vp_36599_case_001__w0003,vp_36599_case_001,0,0,0,0,0,0,0,0,0,0,0,0.0,1,validation,8,0.125
vp_36599_case_001__w0004,vp_36599_case_001,0,0,0,0,0,0,0,0,0,0,0,0.0,1,validation,8,0.125
vp_36599_case_001__w0005,vp_36599_case_001,0,0,0,0,0,0,0,0,0,0,0,0.0,1,validation,8,0.125
vp_36599_case_001__w0006,vp_36599_case_001,0,0,0,0,0,0,0,0,0,0,0,0.0,1,validation,8,0.125
vp_36599_case_001__w0007,vp_36599_case_001,0,0,0,0,0,0,0,0,0,0,0,0.0,1,validation,8,0.125
vp_36600_case_001__w0000,vp_36600_case_001,0,0,0,0,0,0,0,1,0,0,0,0.0,1,train,4,0.25
vp_36600_case_001__w0001,vp_36600_case_001,0,0,0,0,0,0,0,1,0,0,0,0.0,1,train,4,0.25
vp_36600_case_001__w0002,vp_36600_case_001,0,0,0,0,0,0,0,0,0,0,0,-1.0,1,train,4,0.25
vp_36600_case_001__w0003,vp_36600_case_001,0,0,0,0,0,0,0,0,0,0,0,0.0,1,train,4,0.25
vp_36602_case_001__w0000,vp_36602_case_001,0,0,0,0,0,0,0,0,0,0,0,0.0,1,train,14,0.07142857142857142
vp_36602_case_001__w0001,vp_36602_case_001,0,0,0,0,0,0,0,0,0,0,0,0.0,1,train,14,0.07142857142857142
vp_36602_case_001__w0002,vp_36602_case_001,0,0,0,0,0,0,0,0,0,0,0,0.0,1,train,14,0.07142857142857142
vp_36602_case_001__w0003,vp_36602_case_001,0,0,0,0,0,0,0,0,0,0,0,0.0,1,train,14,0.07142857142857142
vp_36602_case_001__w0004,vp_36602_case_001,0,0,0,0,0,0,0,0,0,0,0,0.0,1,train,14,0.07142857142857142
vp_36602_case_001__w0005,vp_36602_case_001,0,0,0,0,0,0,0,0,0,0,0,0.0,1,train,14,0.07142857142857142
vp_36602_case_001__w0006,vp_36602_case_001,0,0,0,0,0,0,0,0,0,0,0,0.0,1,train,14,0.07142857142857142
vp_36602_case_001__w0007,vp_36602_case_001,0,0,0,0,0,0,0,0,0,0,0,0.0,1,train,14,0.07142857142857142
vp_36602_case_001__w0008,vp_36602_case_001,0,0,0,0,0,0,0,0,0,0,0,0.0,1,train,14,0.07142857142857142
vp_36602_case_001__w0009,vp_36602_case_001,0,0,0,0,0,0,0,0,0,0,0,0.0,1,train,14,0.07142857142857142
vp_36602_case_001__w0010,vp_36602_case_001,0,0,0,0,0,0,0,0,0,0,0,0.0,1,train,14,0.07142857142857142
vp_36602_case_001__w0011,vp_36602_case_001,0,0,0,0,0,0,0,0,0,0,0,0.0,1,train,14,0.07142857142857142
vp_36602_case_001__w0012,vp_36602_case_001,0,0,0,0,0,0,0,0,0,0,0,0.0,1,train,14,0.07142857142857142
vp_36602_case_001__w0013,vp_36602_case_001,0,0,0,0,0,0,0,0,0,0,0,0.0,1,train,14,0.07142857142857142
vp_36602_case_002__w0000,vp_36602_case_002,0,0,0,0,0,0,0,0,0,0,0,0.0,1,train,12,0.08333333333333333
vp_36602_case_002__w0001,vp_36602_case_002,0,0,0,0,0,0,0,0,0,0,0,0.0,1,train,12,0.08333333333333333
vp_36602_case_002__w0002,vp_36602_case_002,0,0,0,0,0,0,0,0,0,0,0,0.0,1,train,12,0.08333333333333333
vp_36602_case_002__w0003,vp_36602_case_002,0,0,0,0,0,0,0,0,0,0,0,0.0,1,train,12,0.08333333333333333
vp_36602_case_002__w0004,vp_36602_case_002,0,0,0,0,0,0,0,0,0,0,0,0.0,1,train,12,0.08333333333333333
vp_36602_case_002__w0005,vp_36602_case_002,0,0,0,0,0,0,0,0,0,0,0,0.0,1,train,12,0.08333333333333333
vp_36602_case_002__w0006,vp_36602_case_002,0,0,0,0,0,0,0,0,0,0,0,0.0,1,train,12,0.08333333333333333
vp_36602_case_002__w0007,vp_36602_case_002,0,0,0,0,0,0,0,0,0,0,0,0.0,1,train,12,0.08333333333333333
vp_36602_case_002__w0008,vp_36602_case_002,0,0,0,0,0,0,0,0,0,0,0,0.0,1,train,12,0.08333333333333333
vp_36602_case_002__w0009,vp_36602_case_002,0,0,0,0,0,0,0,0,0,0,0,0.0,1,train,12,0.08333333333333333
vp_36602_case_002__w0010,vp_36602_case_002,0,0,0,0,0,0,0,0,0,0,0,0.0,1,train,12,0.08333333333333333
vp_36602_case_002__w0011,vp_36602_case_002,0,0,0,0,1,1,0,1,1,0,1,2.0,1,train,12,0.08333333333333333
vp_36602_case_004__w0000,vp_36602_case_004,0,0,0,0,0,0,0,0,0,0,0,0.0,1,train,15,0.06666666666666667
vp_36602_case_004__w0001,vp_36602_case_004,0,0,0,0,0,0,0,0,0,0,0,0.0,1,train,15,0.06666666666666667
vp_36602_case_004__w0002,vp_36602_case_004,0,0,0,0,0,0,0,0,0,0,0,0.0,1,train,15,0.06666666666666667
vp_36602_case_004__w0003,vp_36602_case_004,0,0,0,0,0,0,0,0,0,0,0,0.0,1,train,15,0.06666666666666667
vp_36602_case_004__w0004,vp_36602_case_004,0,0,0,0,0,0,0,0,0,0,0,0.0,1,train,15,0.06666666666666667
vp_36602_case_004__w0005,vp_36602_case_004,0,0,0,0,0,0,0,0,0,0,0,0.0,1,train,15,0.06666666666666667
vp_36602_case_004__w0006,vp_36602_case_004,0,0,0,0,0,0,0,0,0,0,0,0.0,1,train,15,0.06666666666666667
vp_36602_case_004__w0007,vp_36602_case_004,0,0,0,0,0,0,0,0,0,0,0,0.0,1,train,15,0.06666666666666667
vp_36602_case_004__w0008,vp_36602_case_004,0,0,0,0,0,0,0,0,0,0,0,0.0,1,train,15,0.06666666666666667
vp_36602_case_004__w0009,vp_36602_case_004,0,0,0,0,0,0,0,0,0,0,0,0.0,1,train,15,0.06666666666666667
vp_36602_case_004__w0010,vp_36602_case_004,0,0,0,0,0,0,0,0,0,0,0,0.0,1,train,15,0.06666666666666667
vp_36602_case_004__w0011,vp_36602_case_004,0,0,0,0,0,0,0,0,0,0,0,0.0,1,train,15,0.06666666666666667
vp_36602_case_004__w0012,vp_36602_case_004,0,0,0,0,0,0,0,0,0,0,0,0.0,1,train,15,0.06666666666666667
vp_36602_case_004__w0013,vp_36602_case_004,0,0,0,0,0,0,0,0,0,0,0,0.0,1,train,15,0.06666666666666667
vp_36602_case_004__w0014,vp_36602_case_004,0,0,0,0,0,0,0,0,0,0,0,0.0,1,train,15,0.06666666666666667
vp_36603_case_001__w0000,vp_36603_case_001,0,0,0,0,0,0,0,0,0,0,0,0.0,1,test,22,0.045454545454545456
vp_36603_case_001__w0001,vp_36603_case_001,0,0,0,0,0,0,0,0,0,0,0,0.0,1,test,22,0.045454545454545456
vp_36603_case_001__w0002,vp_36603_case_001,0,0,0,0,0,0,0,0,0,0,0,0.0,1,test,22,0.045454545454545456
vp_36603_case_001__w0003,vp_36603_case_001,0,0,0,0,0,0,0,0,0,0,0,0.0,1,test,22,0.045454545454545456
vp_36603_case_001__w0004,vp_36603_case_001,0,0,0,0,0,0,0,0,0,0,0,0.0,1,test,22,0.045454545454545456
vp_36603_case_001__w0005,vp_36603_case_001,0,0,0,0,0,0,0,0,0,0,0,0.0,1,test,22,0.045454545454545456
vp_36603_case_001__w0006,vp_36603_case_001,0,0,0,0,0,0,0,0,0,0,0,0.0,1,test,22,0.045454545454545456
vp_36603_case_001__w0007,vp_36603_case_001,0,0,0,0,0,0,0,0,0,0,0,0.0,1,test,22,0.045454545454545456
vp_36603_case_001__w0008,vp_36603_case_001,0,0,0,0,0,0,0,0,0,0,0,0.0,1,test,22,0.045454545454545456
vp_36603_case_001__w0009,vp_36603_case_001,0,0,0,0,0,0,0,0,0,0,0,0.0,1,test,22,0.045454545454545456
vp_36603_case_001__w0010,vp_36603_case_001,0,0,0,0,0,0,0,0,1,0,0,1.0,1,test,22,0.045454545454545456
vp_36603_case_001__w0011,vp_36603_case_001,0,0,0,0,0,0,0,0,1,0,0,0.0,1,test,22,0.045454545454545456
vp_36603_case_001__w0012,vp_36603_case_001,0,0,0,0,0,0,0,0,0,0,0,-1.0,1,test,22,0.045454545454545456
vp_36603_case_001__w0013,vp_36603_case_001,0,0,0,0,0,0,0,0,0,0,0,0.0,1,test,22,0.045454545454545456
vp_36603_case_001__w0014,vp_36603_case_001,0,0,0,0,0,0,0,0,0,0,0,0.0,1,test,22,0.045454545454545456
vp_36603_case_001__w0015,vp_36603_case_001,0,0,0,0,0,0,0,0,0,0,0,0.0,1,test,22,0.045454545454545456
vp_36603_case_001__w0016,vp_36603_case_001,0,0,0,0,0,0,0,0,0,0,0,0.0,1,test,22,0.045454545454545456
vp_36603_case_001__w0017,vp_36603_case_001,0,0,0,0,0,0,0,0,0,0,0,0.0,1,test,22,0.045454545454545456
vp_36603_case_001__w0018,vp_36603_case_001,0,0,0,0,0,0,0,0,0,0,0,0.0,1,test,22,0.045454545454545456
vp_36603_case_001__w0019,vp_36603_case_001,0,0,0,0,0,0,0,0,0,0,0,0.0,1,test,22,0.045454545454545456
vp_36603_case_001__w0020,vp_36603_case_001,0,0,0,0,0,0,0,0,0,0,0,0.0,1,test,22,0.045454545454545456
vp_36603_case_001__w0021,vp_36603_case_001,0,0,0,0,0,0,0,0,0,0,0,0.0,1,test,22,0.045454545454545456
vp_36604_case_001__w0000,vp_36604_case_001,0,0,0,0,0,0,0,0,0,0,0,0.0,1,train,8,0.125
vp_36604_case_001__w0001,vp_36604_case_001,0,0,0,0,0,0,0,0,0,0,0,0.0,1,train,8,0.125
vp_36604_case_001__w0002,vp_36604_case_001,0,0,0,0,0,0,0,0,0,0,0,0.0,1,train,8,0.125
vp_36604_case_001__w0003,vp_36604_case_001,0,0,0,0,0,0,0,0,0,0,0,0.0,1,train,8,0.125
vp_36604_case_001__w0004,vp_36604_case_001,0,0,0,0,0,0,0,0,0,0,0,0.0,1,train,8,0.125
vp_36604_case_001__w0005,vp_36604_case_001,0,0,0,0,0,0,0,0,0,0,0,0.0,1,train,8,0.125
vp_36604_case_001__w0006,vp_36604_case_001,0,0,0,0,0,0,0,0,0,0,0,0.0,1,train,8,0.125
vp_36604_case_001__w0007,vp_36604_case_001,0,0,0,0,0,0,0,0,0,0,0,0.0,1,train,8,0.125
vp_36604_case_002__w0000,vp_36604_case_002,0,0,0,0,0,0,0,0,0,0,0,0.0,1,test,4,0.25
vp_36604_case_002__w0001,vp_36604_case_002,0,0,0,0,0,0,0,0,0,0,0,0.0,1,test,4,0.25
vp_36604_case_002__w0002,vp_36604_case_002,0,0,0,0,0,0,0,0,0,0,0,0.0,1,test,4,0.25
vp_36604_case_002__w0003,vp_36604_case_002,0,0,0,0,0,0,0,0,0,0,0,0.0,1,test,4,0.25
vp_36604_case_004__w0000,vp_36604_case_004,0,0,0,0,0,0,0,0,0,0,0,0.0,1,train,7,0.14285714285714285
vp_36604_case_004__w0001,vp_36604_case_004,0,0,0,0,0,0,0,0,0,0,0,0.0,1,train,7,0.14285714285714285
vp_36604_case_004__w0002,vp_36604_case_004,0,0,0,0,0,0,0,0,0,0,0,0.0,1,train,7,0.14285714285714285
vp_36604_case_004__w0003,vp_36604_case_004,0,0,0,0,0,0,0,0,0,0,0,0.0,1,train,7,0.14285714285714285
vp_36604_case_004__w0004,vp_36604_case_004,0,0,0,0,0,0,0,0,0,0,0,0.0,1,train,7,0.14285714285714285
vp_36604_case_004__w0005,vp_36604_case_004,0,0,0,0,0,0,0,0,0,0,0,0.0,1,train,7,0.14285714285714285
vp_36604_case_004__w0006,vp_36604_case_004,0,0,0,0,0,0,0,0,0,0,0,0.0,1,train,7,0.14285714285714285
vp_36605_case_001__w0000,vp_36605_case_001,0,0,0,0,1,0,0,1,0,0,0,0.0,1,validation,6,0.16666666666666666
vp_36605_case_001__w0001,vp_36605_case_001,0,0,0,0,1,0,0,1,0,0,0,0.0,1,validation,6,0.16666666666666666
vp_36605_case_001__w0002,vp_36605_case_001,0,0,0,0,0,0,0,0,0,0,0,-1.0,1,validation,6,0.16666666666666666
vp_36605_case_001__w0003,vp_36605_case_001,0,0,0,0,0,0,0,0,0,0,0,0.0,1,validation,6,0.16666666666666666
vp_36605_case_001__w0004,vp_36605_case_001,0,0,0,0,0,0,0,0,0,0,0,0.0,1,validation,6,0.16666666666666666
vp_36605_case_001__w0005,vp_36605_case_001,1,1,0,0,0,0,0,2,0,0,0,2.0,1,validation,6,0.16666666666666666
vp_36606_case_001__w0000,vp_36606_case_001,0,0,0,0,0,0,0,0,0,0,0,0.0,1,train,33,0.030303030303030304
vp_36606_case_001__w0001,vp_36606_case_001,0,0,0,0,0,0,0,0,0,0,0,0.0,1,train,33,0.030303030303030304
vp_36606_case_001__w0002,vp_36606_case_001,0,0,0,0,0,0,0,0,0,0,0,0.0,1,train,33,0.030303030303030304
vp_36606_case_001__w0003,vp_36606_case_001,0,0,0,0,0,0,0,0,0,0,0,0.0,1,train,33,0.030303030303030304
vp_36606_case_001__w0004,vp_36606_case_001,0,0,0,0,0,0,0,0,0,0,0,0.0,1,train,33,0.030303030303030304
vp_36606_case_001__w0005,vp_36606_case_001,0,0,0,0,0,0,0,0,0,0,0,0.0,1,train,33,0.030303030303030304
vp_36606_case_001__w0006,vp_36606_case_001,0,0,0,0,0,0,0,0,0,0,0,0.0,1,train,33,0.030303030303030304
vp_36606_case_001__w0007,vp_36606_case_001,0,0,0,0,0,0,0,0,0,0,0,0.0,1,train,33,0.030303030303030304
vp_36606_case_001__w0008,vp_36606_case_001,0,0,0,0,0,0,0,0,0,0,0,0.0,1,train,33,0.030303030303030304
vp_36606_case_001__w0009,vp_36606_case_001,0,0,0,0,0,0,0,1,0,0,0,1.0,1,train,33,0.030303030303030304
vp_36606_case_001__w0010,vp_36606_case_001,0,0,0,0,0,0,0,1,0,0,0,0.0,1,train,33,0.030303030303030304
vp_36606_case_001__w0011,vp_36606_case_001,0,0,0,0,0,0,0,0,0,0,0,-1.0,1,train,33,0.030303030303030304
vp_36606_case_001__w0012,vp_36606_case_001,0,0,0,0,0,0,0,0,0,0,0,0.0,1,train,33,0.030303030303030304
vp_36606_case_001__w0013,vp_36606_case_001,0,0,0,0,0,0,0,0,0,0,0,0.0,1,train,33,0.030303030303030304
vp_36606_case_001__w0014,vp_36606_case_001,0,0,0,0,0,0,0,0,0,0,0,0.0,1,train,33,0.030303030303030304
vp_36606_case_001__w0015,vp_36606_case_001,0,0,0,0,0,0,0,1,0,0,0,1.0,1,train,33,0.030303030303030304
vp_36606_case_001__w0016,vp_36606_case_001,0,0,0,0,0,0,0,1,0,0,0,0.0,1,train,33,0.030303030303030304
vp_36606_case_001__w0017,vp_36606_case_001,0,0,0,0,0,0,0,1,0,0,0,0.0,1,train,33,0.030303030303030304
vp_36606_case_001__w0018,vp_36606_case_001,0,0,0,0,0,0,0,1,0,0,0,0.0,1,train,33,0.030303030303030304
vp_36606_case_001__w0019,vp_36606_case_001,0,0,0,0,0,0,0,0,0,0,0,-1.0,1,train,33,0.030303030303030304
vp_36606_case_001__w0020,vp_36606_case_001,0,0,0,0,0,0,0,0,0,0,0,0.0,1,train,33,0.030303030303030304
vp_36606_case_001__w0021,vp_36606_case_001,0,0,0,0,0,0,0,0,0,0,0,0.0,1,train,33,0.030303030303030304
vp_36606_case_001__w0022,vp_36606_case_001,0,0,0,0,0,0,0,0,0,0,0,0.0,1,train,33,0.030303030303030304
vp_36606_case_001__w0023,vp_36606_case_001,0,0,0,0,0,0,0,0,0,0,0,0.0,1,train,33,0.030303030303030304
vp_36606_case_001__w0024,vp_36606_case_001,0,0,0,0,0,0,0,0,0,0,0,0.0,1,train,33,0.030303030303030304
vp_36606_case_001__w0025,vp_36606_case_001,0,0,0,0,0,0,0,0,0,0,0,0.0,1,train,33,0.030303030303030304
vp_36606_case_001__w0026,vp_36606_case_001,0,0,0,0,0,0,0,0,0,0,0,0.0,1,train,33,0.030303030303030304
vp_36606_case_001__w0027,vp_36606_case_001,0,0,0,0,0,0,0,0,0,0,0,0.0,1,train,33,0.030303030303030304
vp_36606_case_001__w0028,vp_36606_case_001,0,0,0,0,0,0,0,0,0,0,0,0.0,1,train,33,0.030303030303030304
vp_36606_case_001__w0029,vp_36606_case_001,0,0,0,0,0,0,0,0,0,0,0,0.0,1,train,33,0.030303030303030304
vp_36606_case_001__w0030,vp_36606_case_001,0,0,0,0,0,0,0,1,0,0,0,1.0,1,train,33,0.030303030303030304
vp_36606_case_001__w0031,vp_36606_case_001,0,0,0,0,0,0,0,1,0,0,0,0.0,1,train,33,0.030303030303030304
vp_36606_case_001__w0032,vp_36606_case_001,0,0,0,0,0,0,0,1,0,0,0,0.0,1,train,33,0.030303030303030304
vp_36607_case_001__w0000,vp_36607_case_001,0,0,0,0,0,0,0,0,0,0,0,0.0,1,train,15,0.06666666666666667
vp_36607_case_001__w0001,vp_36607_case_001,0,0,0,0,0,0,0,0,0,0,0,0.0,1,train,15,0.06666666666666667
vp_36607_case_001__w0002,vp_36607_case_001,0,0,0,0,0,0,0,0,0,0,0,0.0,1,train,15,0.06666666666666667
vp_36607_case_001__w0003,vp_36607_case_001,0,0,0,0,0,0,0,0,0,0,0,0.0,1,train,15,0.06666666666666667
vp_36607_case_001__w0004,vp_36607_case_001,0,0,0,0,0,0,0,0,0,0,0,0.0,1,train,15,0.06666666666666667
vp_36607_case_001__w0005,vp_36607_case_001,0,0,0,0,0,0,0,0,0,0,0,0.0,1,train,15,0.06666666666666667
vp_36607_case_001__w0006,vp_36607_case_001,0,0,0,0,0,0,0,0,0,0,0,0.0,1,train,15,0.06666666666666667
vp_36607_case_001__w0007,vp_36607_case_001,0,0,0,0,0,0,0,0,0,0,0,0.0,1,train,15,0.06666666666666667
vp_36607_case_001__w0008,vp_36607_case_001,0,0,0,0,0,0,0,0,0,0,0,0.0,1,train,15,0.06666666666666667
vp_36607_case_001__w0009,vp_36607_case_001,0,0,0,0,0,0,0,0,0,0,0,0.0,1,train,15,0.06666666666666667
vp_36607_case_001__w0010,vp_36607_case_001,0,0,0,0,0,0,0,0,0,0,0,0.0,1,train,15,0.06666666666666667
vp_36607_case_001__w0011,vp_36607_case_001,0,0,0,0,0,0,0,0,0,0,0,0.0,1,train,15,0.06666666666666667
vp_36607_case_001__w0012,vp_36607_case_001,0,0,0,0,0,0,0,0,0,0,0,0.0,1,train,15,0.06666666666666667
vp_36607_case_001__w0013,vp_36607_case_001,0,0,0,0,0,0,0,0,0,0,0,0.0,1,train,15,0.06666666666666667
vp_36607_case_001__w0014,vp_36607_case_001,0,1,0,0,0,0,0,1,0,0,0,1.0,1,train,15,0.06666666666666667
vp_36607_case_002__w0000,vp_36607_case_002,0,0,0,0,0,0,0,0,0,0,0,0.0,1,train,7,0.14285714285714285
vp_36607_case_002__w0001,vp_36607_case_002,0,0,0,0,0,0,0,0,0,0,0,0.0,1,train,7,0.14285714285714285
vp_36607_case_002__w0002,vp_36607_case_002,0,1,0,0,0,0,0,2,1,0,0,3.0,1,train,7,0.14285714285714285
vp_36607_case_002__w0003,vp_36607_case_002,0,1,0,0,0,0,0,2,1,0,0,0.0,1,train,7,0.14285714285714285
vp_36607_case_002__w0004,vp_36607_case_002,0,0,0,0,0,0,0,0,0,0,0,-3.0,1,train,7,0.14285714285714285
vp_36607_case_002__w0005,vp_36607_case_002,0,0,0,0,0,0,0,0,0,0,0,0.0,1,train,7,0.14285714285714285
vp_36607_case_002__w0006,vp_36607_case_002,0,0,0,0,0,0,0,0,0,0,0,0.0,1,train,7,0.14285714285714285
vp_36607_case_003__w0000,vp_36607_case_003,0,0,0,0,0,0,0,0,0,0,0,0.0,1,train,56,0.017857142857142856
vp_36607_case_003__w0001,vp_36607_case_003,0,0,0,0,0,0,0,0,0,0,0,0.0,1,train,56,0.017857142857142856
vp_36607_case_003__w0002,vp_36607_case_003,0,0,0,0,0,0,0,0,0,0,0,0.0,1,train,56,0.017857142857142856
vp_36607_case_003__w0003,vp_36607_case_003,0,0,0,0,0,0,0,0,0,0,0,0.0,1,train,56,0.017857142857142856
vp_36607_case_003__w0004,vp_36607_case_003,0,0,0,0,0,0,0,0,0,0,0,0.0,1,train,56,0.017857142857142856
vp_36607_case_003__w0005,vp_36607_case_003,0,0,0,1,0,0,0,0,0,0,0,1.0,1,train,56,0.017857142857142856
vp_36607_case_003__w0006,vp_36607_case_003,0,0,0,1,0,0,0,1,0,0,0,1.0,1,train,56,0.017857142857142856
vp_36607_case_003__w0007,vp_36607_case_003,0,0,0,0,0,0,0,1,0,0,0,-1.0,1,train,56,0.017857142857142856
vp_36607_case_003__w0008,vp_36607_case_003,0,0,0,0,0,0,0,0,0,0,0,-1.0,1,train,56,0.017857142857142856
vp_36607_case_003__w0009,vp_36607_case_003,0,0,0,0,0,0,0,1,0,0,0,1.0,1,train,56,0.017857142857142856
vp_36607_case_003__w0010,vp_36607_case_003,0,0,0,0,0,0,0,1,0,0,0,0.0,1,train,56,0.017857142857142856
vp_36607_case_003__w0011,vp_36607_case_003,0,0,0,0,0,0,0,0,0,0,0,-1.0,1,train,56,0.017857142857142856
vp_36607_case_003__w0012,vp_36607_case_003,0,0,0,0,0,0,0,0,0,0,0,0.0,1,train,56,0.017857142857142856
vp_36607_case_003__w0013,vp_36607_case_003,0,0,0,0,0,0,0,0,0,0,0,0.0,1,train,56,0.017857142857142856
vp_36607_case_003__w0014,vp_36607_case_003,0,0,0,0,0,0,0,0,0,0,0,0.0,1,train,56,0.017857142857142856
vp_36607_case_003__w0015,vp_36607_case_003,0,0,0,0,0,0,0,0,0,0,0,0.0,1,train,56,0.017857142857142856
vp_36607_case_003__w0016,vp_36607_case_003,0,0,0,0,0,0,0,0,0,0,0,0.0,1,train,56,0.017857142857142856
vp_36607_case_003__w0017,vp_36607_case_003,0,0,0,0,0,0,0,0,0,0,0,0.0,1,train,56,0.017857142857142856
vp_36607_case_003__w0018,vp_36607_case_003,0,0,0,0,0,0,0,0,0,0,0,0.0,1,train,56,0.017857142857142856
vp_36607_case_003__w0019,vp_36607_case_003,0,0,0,0,0,0,0,0,0,0,0,0.0,1,train,56,0.017857142857142856
vp_36607_case_003__w0020,vp_36607_case_003,0,0,0,0,0,0,0,0,0,0,0,0.0,1,train,56,0.017857142857142856
vp_36607_case_003__w0021,vp_36607_case_003,0,0,0,0,0,0,0,0,0,0,0,0.0,1,train,56,0.017857142857142856
vp_36607_case_003__w0022,vp_36607_case_003,0,0,0,0,0,0,0,0,0,0,0,0.0,1,train,56,0.017857142857142856
vp_36607_case_003__w0023,vp_36607_case_003,0,0,0,0,0,0,0,0,0,0,0,0.0,1,train,56,0.017857142857142856
vp_36607_case_003__w0024,vp_36607_case_003,0,0,0,0,0,0,0,0,0,0,0,0.0,1,train,56,0.017857142857142856
vp_36607_case_003__w0025,vp_36607_case_003,0,0,0,0,0,0,0,0,0,0,0,0.0,1,train,56,0.017857142857142856
vp_36607_case_003__w0026,vp_36607_case_003,0,0,0,0,0,0,0,0,0,0,0,0.0,1,train,56,0.017857142857142856
vp_36607_case_003__w0027,vp_36607_case_003,0,0,0,0,0,0,0,0,0,0,0,0.0,1,train,56,0.017857142857142856
vp_36607_case_003__w0028,vp_36607_case_003,0,0,0,0,0,0,0,0,0,0,0,0.0,1,train,56,0.017857142857142856
vp_36607_case_003__w0029,vp_36607_case_003,0,0,0,0,0,0,0,0,0,0,0,0.0,1,train,56,0.017857142857142856
vp_36607_case_003__w0030,vp_36607_case_003,0,0,0,0,0,0,0,0,0,0,0,0.0,1,train,56,0.017857142857142856
vp_36607_case_003__w0031,vp_36607_case_003,0,0,0,0,0,0,0,0,0,0,0,0.0,1,train,56,0.017857142857142856
vp_36607_case_003__w0032,vp_36607_case_003,0,0,0,0,0,0,0,0,0,0,0,0.0,1,train,56,0.017857142857142856
vp_36607_case_003__w0033,vp_36607_case_003,0,0,0,0,0,0,0,0,0,0,0,0.0,1,train,56,0.017857142857142856
vp_36607_case_003__w0034,vp_36607_case_003,0,0,0,0,0,0,0,0,0,0,0,0.0,1,train,56,0.017857142857142856
vp_36607_case_003__w0035,vp_36607_case_003,0,0,0,0,0,0,0,0,0,0,0,0.0,1,train,56,0.017857142857142856
vp_36607_case_003__w0036,vp_36607_case_003,0,0,0,0,0,0,0,0,0,0,0,0.0,1,train,56,0.017857142857142856
vp_36607_case_003__w0037,vp_36607_case_003,0,0,0,0,0,0,0,0,0,0,0,0.0,1,train,56,0.017857142857142856
vp_36607_case_003__w0038,vp_36607_case_003,0,0,0,0,0,0,0,0,0,0,0,0.0,1,train,56,0.017857142857142856
vp_36607_case_003__w0039,vp_36607_case_003,0,0,0,0,0,0,0,0,0,0,0,0.0,1,train,56,0.017857142857142856
vp_36607_case_003__w0040,vp_36607_case_003,0,0,0,0,0,0,0,0,0,0,0,0.0,1,train,56,0.017857142857142856
vp_36607_case_003__w0041,vp_36607_case_003,0,0,0,0,0,0,0,0,0,0,0,0.0,1,train,56,0.017857142857142856
vp_36607_case_003__w0042,vp_36607_case_003,0,0,0,0,0,0,0,0,0,0,0,0.0,1,train,56,0.017857142857142856
vp_36607_case_003__w0043,vp_36607_case_003,0,0,0,0,0,0,0,0,0,0,0,0.0,1,train,56,0.017857142857142856
vp_36607_case_003__w0044,vp_36607_case_003,0,0,0,0,0,0,0,0,0,0,0,0.0,1,train,56,0.017857142857142856
vp_36607_case_003__w0045,vp_36607_case_003,0,0,0,0,0,0,0,0,0,0,0,0.0,1,train,56,0.017857142857142856
vp_36607_case_003__w0046,vp_36607_case_003,0,0,0,0,0,0,0,0,0,0,0,0.0,1,train,56,0.017857142857142856
vp_36607_case_003__w0047,vp_36607_case_003,0,0,0,0,0,0,0,0,0,0,0,0.0,1,train,56,0.017857142857142856
vp_36607_case_003__w0048,vp_36607_case_003,0,0,0,0,0,0,0,0,0,0,0,0.0,1,train,56,0.017857142857142856
vp_36607_case_003__w0049,vp_36607_case_003,0,0,0,0,0,0,0,0,0,0,0,0.0,1,train,56,0.017857142857142856
vp_36607_case_003__w0050,vp_36607_case_003,0,0,0,0,0,0,0,0,0,0,0,0.0,1,train,56,0.017857142857142856
vp_36607_case_003__w0051,vp_36607_case_003,0,0,0,0,0,0,0,0,0,0,0,0.0,1,train,56,0.017857142857142856
vp_36607_case_003__w0052,vp_36607_case_003,0,0,0,0,0,0,0,0,0,0,0,0.0,1,train,56,0.017857142857142856
vp_36607_case_003__w0053,vp_36607_case_003,0,0,0,0,0,0,0,0,0,0,0,0.0,1,train,56,0.017857142857142856
vp_36607_case_003__w0054,vp_36607_case_003,0,0,0,0,0,0,0,0,0,0,0,0.0,1,train,56,0.017857142857142856
vp_36607_case_003__w0055,vp_36607_case_003,0,0,0,0,0,0,0,0,0,0,0,0.0,1,train,56,0.017857142857142856
vp_36607_case_004__w0000,vp_36607_case_004,0,0,0,0,0,0,0,0,0,0,0,0.0,1,test,24,0.041666666666666664
vp_36607_case_004__w0001,vp_36607_case_004,0,0,0,0,0,0,0,0,0,0,0,0.0,1,test,24,0.041666666666666664
vp_36607_case_004__w0002,vp_36607_case_004,0,0,0,0,0,0,0,0,0,0,0,0.0,1,test,24,0.041666666666666664
vp_36607_case_004__w0003,vp_36607_case_004,0,0,0,0,0,0,0,0,0,0,0,0.0,1,test,24,0.041666666666666664
vp_36607_case_004__w0004,vp_36607_case_004,0,0,0,0,0,0,0,0,0,0,0,0.0,1,test,24,0.041666666666666664
vp_36607_case_004__w0005,vp_36607_case_004,0,0,0,0,0,0,0,0,0,0,0,0.0,1,test,24,0.041666666666666664
vp_36607_case_004__w0006,vp_36607_case_004,0,0,0,0,0,0,0,0,0,0,0,0.0,1,test,24,0.041666666666666664
vp_36607_case_004__w0007,vp_36607_case_004,0,0,0,0,0,0,0,0,0,0,0,0.0,1,test,24,0.041666666666666664
vp_36607_case_004__w0008,vp_36607_case_004,0,0,0,0,0,0,0,0,0,0,0,0.0,1,test,24,0.041666666666666664
vp_36607_case_004__w0009,vp_36607_case_004,0,0,0,0,0,0,0,0,0,0,0,0.0,1,test,24,0.041666666666666664
vp_36607_case_004__w0010,vp_36607_case_004,0,0,0,0,0,0,0,0,0,0,0,0.0,1,test,24,0.041666666666666664
vp_36607_case_004__w0011,vp_36607_case_004,0,0,0,0,0,0,0,0,0,0,0,0.0,1,test,24,0.041666666666666664
vp_36607_case_004__w0012,vp_36607_case_004,0,0,0,0,0,0,0,0,0,0,0,0.0,1,test,24,0.041666666666666664
vp_36607_case_004__w0013,vp_36607_case_004,0,0,0,0,0,0,0,0,0,0,0,0.0,1,test,24,0.041666666666666664
vp_36607_case_004__w0014,vp_36607_case_004,0,0,0,0,0,0,0,0,0,0,0,0.0,1,test,24,0.041666666666666664
vp_36607_case_004__w0015,vp_36607_case_004,0,0,0,0,0,0,0,0,0,0,0,0.0,1,test,24,0.041666666666666664
vp_36607_case_004__w0016,vp_36607_case_004,0,0,0,0,0,0,0,0,0,0,0,0.0,1,test,24,0.041666666666666664
vp_36607_case_004__w0017,vp_36607_case_004,0,0,0,0,0,0,0,0,0,0,0,0.0,1,test,24,0.041666666666666664
vp_36607_case_004__w0018,vp_36607_case_004,0,0,0,0,0,0,0,0,0,0,0,0.0,1,test,24,0.041666666666666664
vp_36607_case_004__w0019,vp_36607_case_004,0,0,0,0,0,0,0,0,0,0,0,0.0,1,test,24,0.041666666666666664
vp_36607_case_004__w0020,vp_36607_case_004,0,0,0,0,0,0,0,0,0,0,0,0.0,1,test,24,0.041666666666666664
vp_36607_case_004__w0021,vp_36607_case_004,0,0,0,0,0,0,0,0,0,0,0,0.0,1,test,24,0.041666666666666664
vp_36607_case_004__w0022,vp_36607_case_004,0,0,0,0,0,0,0,0,0,0,0,0.0,1,test,24,0.041666666666666664
vp_36607_case_004__w0023,vp_36607_case_004,0,0,0,0,0,0,0,0,0,0,0,0.0,1,test,24,0.041666666666666664
vp_36607_case_005__w0000,vp_36607_case_005,0,0,0,0,0,0,0,0,0,0,0,0.0,1,validation,26,0.038461538461538464
vp_36607_case_005__w0001,vp_36607_case_005,0,0,0,0,0,0,0,0,0,0,0,0.0,1,validation,26,0.038461538461538464
vp_36607_case_005__w0002,vp_36607_case_005,0,0,0,0,0,0,0,0,0,0,0,0.0,1,validation,26,0.038461538461538464
vp_36607_case_005__w0003,vp_36607_case_005,0,0,0,0,0,0,0,0,0,0,0,0.0,1,validation,26,0.038461538461538464
vp_36607_case_005__w0004,vp_36607_case_005,0,0,0,0,0,0,0,0,0,0,0,0.0,1,validation,26,0.038461538461538464
vp_36607_case_005__w0005,vp_36607_case_005,0,0,0,0,0,0,0,0,0,0,0,0.0,1,validation,26,0.038461538461538464
vp_36607_case_005__w0006,vp_36607_case_005,0,0,0,0,0,0,0,0,0,0,0,0.0,1,validation,26,0.038461538461538464
vp_36607_case_005__w0007,vp_36607_case_005,0,0,0,0,0,0,0,0,0,0,0,0.0,1,validation,26,0.038461538461538464
vp_36607_case_005__w0008,vp_36607_case_005,0,0,0,0,0,0,0,0,0,0,0,0.0,1,validation,26,0.038461538461538464
vp_36607_case_005__w0009,vp_36607_case_005,0,0,0,0,0,0,0,0,0,0,0,0.0,1,validation,26,0.038461538461538464
vp_36607_case_005__w0010,vp_36607_case_005,0,0,0,0,0,0,0,0,0,0,0,0.0,1,validation,26,0.038461538461538464
vp_36607_case_005__w0011,vp_36607_case_005,0,0,0,0,0,0,0,0,0,0,0,0.0,1,validation,26,0.038461538461538464
vp_36607_case_005__w0012,vp_36607_case_005,0,0,0,0,0,0,0,1,1,0,0,2.0,1,validation,26,0.038461538461538464
vp_36607_case_005__w0013,vp_36607_case_005,0,0,0,0,0,0,0,1,1,0,0,0.0,1,validation,26,0.038461538461538464
vp_36607_case_005__w0014,vp_36607_case_005,0,0,0,0,0,0,0,0,0,0,0,-2.0,1,validation,26,0.038461538461538464
vp_36607_case_005__w0015,vp_36607_case_005,0,0,0,0,0,0,0,0,0,0,0,0.0,1,validation,26,0.038461538461538464
vp_36607_case_005__w0016,vp_36607_case_005,0,0,0,0,0,0,0,0,0,0,0,0.0,1,validation,26,0.038461538461538464
vp_36607_case_005__w0017,vp_36607_case_005,0,0,0,0,0,0,0,0,0,0,0,0.0,1,validation,26,0.038461538461538464
vp_36607_case_005__w0018,vp_36607_case_005,0,0,0,0,0,0,0,0,0,0,0,0.0,1,validation,26,0.038461538461538464
vp_36607_case_005__w0019,vp_36607_case_005,0,0,0,0,0,0,0,0,0,0,0,0.0,1,validation,26,0.038461538461538464
vp_36607_case_005__w0020,vp_36607_case_005,0,0,0,0,0,0,0,0,0,0,0,0.0,1,validation,26,0.038461538461538464
vp_36607_case_005__w0021,vp_36607_case_005,0,0,0,0,0,0,0,0,0,0,0,0.0,1,validation,26,0.038461538461538464
vp_36607_case_005__w0022,vp_36607_case_005,0,0,0,0,0,0,0,0,0,0,0,0.0,1,validation,26,0.038461538461538464
vp_36607_case_005__w0023,vp_36607_case_005,0,0,0,0,0,0,0,0,0,0,0,0.0,1,validation,26,0.038461538461538464
vp_36607_case_005__w0024,vp_36607_case_005,0,0,0,0,0,0,0,0,0,0,0,0.0,1,validation,26,0.038461538461538464
vp_36607_case_005__w0025,vp_36607_case_005,0,0,0,0,0,0,0,0,0,0,0,0.0,1,validation,26,0.038461538461538464
vp_36607_case_006__w0000,vp_36607_case_006,0,0,0,0,0,0,0,0,0,0,0,0.0,1,test,32,0.03125
vp_36607_case_006__w0001,vp_36607_case_006,0,0,0,0,0,0,0,0,0,0,0,0.0,1,test,32,0.03125
vp_36607_case_006__w0002,vp_36607_case_006,0,0,0,0,0,0,0,0,0,0,0,0.0,1,test,32,0.03125
vp_36607_case_006__w0003,vp_36607_case_006,0,0,0,0,0,0,0,0,0,0,0,0.0,1,test,32,0.03125
vp_36607_case_006__w0004,vp_36607_case_006,0,0,0,0,0,0,0,0,0,0,0,0.0,1,test,32,0.03125
vp_36607_case_006__w0005,vp_36607_case_006,0,0,0,0,0,0,0,0,0,0,0,0.0,1,test,32,0.03125
vp_36607_case_006__w0006,vp_36607_case_006,0,0,0,0,0,0,0,0,0,0,0,0.0,1,test,32,0.03125
vp_36607_case_006__w0007,vp_36607_case_006,0,0,0,0,0,0,0,0,0,0,0,0.0,1,test,32,0.03125
vp_36607_case_006__w0008,vp_36607_case_006,0,0,0,0,0,0,0,0,0,0,0,0.0,1,test,32,0.03125
vp_36607_case_006__w0009,vp_36607_case_006,0,0,0,0,0,0,0,0,0,0,0,0.0,1,test,32,0.03125
vp_36607_case_006__w0010,vp_36607_case_006,0,0,0,0,0,0,0,0,0,0,0,0.0,1,test,32,0.03125
vp_36607_case_006__w0011,vp_36607_case_006,0,0,0,0,0,0,0,0,0,0,0,0.0,1,test,32,0.03125
vp_36607_case_006__w0012,vp_36607_case_006,0,0,0,0,0,0,0,0,0,0,0,0.0,1,test,32,0.03125
vp_36607_case_006__w0013,vp_36607_case_006,0,0,0,0,0,0,0,0,0,0,0,0.0,1,test,32,0.03125
vp_36607_case_006__w0014,vp_36607_case_006,0,0,0,0,0,0,0,0,0,0,0,0.0,1,test,32,0.03125
vp_36607_case_006__w0015,vp_36607_case_006,0,0,0,0,0,0,0,0,0,0,0,0.0,1,test,32,0.03125
vp_36607_case_006__w0016,vp_36607_case_006,0,0,0,0,0,0,0,0,0,0,0,0.0,1,test,32,0.03125
vp_36607_case_006__w0017,vp_36607_case_006,0,0,0,0,0,0,0,0,0,0,0,0.0,1,test,32,0.03125
vp_36607_case_006__w0018,vp_36607_case_006,0,0,0,0,0,0,0,0,0,0,0,0.0,1,test,32,0.03125
vp_36607_case_006__w0019,vp_36607_case_006,0,0,0,0,0,0,0,0,0,0,0,0.0,1,test,32,0.03125
vp_36607_case_006__w0020,vp_36607_case_006,0,0,0,0,0,0,0,0,0,0,0,0.0,1,test,32,0.03125
vp_36607_case_006__w0021,vp_36607_case_006,0,0,0,0,0,0,0,0,0,0,0,0.0,1,test,32,0.03125
vp_36607_case_006__w0022,vp_36607_case_006,0,0,0,0,0,0,0,0,0,0,0,0.0,1,test,32,0.03125
vp_36607_case_006__w0023,vp_36607_case_006,0,0,0,0,0,0,0,1,0,0,0,0.0,1,test,32,0.03125
vp_36607_case_006__w0024,vp_36607_case_006,0,0,0,0,0,0,0,1,0,0,0,0.0,1,test,32,0.03125
vp_36607_case_006__w0025,vp_36607_case_006,0,0,0,0,0,0,0,0,0,0,0,0.0,1,test,32,0.03125
vp_36607_case_006__w0026,vp_36607_case_006,0,0,0,0,0,0,0,0,0,0,0,0.0,1,test,32,0.03125
vp_36607_case_006__w0027,vp_36607_case_006,0,0,0,0,0,0,0,0,0,0,0,0.0,1,test,32,0.03125
vp_36607_case_006__w0028,vp_36607_case_006,0,0,0,0,0,0,0,0,0,0,0,0.0,1,test,32,0.03125
vp_36607_case_006__w0029,vp_36607_case_006,0,0,0,0,0,0,0,0,0,0,0,0.0,1,test,32,0.03125
vp_36607_case_006__w0030,vp_36607_case_006,0,0,0,0,0,0,0,0,0,0,0,0.0,1,test,32,0.03125
vp_36607_case_006__w0031,vp_36607_case_006,0,0,0,0,0,0,0,0,0,0,0,0.0,1,test,32,0.03125
vp_36607_case_007__w0000,vp_36607_case_007,0,0,0,0,0,0,0,0,0,0,0,0.0,1,train,6,0.16666666666666666
vp_36607_case_007__w0001,vp_36607_case_007,0,0,0,0,0,0,0,0,0,0,0,0.0,1,train,6,0.16666666666666666
vp_36607_case_007__w0002,vp_36607_case_007,0,0,0,0,0,0,0,0,0,0,0,0.0,1,train,6,0.16666666666666666
vp_36607_case_007__w0003,vp_36607_case_007,0,0,0,0,0,0,0,0,0,0,0,0.0,1,train,6,0.16666666666666666
vp_36607_case_007__w0004,vp_36607_case_007,0,0,0,0,0,0,0,0,1,0,0,1.0,1,train,6,0.16666666666666666
vp_36607_case_007__w0005,vp_36607_case_007,0,0,0,0,0,0,0,0,1,0,0,0.0,1,train,6,0.16666666666666666
vp_36608_case_001__w0000,vp_36608_case_001,0,1,0,0,0,0,0,1,0,0,0,0.0,1,train,8,0.125
vp_36608_case_001__w0001,vp_36608_case_001,0,0,0,0,0,0,0,0,0,0,0,-1.0,1,train,8,0.125
vp_36608_case_001__w0002,vp_36608_case_001,0,0,0,0,0,0,0,0,0,0,0,0.0,1,train,8,0.125
vp_36608_case_001__w0003,vp_36608_case_001,0,0,0,0,0,0,0,0,0,0,0,0.0,1,train,8,0.125
vp_36608_case_001__w0004,vp_36608_case_001,0,0,0,0,0,0,0,0,0,0,0,0.0,1,train,8,0.125
vp_36608_case_001__w0005,vp_36608_case_001,0,0,0,0,0,0,0,1,1,0,0,2.0,1,train,8,0.125
vp_36608_case_001__w0006,vp_36608_case_001,0,0,0,0,0,0,0,1,1,0,0,0.0,1,train,8,0.125
vp_36608_case_001__w0007,vp_36608_case_001,0,0,0,0,0,0,0,0,0,0,0,-2.0,1,train,8,0.125
vp_36609_case_001__w0000,vp_36609_case_001,0,0,0,0,1,1,0,1,1,0,1,0.0,1,train,7,0.14285714285714285
vp_36609_case_001__w0001,vp_36609_case_001,0,0,0,0,1,1,0,1,1,0,1,0.0,1,train,7,0.14285714285714285
vp_36609_case_001__w0002,vp_36609_case_001,0,0,0,0,0,0,0,0,0,0,0,-2.0,1,train,7,0.14285714285714285
vp_36609_case_001__w0003,vp_36609_case_001,0,0,0,0,0,0,0,0,0,0,0,0.0,1,train,7,0.14285714285714285
vp_36609_case_001__w0004,vp_36609_case_001,0,0,0,0,0,0,0,0,0,0,0,0.0,1,train,7,0.14285714285714285
vp_36609_case_001__w0005,vp_36609_case_001,0,0,0,0,0,0,0,0,0,0,0,0.0,1,train,7,0.14285714285714285
vp_36609_case_001__w0006,vp_36609_case_001,0,0,0,0,0,0,0,0,0,0,0,0.0,1,train,7,0.14285714285714285
vp_36609_case_002__w0000,vp_36609_case_002,0,0,0,0,0,0,0,0,0,0,0,0.0,1,train,3,0.3333333333333333
vp_36609_case_002__w0001,vp_36609_case_002,0,0,0,0,0,0,0,0,0,0,0,0.0,1,train,3,0.3333333333333333
vp_36609_case_002__w0002,vp_36609_case_002,0,0,0,0,0,0,0,0,0,0,0,0.0,1,train,3,0.3333333333333333
vp_36610_case_002__w0000,vp_36610_case_002,0,0,0,0,0,0,0,0,0,0,0,0.0,1,validation,7,0.14285714285714285
vp_36610_case_002__w0001,vp_36610_case_002,0,0,0,0,0,0,0,0,0,0,0,0.0,1,validation,7,0.14285714285714285
vp_36610_case_002__w0002,vp_36610_case_002,0,0,0,0,0,0,0,0,0,0,0,0.0,1,validation,7,0.14285714285714285
vp_36610_case_002__w0003,vp_36610_case_002,1,0,0,0,0,0,0,1,0,0,0,1.0,1,validation,7,0.14285714285714285
vp_36610_case_002__w0004,vp_36610_case_002,1,0,0,0,0,0,0,1,0,0,0,0.0,1,validation,7,0.14285714285714285
vp_36610_case_002__w0005,vp_36610_case_002,0,0,0,0,0,0,0,0,0,0,0,-1.0,1,validation,7,0.14285714285714285
vp_36610_case_002__w0006,vp_36610_case_002,0,0,0,0,0,0,0,0,0,0,0,0.0,1,validation,7,0.14285714285714285
vp_36610_case_003__w0000,vp_36610_case_003,0,0,0,0,0,0,0,0,0,0,0,0.0,1,train,1,1.0
vp_36610_case_004__w0000,vp_36610_case_004,0,0,0,0,0,0,0,0,0,0,0,0.0,1,train,7,0.14285714285714285
vp_36610_case_004__w0001,vp_36610_case_004,0,0,0,0,0,0,0,0,0,0,0,0.0,1,train,7,0.14285714285714285
vp_36610_case_004__w0002,vp_36610_case_004,0,1,0,0,0,0,0,1,0,0,0,1.0,1,train,7,0.14285714285714285
vp_36610_case_004__w0003,vp_36610_case_004,0,1,0,0,0,0,0,1,0,0,0,0.0,1,train,7,0.14285714285714285
vp_36610_case_004__w0004,vp_36610_case_004,0,0,0,0,0,0,0,0,0,0,0,-1.0,1,train,7,0.14285714285714285
vp_36610_case_004__w0005,vp_36610_case_004,0,0,0,0,0,0,0,0,0,0,0,0.0,1,train,7,0.14285714285714285
vp_36610_case_004__w0006,vp_36610_case_004,0,0,0,0,0,0,0,0,0,0,0,0.0,1,train,7,0.14285714285714285
vp_36611_case_001__w0000,vp_36611_case_001,1,0,0,0,0,0,0,1,0,0,0,0.0,1,train,9,0.1111111111111111
vp_36611_case_001__w0001,vp_36611_case_001,1,0,0,0,0,0,0,1,0,0,0,0.0,1,train,9,0.1111111111111111
vp_36611_case_001__w0002,vp_36611_case_001,1,0,0,0,0,0,0,1,0,0,0,0.0,1,train,9,0.1111111111111111
vp_36611_case_001__w0003,vp_36611_case_001,1,0,0,0,0,0,0,1,0,0,0,0.0,1,train,9,0.1111111111111111
vp_36611_case_001__w0004,vp_36611_case_001,1,0,0,0,0,0,0,1,0,0,0,0.0,1,train,9,0.1111111111111111
vp_36611_case_001__w0005,vp_36611_case_001,1,0,0,0,0,0,0,1,0,0,0,0.0,1,train,9,0.1111111111111111
vp_36611_case_001__w0006,vp_36611_case_001,1,0,0,0,0,0,0,1,0,0,0,0.0,1,train,9,0.1111111111111111
vp_36611_case_001__w0007,vp_36611_case_001,0,0,0,0,0,0,0,0,0,0,0,-1.0,1,train,9,0.1111111111111111
vp_36611_case_001__w0008,vp_36611_case_001,1,0,0,0,0,0,0,1,0,0,0,1.0,1,train,9,0.1111111111111111
vp_36613_case_001__w0000,vp_36613_case_001,0,0,0,0,0,0,0,1,0,0,0,0.0,1,train,21,0.047619047619047616
vp_36613_case_001__w0001,vp_36613_case_001,0,0,0,0,0,0,0,0,0,0,0,-1.0,1,train,21,0.047619047619047616
vp_36613_case_001__w0002,vp_36613_case_001,0,0,0,0,0,0,0,0,0,0,0,0.0,1,train,21,0.047619047619047616
vp_36613_case_001__w0003,vp_36613_case_001,0,0,0,0,0,0,0,0,0,0,0,0.0,1,train,21,0.047619047619047616
vp_36613_case_001__w0004,vp_36613_case_001,0,0,0,0,0,0,0,0,0,0,0,0.0,1,train,21,0.047619047619047616
vp_36613_case_001__w0005,vp_36613_case_001,0,0,0,0,0,0,0,0,0,0,0,0.0,1,train,21,0.047619047619047616
vp_36613_case_001__w0006,vp_36613_case_001,0,0,0,0,0,0,0,0,0,0,0,0.0,1,train,21,0.047619047619047616
vp_36613_case_001__w0007,vp_36613_case_001,0,0,0,0,0,0,0,0,0,0,0,0.0,1,train,21,0.047619047619047616
vp_36613_case_001__w0008,vp_36613_case_001,0,0,0,0,0,0,0,0,0,0,0,0.0,1,train,21,0.047619047619047616
vp_36613_case_001__w0009,vp_36613_case_001,0,0,0,0,0,0,0,1,1,0,0,2.0,1,train,21,0.047619047619047616
vp_36613_case_001__w0010,vp_36613_case_001,0,0,0,0,0,0,0,1,1,0,0,0.0,1,train,21,0.047619047619047616
vp_36613_case_001__w0011,vp_36613_case_001,0,0,0,0,0,0,0,0,0,0,0,-2.0,1,train,21,0.047619047619047616
vp_36613_case_001__w0012,vp_36613_case_001,0,0,0,0,0,0,0,0,0,0,0,0.0,1,train,21,0.047619047619047616
vp_36613_case_001__w0013,vp_36613_case_001,0,0,0,0,0,0,0,0,0,0,0,0.0,1,train,21,0.047619047619047616
vp_36613_case_001__w0014,vp_36613_case_001,0,0,0,0,0,0,0,0,0,0,0,0.0,1,train,21,0.047619047619047616
vp_36613_case_001__w0015,vp_36613_case_001,0,0,0,0,0,0,0,0,0,0,0,0.0,1,train,21,0.047619047619047616
vp_36613_case_001__w0016,vp_36613_case_001,0,0,0,0,0,0,0,0,0,0,0,0.0,1,train,21,0.047619047619047616
vp_36613_case_001__w0017,vp_36613_case_001,0,0,0,0,0,0,0,0,0,0,0,0.0,1,train,21,0.047619047619047616
vp_36613_case_001__w0018,vp_36613_case_001,0,0,0,0,0,0,0,0,0,0,0,0.0,1,train,21,0.047619047619047616
vp_36613_case_001__w0019,vp_36613_case_001,0,0,0,0,0,0,0,0,0,0,0,0.0,1,train,21,0.047619047619047616
vp_36613_case_001__w0020,vp_36613_case_001,0,0,0,0,0,0,0,0,0,0,0,0.0,1,train,21,0.047619047619047616
vp_36613_case_002__w0000,vp_36613_case_002,0,0,0,0,0,0,0,0,0,0,0,0.0,1,train,19,0.05263157894736842
vp_36613_case_002__w0001,vp_36613_case_002,0,0,0,0,0,0,0,0,0,0,0,0.0,1,train,19,0.05263157894736842
vp_36613_case_002__w0002,vp_36613_case_002,0,0,0,0,0,0,0,0,0,0,0,0.0,1,train,19,0.05263157894736842
vp_36613_case_002__w0003,vp_36613_case_002,0,0,0,0,0,0,0,0,0,0,0,0.0,1,train,19,0.05263157894736842
vp_36613_case_002__w0004,vp_36613_case_002,0,0,0,0,0,0,0,0,0,0,0,0.0,1,train,19,0.05263157894736842
vp_36613_case_002__w0005,vp_36613_case_002,0,0,0,0,0,0,0,0,0,0,0,0.0,1,train,19,0.05263157894736842
vp_36613_case_002__w0006,vp_36613_case_002,0,0,0,0,0,0,0,0,0,0,0,0.0,1,train,19,0.05263157894736842
vp_36613_case_002__w0007,vp_36613_case_002,0,0,0,0,0,0,0,0,0,0,0,0.0,1,train,19,0.05263157894736842
vp_36613_case_002__w0008,vp_36613_case_002,0,0,0,0,0,0,0,0,0,0,0,0.0,1,train,19,0.05263157894736842
vp_36613_case_002__w0009,vp_36613_case_002,0,0,0,0,0,0,0,0,0,0,0,0.0,1,train,19,0.05263157894736842
vp_36613_case_002__w0010,vp_36613_case_002,0,0,0,0,0,0,0,1,0,0,0,0.0,1,train,19,0.05263157894736842
vp_36613_case_002__w0011,vp_36613_case_002,0,0,0,0,0,0,0,1,0,0,0,0.0,1,train,19,0.05263157894736842
vp_36613_case_002__w0012,vp_36613_case_002,0,1,0,0,0,0,0,1,0,0,0,1.0,1,train,19,0.05263157894736842
vp_36613_case_002__w0013,vp_36613_case_002,0,1,0,0,0,0,0,1,0,0,0,0.0,1,train,19,0.05263157894736842
vp_36613_case_002__w0014,vp_36613_case_002,0,0,0,0,0,0,0,0,0,0,0,-1.0,1,train,19,0.05263157894736842
vp_36613_case_002__w0015,vp_36613_case_002,0,0,0,0,0,0,0,0,0,0,0,0.0,1,train,19,0.05263157894736842
vp_36613_case_002__w0016,vp_36613_case_002,0,0,0,0,0,0,0,0,0,0,0,0.0,1,train,19,0.05263157894736842
vp_36613_case_002__w0017,vp_36613_case_002,0,0,0,0,0,0,0,0,0,0,0,0.0,1,train,19,0.05263157894736842
vp_36613_case_002__w0018,vp_36613_case_002,0,0,0,0,0,0,0,0,0,0,0,0.0,1,train,19,0.05263157894736842
vp_36621_case_001__w0000,vp_36621_case_001,0,0,0,0,0,0,0,1,1,0,0,0.0,1,train,1,1.0
vp_36622_case_001__w0000,vp_36622_case_001,0,0,0,0,0,0,0,0,0,0,0,0.0,1,train,1,1.0
vp_36626_case_001__w0000,vp_36626_case_001,0,0,0,0,0,0,0,1,0,0,0,0.0,1,validation,3,0.3333333333333333
vp_36626_case_001__w0001,vp_36626_case_001,0,0,0,0,0,0,0,1,0,0,0,0.0,1,validation,3,0.3333333333333333
vp_36626_case_001__w0002,vp_36626_case_001,0,0,0,0,0,0,0,1,0,0,0,0.0,1,validation,3,0.3333333333333333
vp_36627_case_001__w0000,vp_36627_case_001,0,0,0,0,0,0,0,0,0,0,0,0.0,1,train,2,0.5
vp_36627_case_001__w0001,vp_36627_case_001,0,0,0,0,0,0,0,0,0,0,0,0.0,1,train,2,0.5
vp_36628_case_001__w0000,vp_36628_case_001,0,0,0,0,0,0,0,0,0,0,0,0.0,1,train,3,0.3333333333333333
vp_36628_case_001__w0001,vp_36628_case_001,0,0,0,1,0,0,0,0,0,0,0,1.0,1,train,3,0.3333333333333333
vp_36628_case_001__w0002,vp_36628_case_001,0,0,0,1,0,0,0,0,0,0,0,0.0,1,train,3,0.3333333333333333
vp_36628_case_002__w0000,vp_36628_case_002,0,0,0,0,0,0,0,0,0,0,0,0.0,1,train,9,0.1111111111111111
vp_36628_case_002__w0001,vp_36628_case_002,0,0,0,0,0,0,0,0,0,0,0,0.0,1,train,9,0.1111111111111111
vp_36628_case_002__w0002,vp_36628_case_002,0,0,0,0,0,0,0,0,0,0,0,0.0,1,train,9,0.1111111111111111
vp_36628_case_002__w0003,vp_36628_case_002,0,0,0,0,0,0,0,0,0,0,0,0.0,1,train,9,0.1111111111111111
vp_36628_case_002__w0004,vp_36628_case_002,0,0,0,0,0,0,0,0,0,0,0,0.0,1,train,9,0.1111111111111111
vp_36628_case_002__w0005,vp_36628_case_002,0,0,0,0,0,0,0,0,0,0,0,0.0,1,train,9,0.1111111111111111
vp_36628_case_002__w0006,vp_36628_case_002,0,0,0,0,0,0,0,0,0,0,0,0.0,1,train,9,0.1111111111111111
vp_36628_case_002__w0007,vp_36628_case_002,0,0,0,0,0,0,0,0,0,0,0,0.0,1,train,9,0.1111111111111111
vp_36628_case_002__w0008,vp_36628_case_002,0,0,0,0,0,0,0,0,0,0,0,0.0,1,train,9,0.1111111111111111
vp_36629_case_001__w0000,vp_36629_case_001,0,0,0,0,0,0,0,0,0,0,0,0.0,1,train,1,1.0
vp_36630_case_001__w0000,vp_36630_case_001,0,0,0,0,0,0,0,0,0,0,0,0.0,1,train,8,0.125
vp_36630_case_001__w0001,vp_36630_case_001,0,0,0,0,0,0,0,0,0,0,0,0.0,1,train,8,0.125
vp_36630_case_001__w0002,vp_36630_case_001,0,0,0,0,0,0,0,0,0,0,0,0.0,1,train,8,0.125
vp_36630_case_001__w0003,vp_36630_case_001,0,0,0,1,0,0,0,0,0,0,0,1.0,1,train,8,0.125
vp_36630_case_001__w0004,vp_36630_case_001,0,0,0,1,0,0,0,0,0,0,0,0.0,1,train,8,0.125
vp_36630_case_001__w0005,vp_36630_case_001,0,0,0,0,0,0,0,0,0,0,0,-1.0,1,train,8,0.125
vp_36630_case_001__w0006,vp_36630_case_001,0,0,0,0,0,0,0,0,0,0,0,0.0,1,train,8,0.125
vp_36630_case_001__w0007,vp_36630_case_001,0,0,0,0,0,0,0,0,0,0,0,0.0,1,train,8,0.125
vp_36631_case_001__w0000,vp_36631_case_001,0,0,0,0,0,0,0,0,0,0,0,0.0,1,test,1,1.0
vp_36632_case_001__w0000,vp_36632_case_001,0,0,0,0,0,0,0,0,0,0,0,0.0,1,validation,1,1.0
vp_36633_case_001__w0000,vp_36633_case_001,1,0,0,0,0,0,0,1,0,0,0,0.0,1,train,13,0.07692307692307693
vp_36633_case_001__w0001,vp_36633_case_001,1,0,0,0,0,0,0,1,0,0,0,0.0,1,train,13,0.07692307692307693
vp_36633_case_001__w0002,vp_36633_case_001,0,0,0,0,0,0,0,0,0,0,0,-1.0,1,train,13,0.07692307692307693
vp_36633_case_001__w0003,vp_36633_case_001,0,0,0,0,0,0,0,0,0,0,0,0.0,1,train,13,0.07692307692307693
vp_36633_case_001__w0004,vp_36633_case_001,0,0,0,0,0,0,0,0,0,0,0,0.0,1,train,13,0.07692307692307693
vp_36633_case_001__w0005,vp_36633_case_001,0,0,0,0,0,0,0,0,0,0,0,0.0,1,train,13,0.07692307692307693
vp_36633_case_001__w0006,vp_36633_case_001,1,0,0,0,0,0,0,1,0,0,0,1.0,1,train,13,0.07692307692307693
vp_36633_case_001__w0007,vp_36633_case_001,1,0,0,0,0,0,0,2,0,0,0,0.0,1,train,13,0.07692307692307693
vp_36633_case_001__w0008,vp_36633_case_001,0,0,0,0,0,0,0,1,0,0,0,-1.0,1,train,13,0.07692307692307693
vp_36633_case_001__w0009,vp_36633_case_001,0,0,0,0,0,0,0,0,0,0,0,0.0,1,train,13,0.07692307692307693
vp_36633_case_001__w0010,vp_36633_case_001,0,0,0,0,0,0,0,0,0,0,0,0.0,1,train,13,0.07692307692307693
vp_36633_case_001__w0011,vp_36633_case_001,0,0,0,0,0,0,0,0,0,0,0,0.0,1,train,13,0.07692307692307693
vp_36633_case_001__w0012,vp_36633_case_001,0,0,0,0,0,0,0,0,0,0,0,0.0,1,train,13,0.07692307692307693
vp_36635_case_001__w0000,vp_36635_case_001,0,0,0,0,0,0,0,1,1,0,0,0.0,1,train,6,0.16666666666666666
vp_36635_case_001__w0001,vp_36635_case_001,0,0,0,0,0,0,0,1,1,0,0,0.0,1,train,6,0.16666666666666666
vp_36635_case_001__w0002,vp_36635_case_001,0,0,0,1,0,0,0,1,1,0,0,1.0,1,train,6,0.16666666666666666
vp_36635_case_001__w0003,vp_36635_case_001,0,0,0,1,0,0,0,1,0,0,0,-2.0,1,train,6,0.16666666666666666
vp_36635_case_001__w0004,vp_36635_case_001,0,0,0,0,0,0,0,1,0,0,0,-1.0,1,train,6,0.16666666666666666
vp_36635_case_001__w0005,vp_36635_case_001,0,0,0,0,0,0,0,0,0,0,0,0.0,1,train,6,0.16666666666666666
vp_36636_case_001__w0000,vp_36636_case_001,0,0,0,0,0,0,0,0,0,0,0,0.0,1,test,14,0.07142857142857142
vp_36636_case_001__w0001,vp_36636_case_001,0,0,0,0,0,0,0,0,0,0,0,0.0,1,test,14,0.07142857142857142
vp_36636_case_001__w0002,vp_36636_case_001,0,0,0,0,0,0,0,0,0,0,0,0.0,1,test,14,0.07142857142857142
vp_36636_case_001__w0003,vp_36636_case_001,0,0,0,0,0,0,0,0,0,0,0,0.0,1,test,14,0.07142857142857142
vp_36636_case_001__w0004,vp_36636_case_001,0,0,0,0,0,0,0,0,0,0,0,0.0,1,test,14,0.07142857142857142
vp_36636_case_001__w0005,vp_36636_case_001,0,0,0,0,0,0,0,0,0,0,0,0.0,1,test,14,0.07142857142857142
vp_36636_case_001__w0006,vp_36636_case_001,0,0,0,0,0,0,0,0,0,0,0,0.0,1,test,14,0.07142857142857142
vp_36636_case_001__w0007,vp_36636_case_001,0,0,0,0,0,0,0,0,0,0,0,0.0,1,test,14,0.07142857142857142
vp_36636_case_001__w0008,vp_36636_case_001,0,0,0,0,0,0,0,0,0,0,0,0.0,1,test,14,0.07142857142857142
vp_36636_case_001__w0009,vp_36636_case_001,0,0,0,0,0,0,0,0,0,0,0,0.0,1,test,14,0.07142857142857142
vp_36636_case_001__w0010,vp_36636_case_001,0,0,0,0,0,0,0,0,0,0,0,0.0,1,test,14,0.07142857142857142
vp_36636_case_001__w0011,vp_36636_case_001,0,0,0,0,0,0,0,0,0,0,0,0.0,1,test,14,0.07142857142857142
vp_36636_case_001__w0012,vp_36636_case_001,0,0,0,0,0,0,0,0,0,0,0,0.0,1,test,14,0.07142857142857142
vp_36636_case_001__w0013,vp_36636_case_001,0,0,0,0,0,0,0,0,0,0,0,0.0,1,test,14,0.07142857142857142
vp_36637_case_001__w0000,vp_36637_case_001,1,0,0,1,0,0,0,1,0,1,0,0.0,1,train,1,1.0
vp_36638_case_001__w0000,vp_36638_case_001,0,0,0,0,0,0,0,0,0,0,0,0.0,1,train,19,0.05263157894736842
vp_36638_case_001__w0001,vp_36638_case_001,0,0,0,0,0,0,0,0,0,0,0,0.0,1,train,19,0.05263157894736842
vp_36638_case_001__w0002,vp_36638_case_001,0,0,0,0,0,0,0,0,0,0,0,0.0,1,train,19,0.05263157894736842
vp_36638_case_001__w0003,vp_36638_case_001,0,0,0,0,0,0,0,0,0,0,0,0.0,1,train,19,0.05263157894736842
vp_36638_case_001__w0004,vp_36638_case_001,0,0,0,0,0,0,0,0,0,0,0,0.0,1,train,19,0.05263157894736842
vp_36638_case_001__w0005,vp_36638_case_001,0,0,0,0,0,0,0,0,0,0,0,0.0,1,train,19,0.05263157894736842
vp_36638_case_001__w0006,vp_36638_case_001,0,0,0,0,0,0,0,0,0,0,0,0.0,1,train,19,0.05263157894736842
vp_36638_case_001__w0007,vp_36638_case_001,0,0,0,0,0,0,0,0,0,0,0,0.0,1,train,19,0.05263157894736842
vp_36638_case_001__w0008,vp_36638_case_001,0,0,0,0,0,0,0,0,0,0,0,0.0,1,train,19,0.05263157894736842
vp_36638_case_001__w0009,vp_36638_case_001,0,0,0,0,0,0,0,0,0,0,0,0.0,1,train,19,0.05263157894736842
vp_36638_case_001__w0010,vp_36638_case_001,0,0,0,0,0,0,0,0,0,0,0,0.0,1,train,19,0.05263157894736842
vp_36638_case_001__w0011,vp_36638_case_001,0,0,0,0,0,0,0,0,0,0,0,0.0,1,train,19,0.05263157894736842
vp_36638_case_001__w0012,vp_36638_case_001,0,0,0,0,0,0,0,0,0,0,0,0.0,1,train,19,0.05263157894736842
vp_36638_case_001__w0013,vp_36638_case_001,0,0,0,0,0,0,0,0,0,0,0,0.0,1,train,19,0.05263157894736842
vp_36638_case_001__w0014,vp_36638_case_001,0,0,0,1,0,0,0,0,0,0,0,1.0,1,train,19,0.05263157894736842
vp_36638_case_001__w0015,vp_36638_case_001,0,0,0,1,0,0,0,0,0,0,0,0.0,1,train,19,0.05263157894736842
vp_36638_case_001__w0016,vp_36638_case_001,0,0,0,0,0,0,0,0,0,0,0,-1.0,1,train,19,0.05263157894736842
vp_36638_case_001__w0017,vp_36638_case_001,0,0,0,0,0,0,0,0,0,0,0,0.0,1,train,19,0.05263157894736842
vp_36638_case_001__w0018,vp_36638_case_001,0,0,0,0,0,0,0,0,0,0,0,0.0,1,train,19,0.05263157894736842
vp_36638_case_002__w0000,vp_36638_case_002,0,0,0,0,0,0,0,0,0,0,0,0.0,1,train,38,0.02631578947368421
vp_36638_case_002__w0001,vp_36638_case_002,0,0,0,0,0,0,0,1,1,0,0,2.0,1,train,38,0.02631578947368421
vp_36638_case_002__w0002,vp_36638_case_002,0,0,0,0,0,0,0,1,1,0,0,0.0,1,train,38,0.02631578947368421
vp_36638_case_002__w0003,vp_36638_case_002,0,0,0,0,0,0,0,0,0,0,0,-2.0,1,train,38,0.02631578947368421
vp_36638_case_002__w0004,vp_36638_case_002,0,0,0,0,0,0,0,1,0,0,0,1.0,1,train,38,0.02631578947368421
vp_36638_case_002__w0005,vp_36638_case_002,0,0,0,0,0,0,0,1,0,0,0,0.0,1,train,38,0.02631578947368421
vp_36638_case_002__w0006,vp_36638_case_002,0,0,0,0,0,0,0,0,0,0,0,-1.0,1,train,38,0.02631578947368421
vp_36638_case_002__w0007,vp_36638_case_002,0,0,0,0,0,0,0,0,0,0,0,0.0,1,train,38,0.02631578947368421
vp_36638_case_002__w0008,vp_36638_case_002,0,0,0,0,0,0,0,0,0,0,0,0.0,1,train,38,0.02631578947368421
vp_36638_case_002__w0009,vp_36638_case_002,0,0,0,0,0,0,0,0,0,0,0,0.0,1,train,38,0.02631578947368421
vp_36638_case_002__w0010,vp_36638_case_002,0,0,0,0,0,0,0,0,0,0,0,0.0,1,train,38,0.02631578947368421
vp_36638_case_002__w0011,vp_36638_case_002,0,0,0,0,0,0,0,0,0,0,0,0.0,1,train,38,0.02631578947368421
vp_36638_case_002__w0012,vp_36638_case_002,0,0,0,0,0,0,0,0,0,0,0,0.0,1,train,38,0.02631578947368421
vp_36638_case_002__w0013,vp_36638_case_002,0,0,0,0,0,0,0,0,0,0,0,0.0,1,train,38,0.02631578947368421
vp_36638_case_002__w0014,vp_36638_case_002,0,1,0,0,0,0,0,1,0,0,0,1.0,1,train,38,0.02631578947368421
vp_36638_case_002__w0015,vp_36638_case_002,0,1,0,0,0,0,0,1,0,0,0,0.0,1,train,38,0.02631578947368421
vp_36638_case_002__w0016,vp_36638_case_002,0,0,0,0,0,0,0,0,0,0,0,-1.0,1,train,38,0.02631578947368421
vp_36638_case_002__w0017,vp_36638_case_002,0,0,0,0,0,0,0,0,0,0,0,0.0,1,train,38,0.02631578947368421
vp_36638_case_002__w0018,vp_36638_case_002,0,0,0,0,0,0,0,0,0,0,0,0.0,1,train,38,0.02631578947368421
vp_36638_case_002__w0019,vp_36638_case_002,0,0,0,0,0,0,0,0,0,0,0,0.0,1,train,38,0.02631578947368421
vp_36638_case_002__w0020,vp_36638_case_002,0,0,0,0,0,0,0,0,0,0,0,0.0,1,train,38,0.02631578947368421
vp_36638_case_002__w0021,vp_36638_case_002,0,0,0,0,0,0,0,0,0,0,0,0.0,1,train,38,0.02631578947368421
vp_36638_case_002__w0022,vp_36638_case_002,0,0,0,0,0,0,0,0,0,0,0,0.0,1,train,38,0.02631578947368421
vp_36638_case_002__w0023,vp_36638_case_002,0,0,0,0,0,0,0,0,0,0,0,0.0,1,train,38,0.02631578947368421
vp_36638_case_002__w0024,vp_36638_case_002,0,0,0,0,0,0,0,0,0,0,0,0.0,1,train,38,0.02631578947368421
vp_36638_case_002__w0025,vp_36638_case_002,0,0,0,0,0,0,0,0,0,0,0,0.0,1,train,38,0.02631578947368421
vp_36638_case_002__w0026,vp_36638_case_002,0,0,0,0,0,0,0,0,0,0,0,0.0,1,train,38,0.02631578947368421
vp_36638_case_002__w0027,vp_36638_case_002,0,0,0,0,0,0,0,0,0,0,0,0.0,1,train,38,0.02631578947368421
vp_36638_case_002__w0028,vp_36638_case_002,0,0,0,0,0,0,0,0,0,0,0,0.0,1,train,38,0.02631578947368421
vp_36638_case_002__w0029,vp_36638_case_002,0,0,0,0,0,0,0,0,0,0,0,0.0,1,train,38,0.02631578947368421
vp_36638_case_002__w0030,vp_36638_case_002,0,0,0,0,0,0,0,0,0,0,0,0.0,1,train,38,0.02631578947368421
vp_36638_case_002__w0031,vp_36638_case_002,0,0,0,0,0,0,0,0,0,0,0,0.0,1,train,38,0.02631578947368421
vp_36638_case_002__w0032,vp_36638_case_002,0,0,0,0,0,0,0,0,0,0,0,0.0,1,train,38,0.02631578947368421
vp_36638_case_002__w0033,vp_36638_case_002,0,0,0,0,0,0,0,0,0,0,0,0.0,1,train,38,0.02631578947368421
vp_36638_case_002__w0034,vp_36638_case_002,0,0,0,0,0,0,0,0,0,0,0,0.0,1,train,38,0.02631578947368421
vp_36638_case_002__w0035,vp_36638_case_002,0,0,0,0,1,1,1,1,2,0,1,3.0,1,train,38,0.02631578947368421
vp_36638_case_002__w0036,vp_36638_case_002,0,0,0,0,1,1,1,1,2,0,1,0.0,1,train,38,0.02631578947368421
vp_36638_case_002__w0037,vp_36638_case_002,0,0,0,0,0,0,0,0,0,0,0,-3.0,1,train,38,0.02631578947368421
vp_36639_case_002__w0000,vp_36639_case_002,0,0,0,0,0,0,0,0,0,0,0,0.0,1,test,1,1.0
vp_36640_case_001__w0000,vp_36640_case_001,0,0,0,0,1,0,0,1,0,0,0,0.0,1,train,2,0.5
vp_36640_case_001__w0001,vp_36640_case_001,0,0,0,0,0,0,0,0,0,0,0,-1.0,1,train,2,0.5
vp_36640_case_002__w0000,vp_36640_case_002,0,0,0,0,0,0,0,1,0,0,0,0.0,1,train,2,0.5
vp_36640_case_002__w0001,vp_36640_case_002,0,0,0,0,0,0,0,1,0,0,0,0.0,1,train,2,0.5
vp_36640_case_003__w0000,vp_36640_case_003,0,0,0,0,0,0,0,1,0,0,0,0.0,1,test,2,0.5
vp_36640_case_003__w0001,vp_36640_case_003,0,0,0,0,0,0,0,1,0,0,0,0.0,1,test,2,0.5
vp_36641_case_001__w0000,vp_36641_case_001,0,0,0,0,0,0,0,1,0,0,0,0.0,1,train,44,0.022727272727272728
vp_36641_case_001__w0001,vp_36641_case_001,0,0,0,0,0,0,0,1,0,0,0,0.0,1,train,44,0.022727272727272728
vp_36641_case_001__w0002,vp_36641_case_001,0,0,0,0,0,0,0,0,0,0,0,-1.0,1,train,44,0.022727272727272728
vp_36641_case_001__w0003,vp_36641_case_001,0,0,0,0,0,0,0,0,0,0,0,0.0,1,train,44,0.022727272727272728
vp_36641_case_001__w0004,vp_36641_case_001,0,0,0,0,0,0,0,0,0,0,0,0.0,1,train,44,0.022727272727272728
vp_36641_case_001__w0005,vp_36641_case_001,0,0,0,0,0,0,0,0,0,0,0,0.0,1,train,44,0.022727272727272728
vp_36641_case_001__w0006,vp_36641_case_001,0,0,0,0,0,0,0,0,0,0,0,0.0,1,train,44,0.022727272727272728
vp_36641_case_001__w0007,vp_36641_case_001,0,0,0,0,0,0,0,0,0,0,0,0.0,1,train,44,0.022727272727272728
vp_36641_case_001__w0008,vp_36641_case_001,0,0,0,0,0,0,0,0,0,0,0,0.0,1,train,44,0.022727272727272728
vp_36641_case_001__w0009,vp_36641_case_001,0,0,0,0,0,0,0,0,0,0,0,0.0,1,train,44,0.022727272727272728
vp_36641_case_001__w0010,vp_36641_case_001,0,0,0,0,0,0,0,0,0,0,0,0.0,1,train,44,0.022727272727272728
vp_36641_case_001__w0011,vp_36641_case_001,0,0,0,0,0,0,0,0,0,0,0,0.0,1,train,44,0.022727272727272728
vp_36641_case_001__w0012,vp_36641_case_001,0,0,0,0,0,0,0,0,0,0,0,0.0,1,train,44,0.022727272727272728
vp_36641_case_001__w0013,vp_36641_case_001,0,0,0,0,0,0,0,0,0,0,0,0.0,1,train,44,0.022727272727272728
vp_36641_case_001__w0014,vp_36641_case_001,0,0,0,0,0,0,0,0,0,0,0,0.0,1,train,44,0.022727272727272728
vp_36641_case_001__w0015,vp_36641_case_001,0,0,0,0,0,0,0,0,0,0,0,0.0,1,train,44,0.022727272727272728
vp_36641_case_001__w0016,vp_36641_case_001,0,0,0,0,0,0,0,0,0,0,0,0.0,1,train,44,0.022727272727272728
vp_36641_case_001__w0017,vp_36641_case_001,0,0,0,0,0,0,0,0,0,0,0,0.0,1,train,44,0.022727272727272728
vp_36641_case_001__w0018,vp_36641_case_001,0,0,0,0,0,0,0,0,0,0,0,0.0,1,train,44,0.022727272727272728
vp_36641_case_001__w0019,vp_36641_case_001,0,0,0,0,0,0,0,0,0,0,0,0.0,1,train,44,0.022727272727272728
vp_36641_case_001__w0020,vp_36641_case_001,0,0,0,0,0,0,0,0,0,0,0,0.0,1,train,44,0.022727272727272728
vp_36641_case_001__w0021,vp_36641_case_001,0,0,0,0,0,0,0,0,0,0,0,0.0,1,train,44,0.022727272727272728
vp_36641_case_001__w0022,vp_36641_case_001,0,0,0,0,0,0,0,0,0,0,0,0.0,1,train,44,0.022727272727272728
vp_36641_case_001__w0023,vp_36641_case_001,0,0,0,0,0,0,0,0,0,0,0,0.0,1,train,44,0.022727272727272728
vp_36641_case_001__w0024,vp_36641_case_001,0,0,0,0,0,0,0,0,0,0,0,0.0,1,train,44,0.022727272727272728
vp_36641_case_001__w0025,vp_36641_case_001,0,0,0,0,0,0,0,0,0,0,0,0.0,1,train,44,0.022727272727272728
vp_36641_case_001__w0026,vp_36641_case_001,0,0,0,0,0,0,0,0,0,0,0,0.0,1,train,44,0.022727272727272728
vp_36641_case_001__w0027,vp_36641_case_001,0,0,0,0,0,0,0,0,0,0,0,0.0,1,train,44,0.022727272727272728
vp_36641_case_001__w0028,vp_36641_case_001,0,0,0,0,0,0,0,0,0,0,0,0.0,1,train,44,0.022727272727272728
vp_36641_case_001__w0029,vp_36641_case_001,0,0,0,0,0,0,0,0,0,0,0,0.0,1,train,44,0.022727272727272728
vp_36641_case_001__w0030,vp_36641_case_001,0,0,0,0,0,0,0,0,0,0,0,0.0,1,train,44,0.022727272727272728
vp_36641_case_001__w0031,vp_36641_case_001,0,0,0,0,0,0,0,0,0,0,0,0.0,1,train,44,0.022727272727272728
vp_36641_case_001__w0032,vp_36641_case_001,0,0,0,0,0,0,0,0,0,0,0,0.0,1,train,44,0.022727272727272728
vp_36641_case_001__w0033,vp_36641_case_001,0,0,0,0,0,0,0,0,0,0,0,0.0,1,train,44,0.022727272727272728
vp_36641_case_001__w0034,vp_36641_case_001,0,0,0,0,0,0,0,0,0,0,0,0.0,1,train,44,0.022727272727272728
vp_36641_case_001__w0035,vp_36641_case_001,0,0,0,0,0,0,0,0,0,0,0,0.0,1,train,44,0.022727272727272728
vp_36641_case_001__w0036,vp_36641_case_001,0,0,0,0,0,0,0,0,0,0,0,0.0,1,train,44,0.022727272727272728
vp_36641_case_001__w0037,vp_36641_case_001,0,0,0,0,0,0,0,0,0,0,0,0.0,1,train,44,0.022727272727272728
vp_36641_case_001__w0038,vp_36641_case_001,0,0,0,0,0,0,0,0,0,0,0,0.0,1,train,44,0.022727272727272728
vp_36641_case_001__w0039,vp_36641_case_001,0,0,0,0,0,0,0,0,0,0,0,0.0,1,train,44,0.022727272727272728
vp_36641_case_001__w0040,vp_36641_case_001,0,0,0,0,0,0,0,0,0,0,0,0.0,1,train,44,0.022727272727272728
vp_36641_case_001__w0041,vp_36641_case_001,0,0,0,0,0,0,0,0,0,0,0,0.0,1,train,44,0.022727272727272728
vp_36641_case_001__w0042,vp_36641_case_001,0,0,0,0,0,0,0,0,0,0,0,0.0,1,train,44,0.022727272727272728
vp_36641_case_001__w0043,vp_36641_case_001,0,0,0,0,0,0,0,0,0,0,0,0.0,1,train,44,0.022727272727272728
vp_36644_case_001__w0000,vp_36644_case_001,0,0,0,0,0,0,0,0,0,0,0,0.0,1,test,34,0.029411764705882353
vp_36644_case_001__w0001,vp_36644_case_001,0,0,0,0,0,0,0,0,0,0,0,0.0,1,test,34,0.029411764705882353
vp_36644_case_001__w0002,vp_36644_case_001,0,0,0,0,0,0,0,0,0,0,0,0.0,1,test,34,0.029411764705882353
vp_36644_case_001__w0003,vp_36644_case_001,0,0,0,0,0,0,0,0,0,0,0,0.0,1,test,34,0.029411764705882353
vp_36644_case_001__w0004,vp_36644_case_001,0,0,0,0,0,0,0,0,0,0,0,0.0,1,test,34,0.029411764705882353
vp_36644_case_001__w0005,vp_36644_case_001,0,0,0,0,0,0,0,0,0,0,0,0.0,1,test,34,0.029411764705882353
vp_36644_case_001__w0006,vp_36644_case_001,0,0,0,0,0,0,0,0,0,0,0,0.0,1,test,34,0.029411764705882353
vp_36644_case_001__w0007,vp_36644_case_001,0,0,0,0,0,0,0,0,0,0,0,0.0,1,test,34,0.029411764705882353
vp_36644_case_001__w0008,vp_36644_case_001,0,0,0,0,0,0,0,0,0,0,0,0.0,1,test,34,0.029411764705882353
vp_36644_case_001__w0009,vp_36644_case_001,0,0,0,0,0,0,0,0,0,0,0,0.0,1,test,34,0.029411764705882353
vp_36644_case_001__w0010,vp_36644_case_001,0,0,0,0,0,0,0,0,0,0,0,0.0,1,test,34,0.029411764705882353
vp_36644_case_001__w0011,vp_36644_case_001,0,0,0,0,0,0,0,0,0,0,0,0.0,1,test,34,0.029411764705882353
vp_36644_case_001__w0012,vp_36644_case_001,0,0,0,0,0,0,0,0,0,0,0,0.0,1,test,34,0.029411764705882353
vp_36644_case_001__w0013,vp_36644_case_001,0,0,0,0,0,0,0,0,0,0,0,0.0,1,test,34,0.029411764705882353
vp_36644_case_001__w0014,vp_36644_case_001,0,0,0,0,0,0,0,0,0,0,0,0.0,1,test,34,0.029411764705882353
vp_36644_case_001__w0015,vp_36644_case_001,0,0,0,0,0,0,0,0,0,0,0,0.0,1,test,34,0.029411764705882353
vp_36644_case_001__w0016,vp_36644_case_001,0,0,0,0,0,0,0,0,0,0,0,0.0,1,test,34,0.029411764705882353
vp_36644_case_001__w0017,vp_36644_case_001,0,0,0,0,0,0,0,0,0,0,0,0.0,1,test,34,0.029411764705882353
vp_36644_case_001__w0018,vp_36644_case_001,0,0,0,0,0,0,0,0,0,0,0,0.0,1,test,34,0.029411764705882353
vp_36644_case_001__w0019,vp_36644_case_001,0,0,0,0,0,0,0,0,0,0,0,0.0,1,test,34,0.029411764705882353
vp_36644_case_001__w0020,vp_36644_case_001,0,0,0,0,0,0,0,0,0,0,0,0.0,1,test,34,0.029411764705882353
vp_36644_case_001__w0021,vp_36644_case_001,0,0,0,0,0,0,0,0,0,0,0,0.0,1,test,34,0.029411764705882353
vp_36644_case_001__w0022,vp_36644_case_001,0,0,0,0,0,0,0,0,0,0,0,0.0,1,test,34,0.029411764705882353
vp_36644_case_001__w0023,vp_36644_case_001,0,0,0,0,0,0,0,0,0,0,0,0.0,1,test,34,0.029411764705882353
vp_36644_case_001__w0024,vp_36644_case_001,0,0,0,0,0,0,0,0,0,0,0,0.0,1,test,34,0.029411764705882353
vp_36644_case_001__w0025,vp_36644_case_001,0,0,0,0,0,0,0,0,0,0,0,0.0,1,test,34,0.029411764705882353
vp_36644_case_001__w0026,vp_36644_case_001,0,0,0,0,0,0,0,0,0,0,0,0.0,1,test,34,0.029411764705882353
vp_36644_case_001__w0027,vp_36644_case_001,0,0,0,0,0,0,0,0,0,0,0,0.0,1,test,34,0.029411764705882353
vp_36644_case_001__w0028,vp_36644_case_001,0,0,0,0,0,0,0,0,0,0,0,0.0,1,test,34,0.029411764705882353
vp_36644_case_001__w0029,vp_36644_case_001,0,0,0,0,0,0,0,0,0,0,0,0.0,1,test,34,0.029411764705882353
vp_36644_case_001__w0030,vp_36644_case_001,0,0,0,0,0,0,0,0,0,0,0,0.0,1,test,34,0.029411764705882353
vp_36644_case_001__w0031,vp_36644_case_001,0,0,0,0,0,0,0,0,0,0,0,0.0,1,test,34,0.029411764705882353
vp_36644_case_001__w0032,vp_36644_case_001,0,0,0,0,0,0,0,0,0,0,0,0.0,1,test,34,0.029411764705882353
vp_36644_case_001__w0033,vp_36644_case_001,0,0,0,0,0,0,0,0,0,0,0,0.0,1,test,34,0.029411764705882353
vp_36645_case_001__w0000,vp_36645_case_001,0,0,0,1,0,0,0,1,0,0,0,0.0,1,train,14,0.07142857142857142
vp_36645_case_001__w0001,vp_36645_case_001,0,0,0,0,0,0,0,0,0,0,0,-1.0,1,train,14,0.07142857142857142
vp_36645_case_001__w0002,vp_36645_case_001,0,0,0,0,0,0,0,0,0,0,0,0.0,1,train,14,0.07142857142857142
vp_36645_case_001__w0003,vp_36645_case_001,0,0,0,0,0,0,0,0,0,0,0,0.0,1,train,14,0.07142857142857142
vp_36645_case_001__w0004,vp_36645_case_001,0,0,0,0,0,0,0,0,0,0,0,0.0,1,train,14,0.07142857142857142
vp_36645_case_001__w0005,vp_36645_case_001,0,0,0,0,0,0,0,0,0,0,0,0.0,1,train,14,0.07142857142857142
vp_36645_case_001__w0006,vp_36645_case_001,0,0,0,0,0,0,0,0,0,0,0,0.0,1,train,14,0.07142857142857142
vp_36645_case_001__w0007,vp_36645_case_001,0,0,0,0,0,0,0,0,0,0,0,0.0,1,train,14,0.07142857142857142
vp_36645_case_001__w0008,vp_36645_case_001,0,0,0,0,0,0,0,0,0,0,0,0.0,1,train,14,0.07142857142857142
vp_36645_case_001__w0009,vp_36645_case_001,0,0,0,0,0,0,0,0,0,0,0,0.0,1,train,14,0.07142857142857142
vp_36645_case_001__w0010,vp_36645_case_001,0,0,0,0,0,0,0,0,0,0,0,0.0,1,train,14,0.07142857142857142
vp_36645_case_001__w0011,vp_36645_case_001,0,0,0,0,0,0,0,0,0,0,0,0.0,1,train,14,0.07142857142857142
vp_36645_case_001__w0012,vp_36645_case_001,0,0,0,0,0,0,0,0,0,0,0,0.0,1,train,14,0.07142857142857142
vp_36645_case_001__w0013,vp_36645_case_001,0,0,0,0,0,0,0,0,0,0,0,0.0,1,train,14,0.07142857142857142
vp_36646_case_001__w0000,vp_36646_case_001,0,0,0,0,0,0,0,0,0,0,0,0.0,1,validation,1,1.0
vp_36646_case_002__w0000,vp_36646_case_002,0,0,0,0,0,0,0,0,0,0,0,0.0,1,validation,8,0.125
vp_36646_case_002__w0001,vp_36646_case_002,0,0,0,0,0,0,0,0,0,0,0,0.0,1,validation,8,0.125
vp_36646_case_002__w0002,vp_36646_case_002,0,0,0,0,0,0,0,0,0,0,0,0.0,1,validation,8,0.125
vp_36646_case_002__w0003,vp_36646_case_002,0,0,0,0,0,0,0,0,0,0,0,0.0,1,validation,8,0.125
vp_36646_case_002__w0004,vp_36646_case_002,0,0,0,0,0,0,0,0,0,0,0,0.0,1,validation,8,0.125
vp_36646_case_002__w0005,vp_36646_case_002,0,0,0,0,0,0,0,0,0,0,0,0.0,1,validation,8,0.125
vp_36646_case_002__w0006,vp_36646_case_002,0,0,0,0,0,0,0,0,0,0,0,0.0,1,validation,8,0.125
vp_36646_case_002__w0007,vp_36646_case_002,0,0,0,0,0,0,0,0,0,0,0,0.0,1,validation,8,0.125
vp_36647_case_001__w0000,vp_36647_case_001,0,0,0,0,0,0,0,0,0,0,0,0.0,1,train,13,0.07692307692307693
vp_36647_case_001__w0001,vp_36647_case_001,0,0,0,0,0,0,0,0,0,0,0,0.0,1,train,13,0.07692307692307693
vp_36647_case_001__w0002,vp_36647_case_001,0,0,0,0,0,0,0,0,0,0,0,0.0,1,train,13,0.07692307692307693
vp_36647_case_001__w0003,vp_36647_case_001,0,0,0,0,0,0,0,0,0,0,0,0.0,1,train,13,0.07692307692307693
vp_36647_case_001__w0004,vp_36647_case_001,0,0,0,0,0,0,0,0,0,0,0,0.0,1,train,13,0.07692307692307693
vp_36647_case_001__w0005,vp_36647_case_001,0,0,0,0,0,0,0,0,0,0,0,0.0,1,train,13,0.07692307692307693
vp_36647_case_001__w0006,vp_36647_case_001,0,0,0,0,0,0,0,0,0,0,0,0.0,1,train,13,0.07692307692307693
vp_36647_case_001__w0007,vp_36647_case_001,0,0,0,0,0,0,0,0,0,0,0,0.0,1,train,13,0.07692307692307693
vp_36647_case_001__w0008,vp_36647_case_001,0,0,0,0,0,0,0,0,0,0,0,0.0,1,train,13,0.07692307692307693
vp_36647_case_001__w0009,vp_36647_case_001,0,0,0,0,0,0,0,0,0,0,0,0.0,1,train,13,0.07692307692307693
vp_36647_case_001__w0010,vp_36647_case_001,0,0,0,0,0,0,0,0,0,0,0,0.0,1,train,13,0.07692307692307693
vp_36647_case_001__w0011,vp_36647_case_001,0,0,0,0,0,0,0,0,0,0,0,0.0,1,train,13,0.07692307692307693
vp_36647_case_001__w0012,vp_36647_case_001,0,0,0,0,0,0,0,0,0,0,0,0.0,1,train,13,0.07692307692307693
vp_36648_case_001__w0000,vp_36648_case_001,0,0,0,1,0,0,0,0,0,0,0,0.0,1,test,19,0.05263157894736842
vp_36648_case_001__w0001,vp_36648_case_001,0,0,0,1,0,0,0,0,0,0,0,0.0,1,test,19,0.05263157894736842
vp_36648_case_001__w0002,vp_36648_case_001,0,0,0,0,0,0,0,0,0,0,0,-1.0,1,test,19,0.05263157894736842
vp_36648_case_001__w0003,vp_36648_case_001,0,0,0,0,1,0,0,1,0,0,0,1.0,1,test,19,0.05263157894736842
vp_36648_case_001__w0004,vp_36648_case_001,0,0,0,0,1,0,0,1,0,0,0,0.0,1,test,19,0.05263157894736842
vp_36648_case_001__w0005,vp_36648_case_001,0,0,0,0,0,0,0,0,0,0,0,-1.0,1,test,19,0.05263157894736842
vp_36648_case_001__w0006,vp_36648_case_001,0,0,0,0,0,0,0,0,0,0,0,0.0,1,test,19,0.05263157894736842
vp_36648_case_001__w0007,vp_36648_case_001,0,0,0,0,0,0,0,0,0,0,0,0.0,1,test,19,0.05263157894736842
vp_36648_case_001__w0008,vp_36648_case_001,0,0,0,0,0,0,0,0,0,0,0,0.0,1,test,19,0.05263157894736842
vp_36648_case_001__w0009,vp_36648_case_001,0,0,0,0,0,0,0,0,0,0,0,0.0,1,test,19,0.05263157894736842
vp_36648_case_001__w0010,vp_36648_case_001,0,0,0,0,0,0,0,0,0,0,0,0.0,1,test,19,0.05263157894736842
vp_36648_case_001__w0011,vp_36648_case_001,0,0,0,0,0,0,0,0,0,0,0,0.0,1,test,19,0.05263157894736842
vp_36648_case_001__w0012,vp_36648_case_001,0,0,0,0,0,0,0,0,0,0,0,0.0,1,test,19,0.05263157894736842
vp_36648_case_001__w0013,vp_36648_case_001,0,0,0,0,0,0,0,0,0,0,0,0.0,1,test,19,0.05263157894736842
vp_36648_case_001__w0014,vp_36648_case_001,0,0,0,0,0,0,0,0,0,0,0,0.0,1,test,19,0.05263157894736842
vp_36648_case_001__w0015,vp_36648_case_001,0,0,0,0,0,0,0,0,0,0,0,0.0,1,test,19,0.05263157894736842
vp_36648_case_001__w0016,vp_36648_case_001,0,0,0,0,0,0,0,0,0,0,0,0.0,1,test,19,0.05263157894736842
vp_36648_case_001__w0017,vp_36648_case_001,0,0,0,0,0,0,0,1,0,0,0,1.0,1,test,19,0.05263157894736842
vp_36648_case_001__w0018,vp_36648_case_001,0,0,0,0,0,0,0,1,0,0,0,0.0,1,test,19,0.05263157894736842
vp_36649_case_001__w0000,vp_36649_case_001,1,0,1,0,0,0,0,1,0,1,0,0.0,1,train,22,0.045454545454545456
vp_36649_case_001__w0001,vp_36649_case_001,0,0,0,0,0,0,0,0,0,0,0,-2.0,1,train,22,0.045454545454545456
vp_36649_case_001__w0002,vp_36649_case_001,0,0,0,0,0,0,0,0,0,0,0,0.0,1,train,22,0.045454545454545456
vp_36649_case_001__w0003,vp_36649_case_001,0,0,0,0,0,0,0,0,0,0,0,0.0,1,train,22,0.045454545454545456
vp_36649_case_001__w0004,vp_36649_case_001,0,0,0,0,0,0,0,1,0,0,0,1.0,1,train,22,0.045454545454545456
vp_36649_case_001__w0005,vp_36649_case_001,0,0,0,0,0,0,0,1,0,0,0,0.0,1,train,22,0.045454545454545456
vp_36649_case_001__w0006,vp_36649_case_001,0,0,0,0,0,0,0,1,0,0,0,0.0,1,train,22,0.045454545454545456
vp_36649_case_001__w0007,vp_36649_case_001,0,0,0,0,0,0,0,1,0,0,0,0.0,1,train,22,0.045454545454545456
vp_36649_case_001__w0008,vp_36649_case_001,0,0,0,0,0,0,0,1,0,0,0,0.0,1,train,22,0.045454545454545456
vp_36649_case_001__w0009,vp_36649_case_001,0,0,0,0,0,0,0,0,0,0,0,-1.0,1,train,22,0.045454545454545456
vp_36649_case_001__w0010,vp_36649_case_001,0,0,0,0,0,0,0,1,0,0,0,1.0,1,train,22,0.045454545454545456
vp_36649_case_001__w0011,vp_36649_case_001,0,0,0,0,0,0,0,2,0,0,0,0.0,1,train,22,0.045454545454545456
vp_36649_case_001__w0012,vp_36649_case_001,0,0,0,0,0,0,0,2,0,0,0,0.0,1,train,22,0.045454545454545456
vp_36649_case_001__w0013,vp_36649_case_001,0,0,0,0,0,0,0,2,0,0,0,0.0,1,train,22,0.045454545454545456
vp_36649_case_001__w0014,vp_36649_case_001,0,0,0,0,0,0,0,2,0,0,0,0.0,1,train,22,0.045454545454545456
vp_36649_case_001__w0015,vp_36649_case_001,0,0,0,0,0,0,0,1,0,0,0,0.0,1,train,22,0.045454545454545456
vp_36649_case_001__w0016,vp_36649_case_001,0,0,0,0,0,0,0,1,0,0,0,0.0,1,train,22,0.045454545454545456
vp_36649_case_001__w0017,vp_36649_case_001,0,0,0,0,0,0,0,1,0,0,0,0.0,1,train,22,0.045454545454545456
vp_36649_case_001__w0018,vp_36649_case_001,0,1,0,0,0,0,0,2,0,0,0,1.0,1,train,22,0.045454545454545456
vp_36649_case_001__w0019,vp_36649_case_001,0,1,0,0,0,0,0,2,0,0,0,0.0,1,train,22,0.045454545454545456
vp_36649_case_001__w0020,vp_36649_case_001,0,0,0,0,0,0,0,2,0,0,0,0.0,1,train,22,0.045454545454545456
vp_36649_case_001__w0021,vp_36649_case_001,0,0,0,0,0,0,0,1,0,0,0,-1.0,1,train,22,0.045454545454545456
vp_36650_case_001__w0000,vp_36650_case_001,0,0,0,0,0,0,0,0,0,0,0,0.0,1,train,7,0.14285714285714285
vp_36650_case_001__w0001,vp_36650_case_001,0,0,0,0,0,0,0,0,0,0,0,0.0,1,train,7,0.14285714285714285
vp_36650_case_001__w0002,vp_36650_case_001,0,0,0,0,0,0,0,0,0,0,0,0.0,1,train,7,0.14285714285714285
vp_36650_case_001__w0003,vp_36650_case_001,0,0,0,0,0,0,0,0,0,0,0,0.0,1,train,7,0.14285714285714285
vp_36650_case_001__w0004,vp_36650_case_001,0,0,0,0,0,0,0,0,0,0,0,0.0,1,train,7,0.14285714285714285
vp_36650_case_001__w0005,vp_36650_case_001,0,0,0,0,0,0,0,0,0,0,0,0.0,1,train,7,0.14285714285714285
vp_36650_case_001__w0006,vp_36650_case_001,0,0,0,0,0,0,0,0,0,0,0,0.0,1,train,7,0.14285714285714285
vp_36650_case_002__w0000,vp_36650_case_002,0,0,0,0,0,0,0,0,0,0,0,0.0,1,test,3,0.3333333333333333
vp_36650_case_002__w0001,vp_36650_case_002,0,0,0,0,0,0,0,0,0,0,0,0.0,1,test,3,0.3333333333333333
vp_36650_case_002__w0002,vp_36650_case_002,0,0,0,0,0,0,0,0,0,0,0,0.0,1,test,3,0.3333333333333333
vp_36651_case_002__w0000,vp_36651_case_002,0,1,0,0,0,0,0,1,0,0,0,0.0,1,train,12,0.08333333333333333
vp_36651_case_002__w0001,vp_36651_case_002,0,0,0,0,0,0,0,0,0,0,0,-1.0,1,train,12,0.08333333333333333
vp_36651_case_002__w0002,vp_36651_case_002,0,0,0,0,0,0,0,0,0,0,0,0.0,1,train,12,0.08333333333333333
vp_36651_case_002__w0003,vp_36651_case_002,0,0,0,1,0,0,0,0,0,0,0,1.0,1,train,12,0.08333333333333333
vp_36651_case_002__w0004,vp_36651_case_002,0,0,0,1,0,0,0,0,0,0,0,0.0,1,train,12,0.08333333333333333
vp_36651_case_002__w0005,vp_36651_case_002,0,0,0,0,0,0,0,0,0,0,0,-1.0,1,train,12,0.08333333333333333
vp_36651_case_002__w0006,vp_36651_case_002,0,0,0,0,0,0,0,0,0,0,0,0.0,1,train,12,0.08333333333333333
vp_36651_case_002__w0007,vp_36651_case_002,0,0,0,0,0,0,0,0,0,0,0,0.0,1,train,12,0.08333333333333333
vp_36651_case_002__w0008,vp_36651_case_002,0,0,0,0,0,0,0,0,0,0,0,0.0,1,train,12,0.08333333333333333
vp_36651_case_002__w0009,vp_36651_case_002,0,0,0,0,0,0,0,0,0,0,0,0.0,1,train,12,0.08333333333333333
vp_36651_case_002__w0010,vp_36651_case_002,0,0,0,0,0,0,0,0,0,0,0,0.0,1,train,12,0.08333333333333333
vp_36651_case_002__w0011,vp_36651_case_002,0,0,0,0,0,0,0,0,0,0,0,0.0,1,train,12,0.08333333333333333
vp_36651_case_003__w0000,vp_36651_case_003,0,0,0,0,0,0,0,0,0,0,0,0.0,1,train,8,0.125
vp_36651_case_003__w0001,vp_36651_case_003,0,0,0,0,0,0,0,0,0,0,0,0.0,1,train,8,0.125
vp_36651_case_003__w0002,vp_36651_case_003,0,0,0,0,0,0,0,0,0,0,0,0.0,1,train,8,0.125
vp_36651_case_003__w0003,vp_36651_case_003,0,0,0,0,0,0,0,0,0,0,0,0.0,1,train,8,0.125
vp_36651_case_003__w0004,vp_36651_case_003,0,0,0,0,0,0,0,0,0,0,0,0.0,1,train,8,0.125
vp_36651_case_003__w0005,vp_36651_case_003,0,0,0,0,0,0,0,0,0,0,0,0.0,1,train,8,0.125
vp_36651_case_003__w0006,vp_36651_case_003,0,0,0,0,0,0,0,0,0,0,0,0.0,1,train,8,0.125
vp_36651_case_003__w0007,vp_36651_case_003,0,0,0,0,0,0,0,0,0,0,0,0.0,1,train,8,0.125
vp_36652_case_003__w0000,vp_36652_case_003,0,0,0,0,0,0,0,0,0,0,0,0.0,1,train,14,0.07142857142857142
vp_36652_case_003__w0001,vp_36652_case_003,0,0,0,0,0,0,0,0,0,0,0,0.0,1,train,14,0.07142857142857142
vp_36652_case_003__w0002,vp_36652_case_003,0,0,0,0,0,0,0,0,0,0,0,0.0,1,train,14,0.07142857142857142
vp_36652_case_003__w0003,vp_36652_case_003,0,0,0,0,0,0,0,1,0,0,0,1.0,1,train,14,0.07142857142857142
vp_36652_case_003__w0004,vp_36652_case_003,0,0,0,0,0,0,0,1,0,0,0,0.0,1,train,14,0.07142857142857142
vp_36652_case_003__w0005,vp_36652_case_003,0,0,0,0,0,0,0,0,0,0,0,-1.0,1,train,14,0.07142857142857142
vp_36652_case_003__w0006,vp_36652_case_003,0,0,0,0,0,0,0,0,0,0,0,0.0,1,train,14,0.07142857142857142
vp_36652_case_003__w0007,vp_36652_case_003,0,0,0,0,0,0,0,0,0,0,0,0.0,1,train,14,0.07142857142857142
vp_36652_case_003__w0008,vp_36652_case_003,0,0,0,0,0,0,0,0,0,0,0,0.0,1,train,14,0.07142857142857142
vp_36652_case_003__w0009,vp_36652_case_003,0,0,0,0,0,0,0,0,0,0,0,0.0,1,train,14,0.07142857142857142
vp_36652_case_003__w0010,vp_36652_case_003,0,0,0,0,0,0,0,0,0,0,0,0.0,1,train,14,0.07142857142857142
vp_36652_case_003__w0011,vp_36652_case_003,0,0,0,0,0,0,0,1,0,0,0,1.0,1,train,14,0.07142857142857142
vp_36652_case_003__w0012,vp_36652_case_003,0,0,0,0,0,0,0,1,0,0,0,0.0,1,train,14,0.07142857142857142
vp_36652_case_003__w0013,vp_36652_case_003,0,0,0,0,0,0,0,0,0,0,0,-1.0,1,train,14,0.07142857142857142
vp_36653_case_001__w0000,vp_36653_case_001,0,0,0,0,0,0,0,0,0,0,0,0.0,1,test,9,0.1111111111111111
vp_36653_case_001__w0001,vp_36653_case_001,0,0,0,0,0,0,0,1,0,0,0,1.0,1,test,9,0.1111111111111111
vp_36653_case_001__w0002,vp_36653_case_001,0,0,0,0,0,0,0,1,0,0,0,0.0,1,test,9,0.1111111111111111
vp_36653_case_001__w0003,vp_36653_case_001,0,0,0,0,0,0,0,0,0,0,0,-1.0,1,test,9,0.1111111111111111
vp_36653_case_001__w0004,vp_36653_case_001,0,0,0,0,0,0,0,0,0,0,0,0.0,1,test,9,0.1111111111111111
vp_36653_case_001__w0005,vp_36653_case_001,0,0,0,0,0,0,0,0,0,0,0,0.0,1,test,9,0.1111111111111111
vp_36653_case_001__w0006,vp_36653_case_001,0,0,0,0,0,0,0,0,0,0,0,0.0,1,test,9,0.1111111111111111
vp_36653_case_001__w0007,vp_36653_case_001,0,0,0,0,0,0,0,0,0,0,0,0.0,1,test,9,0.1111111111111111
vp_36653_case_001__w0008,vp_36653_case_001,0,0,0,0,0,0,0,0,0,0,0,0.0,1,test,9,0.1111111111111111
vp_36653_case_002__w0000,vp_36653_case_002,0,0,0,0,0,0,0,0,0,0,0,0.0,1,train,2,0.5
vp_36653_case_002__w0001,vp_36653_case_002,0,0,0,0,0,0,0,0,0,0,0,0.0,1,train,2,0.5
vp_36654_case_001__w0000,vp_36654_case_001,1,0,0,0,0,0,0,1,0,0,0,0.0,1,test,1,1.0
vp_36655_case_001__w0000,vp_36655_case_001,0,0,0,1,0,0,0,0,0,0,0,0.0,1,train,5,0.2
vp_36655_case_001__w0001,vp_36655_case_001,0,0,0,0,0,0,0,0,0,0,0,-1.0,1,train,5,0.2
vp_36655_case_001__w0002,vp_36655_case_001,0,0,0,0,0,0,0,0,0,0,0,0.0,1,train,5,0.2
vp_36655_case_001__w0003,vp_36655_case_001,0,0,0,0,0,0,0,0,0,0,0,0.0,1,train,5,0.2
vp_36655_case_001__w0004,vp_36655_case_001,0,0,0,0,0,0,0,0,0,0,0,0.0,1,train,5,0.2
vp_36656_case_001__w0000,vp_36656_case_001,0,0,0,0,0,0,0,0,0,0,0,0.0,1,train,6,0.16666666666666666
vp_36656_case_001__w0001,vp_36656_case_001,0,0,0,0,0,0,0,0,0,0,0,0.0,1,train,6,0.16666666666666666
vp_36656_case_001__w0002,vp_36656_case_001,0,0,0,0,0,0,0,0,0,0,0,0.0,1,train,6,0.16666666666666666
vp_36656_case_001__w0003,vp_36656_case_001,0,0,0,0,0,0,0,0,0,0,0,0.0,1,train,6,0.16666666666666666
vp_36656_case_001__w0004,vp_36656_case_001,0,0,0,0,0,0,0,0,0,0,0,0.0,1,train,6,0.16666666666666666
vp_36656_case_001__w0005,vp_36656_case_001,0,0,0,0,0,0,0,0,0,0,0,0.0,1,train,6,0.16666666666666666
vp_36657_case_001__w0000,vp_36657_case_001,0,0,0,0,0,0,0,0,0,0,0,0.0,1,validation,1,1.0
vp_36658_case_001__w0000,vp_36658_case_001,0,0,0,0,0,0,0,0,0,0,0,0.0,1,train,3,0.3333333333333333
vp_36658_case_001__w0001,vp_36658_case_001,0,0,0,0,0,0,0,0,0,0,0,0.0,1,train,3,0.3333333333333333
vp_36658_case_001__w0002,vp_36658_case_001,0,0,0,0,0,0,0,0,0,0,0,0.0,1,train,3,0.3333333333333333
vp_36658_case_002__w0000,vp_36658_case_002,0,0,0,0,0,0,0,0,0,0,0,0.0,1,train,7,0.14285714285714285
vp_36658_case_002__w0001,vp_36658_case_002,0,0,0,0,0,0,0,0,0,0,0,0.0,1,train,7,0.14285714285714285
vp_36658_case_002__w0002,vp_36658_case_002,0,0,0,0,0,0,0,0,0,0,0,0.0,1,train,7,0.14285714285714285
vp_36658_case_002__w0003,vp_36658_case_002,0,0,0,0,0,0,0,0,0,0,0,0.0,1,train,7,0.14285714285714285
vp_36658_case_002__w0004,vp_36658_case_002,0,0,0,0,0,0,0,0,0,0,0,0.0,1,train,7,0.14285714285714285
vp_36658_case_002__w0005,vp_36658_case_002,0,0,0,0,0,0,0,0,0,0,0,0.0,1,train,7,0.14285714285714285
vp_36658_case_002__w0006,vp_36658_case_002,0,0,0,0,0,0,0,0,0,0,0,0.0,1,train,7,0.14285714285714285
vp_36658_case_003__w0000,vp_36658_case_003,0,0,0,0,0,0,0,0,0,0,0,0.0,1,validation,6,0.16666666666666666
vp_36658_case_003__w0001,vp_36658_case_003,0,0,0,0,0,0,0,0,0,0,0,0.0,1,validation,6,0.16666666666666666
vp_36658_case_003__w0002,vp_36658_case_003,0,0,0,0,0,0,0,1,0,0,0,1.0,1,validation,6,0.16666666666666666
vp_36658_case_003__w0003,vp_36658_case_003,0,0,0,0,0,0,0,1,0,0,0,0.0,1,validation,6,0.16666666666666666
vp_36658_case_003__w0004,vp_36658_case_003,0,0,0,0,0,0,0,0,0,0,0,-1.0,1,validation,6,0.16666666666666666
vp_36658_case_003__w0005,vp_36658_case_003,0,0,0,0,0,0,0,0,0,0,0,0.0,1,validation,6,0.16666666666666666
vp_36658_case_005__w0000,vp_36658_case_005,0,0,0,0,0,0,0,0,0,0,0,0.0,1,test,9,0.1111111111111111
vp_36658_case_005__w0001,vp_36658_case_005,0,0,0,0,0,0,0,0,0,0,0,0.0,1,test,9,0.1111111111111111
vp_36658_case_005__w0002,vp_36658_case_005,0,0,0,0,0,0,0,0,0,0,0,0.0,1,test,9,0.1111111111111111
vp_36658_case_005__w0003,vp_36658_case_005,0,0,0,0,0,0,0,0,0,0,0,0.0,1,test,9,0.1111111111111111
vp_36658_case_005__w0004,vp_36658_case_005,0,0,0,0,0,0,0,0,0,0,0,0.0,1,test,9,0.1111111111111111
vp_36658_case_005__w0005,vp_36658_case_005,0,0,0,0,0,0,0,0,0,0,0,0.0,1,test,9,0.1111111111111111
vp_36658_case_005__w0006,vp_36658_case_005,0,0,0,0,0,0,0,0,0,0,0,0.0,1,test,9,0.1111111111111111
vp_36658_case_005__w0007,vp_36658_case_005,0,0,0,0,0,0,0,0,0,0,0,0.0,1,test,9,0.1111111111111111
vp_36658_case_005__w0008,vp_36658_case_005,0,0,0,0,0,0,0,0,0,0,0,0.0,1,test,9,0.1111111111111111
vp_36659_case_002__w0000,vp_36659_case_002,0,0,0,0,0,0,0,1,0,0,0,0.0,1,train,2,0.5
vp_36659_case_002__w0001,vp_36659_case_002,0,0,0,0,0,0,0,0,0,0,0,-1.0,1,train,2,0.5
vp_36659_case_003__w0000,vp_36659_case_003,0,0,0,0,0,0,0,0,0,0,0,0.0,1,validation,18,0.05555555555555555
vp_36659_case_003__w0001,vp_36659_case_003,0,0,0,0,0,0,0,0,0,0,0,0.0,1,validation,18,0.05555555555555555
vp_36659_case_003__w0002,vp_36659_case_003,0,0,0,0,0,0,0,0,0,0,0,0.0,1,validation,18,0.05555555555555555
vp_36659_case_003__w0003,vp_36659_case_003,0,0,0,0,0,0,0,0,0,0,0,0.0,1,validation,18,0.05555555555555555
vp_36659_case_003__w0004,vp_36659_case_003,0,0,0,0,0,0,0,0,0,0,0,0.0,1,validation,18,0.05555555555555555
vp_36659_case_003__w0005,vp_36659_case_003,0,0,0,0,0,0,0,0,0,0,0,0.0,1,validation,18,0.05555555555555555
vp_36659_case_003__w0006,vp_36659_case_003,0,0,0,0,0,0,0,0,0,0,0,0.0,1,validation,18,0.05555555555555555
vp_36659_case_003__w0007,vp_36659_case_003,0,0,0,0,0,0,0,0,0,0,0,0.0,1,validation,18,0.05555555555555555
vp_36659_case_003__w0008,vp_36659_case_003,0,0,0,0,0,0,0,2,0,0,0,2.0,1,validation,18,0.05555555555555555
vp_36659_case_003__w0009,vp_36659_case_003,0,0,0,0,0,0,0,2,0,0,0,0.0,1,validation,18,0.05555555555555555
vp_36659_case_003__w0010,vp_36659_case_003,0,0,0,0,0,0,0,0,0,0,0,-2.0,1,validation,18,0.05555555555555555
vp_36659_case_003__w0011,vp_36659_case_003,0,0,0,0,0,0,0,1,0,0,0,1.0,1,validation,18,0.05555555555555555
vp_36659_case_003__w0012,vp_36659_case_003,0,0,0,1,0,0,0,1,0,0,0,1.0,1,validation,18,0.05555555555555555
vp_36659_case_003__w0013,vp_36659_case_003,0,0,0,1,0,0,0,1,0,0,0,0.0,1,validation,18,0.05555555555555555
vp_36659_case_003__w0014,vp_36659_case_003,0,0,0,1,0,0,0,0,0,0,0,-1.0,1,validation,18,0.05555555555555555
vp_36659_case_003__w0015,vp_36659_case_003,0,0,0,1,0,0,0,0,0,0,0,0.0,1,validation,18,0.05555555555555555
vp_36659_case_003__w0016,vp_36659_case_003,0,0,0,0,0,0,0,0,0,0,0,-1.0,1,validation,18,0.05555555555555555
vp_36659_case_003__w0017,vp_36659_case_003,0,0,0,0,0,0,0,0,0,0,0,0.0,1,validation,18,0.05555555555555555
vp_36659_case_004__w0000,vp_36659_case_004,0,0,0,1,0,0,0,1,0,0,0,0.0,1,train,4,0.25
vp_36659_case_004__w0001,vp_36659_case_004,0,0,0,1,0,0,0,1,0,0,0,0.0,1,train,4,0.25
vp_36659_case_004__w0002,vp_36659_case_004,0,0,0,0,0,0,0,0,0,0,0,-2.0,1,train,4,0.25
vp_36659_case_004__w0003,vp_36659_case_004,0,0,0,0,0,0,0,0,0,0,0,0.0,1,train,4,0.25
vp_36659_case_005__w0000,vp_36659_case_005,0,0,0,0,0,0,0,0,0,0,0,0.0,1,test,22,0.045454545454545456
vp_36659_case_005__w0001,vp_36659_case_005,0,0,0,0,0,0,0,0,0,0,0,0.0,1,test,22,0.045454545454545456
vp_36659_case_005__w0002,vp_36659_case_005,0,0,0,0,0,0,0,0,0,0,0,0.0,1,test,22,0.045454545454545456
vp_36659_case_005__w0003,vp_36659_case_005,0,0,0,0,0,0,0,0,0,0,0,0.0,1,test,22,0.045454545454545456
vp_36659_case_005__w0004,vp_36659_case_005,0,0,0,0,0,0,0,0,0,0,0,0.0,1,test,22,0.045454545454545456
vp_36659_case_005__w0005,vp_36659_case_005,0,0,0,0,0,0,0,0,0,0,0,0.0,1,test,22,0.045454545454545456
vp_36659_case_005__w0006,vp_36659_case_005,0,0,0,0,0,0,0,0,0,0,0,0.0,1,test,22,0.045454545454545456
vp_36659_case_005__w0007,vp_36659_case_005,0,0,0,0,0,0,0,0,0,0,0,0.0,1,test,22,0.045454545454545456
vp_36659_case_005__w0008,vp_36659_case_005,0,0,0,0,0,0,0,0,0,0,0,0.0,1,test,22,0.045454545454545456
vp_36659_case_005__w0009,vp_36659_case_005,0,0,0,0,0,0,0,0,0,0,0,0.0,1,test,22,0.045454545454545456
vp_36659_case_005__w0010,vp_36659_case_005,0,0,0,0,0,0,0,0,0,0,0,0.0,1,test,22,0.045454545454545456
vp_36659_case_005__w0011,vp_36659_case_005,0,0,0,0,0,0,0,0,0,0,0,0.0,1,test,22,0.045454545454545456
vp_36659_case_005__w0012,vp_36659_case_005,0,0,0,0,0,0,0,0,0,0,0,0.0,1,test,22,0.045454545454545456
vp_36659_case_005__w0013,vp_36659_case_005,0,0,0,0,0,0,0,0,0,0,0,0.0,1,test,22,0.045454545454545456
vp_36659_case_005__w0014,vp_36659_case_005,0,0,0,0,0,0,0,0,0,0,0,0.0,1,test,22,0.045454545454545456
vp_36659_case_005__w0015,vp_36659_case_005,0,0,0,0,0,0,0,0,0,0,0,0.0,1,test,22,0.045454545454545456
vp_36659_case_005__w0016,vp_36659_case_005,0,0,0,0,0,0,0,0,0,0,0,0.0,1,test,22,0.045454545454545456
vp_36659_case_005__w0017,vp_36659_case_005,0,0,0,0,0,0,0,0,0,0,0,0.0,1,test,22,0.045454545454545456
vp_36659_case_005__w0018,vp_36659_case_005,0,0,0,0,1,0,1,1,1,0,0,2.0,1,test,22,0.045454545454545456
vp_36659_case_005__w0019,vp_36659_case_005,0,0,0,0,1,0,1,1,1,0,0,0.0,1,test,22,0.045454545454545456
vp_36659_case_005__w0020,vp_36659_case_005,0,0,0,0,0,0,0,0,0,0,0,-2.0,1,test,22,0.045454545454545456
vp_36659_case_005__w0021,vp_36659_case_005,0,0,0,0,0,0,0,0,0,0,0,0.0,1,test,22,0.045454545454545456
vp_36660_case_001__w0000,vp_36660_case_001,0,0,0,0,0,0,0,0,0,0,0,0.0,1,train,5,0.2
vp_36660_case_001__w0001,vp_36660_case_001,0,0,0,0,0,0,0,0,0,0,0,0.0,1,train,5,0.2
vp_36660_case_001__w0002,vp_36660_case_001,0,0,0,0,0,0,0,1,0,0,0,1.0,1,train,5,0.2
vp_36660_case_001__w0003,vp_36660_case_001,0,0,0,0,0,0,0,1,0,0,0,0.0,1,train,5,0.2
vp_36660_case_001__w0004,vp_36660_case_001,0,0,0,0,0,0,0,0,0,0,0,-1.0,1,train,5,0.2
vp_36661_case_001__w0000,vp_36661_case_001,0,0,0,0,0,0,0,0,0,0,0,0.0,1,train,9,0.1111111111111111
vp_36661_case_001__w0001,vp_36661_case_001,0,0,0,0,0,0,0,0,0,0,0,0.0,1,train,9,0.1111111111111111
vp_36661_case_001__w0002,vp_36661_case_001,0,0,0,0,0,0,0,0,0,0,0,0.0,1,train,9,0.1111111111111111
vp_36661_case_001__w0003,vp_36661_case_001,0,0,0,0,0,0,0,0,0,0,0,0.0,1,train,9,0.1111111111111111
vp_36661_case_001__w0004,vp_36661_case_001,0,0,0,0,0,0,0,0,0,0,0,0.0,1,train,9,0.1111111111111111
vp_36661_case_001__w0005,vp_36661_case_001,0,0,0,0,0,0,0,0,0,0,0,0.0,1,train,9,0.1111111111111111
vp_36661_case_001__w0006,vp_36661_case_001,0,0,0,0,0,0,0,0,0,0,0,0.0,1,train,9,0.1111111111111111
vp_36661_case_001__w0007,vp_36661_case_001,0,0,0,0,0,0,0,0,0,0,0,0.0,1,train,9,0.1111111111111111
vp_36661_case_001__w0008,vp_36661_case_001,0,0,0,0,0,0,0,0,0,0,0,0.0,1,train,9,0.1111111111111111
vp_36663_case_001__w0000,vp_36663_case_001,0,0,0,0,0,0,0,0,0,0,0,0.0,1,train,11,0.09090909090909091
vp_36663_case_001__w0001,vp_36663_case_001,0,0,0,0,0,0,0,0,0,0,0,0.0,1,train,11,0.09090909090909091
vp_36663_case_001__w0002,vp_36663_case_001,0,0,0,0,0,0,0,0,0,0,0,0.0,1,train,11,0.09090909090909091
vp_36663_case_001__w0003,vp_36663_case_001,0,0,0,0,0,0,0,0,0,0,0,0.0,1,train,11,0.09090909090909091
vp_36663_case_001__w0004,vp_36663_case_001,0,0,0,0,0,0,0,0,0,0,0,0.0,1,train,11,0.09090909090909091
vp_36663_case_001__w0005,vp_36663_case_001,0,0,0,0,0,0,0,0,0,0,0,0.0,1,train,11,0.09090909090909091
vp_36663_case_001__w0006,vp_36663_case_001,0,0,0,0,0,0,0,0,0,0,0,0.0,1,train,11,0.09090909090909091
vp_36663_case_001__w0007,vp_36663_case_001,0,0,0,0,0,0,0,0,0,0,0,0.0,1,train,11,0.09090909090909091
vp_36663_case_001__w0008,vp_36663_case_001,0,0,0,0,0,0,0,0,0,0,0,0.0,1,train,11,0.09090909090909091
vp_36663_case_001__w0009,vp_36663_case_001,0,0,0,0,0,0,0,0,0,0,0,0.0,1,train,11,0.09090909090909091
vp_36663_case_001__w0010,vp_36663_case_001,0,0,0,0,0,0,0,0,0,0,0,0.0,1,train,11,0.09090909090909091
vp_36664_case_001__w0000,vp_36664_case_001,0,0,0,1,0,0,0,0,0,0,0,0.0,1,train,2,0.5
vp_36664_case_001__w0001,vp_36664_case_001,0,0,0,1,0,0,0,0,0,0,0,0.0,1,train,2,0.5
vp_36670_case_001__w0000,vp_36670_case_001,0,0,0,0,0,0,0,0,0,0,0,0.0,1,train,2,0.5
vp_36670_case_001__w0001,vp_36670_case_001,0,0,0,0,0,0,0,0,0,0,0,0.0,1,train,2,0.5
vp_36671_case_001__w0000,vp_36671_case_001,0,0,0,0,0,0,0,0,0,0,0,0.0,1,train,1,1.0
vp_36673_case_001__w0000,vp_36673_case_001,0,0,0,0,0,0,0,0,0,0,0,0.0,1,train,6,0.16666666666666666
vp_36673_case_001__w0001,vp_36673_case_001,0,0,0,0,0,0,0,0,0,0,0,0.0,1,train,6,0.16666666666666666
vp_36673_case_001__w0002,vp_36673_case_001,0,0,0,0,0,0,0,0,0,0,0,0.0,1,train,6,0.16666666666666666
vp_36673_case_001__w0003,vp_36673_case_001,0,0,0,0,0,0,0,0,0,0,0,0.0,1,train,6,0.16666666666666666
vp_36673_case_001__w0004,vp_36673_case_001,0,0,0,0,0,0,0,0,0,0,0,0.0,1,train,6,0.16666666666666666
vp_36673_case_001__w0005,vp_36673_case_001,0,0,0,0,0,0,0,0,0,0,0,0.0,1,train,6,0.16666666666666666
vp_36674_case_001__w0000,vp_36674_case_001,0,0,0,0,0,0,0,0,0,0,0,0.0,1,train,17,0.058823529411764705
vp_36674_case_001__w0001,vp_36674_case_001,0,0,0,0,0,0,0,0,0,0,0,0.0,1,train,17,0.058823529411764705
vp_36674_case_001__w0002,vp_36674_case_001,0,0,0,0,0,0,0,0,0,0,0,0.0,1,train,17,0.058823529411764705
vp_36674_case_001__w0003,vp_36674_case_001,0,0,0,0,0,0,0,0,0,0,0,0.0,1,train,17,0.058823529411764705
vp_36674_case_001__w0004,vp_36674_case_001,0,0,0,0,0,0,0,0,0,0,0,0.0,1,train,17,0.058823529411764705
vp_36674_case_001__w0005,vp_36674_case_001,0,0,0,0,0,0,0,0,0,0,0,0.0,1,train,17,0.058823529411764705
vp_36674_case_001__w0006,vp_36674_case_001,0,0,0,0,0,0,0,0,0,0,0,0.0,1,train,17,0.058823529411764705
vp_36674_case_001__w0007,vp_36674_case_001,0,0,0,0,0,0,0,0,0,0,0,0.0,1,train,17,0.058823529411764705
vp_36674_case_001__w0008,vp_36674_case_001,0,0,0,0,0,0,0,0,0,0,0,0.0,1,train,17,0.058823529411764705
vp_36674_case_001__w0009,vp_36674_case_001,0,0,0,0,0,0,0,0,0,0,0,0.0,1,train,17,0.058823529411764705
vp_36674_case_001__w0010,vp_36674_case_001,0,0,0,0,0,0,0,1,0,0,0,1.0,1,train,17,0.058823529411764705
vp_36674_case_001__w0011,vp_36674_case_001,0,0,0,0,0,0,0,1,0,0,0,0.0,1,train,17,0.058823529411764705
vp_36674_case_001__w0012,vp_36674_case_001,0,0,0,0,0,0,0,0,0,0,0,-1.0,1,train,17,0.058823529411764705
vp_36674_case_001__w0013,vp_36674_case_001,0,0,0,0,0,0,0,0,0,0,0,0.0,1,train,17,0.058823529411764705
vp_36674_case_001__w0014,vp_36674_case_001,0,0,0,0,0,0,0,0,0,0,0,0.0,1,train,17,0.058823529411764705
vp_36674_case_001__w0015,vp_36674_case_001,0,0,0,0,0,0,0,0,0,0,0,0.0,1,train,17,0.058823529411764705
vp_36674_case_001__w0016,vp_36674_case_001,0,0,0,0,0,0,0,0,0,0,0,0.0,1,train,17,0.058823529411764705
vp_36675_case_001__w0000,vp_36675_case_001,0,0,0,1,0,0,0,0,0,0,0,0.0,1,train,22,0.045454545454545456
vp_36675_case_001__w0001,vp_36675_case_001,0,0,0,0,0,0,0,0,0,0,0,-1.0,1,train,22,0.045454545454545456
vp_36675_case_001__w0002,vp_36675_case_001,0,0,0,0,0,0,0,0,0,0,0,0.0,1,train,22,0.045454545454545456
vp_36675_case_001__w0003,vp_36675_case_001,0,0,0,0,0,0,0,0,0,0,0,0.0,1,train,22,0.045454545454545456
vp_36675_case_001__w0004,vp_36675_case_001,0,0,0,0,0,0,0,0,0,0,0,0.0,1,train,22,0.045454545454545456
vp_36675_case_001__w0005,vp_36675_case_001,0,0,0,0,0,0,0,0,0,0,0,0.0,1,train,22,0.045454545454545456
vp_36675_case_001__w0006,vp_36675_case_001,0,0,0,0,0,0,0,0,0,0,0,0.0,1,train,22,0.045454545454545456
vp_36675_case_001__w0007,vp_36675_case_001,0,0,0,0,0,0,0,0,0,0,0,0.0,1,train,22,0.045454545454545456
vp_36675_case_001__w0008,vp_36675_case_001,0,0,0,0,0,0,0,0,0,0,0,0.0,1,train,22,0.045454545454545456
vp_36675_case_001__w0009,vp_36675_case_001,0,0,0,0,0,0,0,0,0,0,0,0.0,1,train,22,0.045454545454545456
vp_36675_case_001__w0010,vp_36675_case_001,0,0,0,0,0,0,0,0,0,0,0,0.0,1,train,22,0.045454545454545456
vp_36675_case_001__w0011,vp_36675_case_001,0,0,0,0,0,0,0,0,0,0,0,0.0,1,train,22,0.045454545454545456
vp_36675_case_001__w0012,vp_36675_case_001,0,0,0,0,0,0,0,0,0,0,0,0.0,1,train,22,0.045454545454545456
vp_36675_case_001__w0013,vp_36675_case_001,0,0,0,0,0,0,0,0,0,0,0,0.0,1,train,22,0.045454545454545456
vp_36675_case_001__w0014,vp_36675_case_001,0,0,0,0,0,0,0,0,0,0,0,0.0,1,train,22,0.045454545454545456
vp_36675_case_001__w0015,vp_36675_case_001,0,0,0,0,0,0,0,0,0,0,0,0.0,1,train,22,0.045454545454545456
vp_36675_case_001__w0016,vp_36675_case_001,0,0,0,0,0,0,0,0,0,0,0,0.0,1,train,22,0.045454545454545456
vp_36675_case_001__w0017,vp_36675_case_001,0,0,0,0,0,0,0,0,0,0,0,0.0,1,train,22,0.045454545454545456
vp_36675_case_001__w0018,vp_36675_case_001,0,0,0,0,0,0,0,0,0,0,0,0.0,1,train,22,0.045454545454545456
vp_36675_case_001__w0019,vp_36675_case_001,0,0,0,0,0,0,0,0,0,0,0,0.0,1,train,22,0.045454545454545456
vp_36675_case_001__w0020,vp_36675_case_001,0,0,0,0,0,0,0,1,0,0,0,0.0,1,train,22,0.045454545454545456
vp_36675_case_001__w0021,vp_36675_case_001,0,0,0,0,0,0,0,1,0,0,0,0.0,1,train,22,0.045454545454545456
vp_36676_case_001__w0000,vp_36676_case_001,0,0,0,0,0,0,0,0,0,0,0,0.0,1,train,23,0.043478260869565216
vp_36676_case_001__w0001,vp_36676_case_001,0,0,0,0,0,0,0,0,0,0,0,0.0,1,train,23,0.043478260869565216
vp_36676_case_001__w0002,vp_36676_case_001,0,0,0,0,0,0,0,0,0,0,0,0.0,1,train,23,0.043478260869565216
vp_36676_case_001__w0003,vp_36676_case_001,0,0,0,0,0,0,0,0,0,0,0,0.0,1,train,23,0.043478260869565216
vp_36676_case_001__w0004,vp_36676_case_001,0,0,0,0,0,0,0,0,0,0,0,0.0,1,train,23,0.043478260869565216
vp_36676_case_001__w0005,vp_36676_case_001,0,0,0,0,0,0,0,0,0,0,0,0.0,1,train,23,0.043478260869565216
vp_36676_case_001__w0006,vp_36676_case_001,0,0,0,0,0,0,0,0,0,0,0,0.0,1,train,23,0.043478260869565216
vp_36676_case_001__w0007,vp_36676_case_001,0,0,0,0,0,0,0,0,0,0,0,0.0,1,train,23,0.043478260869565216
vp_36676_case_001__w0008,vp_36676_case_001,0,0,0,0,1,1,0,1,1,0,1,2.0,1,train,23,0.043478260869565216
vp_36676_case_001__w0009,vp_36676_case_001,0,0,0,0,1,1,0,1,1,0,1,0.0,1,train,23,0.043478260869565216
vp_36676_case_001__w0010,vp_36676_case_001,0,0,0,0,0,0,0,0,0,0,0,-2.0,1,train,23,0.043478260869565216
vp_36676_case_001__w0011,vp_36676_case_001,0,0,0,0,0,0,0,0,0,0,0,0.0,1,train,23,0.043478260869565216
vp_36676_case_001__w0012,vp_36676_case_001,0,0,0,0,1,1,0,1,1,0,1,2.0,1,train,23,0.043478260869565216
vp_36676_case_001__w0013,vp_36676_case_001,0,0,0,0,1,1,0,1,1,0,1,0.0,1,train,23,0.043478260869565216
vp_36676_case_001__w0014,vp_36676_case_001,0,0,0,0,0,0,0,0,0,0,0,-2.0,1,train,23,0.043478260869565216
vp_36676_case_001__w0015,vp_36676_case_001,0,0,0,0,0,0,0,0,0,0,0,0.0,1,train,23,0.043478260869565216
vp_36676_case_001__w0016,vp_36676_case_001,0,0,0,0,0,0,0,0,0,0,0,0.0,1,train,23,0.043478260869565216
vp_36676_case_001__w0017,vp_36676_case_001,0,0,0,0,0,0,0,0,0,0,0,0.0,1,train,23,0.043478260869565216
vp_36676_case_001__w0018,vp_36676_case_001,0,0,0,0,0,0,0,0,0,0,0,0.0,1,train,23,0.043478260869565216
vp_36676_case_001__w0019,vp_36676_case_001,0,0,0,0,0,0,0,0,0,0,0,0.0,1,train,23,0.043478260869565216
vp_36676_case_001__w0020,vp_36676_case_001,0,0,0,0,0,0,0,0,0,0,0,0.0,1,train,23,0.043478260869565216
vp_36676_case_001__w0021,vp_36676_case_001,0,0,0,0,0,0,0,0,0,0,0,0.0,1,train,23,0.043478260869565216
vp_36676_case_001__w0022,vp_36676_case_001,0,0,0,0,0,0,0,0,0,0,0,0.0,1,train,23,0.043478260869565216
vp_36676_case_002__w0000,vp_36676_case_002,0,0,0,0,0,0,0,0,0,0,0,0.0,1,train,4,0.25
vp_36676_case_002__w0001,vp_36676_case_002,0,0,0,0,0,0,0,0,0,0,0,0.0,1,train,4,0.25
vp_36676_case_002__w0002,vp_36676_case_002,0,0,0,0,0,0,0,0,0,0,0,0.0,1,train,4,0.25
vp_36676_case_002__w0003,vp_36676_case_002,0,0,0,0,0,0,0,0,0,0,0,0.0,1,train,4,0.25
vp_36677_case_001__w0000,vp_36677_case_001,0,0,0,0,0,0,0,0,0,0,0,0.0,1,train,6,0.16666666666666666
vp_36677_case_001__w0001,vp_36677_case_001,0,0,0,0,0,0,0,0,0,0,0,0.0,1,train,6,0.16666666666666666
vp_36677_case_001__w0002,vp_36677_case_001,0,0,0,0,0,0,0,0,0,0,0,0.0,1,train,6,0.16666666666666666
vp_36677_case_001__w0003,vp_36677_case_001,0,0,0,0,0,0,0,0,0,0,0,0.0,1,train,6,0.16666666666666666
vp_36677_case_001__w0004,vp_36677_case_001,0,0,0,0,0,0,0,0,0,0,0,0.0,1,train,6,0.16666666666666666
vp_36677_case_001__w0005,vp_36677_case_001,0,0,0,0,0,0,0,0,0,0,0,0.0,1,train,6,0.16666666666666666
vp_36678_case_001__w0000,vp_36678_case_001,0,0,0,0,0,0,0,0,0,0,0,0.0,1,train,13,0.07692307692307693
vp_36678_case_001__w0001,vp_36678_case_001,0,0,0,0,0,0,0,0,0,0,0,0.0,1,train,13,0.07692307692307693
vp_36678_case_001__w0002,vp_36678_case_001,0,0,0,0,0,0,0,0,0,0,0,0.0,1,train,13,0.07692307692307693
vp_36678_case_001__w0003,vp_36678_case_001,0,0,0,0,0,0,0,0,0,0,0,0.0,1,train,13,0.07692307692307693
vp_36678_case_001__w0004,vp_36678_case_001,0,0,0,0,0,0,0,0,0,0,0,0.0,1,train,13,0.07692307692307693
vp_36678_case_001__w0005,vp_36678_case_001,0,0,0,0,0,0,0,0,0,0,0,0.0,1,train,13,0.07692307692307693
vp_36678_case_001__w0006,vp_36678_case_001,0,0,0,0,0,0,0,0,0,0,0,0.0,1,train,13,0.07692307692307693
vp_36678_case_001__w0007,vp_36678_case_001,0,0,0,0,0,0,0,0,0,0,0,0.0,1,train,13,0.07692307692307693
vp_36678_case_001__w0008,vp_36678_case_001,0,0,0,0,0,0,0,0,0,0,0,0.0,1,train,13,0.07692307692307693
vp_36678_case_001__w0009,vp_36678_case_001,0,0,0,0,0,0,0,0,0,0,0,0.0,1,train,13,0.07692307692307693
vp_36678_case_001__w0010,vp_36678_case_001,0,0,0,0,0,0,0,0,0,0,0,0.0,1,train,13,0.07692307692307693
vp_36678_case_001__w0011,vp_36678_case_001,0,0,0,0,0,0,0,0,0,0,0,0.0,1,train,13,0.07692307692307693
vp_36678_case_001__w0012,vp_36678_case_001,0,0,0,0,0,0,0,0,0,0,0,0.0,1,train,13,0.07692307692307693
vp_36679_case_001__w0000,vp_36679_case_001,0,1,0,0,0,0,0,1,0,0,0,0.0,1,train,4,0.25
vp_36679_case_001__w0001,vp_36679_case_001,0,0,0,0,0,0,0,0,0,0,0,-1.0,1,train,4,0.25
vp_36679_case_001__w0002,vp_36679_case_001,0,0,0,0,0,0,0,0,0,0,0,0.0,1,train,4,0.25
vp_36679_case_001__w0003,vp_36679_case_001,0,0,0,0,0,0,0,0,0,0,0,0.0,1,train,4,0.25
vp_36680_case_001__w0000,vp_36680_case_001,0,0,0,0,0,0,0,0,0,0,0,0.0,1,test,15,0.06666666666666667
vp_36680_case_001__w0001,vp_36680_case_001,0,0,0,0,0,0,0,0,0,0,0,0.0,1,test,15,0.06666666666666667
vp_36680_case_001__w0002,vp_36680_case_001,0,0,0,0,0,0,0,0,0,0,0,0.0,1,test,15,0.06666666666666667
vp_36680_case_001__w0003,vp_36680_case_001,0,0,0,0,0,0,0,0,0,0,0,0.0,1,test,15,0.06666666666666667
vp_36680_case_001__w0004,vp_36680_case_001,0,0,0,0,0,0,0,0,0,0,0,0.0,1,test,15,0.06666666666666667
vp_36680_case_001__w0005,vp_36680_case_001,0,0,0,0,0,0,0,0,0,0,0,0.0,1,test,15,0.06666666666666667
vp_36680_case_001__w0006,vp_36680_case_001,0,0,0,0,0,0,0,0,0,0,0,0.0,1,test,15,0.06666666666666667
vp_36680_case_001__w0007,vp_36680_case_001,0,0,0,0,0,0,0,0,0,0,0,0.0,1,test,15,0.06666666666666667
vp_36680_case_001__w0008,vp_36680_case_001,0,0,0,0,0,0,0,0,0,0,0,0.0,1,test,15,0.06666666666666667
vp_36680_case_001__w0009,vp_36680_case_001,0,0,0,0,0,0,0,0,0,0,0,0.0,1,test,15,0.06666666666666667
vp_36680_case_001__w0010,vp_36680_case_001,0,0,0,0,0,0,0,0,0,0,0,0.0,1,test,15,0.06666666666666667
vp_36680_case_001__w0011,vp_36680_case_001,0,0,0,0,0,0,0,0,0,0,0,0.0,1,test,15,0.06666666666666667
vp_36680_case_001__w0012,vp_36680_case_001,0,0,0,0,0,0,0,0,0,0,0,0.0,1,test,15,0.06666666666666667
vp_36680_case_001__w0013,vp_36680_case_001,0,0,0,0,0,0,0,0,0,0,0,0.0,1,test,15,0.06666666666666667
vp_36680_case_001__w0014,vp_36680_case_001,0,0,0,0,0,0,0,0,0,0,0,0.0,1,test,15,0.06666666666666667
vp_36681_case_001__w0000,vp_36681_case_001,0,0,0,0,0,0,0,3,1,0,0,0.0,1,train,8,0.125
vp_36681_case_001__w0001,vp_36681_case_001,0,0,0,0,0,0,0,1,0,0,0,-3.0,1,train,8,0.125
vp_36681_case_001__w0002,vp_36681_case_001,0,0,0,0,0,0,0,0,0,0,0,-1.0,1,train,8,0.125
vp_36681_case_001__w0003,vp_36681_case_001,0,1,0,0,0,0,0,1,0,0,0,1.0,1,train,8,0.125
vp_36681_case_001__w0004,vp_36681_case_001,0,1,0,0,0,0,0,1,0,0,0,0.0,1,train,8,0.125
vp_36681_case_001__w0005,vp_36681_case_001,0,0,0,0,0,0,0,1,0,0,0,0.0,1,train,8,0.125
vp_36681_case_001__w0006,vp_36681_case_001,0,0,0,0,0,0,0,1,0,0,0,0.0,1,train,8,0.125
vp_36681_case_001__w0007,vp_36681_case_001,0,0,0,0,0,0,0,1,1,0,0,1.0,1,train,8,0.125
vp_36682_case_001__w0000,vp_36682_case_001,0,0,0,0,0,0,0,0,0,0,0,0.0,1,validation,10,0.1
vp_36682_case_001__w0001,vp_36682_case_001,0,0,0,0,0,0,0,0,0,0,0,0.0,1,validation,10,0.1
vp_36682_case_001__w0002,vp_36682_case_001,0,0,0,0,0,0,0,0,0,0,0,0.0,1,validation,10,0.1
vp_36682_case_001__w0003,vp_36682_case_001,0,0,0,0,0,0,0,0,0,0,0,0.0,1,validation,10,0.1
vp_36682_case_001__w0004,vp_36682_case_001,0,0,0,0,0,0,0,0,0,0,0,0.0,1,validation,10,0.1
vp_36682_case_001__w0005,vp_36682_case_001,0,0,0,0,0,0,0,0,0,0,0,0.0,1,validation,10,0.1
vp_36682_case_001__w0006,vp_36682_case_001,0,0,0,0,0,0,0,0,0,0,0,0.0,1,validation,10,0.1
vp_36682_case_001__w0007,vp_36682_case_001,0,0,0,0,0,0,0,0,0,0,0,0.0,1,validation,10,0.1
vp_36682_case_001__w0008,vp_36682_case_001,0,0,0,0,0,0,0,0,0,0,0,0.0,1,validation,10,0.1
vp_36682_case_001__w0009,vp_36682_case_001,0,0,0,0,0,0,0,0,0,0,0,0.0,1,validation,10,0.1
vp_36683_case_001__w0000,vp_36683_case_001,0,0,0,0,0,0,0,0,0,0,0,0.0,1,validation,7,0.14285714285714285
vp_36683_case_001__w0001,vp_36683_case_001,0,0,0,0,0,0,0,0,0,0,0,0.0,1,validation,7,0.14285714285714285
vp_36683_case_001__w0002,vp_36683_case_001,0,0,0,0,0,0,0,0,0,0,0,0.0,1,validation,7,0.14285714285714285
vp_36683_case_001__w0003,vp_36683_case_001,0,0,0,0,0,0,0,0,0,0,0,0.0,1,validation,7,0.14285714285714285
vp_36683_case_001__w0004,vp_36683_case_001,0,0,0,0,0,0,0,0,0,0,0,0.0,1,validation,7,0.14285714285714285
vp_36683_case_001__w0005,vp_36683_case_001,0,0,0,0,0,0,0,0,0,0,0,0.0,1,validation,7,0.14285714285714285
vp_36683_case_001__w0006,vp_36683_case_001,0,0,0,0,0,0,0,0,0,0,0,0.0,1,validation,7,0.14285714285714285
vp_36684_case_001__w0000,vp_36684_case_001,1,1,0,0,0,0,0,2,0,0,0,0.0,1,train,6,0.16666666666666666
vp_36684_case_001__w0001,vp_36684_case_001,0,0,0,1,0,0,0,0,0,0,0,-1.0,1,train,6,0.16666666666666666
vp_36684_case_001__w0002,vp_36684_case_001,0,0,0,1,0,0,0,0,0,0,0,0.0,1,train,6,0.16666666666666666
vp_36684_case_001__w0003,vp_36684_case_001,0,0,0,1,0,0,0,0,0,0,0,0.0,1,train,6,0.16666666666666666
vp_36684_case_001__w0004,vp_36684_case_001,0,0,0,0,0,0,0,0,0,0,0,-1.0,1,train,6,0.16666666666666666
vp_36684_case_001__w0005,vp_36684_case_001,0,0,0,0,0,0,0,0,0,0,0,0.0,1,train,6,0.16666666666666666
vp_36684_case_002__w0000,vp_36684_case_002,0,0,0,0,0,0,0,0,0,0,0,0.0,1,test,18,0.05555555555555555
vp_36684_case_002__w0001,vp_36684_case_002,0,0,0,0,0,0,0,0,0,0,0,0.0,1,test,18,0.05555555555555555
vp_36684_case_002__w0002,vp_36684_case_002,0,0,0,0,0,0,0,0,0,0,0,0.0,1,test,18,0.05555555555555555
vp_36684_case_002__w0003,vp_36684_case_002,0,0,0,0,0,0,0,0,0,0,0,0.0,1,test,18,0.05555555555555555
vp_36684_case_002__w0004,vp_36684_case_002,0,0,0,0,0,0,0,0,0,0,0,0.0,1,test,18,0.05555555555555555
vp_36684_case_002__w0005,vp_36684_case_002,0,0,0,0,0,0,0,0,0,0,0,0.0,1,test,18,0.05555555555555555
vp_36684_case_002__w0006,vp_36684_case_002,0,0,0,0,0,0,0,0,0,0,0,0.0,1,test,18,0.05555555555555555
vp_36684_case_002__w0007,vp_36684_case_002,0,0,0,0,0,0,0,0,0,0,0,0.0,1,test,18,0.05555555555555555
vp_36684_case_002__w0008,vp_36684_case_002,0,0,0,0,0,0,0,0,0,0,0,0.0,1,test,18,0.05555555555555555
vp_36684_case_002__w0009,vp_36684_case_002,0,0,0,0,0,0,0,0,0,0,0,0.0,1,test,18,0.05555555555555555
vp_36684_case_002__w0010,vp_36684_case_002,1,0,0,0,0,0,0,1,0,0,0,1.0,1,test,18,0.05555555555555555
vp_36684_case_002__w0011,vp_36684_case_002,1,0,0,0,0,0,0,1,0,0,0,0.0,1,test,18,0.05555555555555555
vp_36684_case_002__w0012,vp_36684_case_002,0,0,0,0,0,0,0,0,0,0,0,-1.0,1,test,18,0.05555555555555555
vp_36684_case_002__w0013,vp_36684_case_002,0,0,0,0,0,0,0,0,0,0,0,0.0,1,test,18,0.05555555555555555
vp_36684_case_002__w0014,vp_36684_case_002,0,0,0,0,0,0,0,0,0,0,0,0.0,1,test,18,0.05555555555555555
vp_36684_case_002__w0015,vp_36684_case_002,0,0,0,0,0,0,0,0,0,0,0,0.0,1,test,18,0.05555555555555555
vp_36684_case_002__w0016,vp_36684_case_002,0,0,0,0,0,0,0,0,0,0,0,0.0,1,test,18,0.05555555555555555
vp_36684_case_002__w0017,vp_36684_case_002,0,0,0,0,0,0,0,0,0,0,0,0.0,1,test,18,0.05555555555555555
vp_36685_case_001__w0000,vp_36685_case_001,0,0,0,0,0,0,0,3,0,0,0,0.0,1,train,3,0.3333333333333333
vp_36685_case_001__w0001,vp_36685_case_001,0,0,0,0,0,0,0,2,0,0,0,0.0,1,train,3,0.3333333333333333
vp_36685_case_001__w0002,vp_36685_case_001,0,0,0,0,0,0,0,0,0,0,0,-2.0,1,train,3,0.3333333333333333
vp_36686_case_001__w0000,vp_36686_case_001,0,0,0,0,0,0,0,0,0,0,0,0.0,1,train,17,0.058823529411764705
vp_36686_case_001__w0001,vp_36686_case_001,0,0,0,0,0,0,0,0,0,0,0,0.0,1,train,17,0.058823529411764705
vp_36686_case_001__w0002,vp_36686_case_001,0,0,0,0,0,0,0,0,0,0,0,0.0,1,train,17,0.058823529411764705
vp_36686_case_001__w0003,vp_36686_case_001,0,0,0,0,0,0,0,0,0,0,0,0.0,1,train,17,0.058823529411764705
vp_36686_case_001__w0004,vp_36686_case_001,0,0,0,0,0,0,0,0,0,0,0,0.0,1,train,17,0.058823529411764705
vp_36686_case_001__w0005,vp_36686_case_001,0,0,0,0,0,0,0,0,0,0,0,0.0,1,train,17,0.058823529411764705
vp_36686_case_001__w0006,vp_36686_case_001,0,0,0,0,0,0,0,0,0,0,0,0.0,1,train,17,0.058823529411764705
vp_36686_case_001__w0007,vp_36686_case_001,0,0,0,0,0,0,0,0,0,0,0,0.0,1,train,17,0.058823529411764705
vp_36686_case_001__w0008,vp_36686_case_001,0,0,0,0,0,0,0,0,0,0,0,0.0,1,train,17,0.058823529411764705
vp_36686_case_001__w0009,vp_36686_case_001,0,0,0,0,0,0,0,0,0,0,0,0.0,1,train,17,0.058823529411764705
vp_36686_case_001__w0010,vp_36686_case_001,0,0,0,0,0,0,0,0,0,0,0,0.0,1,train,17,0.058823529411764705
vp_36686_case_001__w0011,vp_36686_case_001,0,0,0,0,0,0,0,0,0,0,0,0.0,1,train,17,0.058823529411764705
vp_36686_case_001__w0012,vp_36686_case_001,0,0,0,0,0,0,0,0,0,0,0,0.0,1,train,17,0.058823529411764705
vp_36686_case_001__w0013,vp_36686_case_001,0,0,0,0,0,0,0,0,0,0,0,0.0,1,train,17,0.058823529411764705
vp_36686_case_001__w0014,vp_36686_case_001,0,0,0,0,0,0,0,0,0,0,0,0.0,1,train,17,0.058823529411764705
vp_36686_case_001__w0015,vp_36686_case_001,0,0,0,0,0,0,0,1,1,0,0,2.0,1,train,17,0.058823529411764705
vp_36686_case_001__w0016,vp_36686_case_001,0,0,0,0,0,0,0,1,1,0,0,0.0,1,train,17,0.058823529411764705
vp_36687_case_002__w0000,vp_36687_case_002,0,0,0,0,0,0,0,0,0,0,0,0.0,1,train,6,0.16666666666666666
vp_36687_case_002__w0001,vp_36687_case_002,0,0,0,0,0,0,0,0,0,0,0,0.0,1,train,6,0.16666666666666666
vp_36687_case_002__w0002,vp_36687_case_002,0,0,0,0,0,0,0,0,0,0,0,0.0,1,train,6,0.16666666666666666
vp_36687_case_002__w0003,vp_36687_case_002,0,0,0,0,0,0,0,0,0,0,0,0.0,1,train,6,0.16666666666666666
vp_36687_case_002__w0004,vp_36687_case_002,0,0,0,0,0,0,0,0,0,0,0,0.0,1,train,6,0.16666666666666666
vp_36687_case_002__w0005,vp_36687_case_002,0,0,0,0,0,0,0,0,0,0,0,0.0,1,train,6,0.16666666666666666
vp_36688_case_001__w0000,vp_36688_case_001,0,0,0,0,0,0,0,0,0,0,0,0.0,1,train,55,0.01818181818181818
vp_36688_case_001__w0001,vp_36688_case_001,0,0,0,0,0,0,0,0,0,0,0,0.0,1,train,55,0.01818181818181818
vp_36688_case_001__w0002,vp_36688_case_001,0,0,0,0,0,0,0,0,0,0,0,0.0,1,train,55,0.01818181818181818
vp_36688_case_001__w0003,vp_36688_case_001,0,0,0,0,0,0,0,0,0,0,0,0.0,1,train,55,0.01818181818181818
vp_36688_case_001__w0004,vp_36688_case_001,0,0,0,0,0,0,0,0,0,0,0,0.0,1,train,55,0.01818181818181818
vp_36688_case_001__w0005,vp_36688_case_001,0,0,0,0,0,0,0,0,0,0,0,0.0,1,train,55,0.01818181818181818
vp_36688_case_001__w0006,vp_36688_case_001,0,0,0,0,0,0,0,0,0,0,0,0.0,1,train,55,0.01818181818181818
vp_36688_case_001__w0007,vp_36688_case_001,0,0,0,0,0,0,0,1,0,0,0,0.0,1,train,55,0.01818181818181818
vp_36688_case_001__w0008,vp_36688_case_001,0,0,0,0,0,0,0,1,0,0,0,0.0,1,train,55,0.01818181818181818
vp_36688_case_001__w0009,vp_36688_case_001,0,0,0,0,0,0,0,0,0,0,0,0.0,1,train,55,0.01818181818181818
vp_36688_case_001__w0010,vp_36688_case_001,0,0,0,0,0,0,0,0,0,0,0,0.0,1,train,55,0.01818181818181818
vp_36688_case_001__w0011,vp_36688_case_001,1,1,1,0,0,0,0,2,0,1,0,3.0,1,train,55,0.01818181818181818
vp_36688_case_001__w0012,vp_36688_case_001,1,1,1,0,0,0,0,2,0,1,0,0.0,1,train,55,0.01818181818181818
vp_36688_case_001__w0013,vp_36688_case_001,1,1,1,0,0,0,0,2,0,1,0,0.0,1,train,55,0.01818181818181818
vp_36688_case_001__w0014,vp_36688_case_001,1,1,1,0,0,0,0,2,0,1,0,0.0,1,train,55,0.01818181818181818
vp_36688_case_001__w0015,vp_36688_case_001,1,0,0,0,0,0,0,1,0,0,0,-2.0,1,train,55,0.01818181818181818
vp_36688_case_001__w0016,vp_36688_case_001,1,0,0,0,0,0,0,1,0,0,0,0.0,1,train,55,0.01818181818181818
vp_36688_case_001__w0017,vp_36688_case_001,1,0,0,0,0,0,0,1,0,0,0,0.0,1,train,55,0.01818181818181818
vp_36688_case_001__w0018,vp_36688_case_001,1,0,0,0,0,0,0,1,0,0,0,0.0,1,train,55,0.01818181818181818
vp_36688_case_001__w0019,vp_36688_case_001,1,0,0,0,0,0,0,1,0,0,0,0.0,1,train,55,0.01818181818181818
vp_36688_case_001__w0020,vp_36688_case_001,1,0,0,0,0,0,0,1,0,0,0,0.0,1,train,55,0.01818181818181818
vp_36688_case_001__w0021,vp_36688_case_001,1,0,0,0,0,0,0,1,0,0,0,0.0,1,train,55,0.01818181818181818
vp_36688_case_001__w0022,vp_36688_case_001,0,0,0,0,0,0,0,0,0,0,0,-1.0,1,train,55,0.01818181818181818
vp_36688_case_001__w0023,vp_36688_case_001,0,0,0,0,0,0,0,0,0,0,0,0.0,1,train,55,0.01818181818181818
vp_36688_case_001__w0024,vp_36688_case_001,0,0,0,0,0,0,0,0,0,0,0,0.0,1,train,55,0.01818181818181818
vp_36688_case_001__w0025,vp_36688_case_001,0,0,0,0,0,0,0,0,0,0,0,0.0,1,train,55,0.01818181818181818
vp_36688_case_001__w0026,vp_36688_case_001,0,0,0,0,0,0,0,1,0,0,0,1.0,1,train,55,0.01818181818181818
vp_36688_case_001__w0027,vp_36688_case_001,0,0,0,1,0,0,0,1,0,0,0,1.0,1,train,55,0.01818181818181818
vp_36688_case_001__w0028,vp_36688_case_001,0,0,0,0,0,0,0,0,0,0,0,-2.0,1,train,55,0.01818181818181818
vp_36688_case_001__w0029,vp_36688_case_001,0,0,0,0,0,0,0,0,0,0,0,0.0,1,train,55,0.01818181818181818
vp_36688_case_001__w0030,vp_36688_case_001,0,0,0,0,0,0,0,0,0,0,0,0.0,1,train,55,0.01818181818181818
vp_36688_case_001__w0031,vp_36688_case_001,0,0,0,0,0,0,0,0,0,0,0,0.0,1,train,55,0.01818181818181818
vp_36688_case_001__w0032,vp_36688_case_001,0,0,0,0,0,0,0,0,0,0,0,0.0,1,train,55,0.01818181818181818
vp_36688_case_001__w0033,vp_36688_case_001,0,0,0,0,0,0,0,0,0,0,0,0.0,1,train,55,0.01818181818181818
vp_36688_case_001__w0034,vp_36688_case_001,0,0,0,0,0,0,0,0,0,0,0,0.0,1,train,55,0.01818181818181818
vp_36688_case_001__w0035,vp_36688_case_001,0,0,0,0,0,0,0,0,0,0,0,0.0,1,train,55,0.01818181818181818
vp_36688_case_001__w0036,vp_36688_case_001,0,0,0,0,0,0,0,1,0,0,0,0.0,1,train,55,0.01818181818181818
vp_36688_case_001__w0037,vp_36688_case_001,0,0,0,0,0,0,0,1,0,0,0,0.0,1,train,55,0.01818181818181818
vp_36688_case_001__w0038,vp_36688_case_001,0,0,0,0,0,0,0,0,0,0,0,0.0,1,train,55,0.01818181818181818
vp_36688_case_001__w0039,vp_36688_case_001,0,0,0,0,0,0,0,0,0,0,0,0.0,1,train,55,0.01818181818181818
vp_36688_case_001__w0040,vp_36688_case_001,0,0,0,0,0,0,0,0,0,0,0,0.0,1,train,55,0.01818181818181818
vp_36688_case_001__w0041,vp_36688_case_001,0,0,0,0,0,0,0,0,0,0,0,0.0,1,train,55,0.01818181818181818
vp_36688_case_001__w0042,vp_36688_case_001,0,0,0,0,0,0,0,0,0,0,0,0.0,1,train,55,0.01818181818181818
vp_36688_case_001__w0043,vp_36688_case_001,0,0,0,0,0,0,0,0,0,0,0,0.0,1,train,55,0.01818181818181818
vp_36688_case_001__w0044,vp_36688_case_001,0,0,0,0,0,0,0,0,0,0,0,0.0,1,train,55,0.01818181818181818
vp_36688_case_001__w0045,vp_36688_case_001,0,0,0,0,0,0,0,0,0,0,0,0.0,1,train,55,0.01818181818181818
vp_36688_case_001__w0046,vp_36688_case_001,0,0,0,0,0,0,0,2,1,0,0,2.0,1,train,55,0.01818181818181818
vp_36688_case_001__w0047,vp_36688_case_001,0,0,0,0,0,0,0,2,1,0,0,0.0,1,train,55,0.01818181818181818
vp_36688_case_001__w0048,vp_36688_case_001,1,0,0,0,0,0,0,1,0,0,0,-1.0,1,train,55,0.01818181818181818
vp_36688_case_001__w0049,vp_36688_case_001,1,0,0,0,0,0,0,1,0,0,0,0.0,1,train,55,0.01818181818181818
vp_36688_case_001__w0050,vp_36688_case_001,1,0,0,0,0,0,0,1,0,0,0,0.0,1,train,55,0.01818181818181818
vp_36688_case_001__w0051,vp_36688_case_001,1,0,0,0,0,0,0,1,0,0,0,0.0,1,train,55,0.01818181818181818
vp_36688_case_001__w0052,vp_36688_case_001,1,0,0,0,0,0,0,1,0,0,0,0.0,1,train,55,0.01818181818181818
vp_36688_case_001__w0053,vp_36688_case_001,1,0,0,0,0,0,0,1,0,0,0,0.0,1,train,55,0.01818181818181818
vp_36688_case_001__w0054,vp_36688_case_001,1,0,0,0,0,0,0,1,0,0,0,0.0,1,train,55,0.01818181818181818
vp_36688_case_002__w0000,vp_36688_case_002,0,0,0,0,0,0,0,0,0,0,0,0.0,1,train,17,0.058823529411764705
vp_36688_case_002__w0001,vp_36688_case_002,0,0,0,0,0,0,0,0,0,0,0,0.0,1,train,17,0.058823529411764705
vp_36688_case_002__w0002,vp_36688_case_002,1,0,0,0,0,0,0,1,0,0,0,1.0,1,train,17,0.058823529411764705
vp_36688_case_002__w0003,vp_36688_case_002,1,0,0,0,0,0,0,1,0,0,0,0.0,1,train,17,0.058823529411764705
vp_36688_case_002__w0004,vp_36688_case_002,1,0,0,0,0,0,0,1,0,0,0,0.0,1,train,17,0.058823529411764705
vp_36688_case_002__w0005,vp_36688_case_002,0,0,0,0,0,0,0,0,0,0,0,-1.0,1,train,17,0.058823529411764705
vp_36688_case_002__w0006,vp_36688_case_002,0,0,0,0,0,0,0,0,0,0,0,0.0,1,train,17,0.058823529411764705
vp_36688_case_002__w0007,vp_36688_case_002,0,0,0,0,0,0,0,0,0,0,0,0.0,1,train,17,0.058823529411764705
vp_36688_case_002__w0008,vp_36688_case_002,0,0,0,0,0,0,0,0,0,0,0,0.0,1,train,17,0.058823529411764705
vp_36688_case_002__w0009,vp_36688_case_002,0,0,0,0,0,0,0,0,0,0,0,0.0,1,train,17,0.058823529411764705
vp_36688_case_002__w0010,vp_36688_case_002,1,0,0,0,0,0,0,1,0,0,0,1.0,1,train,17,0.058823529411764705
vp_36688_case_002__w0011,vp_36688_case_002,1,0,0,0,0,0,0,1,0,0,0,0.0,1,train,17,0.058823529411764705
vp_36688_case_002__w0012,vp_36688_case_002,0,0,0,0,0,0,0,0,0,0,0,-1.0,1,train,17,0.058823529411764705
vp_36688_case_002__w0013,vp_36688_case_002,0,0,0,0,0,0,0,0,0,0,0,0.0,1,train,17,0.058823529411764705
vp_36688_case_002__w0014,vp_36688_case_002,1,0,0,0,0,0,0,1,0,0,0,1.0,1,train,17,0.058823529411764705
vp_36688_case_002__w0015,vp_36688_case_002,1,0,0,0,0,0,0,1,0,0,0,0.0,1,train,17,0.058823529411764705
vp_36688_case_002__w0016,vp_36688_case_002,1,0,0,0,0,0,0,1,0,0,0,0.0,1,train,17,0.058823529411764705
vp_36689_case_001__w0000,vp_36689_case_001,0,0,0,0,0,0,0,0,0,0,0,0.0,1,train,14,0.07142857142857142
vp_36689_case_001__w0001,vp_36689_case_001,1,0,0,0,0,0,0,1,0,0,0,1.0,1,train,14,0.07142857142857142
vp_36689_case_001__w0002,vp_36689_case_001,1,0,0,0,0,0,0,1,0,0,0,0.0,1,train,14,0.07142857142857142
vp_36689_case_001__w0003,vp_36689_case_001,0,0,0,0,0,0,0,0,0,0,0,-1.0,1,train,14,0.07142857142857142
vp_36689_case_001__w0004,vp_36689_case_001,0,0,0,0,0,0,0,0,0,0,0,0.0,1,train,14,0.07142857142857142
vp_36689_case_001__w0005,vp_36689_case_001,0,0,0,0,0,0,0,0,0,0,0,0.0,1,train,14,0.07142857142857142
vp_36689_case_001__w0006,vp_36689_case_001,0,0,0,0,0,0,0,0,0,0,0,0.0,1,train,14,0.07142857142857142
vp_36689_case_001__w0007,vp_36689_case_001,0,1,0,0,0,0,0,1,0,0,0,1.0,1,train,14,0.07142857142857142
vp_36689_case_001__w0008,vp_36689_case_001,1,1,0,0,0,0,0,2,0,0,0,1.0,1,train,14,0.07142857142857142
vp_36689_case_001__w0009,vp_36689_case_001,1,0,0,0,0,0,0,1,0,0,0,-1.0,1,train,14,0.07142857142857142
vp_36689_case_001__w0010,vp_36689_case_001,0,0,0,0,0,0,0,0,0,0,0,-1.0,1,train,14,0.07142857142857142
vp_36689_case_001__w0011,vp_36689_case_001,1,0,0,0,0,0,0,1,0,0,0,1.0,1,train,14,0.07142857142857142
vp_36689_case_001__w0012,vp_36689_case_001,1,0,0,0,0,0,0,1,0,0,0,0.0,1,train,14,0.07142857142857142
vp_36689_case_001__w0013,vp_36689_case_001,0,0,0,0,0,0,0,0,0,0,0,-1.0,1,train,14,0.07142857142857142
vp_36690_case_001__w0000,vp_36690_case_001,0,0,0,0,1,1,0,1,1,0,1,0.0,1,train,12,0.08333333333333333
vp_36690_case_001__w0001,vp_36690_case_001,0,0,0,0,1,1,0,1,1,0,1,0.0,1,train,12,0.08333333333333333
vp_36690_case_001__w0002,vp_36690_case_001,0,0,0,0,0,0,0,0,0,0,0,-2.0,1,train,12,0.08333333333333333
vp_36690_case_001__w0003,vp_36690_case_001,0,0,0,0,0,0,0,1,0,0,0,1.0,1,train,12,0.08333333333333333
vp_36690_case_001__w0004,vp_36690_case_001,0,0,0,0,0,0,0,1,0,0,0,0.0,1,train,12,0.08333333333333333
vp_36690_case_001__w0005,vp_36690_case_001,0,0,0,0,0,0,0,0,0,0,0,-1.0,1,train,12,0.08333333333333333
vp_36690_case_001__w0006,vp_36690_case_001,0,0,0,0,0,0,0,0,0,0,0,0.0,1,train,12,0.08333333333333333
vp_36690_case_001__w0007,vp_36690_case_001,0,0,0,0,0,0,0,0,0,0,0,0.0,1,train,12,0.08333333333333333
vp_36690_case_001__w0008,vp_36690_case_001,0,0,0,0,0,0,0,1,0,0,0,1.0,1,train,12,0.08333333333333333
vp_36690_case_001__w0009,vp_36690_case_001,0,0,0,0,0,0,0,1,0,0,0,0.0,1,train,12,0.08333333333333333
vp_36690_case_001__w0010,vp_36690_case_001,0,0,0,0,0,0,0,0,0,0,0,-1.0,1,train,12,0.08333333333333333
vp_36690_case_001__w0011,vp_36690_case_001,0,0,0,0,0,0,0,0,0,0,0,0.0,1,train,12,0.08333333333333333
vp_36691_case_001__w0000,vp_36691_case_001,0,0,0,0,0,0,0,0,0,0,0,0.0,1,train,8,0.125
vp_36691_case_001__w0001,vp_36691_case_001,0,0,0,0,0,0,0,0,0,0,0,0.0,1,train,8,0.125
vp_36691_case_001__w0002,vp_36691_case_001,0,0,0,0,0,0,0,0,0,0,0,0.0,1,train,8,0.125
vp_36691_case_001__w0003,vp_36691_case_001,0,0,0,0,0,0,0,0,0,0,0,0.0,1,train,8,0.125
vp_36691_case_001__w0004,vp_36691_case_001,0,0,0,0,0,0,0,0,0,0,0,0.0,1,train,8,0.125
vp_36691_case_001__w0005,vp_36691_case_001,0,0,0,0,0,0,0,0,0,0,0,0.0,1,train,8,0.125
vp_36691_case_001__w0006,vp_36691_case_001,0,0,0,0,0,0,0,0,0,0,0,0.0,1,train,8,0.125
vp_36691_case_001__w0007,vp_36691_case_001,0,0,0,0,0,0,0,0,0,0,0,0.0,1,train,8,0.125
vp_36692_case_001__w0000,vp_36692_case_001,0,0,0,0,0,0,0,0,0,0,0,0.0,1,test,11,0.09090909090909091
vp_36692_case_001__w0001,vp_36692_case_001,0,0,0,0,0,0,0,0,0,0,0,0.0,1,test,11,0.09090909090909091
vp_36692_case_001__w0002,vp_36692_case_001,0,0,0,0,0,0,0,0,0,0,0,0.0,1,test,11,0.09090909090909091
vp_36692_case_001__w0003,vp_36692_case_001,0,0,0,0,0,0,0,0,0,0,0,0.0,1,test,11,0.09090909090909091
vp_36692_case_001__w0004,vp_36692_case_001,0,0,0,0,0,0,0,0,0,0,0,0.0,1,test,11,0.09090909090909091
vp_36692_case_001__w0005,vp_36692_case_001,0,0,0,0,0,0,0,0,0,0,0,0.0,1,test,11,0.09090909090909091
vp_36692_case_001__w0006,vp_36692_case_001,0,0,0,0,0,0,0,0,0,0,0,0.0,1,test,11,0.09090909090909091
vp_36692_case_001__w0007,vp_36692_case_001,0,0,0,0,0,0,0,0,0,0,0,0.0,1,test,11,0.09090909090909091
vp_36692_case_001__w0008,vp_36692_case_001,0,0,0,0,0,0,0,0,0,0,0,0.0,1,test,11,0.09090909090909091
vp_36692_case_001__w0009,vp_36692_case_001,0,0,0,0,0,0,0,0,0,0,0,0.0,1,test,11,0.09090909090909091
vp_36692_case_001__w0010,vp_36692_case_001,0,0,0,0,0,0,0,0,0,0,0,0.0,1,test,11,0.09090909090909091
vp_36694_case_001__w0000,vp_36694_case_001,0,0,0,0,0,0,0,1,0,0,0,0.0,1,train,13,0.07692307692307693
vp_36694_case_001__w0001,vp_36694_case_001,0,0,0,0,0,0,0,1,0,0,0,0.0,1,train,13,0.07692307692307693
vp_36694_case_001__w0002,vp_36694_case_001,0,0,0,0,0,0,0,0,0,0,0,-1.0,1,train,13,0.07692307692307693
vp_36694_case_001__w0003,vp_36694_case_001,0,0,0,0,0,0,0,1,0,0,0,1.0,1,train,13,0.07692307692307693
vp_36694_case_001__w0004,vp_36694_case_001,0,0,0,1,0,0,0,1,0,0,0,1.0,1,train,13,0.07692307692307693
vp_36694_case_001__w0005,vp_36694_case_001,0,0,0,1,0,0,0,0,0,0,0,-1.0,1,train,13,0.07692307692307693
vp_36694_case_001__w0006,vp_36694_case_001,0,0,0,0,0,0,0,0,0,0,0,-1.0,1,train,13,0.07692307692307693
vp_36694_case_001__w0007,vp_36694_case_001,0,0,0,0,0,0,0,1,0,0,0,1.0,1,train,13,0.07692307692307693
vp_36694_case_001__w0008,vp_36694_case_001,0,0,0,0,0,0,0,1,0,0,0,0.0,1,train,13,0.07692307692307693
vp_36694_case_001__w0009,vp_36694_case_001,0,0,0,0,0,0,0,0,0,0,0,-1.0,1,train,13,0.07692307692307693
vp_36694_case_001__w0010,vp_36694_case_001,0,0,0,0,0,0,0,0,0,0,0,0.0,1,train,13,0.07692307692307693
vp_36694_case_001__w0011,vp_36694_case_001,0,0,0,0,0,0,0,0,0,0,0,0.0,1,train,13,0.07692307692307693
vp_36694_case_001__w0012,vp_36694_case_001,0,0,0,0,0,0,0,0,0,0,0,0.0,1,train,13,0.07692307692307693
vp_36695_case_001__w0000,vp_36695_case_001,0,0,0,1,0,0,0,0,0,0,0,0.0,1,train,8,0.125
vp_36695_case_001__w0001,vp_36695_case_001,0,0,0,0,0,0,0,0,0,0,0,-1.0,1,train,8,0.125
vp_36695_case_001__w0002,vp_36695_case_001,0,0,0,0,0,0,0,1,0,0,0,0.0,1,train,8,0.125
vp_36695_case_001__w0003,vp_36695_case_001,0,0,0,0,0,0,0,1,0,0,0,0.0,1,train,8,0.125
vp_36695_case_001__w0004,vp_36695_case_001,0,0,0,0,0,0,0,0,0,0,0,0.0,1,train,8,0.125
vp_36695_case_001__w0005,vp_36695_case_001,0,0,0,0,0,0,0,0,0,0,0,0.0,1,train,8,0.125
vp_36695_case_001__w0006,vp_36695_case_001,0,0,0,0,0,0,0,1,1,0,0,2.0,1,train,8,0.125
vp_36695_case_001__w0007,vp_36695_case_001,0,0,0,0,0,0,0,1,1,0,0,0.0,1,train,8,0.125
vp_36695_case_002__w0000,vp_36695_case_002,0,0,0,0,0,0,0,0,0,0,0,0.0,1,test,13,0.07692307692307693
vp_36695_case_002__w0001,vp_36695_case_002,0,0,0,0,0,0,0,1,0,0,0,1.0,1,test,13,0.07692307692307693
vp_36695_case_002__w0002,vp_36695_case_002,0,0,0,0,0,0,0,1,0,0,0,0.0,1,test,13,0.07692307692307693
vp_36695_case_002__w0003,vp_36695_case_002,0,0,0,0,0,0,0,0,0,0,0,-1.0,1,test,13,0.07692307692307693
vp_36695_case_002__w0004,vp_36695_case_002,0,0,0,0,0,0,0,1,0,0,0,1.0,1,test,13,0.07692307692307693
vp_36695_case_002__w0005,vp_36695_case_002,0,0,0,0,0,0,0,1,0,0,0,0.0,1,test,13,0.07692307692307693
vp_36695_case_002__w0006,vp_36695_case_002,0,0,0,0,0,0,0,0,0,0,0,-1.0,1,test,13,0.07692307692307693
vp_36695_case_002__w0007,vp_36695_case_002,0,0,0,0,0,0,0,1,1,0,0,2.0,1,test,13,0.07692307692307693
vp_36695_case_002__w0008,vp_36695_case_002,0,0,0,0,0,0,0,1,1,0,0,0.0,1,test,13,0.07692307692307693
vp_36695_case_002__w0009,vp_36695_case_002,0,0,0,0,0,0,0,0,0,0,0,-2.0,1,test,13,0.07692307692307693
vp_36695_case_002__w0010,vp_36695_case_002,0,0,0,0,0,0,0,0,0,0,0,0.0,1,test,13,0.07692307692307693
vp_36695_case_002__w0011,vp_36695_case_002,0,0,0,0,0,0,0,2,1,0,0,3.0,1,test,13,0.07692307692307693
vp_36695_case_002__w0012,vp_36695_case_002,0,0,0,0,0,0,0,2,1,0,0,0.0,1,test,13,0.07692307692307693
vp_36696_case_001__w0000,vp_36696_case_001,0,0,0,0,0,0,0,0,0,0,0,0.0,1,train,12,0.08333333333333333
vp_36696_case_001__w0001,vp_36696_case_001,0,0,0,0,0,0,0,0,0,0,0,0.0,1,train,12,0.08333333333333333
vp_36696_case_001__w0002,vp_36696_case_001,0,0,0,0,0,0,0,0,0,0,0,0.0,1,train,12,0.08333333333333333
vp_36696_case_001__w0003,vp_36696_case_001,0,0,0,0,0,0,0,0,0,0,0,0.0,1,train,12,0.08333333333333333
vp_36696_case_001__w0004,vp_36696_case_001,0,0,0,0,0,0,0,0,0,0,0,0.0,1,train,12,0.08333333333333333
vp_36696_case_001__w0005,vp_36696_case_001,0,0,0,0,0,0,0,0,0,0,0,0.0,1,train,12,0.08333333333333333
vp_36696_case_001__w0006,vp_36696_case_001,0,0,0,0,0,0,0,1,1,0,0,2.0,1,train,12,0.08333333333333333
vp_36696_case_001__w0007,vp_36696_case_001,0,0,0,0,0,0,0,1,1,0,0,0.0,1,train,12,0.08333333333333333
vp_36696_case_001__w0008,vp_36696_case_001,0,0,0,0,0,0,0,1,1,0,0,0.0,1,train,12,0.08333333333333333
vp_36696_case_001__w0009,vp_36696_case_001,0,0,0,0,0,0,0,1,1,0,0,0.0,1,train,12,0.08333333333333333
vp_36696_case_001__w0010,vp_36696_case_001,0,0,0,0,0,0,0,0,0,0,0,-2.0,1,train,12,0.08333333333333333
vp_36696_case_001__w0011,vp_36696_case_001,0,0,0,0,0,0,0,0,0,0,0,0.0,1,train,12,0.08333333333333333
vp_36697_case_001__w0000,vp_36697_case_001,0,0,0,0,0,0,0,0,0,0,0,0.0,1,validation,20,0.05
vp_36697_case_001__w0001,vp_36697_case_001,0,0,0,0,0,0,0,0,0,0,0,0.0,1,validation,20,0.05
vp_36697_case_001__w0002,vp_36697_case_001,0,0,0,0,0,0,0,0,0,0,0,0.0,1,validation,20,0.05
vp_36697_case_001__w0003,vp_36697_case_001,0,0,0,0,0,0,0,0,0,0,0,0.0,1,validation,20,0.05
vp_36697_case_001__w0004,vp_36697_case_001,0,0,0,0,0,0,0,0,0,0,0,0.0,1,validation,20,0.05
vp_36697_case_001__w0005,vp_36697_case_001,0,0,0,0,0,0,0,0,0,0,0,0.0,1,validation,20,0.05
vp_36697_case_001__w0006,vp_36697_case_001,0,0,0,0,0,0,0,0,0,0,0,0.0,1,validation,20,0.05
vp_36697_case_001__w0007,vp_36697_case_001,0,0,0,0,0,0,0,0,0,0,0,0.0,1,validation,20,0.05
vp_36697_case_001__w0008,vp_36697_case_001,0,0,0,0,0,0,0,0,0,0,0,0.0,1,validation,20,0.05
vp_36697_case_001__w0009,vp_36697_case_001,0,0,0,0,0,0,0,1,0,0,0,1.0,1,validation,20,0.05
vp_36697_case_001__w0010,vp_36697_case_001,0,0,0,0,0,0,0,2,0,0,0,1.0,1,validation,20,0.05
vp_36697_case_001__w0011,vp_36697_case_001,0,0,0,0,0,0,0,1,0,0,0,-1.0,1,validation,20,0.05
vp_36697_case_001__w0012,vp_36697_case_001,0,0,0,0,0,0,0,0,0,0,0,-1.0,1,validation,20,0.05
vp_36697_case_001__w0013,vp_36697_case_001,0,0,0,0,0,0,0,0,0,0,0,0.0,1,validation,20,0.05
vp_36697_case_001__w0014,vp_36697_case_001,0,0,0,0,0,0,0,0,0,0,0,0.0,1,validation,20,0.05
vp_36697_case_001__w0015,vp_36697_case_001,0,0,0,0,0,0,0,0,0,0,0,0.0,1,validation,20,0.05
vp_36697_case_001__w0016,vp_36697_case_001,0,0,0,0,0,0,0,0,0,0,0,0.0,1,validation,20,0.05
vp_36697_case_001__w0017,vp_36697_case_001,0,0,0,0,0,0,0,0,0,0,0,0.0,1,validation,20,0.05
vp_36697_case_001__w0018,vp_36697_case_001,0,0,0,0,0,0,0,0,0,0,0,0.0,1,validation,20,0.05
vp_36697_case_001__w0019,vp_36697_case_001,0,0,0,0,0,0,0,0,0,0,0,0.0,1,validation,20,0.05
vp_36698_case_001__w0000,vp_36698_case_001,0,0,0,1,0,0,0,1,0,0,0,0.0,1,train,3,0.3333333333333333
vp_36698_case_001__w0001,vp_36698_case_001,0,0,0,0,0,0,0,0,0,0,0,-2.0,1,train,3,0.3333333333333333
vp_36698_case_001__w0002,vp_36698_case_001,0,0,0,0,0,0,0,0,0,0,0,0.0,1,train,3,0.3333333333333333
vp_36699_case_001__w0000,vp_36699_case_001,0,1,0,0,0,0,0,1,0,0,0,0.0,1,validation,3,0.3333333333333333
vp_36699_case_001__w0001,vp_36699_case_001,0,1,0,0,0,0,0,1,0,0,0,0.0,1,validation,3,0.3333333333333333
vp_36699_case_001__w0002,vp_36699_case_001,0,1,0,0,0,0,0,1,0,0,0,0.0,1,validation,3,0.3333333333333333
vp_36700_case_001__w0000,vp_36700_case_001,0,0,0,0,0,0,0,1,0,0,0,0.0,1,train,7,0.14285714285714285
vp_36700_case_001__w0001,vp_36700_case_001,0,0,0,0,0,0,0,1,0,0,0,0.0,1,train,7,0.14285714285714285
vp_36700_case_001__w0002,vp_36700_case_001,0,0,0,0,0,0,0,0,0,0,0,-1.0,1,train,7,0.14285714285714285
vp_36700_case_001__w0003,vp_36700_case_001,0,0,0,0,0,0,0,0,0,0,0,0.0,1,train,7,0.14285714285714285
vp_36700_case_001__w0004,vp_36700_case_001,0,0,0,1,0,0,0,1,0,0,0,2.0,1,train,7,0.14285714285714285
vp_36700_case_001__w0005,vp_36700_case_001,0,0,0,0,0,0,0,1,0,0,0,-1.0,1,train,7,0.14285714285714285
vp_36700_case_001__w0006,vp_36700_case_001,0,0,0,0,0,0,0,0,0,0,0,-1.0,1,train,7,0.14285714285714285
vp_36701_case_001__w0000,vp_36701_case_001,0,0,0,1,0,0,0,0,0,0,0,0.0,1,train,7,0.14285714285714285
vp_36701_case_001__w0001,vp_36701_case_001,0,0,0,0,0,0,0,0,0,0,0,-1.0,1,train,7,0.14285714285714285
vp_36701_case_001__w0002,vp_36701_case_001,0,0,0,1,0,0,0,0,0,0,0,1.0,1,train,7,0.14285714285714285
vp_36701_case_001__w0003,vp_36701_case_001,0,0,0,1,0,0,0,0,0,0,0,0.0,1,train,7,0.14285714285714285
vp_36701_case_001__w0004,vp_36701_case_001,0,0,0,0,0,0,0,1,1,0,0,1.0,1,train,7,0.14285714285714285
vp_36701_case_001__w0005,vp_36701_case_001,0,0,0,0,0,0,0,1,1,0,0,0.0,1,train,7,0.14285714285714285
vp_36701_case_001__w0006,vp_36701_case_001,0,0,0,0,0,0,0,0,0,0,0,-2.0,1,train,7,0.14285714285714285
vp_36702_case_001__w0000,vp_36702_case_001,0,0,0,1,0,0,0,0,0,0,0,0.0,1,train,3,0.3333333333333333
vp_36702_case_001__w0001,vp_36702_case_001,0,0,0,1,0,0,0,0,0,0,0,0.0,1,train,3,0.3333333333333333
vp_36702_case_001__w0002,vp_36702_case_001,0,0,0,1,0,0,0,0,0,0,0,0.0,1,train,3,0.3333333333333333
vp_36704_case_001__w0000,vp_36704_case_001,0,1,0,0,0,0,0,1,0,0,0,0.0,1,train,16,0.0625
vp_36704_case_001__w0001,vp_36704_case_001,0,1,0,0,0,0,0,1,0,0,0,0.0,1,train,16,0.0625
vp_36704_case_001__w0002,vp_36704_case_001,0,0,0,0,0,0,0,0,0,0,0,-1.0,1,train,16,0.0625
vp_36704_case_001__w0003,vp_36704_case_001,0,0,0,0,0,0,0,0,0,0,0,0.0,1,train,16,0.0625
vp_36704_case_001__w0004,vp_36704_case_001,0,0,0,0,0,0,0,0,0,0,0,0.0,1,train,16,0.0625
vp_36704_case_001__w0005,vp_36704_case_001,0,0,0,0,0,0,0,0,0,0,0,0.0,1,train,16,0.0625
vp_36704_case_001__w0006,vp_36704_case_001,0,0,0,0,0,0,0,0,0,0,0,0.0,1,train,16,0.0625
vp_36704_case_001__w0007,vp_36704_case_001,0,0,0,0,0,0,0,0,0,0,0,0.0,1,train,16,0.0625
vp_36704_case_001__w0008,vp_36704_case_001,0,0,0,0,0,0,0,0,0,0,0,0.0,1,train,16,0.0625
vp_36704_case_001__w0009,vp_36704_case_001,0,0,0,0,0,0,0,0,0,0,0,0.0,1,train,16,0.0625
vp_36704_case_001__w0010,vp_36704_case_001,0,0,0,0,0,0,0,0,0,0,0,0.0,1,train,16,0.0625
vp_36704_case_001__w0011,vp_36704_case_001,0,0,0,0,0,0,0,0,0,0,0,0.0,1,train,16,0.0625
vp_36704_case_001__w0012,vp_36704_case_001,0,0,0,0,0,0,0,0,0,0,0,0.0,1,train,16,0.0625
vp_36704_case_001__w0013,vp_36704_case_001,0,0,0,0,0,0,0,0,0,0,0,0.0,1,train,16,0.0625
vp_36704_case_001__w0014,vp_36704_case_001,0,0,0,0,0,0,0,0,0,0,0,0.0,1,train,16,0.0625
vp_36704_case_001__w0015,vp_36704_case_001,0,0,0,0,0,0,0,0,0,0,0,0.0,1,train,16,0.0625
vp_36705_case_001__w0000,vp_36705_case_001,0,0,0,0,0,0,0,0,0,0,0,0.0,1,train,3,0.3333333333333333
vp_36705_case_001__w0001,vp_36705_case_001,0,0,0,0,0,0,0,0,0,0,0,0.0,1,train,3,0.3333333333333333
vp_36705_case_001__w0002,vp_36705_case_001,0,0,0,0,0,0,0,0,0,0,0,0.0,1,train,3,0.3333333333333333
vp_36707_case_001__w0000,vp_36707_case_001,0,0,0,0,0,0,0,0,0,0,0,0.0,1,train,11,0.09090909090909091
vp_36707_case_001__w0001,vp_36707_case_001,0,0,0,0,0,0,0,0,0,0,0,0.0,1,train,11,0.09090909090909091
vp_36707_case_001__w0002,vp_36707_case_001,0,0,0,1,0,0,0,0,0,0,0,1.0,1,train,11,0.09090909090909091
vp_36707_case_001__w0003,vp_36707_case_001,0,0,0,1,0,0,0,0,0,0,0,0.0,1,train,11,0.09090909090909091
vp_36707_case_001__w0004,vp_36707_case_001,0,0,0,0,0,0,0,0,0,0,0,-1.0,1,train,11,0.09090909090909091
vp_36707_case_001__w0005,vp_36707_case_001,0,0,0,0,0,0,0,0,0,0,0,0.0,1,train,11,0.09090909090909091
vp_36707_case_001__w0006,vp_36707_case_001,0,0,0,0,0,0,0,0,0,0,0,0.0,1,train,11,0.09090909090909091
vp_36707_case_001__w0007,vp_36707_case_001,0,0,0,0,0,0,0,0,0,0,0,0.0,1,train,11,0.09090909090909091
vp_36707_case_001__w0008,vp_36707_case_001,0,0,0,0,0,0,0,0,0,0,0,0.0,1,train,11,0.09090909090909091
vp_36707_case_001__w0009,vp_36707_case_001,0,0,0,0,0,0,0,0,0,0,0,0.0,1,train,11,0.09090909090909091
vp_36707_case_001__w0010,vp_36707_case_001,0,0,0,0,0,0,0,0,0,0,0,0.0,1,train,11,0.09090909090909091
vp_36708_case_001__w0000,vp_36708_case_001,0,0,0,0,0,0,0,0,0,0,0,0.0,1,train,18,0.05555555555555555
vp_36708_case_001__w0001,vp_36708_case_001,0,0,0,0,0,0,0,0,0,0,0,0.0,1,train,18,0.05555555555555555
vp_36708_case_001__w0002,vp_36708_case_001,0,0,0,0,0,0,0,0,0,0,0,0.0,1,train,18,0.05555555555555555
vp_36708_case_001__w0003,vp_36708_case_001,0,0,0,0,0,0,0,1,1,0,0,2.0,1,train,18,0.05555555555555555
vp_36708_case_001__w0004,vp_36708_case_001,0,0,0,0,0,0,0,1,1,0,0,0.0,1,train,18,0.05555555555555555
vp_36708_case_001__w0005,vp_36708_case_001,0,0,0,0,0,0,0,0,0,0,0,-2.0,1,train,18,0.05555555555555555
vp_36708_case_001__w0006,vp_36708_case_001,0,0,0,0,0,0,0,0,0,0,0,0.0,1,train,18,0.05555555555555555
vp_36708_case_001__w0007,vp_36708_case_001,0,0,0,0,0,0,0,0,0,0,0,0.0,1,train,18,0.05555555555555555
vp_36708_case_001__w0008,vp_36708_case_001,0,0,0,0,0,0,0,1,0,0,0,0.0,1,train,18,0.05555555555555555
vp_36708_case_001__w0009,vp_36708_case_001,0,0,0,0,0,0,0,1,0,0,0,0.0,1,train,18,0.05555555555555555
vp_36708_case_001__w0010,vp_36708_case_001,0,0,0,0,0,0,0,0,0,0,0,0.0,1,train,18,0.05555555555555555
vp_36708_case_001__w0011,vp_36708_case_001,0,0,0,0,0,0,0,0,0,0,0,0.0,1,train,18,0.05555555555555555
vp_36708_case_001__w0012,vp_36708_case_001,0,0,0,1,0,0,0,0,0,0,0,1.0,1,train,18,0.05555555555555555
vp_36708_case_001__w0013,vp_36708_case_001,0,0,0,1,0,0,0,0,0,0,0,0.0,1,train,18,0.05555555555555555
vp_36708_case_001__w0014,vp_36708_case_001,0,0,0,0,0,0,0,1,0,0,0,0.0,1,train,18,0.05555555555555555
vp_36708_case_001__w0015,vp_36708_case_001,0,0,0,0,0,0,0,1,0,0,0,0.0,1,train,18,0.05555555555555555
vp_36708_case_001__w0016,vp_36708_case_001,0,0,0,0,0,0,0,0,0,0,0,-1.0,1,train,18,0.05555555555555555
vp_36708_case_001__w0017,vp_36708_case_001,0,0,0,0,0,0,0,0,0,0,0,0.0,1,train,18,0.05555555555555555
vp_36709_case_001__w0000,vp_36709_case_001,0,0,0,0,0,0,0,0,0,0,0,0.0,1,train,29,0.034482758620689655
vp_36709_case_001__w0001,vp_36709_case_001,0,0,0,0,0,0,0,1,0,0,0,0.0,1,train,29,0.034482758620689655
vp_36709_case_001__w0002,vp_36709_case_001,1,0,0,0,0,0,0,2,0,0,0,1.0,1,train,29,0.034482758620689655
vp_36709_case_001__w0003,vp_36709_case_001,1,0,0,0,0,0,0,1,0,0,0,0.0,1,train,29,0.034482758620689655
vp_36709_case_001__w0004,vp_36709_case_001,1,0,0,0,0,0,0,1,0,0,0,0.0,1,train,29,0.034482758620689655
vp_36709_case_001__w0005,vp_36709_case_001,1,0,0,0,0,0,0,1,0,0,0,0.0,1,train,29,0.034482758620689655
vp_36709_case_001__w0006,vp_36709_case_001,0,0,0,0,0,0,0,0,0,0,0,-1.0,1,train,29,0.034482758620689655
vp_36709_case_001__w0007,vp_36709_case_001,0,0,0,0,0,0,0,0,0,0,0,0.0,1,train,29,0.034482758620689655
vp_36709_case_001__w0008,vp_36709_case_001,0,0,0,0,0,0,0,0,0,0,0,0.0,1,train,29,0.034482758620689655
vp_36709_case_001__w0009,vp_36709_case_001,0,0,0,0,0,0,0,0,0,0,0,0.0,1,train,29,0.034482758620689655
vp_36709_case_001__w0010,vp_36709_case_001,1,0,0,0,0,0,0,1,0,0,0,1.0,1,train,29,0.034482758620689655
vp_36709_case_001__w0011,vp_36709_case_001,1,0,0,0,0,0,0,1,0,0,0,0.0,1,train,29,0.034482758620689655
vp_36709_case_001__w0012,vp_36709_case_001,1,0,0,0,0,0,0,2,0,0,0,0.0,1,train,29,0.034482758620689655
vp_36709_case_001__w0013,vp_36709_case_001,0,0,0,0,0,0,0,1,0,0,0,-1.0,1,train,29,0.034482758620689655
vp_36709_case_001__w0014,vp_36709_case_001,0,0,0,0,0,0,0,0,0,0,0,0.0,1,train,29,0.034482758620689655
vp_36709_case_001__w0015,vp_36709_case_001,0,0,0,0,0,0,0,0,0,0,0,0.0,1,train,29,0.034482758620689655
vp_36709_case_001__w0016,vp_36709_case_001,0,0,0,0,0,0,0,1,0,0,0,0.0,1,train,29,0.034482758620689655
vp_36709_case_001__w0017,vp_36709_case_001,0,0,0,0,0,0,0,1,0,0,0,0.0,1,train,29,0.034482758620689655
vp_36709_case_001__w0018,vp_36709_case_001,1,0,0,0,0,0,0,1,0,0,0,1.0,1,train,29,0.034482758620689655
vp_36709_case_001__w0019,vp_36709_case_001,1,0,0,0,0,0,0,1,0,0,0,0.0,1,train,29,0.034482758620689655
vp_36709_case_001__w0020,vp_36709_case_001,0,0,0,0,0,0,0,0,0,0,0,-1.0,1,train,29,0.034482758620689655
vp_36709_case_001__w0021,vp_36709_case_001,0,0,0,0,0,0,0,0,0,0,0,0.0,1,train,29,0.034482758620689655
vp_36709_case_001__w0022,vp_36709_case_001,0,0,0,0,0,0,0,0,0,0,0,0.0,1,train,29,0.034482758620689655
vp_36709_case_001__w0023,vp_36709_case_001,0,0,0,0,0,0,0,0,0,0,0,0.0,1,train,29,0.034482758620689655
vp_36709_case_001__w0024,vp_36709_case_001,0,0,0,0,0,0,0,0,0,0,0,0.0,1,train,29,0.034482758620689655
vp_36709_case_001__w0025,vp_36709_case_001,0,0,0,0,0,0,0,0,0,0,0,0.0,1,train,29,0.034482758620689655
vp_36709_case_001__w0026,vp_36709_case_001,0,0,0,0,0,0,0,0,0,0,0,0.0,1,train,29,0.034482758620689655
vp_36709_case_001__w0027,vp_36709_case_001,0,0,0,0,0,0,0,0,0,0,0,0.0,1,train,29,0.034482758620689655
vp_36709_case_001__w0028,vp_36709_case_001,0,0,0,0,0,0,0,0,0,0,0,0.0,1,train,29,0.034482758620689655
vp_36709_case_002__w0000,vp_36709_case_002,0,0,0,0,0,0,0,0,0,0,0,0.0,1,train,19,0.05263157894736842
vp_36709_case_002__w0001,vp_36709_case_002,0,0,0,0,0,0,0,0,0,0,0,0.0,1,train,19,0.05263157894736842
vp_36709_case_002__w0002,vp_36709_case_002,0,0,0,0,0,0,0,0,0,0,0,0.0,1,train,19,0.05263157894736842
vp_36709_case_002__w0003,vp_36709_case_002,0,0,0,0,0,0,0,0,0,0,0,0.0,1,train,19,0.05263157894736842
vp_36709_case_002__w0004,vp_36709_case_002,0,0,0,0,0,0,0,0,0,0,0,0.0,1,train,19,0.05263157894736842
vp_36709_case_002__w0005,vp_36709_case_002,0,0,0,0,0,0,0,0,0,0,0,0.0,1,train,19,0.05263157894736842
vp_36709_case_002__w0006,vp_36709_case_002,0,0,0,0,0,0,0,0,0,0,0,0.0,1,train,19,0.05263157894736842
vp_36709_case_002__w0007,vp_36709_case_002,0,0,0,0,0,0,0,1,0,0,0,0.0,1,train,19,0.05263157894736842
vp_36709_case_002__w0008,vp_36709_case_002,0,0,0,0,0,0,0,1,0,0,0,0.0,1,train,19,0.05263157894736842
vp_36709_case_002__w0009,vp_36709_case_002,0,0,0,0,0,0,0,0,0,0,0,0.0,1,train,19,0.05263157894736842
vp_36709_case_002__w0010,vp_36709_case_002,0,0,0,0,0,0,0,0,0,0,0,0.0,1,train,19,0.05263157894736842
vp_36709_case_002__w0011,vp_36709_case_002,0,0,0,0,0,0,0,0,0,0,0,0.0,1,train,19,0.05263157894736842
vp_36709_case_002__w0012,vp_36709_case_002,0,0,0,0,0,0,0,0,0,0,0,0.0,1,train,19,0.05263157894736842
vp_36709_case_002__w0013,vp_36709_case_002,0,0,0,0,0,0,0,0,0,0,0,0.0,1,train,19,0.05263157894736842
vp_36709_case_002__w0014,vp_36709_case_002,0,0,0,0,0,0,0,1,0,0,0,1.0,1,train,19,0.05263157894736842
vp_36709_case_002__w0015,vp_36709_case_002,0,0,0,1,0,0,0,1,0,0,0,1.0,1,train,19,0.05263157894736842
vp_36709_case_002__w0016,vp_36709_case_002,0,0,0,1,0,0,0,1,0,0,0,0.0,1,train,19,0.05263157894736842
vp_36709_case_002__w0017,vp_36709_case_002,0,0,0,0,0,0,0,0,0,0,0,-2.0,1,train,19,0.05263157894736842
vp_36709_case_002__w0018,vp_36709_case_002,0,0,0,0,0,0,0,0,0,0,0,0.0,1,train,19,0.05263157894736842
vp_36709_case_003__w0000,vp_36709_case_003,1,0,0,0,0,0,0,1,0,0,0,0.0,1,validation,9,0.1111111111111111
vp_36709_case_003__w0001,vp_36709_case_003,1,0,0,0,0,0,0,1,0,0,0,0.0,1,validation,9,0.1111111111111111
vp_36709_case_003__w0002,vp_36709_case_003,0,0,0,0,0,0,0,0,0,0,0,-1.0,1,validation,9,0.1111111111111111
vp_36709_case_003__w0003,vp_36709_case_003,0,0,0,0,0,0,0,0,0,0,0,0.0,1,validation,9,0.1111111111111111
vp_36709_case_003__w0004,vp_36709_case_003,0,0,0,0,0,0,0,0,0,0,0,0.0,1,validation,9,0.1111111111111111
vp_36709_case_003__w0005,vp_36709_case_003,0,0,0,0,0,0,0,0,0,0,0,0.0,1,validation,9,0.1111111111111111
vp_36709_case_003__w0006,vp_36709_case_003,0,0,0,0,0,0,0,0,0,0,0,0.0,1,validation,9,0.1111111111111111
vp_36709_case_003__w0007,vp_36709_case_003,0,0,0,0,0,0,0,0,0,0,0,0.0,1,validation,9,0.1111111111111111
vp_36709_case_003__w0008,vp_36709_case_003,0,0,0,0,0,0,0,0,0,0,0,0.0,1,validation,9,0.1111111111111111
vp_36710_case_001__w0000,vp_36710_case_001,0,0,0,1,0,0,0,0,0,0,0,0.0,1,train,11,0.09090909090909091
vp_36710_case_001__w0001,vp_36710_case_001,0,0,0,0,0,0,0,0,0,0,0,-1.0,1,train,11,0.09090909090909091
vp_36710_case_001__w0002,vp_36710_case_001,0,0,0,0,0,0,0,0,0,0,0,0.0,1,train,11,0.09090909090909091
vp_36710_case_001__w0003,vp_36710_case_001,0,0,0,0,0,0,0,0,0,0,0,0.0,1,train,11,0.09090909090909091
vp_36710_case_001__w0004,vp_36710_case_001,0,0,0,0,0,0,0,0,0,0,0,0.0,1,train,11,0.09090909090909091
vp_36710_case_001__w0005,vp_36710_case_001,0,0,0,0,0,0,0,1,1,0,0,2.0,1,train,11,0.09090909090909091
vp_36710_case_001__w0006,vp_36710_case_001,0,0,0,0,0,0,0,1,1,0,0,0.0,1,train,11,0.09090909090909091
vp_36710_case_001__w0007,vp_36710_case_001,0,0,0,0,0,0,0,0,0,0,0,-2.0,1,train,11,0.09090909090909091
vp_36710_case_001__w0008,vp_36710_case_001,0,0,0,0,0,0,0,1,0,0,0,1.0,1,train,11,0.09090909090909091
vp_36710_case_001__w0009,vp_36710_case_001,0,0,0,0,0,0,0,1,0,0,0,0.0,1,train,11,0.09090909090909091
vp_36710_case_001__w0010,vp_36710_case_001,0,0,0,0,0,0,0,1,0,0,0,0.0,1,train,11,0.09090909090909091
vp_36711_case_001__w0000,vp_36711_case_001,0,0,0,0,0,0,0,0,0,0,0,0.0,1,train,48,0.020833333333333332
vp_36711_case_001__w0001,vp_36711_case_001,0,0,0,0,0,0,0,0,0,0,0,0.0,1,train,48,0.020833333333333332
vp_36711_case_001__w0002,vp_36711_case_001,0,0,0,0,0,0,0,0,0,0,0,0.0,1,train,48,0.020833333333333332
vp_36711_case_001__w0003,vp_36711_case_001,0,0,0,0,0,0,0,0,0,0,0,0.0,1,train,48,0.020833333333333332
vp_36711_case_001__w0004,vp_36711_case_001,0,0,0,0,0,0,0,0,0,0,0,0.0,1,train,48,0.020833333333333332
vp_36711_case_001__w0005,vp_36711_case_001,0,0,0,0,0,0,0,0,0,0,0,0.0,1,train,48,0.020833333333333332
vp_36711_case_001__w0006,vp_36711_case_001,0,0,0,0,0,0,0,0,0,0,0,0.0,1,train,48,0.020833333333333332
vp_36711_case_001__w0007,vp_36711_case_001,0,0,0,0,0,0,0,0,0,0,0,0.0,1,train,48,0.020833333333333332
vp_36711_case_001__w0008,vp_36711_case_001,0,0,0,0,0,0,0,0,0,0,0,0.0,1,train,48,0.020833333333333332
vp_36711_case_001__w0009,vp_36711_case_001,0,0,0,0,0,0,0,0,0,0,0,0.0,1,train,48,0.020833333333333332
vp_36711_case_001__w0010,vp_36711_case_001,0,0,0,0,0,0,0,0,0,0,0,0.0,1,train,48,0.020833333333333332
vp_36711_case_001__w0011,vp_36711_case_001,0,0,0,0,0,0,0,0,0,0,0,0.0,1,train,48,0.020833333333333332
vp_36711_case_001__w0012,vp_36711_case_001,0,0,0,0,0,0,0,0,0,0,0,0.0,1,train,48,0.020833333333333332
vp_36711_case_001__w0013,vp_36711_case_001,0,0,0,0,0,0,0,0,0,0,0,0.0,1,train,48,0.020833333333333332
vp_36711_case_001__w0014,vp_36711_case_001,0,0,0,0,0,0,0,0,0,0,0,0.0,1,train,48,0.020833333333333332
vp_36711_case_001__w0015,vp_36711_case_001,0,0,0,0,0,0,0,0,0,0,0,0.0,1,train,48,0.020833333333333332
vp_36711_case_001__w0016,vp_36711_case_001,0,0,0,0,0,0,0,0,0,0,0,0.0,1,train,48,0.020833333333333332
vp_36711_case_001__w0017,vp_36711_case_001,0,0,0,0,0,0,0,0,0,0,0,0.0,1,train,48,0.020833333333333332
vp_36711_case_001__w0018,vp_36711_case_001,0,0,0,0,0,0,0,0,0,0,0,0.0,1,train,48,0.020833333333333332
vp_36711_case_001__w0019,vp_36711_case_001,0,0,0,0,0,0,0,0,0,0,0,0.0,1,train,48,0.020833333333333332
vp_36711_case_001__w0020,vp_36711_case_001,0,0,0,0,0,0,0,0,0,0,0,0.0,1,train,48,0.020833333333333332
vp_36711_case_001__w0021,vp_36711_case_001,0,0,0,0,0,0,0,1,1,0,0,2.0,1,train,48,0.020833333333333332
vp_36711_case_001__w0022,vp_36711_case_001,0,0,0,0,0,0,0,1,1,0,0,0.0,1,train,48,0.020833333333333332
vp_36711_case_001__w0023,vp_36711_case_001,0,0,0,0,0,0,0,0,0,0,0,-2.0,1,train,48,0.020833333333333332
vp_36711_case_001__w0024,vp_36711_case_001,0,0,0,0,0,0,0,0,0,0,0,0.0,1,train,48,0.020833333333333332
vp_36711_case_001__w0025,vp_36711_case_001,0,0,0,0,0,0,0,0,0,0,0,0.0,1,train,48,0.020833333333333332
vp_36711_case_001__w0026,vp_36711_case_001,0,0,0,0,0,0,0,0,0,0,0,0.0,1,train,48,0.020833333333333332
vp_36711_case_001__w0027,vp_36711_case_001,0,0,0,0,0,0,0,0,0,0,0,0.0,1,train,48,0.020833333333333332
vp_36711_case_001__w0028,vp_36711_case_001,0,0,0,0,0,0,0,0,0,0,0,0.0,1,train,48,0.020833333333333332
vp_36711_case_001__w0029,vp_36711_case_001,0,0,0,0,0,0,0,0,0,0,0,0.0,1,train,48,0.020833333333333332
vp_36711_case_001__w0030,vp_36711_case_001,0,0,0,0,0,0,0,0,0,0,0,0.0,1,train,48,0.020833333333333332
vp_36711_case_001__w0031,vp_36711_case_001,0,0,0,0,0,0,0,0,0,0,0,0.0,1,train,48,0.020833333333333332
vp_36711_case_001__w0032,vp_36711_case_001,0,0,0,0,0,0,0,0,0,0,0,0.0,1,train,48,0.020833333333333332
vp_36711_case_001__w0033,vp_36711_case_001,0,0,0,0,0,0,0,0,0,0,0,0.0,1,train,48,0.020833333333333332
vp_36711_case_001__w0034,vp_36711_case_001,0,0,0,0,0,0,0,0,0,0,0,0.0,1,train,48,0.020833333333333332
vp_36711_case_001__w0035,vp_36711_case_001,0,0,0,0,0,0,0,0,0,0,0,0.0,1,train,48,0.020833333333333332
vp_36711_case_001__w0036,vp_36711_case_001,0,0,0,0,0,0,0,0,0,0,0,0.0,1,train,48,0.020833333333333332
vp_36711_case_001__w0037,vp_36711_case_001,0,0,0,0,0,0,0,0,0,0,0,0.0,1,train,48,0.020833333333333332
vp_36711_case_001__w0038,vp_36711_case_001,0,0,0,0,0,0,0,0,0,0,0,0.0,1,train,48,0.020833333333333332
vp_36711_case_001__w0039,vp_36711_case_001,0,0,0,0,0,0,0,0,0,0,0,0.0,1,train,48,0.020833333333333332
vp_36711_case_001__w0040,vp_36711_case_001,0,0,0,0,0,0,0,0,0,0,0,0.0,1,train,48,0.020833333333333332
vp_36711_case_001__w0041,vp_36711_case_001,0,0,0,0,0,0,0,0,0,0,0,0.0,1,train,48,0.020833333333333332
vp_36711_case_001__w0042,vp_36711_case_001,0,0,0,0,0,0,0,0,0,0,0,0.0,1,train,48,0.020833333333333332
vp_36711_case_001__w0043,vp_36711_case_001,0,0,0,0,0,0,0,0,0,0,0,0.0,1,train,48,0.020833333333333332
vp_36711_case_001__w0044,vp_36711_case_001,0,0,0,0,0,0,0,0,0,0,0,0.0,1,train,48,0.020833333333333332
vp_36711_case_001__w0045,vp_36711_case_001,0,0,0,0,0,0,0,0,0,0,0,0.0,1,train,48,0.020833333333333332
vp_36711_case_001__w0046,vp_36711_case_001,0,0,0,0,0,0,0,0,0,0,0,0.0,1,train,48,0.020833333333333332
vp_36711_case_001__w0047,vp_36711_case_001,0,0,0,0,0,0,0,0,0,0,0,0.0,1,train,48,0.020833333333333332
vp_36712_case_001__w0000,vp_36712_case_001,0,0,0,0,0,0,0,1,0,0,0,0.0,1,train,9,0.1111111111111111
vp_36712_case_001__w0001,vp_36712_case_001,0,0,0,0,0,0,0,0,0,0,0,-1.0,1,train,9,0.1111111111111111
vp_36712_case_001__w0002,vp_36712_case_001,0,0,0,0,0,0,0,0,0,0,0,0.0,1,train,9,0.1111111111111111
vp_36712_case_001__w0003,vp_36712_case_001,0,0,0,0,0,0,0,0,0,0,0,0.0,1,train,9,0.1111111111111111
vp_36712_case_001__w0004,vp_36712_case_001,0,1,0,0,0,0,0,1,0,0,0,1.0,1,train,9,0.1111111111111111
vp_36712_case_001__w0005,vp_36712_case_001,0,1,0,0,0,0,0,1,0,0,0,0.0,1,train,9,0.1111111111111111
vp_36712_case_001__w0006,vp_36712_case_001,0,0,0,0,0,0,0,0,0,0,0,-1.0,1,train,9,0.1111111111111111
vp_36712_case_001__w0007,vp_36712_case_001,0,0,0,0,0,0,0,0,0,0,0,0.0,1,train,9,0.1111111111111111
vp_36712_case_001__w0008,vp_36712_case_001,1,0,0,0,0,0,0,1,0,0,0,1.0,1,train,9,0.1111111111111111
vp_36713_case_001__w0000,vp_36713_case_001,0,0,0,0,0,0,0,0,0,0,0,0.0,1,train,5,0.2
vp_36713_case_001__w0001,vp_36713_case_001,0,0,0,0,0,0,0,0,0,0,0,0.0,1,train,5,0.2
vp_36713_case_001__w0002,vp_36713_case_001,0,0,0,0,0,0,0,0,0,0,0,0.0,1,train,5,0.2
vp_36713_case_001__w0003,vp_36713_case_001,0,0,0,0,0,0,0,0,0,0,0,0.0,1,train,5,0.2
vp_36713_case_001__w0004,vp_36713_case_001,0,0,0,0,0,0,0,0,0,0,0,0.0,1,train,5,0.2
vp_36715_case_001__w0000,vp_36715_case_001,0,0,0,0,0,0,0,0,0,0,0,0.0,1,test,7,0.14285714285714285
vp_36715_case_001__w0001,vp_36715_case_001,0,0,0,0,0,0,0,0,0,0,0,0.0,1,test,7,0.14285714285714285
vp_36715_case_001__w0002,vp_36715_case_001,0,0,0,0,0,0,0,0,0,0,0,0.0,1,test,7,0.14285714285714285
vp_36715_case_001__w0003,vp_36715_case_001,0,0,0,0,0,0,0,0,0,0,0,0.0,1,test,7,0.14285714285714285
vp_36715_case_001__w0004,vp_36715_case_001,0,0,0,0,0,0,0,0,0,0,0,0.0,1,test,7,0.14285714285714285
vp_36715_case_001__w0005,vp_36715_case_001,0,0,0,0,0,0,0,0,0,0,0,0.0,1,test,7,0.14285714285714285
vp_36715_case_001__w0006,vp_36715_case_001,0,0,0,0,0,0,0,0,0,0,0,0.0,1,test,7,0.14285714285714285
vp_36716_case_001__w0000,vp_36716_case_001,0,0,0,0,0,0,0,1,0,0,0,0.0,1,test,6,0.16666666666666666
vp_36716_case_001__w0001,vp_36716_case_001,0,0,0,0,0,0,0,0,0,0,0,-1.0,1,test,6,0.16666666666666666
vp_36716_case_001__w0002,vp_36716_case_001,0,0,0,0,0,0,0,0,0,0,0,0.0,1,test,6,0.16666666666666666
vp_36716_case_001__w0003,vp_36716_case_001,0,0,0,0,0,0,0,0,0,0,0,0.0,1,test,6,0.16666666666666666
vp_36716_case_001__w0004,vp_36716_case_001,0,0,0,0,0,0,0,0,0,0,0,0.0,1,test,6,0.16666666666666666
vp_36716_case_001__w0005,vp_36716_case_001,0,0,0,0,0,0,0,0,0,0,0,0.0,1,test,6,0.16666666666666666
vp_36716_case_002__w0000,vp_36716_case_002,0,0,0,0,0,0,0,0,0,0,0,0.0,1,validation,14,0.07142857142857142
vp_36716_case_002__w0001,vp_36716_case_002,0,0,0,0,0,0,0,0,0,0,0,0.0,1,validation,14,0.07142857142857142
vp_36716_case_002__w0002,vp_36716_case_002,0,0,0,0,0,0,0,0,0,0,0,0.0,1,validation,14,0.07142857142857142
vp_36716_case_002__w0003,vp_36716_case_002,0,0,0,0,0,0,0,0,0,0,0,0.0,1,validation,14,0.07142857142857142
vp_36716_case_002__w0004,vp_36716_case_002,0,0,0,0,0,0,0,0,0,0,0,0.0,1,validation,14,0.07142857142857142
vp_36716_case_002__w0005,vp_36716_case_002,0,0,0,0,0,0,0,0,0,0,0,0.0,1,validation,14,0.07142857142857142
vp_36716_case_002__w0006,vp_36716_case_002,0,0,0,0,0,0,0,0,0,0,0,0.0,1,validation,14,0.07142857142857142
vp_36716_case_002__w0007,vp_36716_case_002,0,0,0,0,0,0,0,0,0,0,0,0.0,1,validation,14,0.07142857142857142
vp_36716_case_002__w0008,vp_36716_case_002,0,0,0,0,0,0,0,0,0,0,0,0.0,1,validation,14,0.07142857142857142
vp_36716_case_002__w0009,vp_36716_case_002,0,0,0,0,0,0,0,0,0,0,0,0.0,1,validation,14,0.07142857142857142
vp_36716_case_002__w0010,vp_36716_case_002,0,0,0,0,0,0,0,0,0,0,0,0.0,1,validation,14,0.07142857142857142
vp_36716_case_002__w0011,vp_36716_case_002,0,0,0,0,0,0,0,0,0,0,0,0.0,1,validation,14,0.07142857142857142
vp_36716_case_002__w0012,vp_36716_case_002,0,0,0,0,0,0,0,0,0,0,0,0.0,1,validation,14,0.07142857142857142
vp_36716_case_002__w0013,vp_36716_case_002,0,0,0,0,0,0,0,0,0,0,0,0.0,1,validation,14,0.07142857142857142
vp_36717_case_001__w0000,vp_36717_case_001,0,0,0,0,0,0,0,0,0,0,0,0.0,1,train,2,0.5
vp_36717_case_001__w0001,vp_36717_case_001,0,0,0,0,0,0,0,0,0,0,0,0.0,1,train,2,0.5
vp_36717_case_002__w0000,vp_36717_case_002,0,0,0,0,0,0,0,0,0,0,0,0.0,1,train,10,0.1
vp_36717_case_002__w0001,vp_36717_case_002,0,0,0,0,0,0,0,0,0,0,0,0.0,1,train,10,0.1
vp_36717_case_002__w0002,vp_36717_case_002,0,0,0,0,0,0,0,0,0,0,0,0.0,1,train,10,0.1
vp_36717_case_002__w0003,vp_36717_case_002,0,0,0,0,0,0,0,0,0,0,0,0.0,1,train,10,0.1
vp_36717_case_002__w0004,vp_36717_case_002,0,0,0,0,0,0,0,0,0,0,0,0.0,1,train,10,0.1
vp_36717_case_002__w0005,vp_36717_case_002,0,0,0,0,0,0,0,0,0,0,0,0.0,1,train,10,0.1
vp_36717_case_002__w0006,vp_36717_case_002,0,0,0,0,0,0,0,0,0,0,0,0.0,1,train,10,0.1
vp_36717_case_002__w0007,vp_36717_case_002,0,0,0,0,0,0,0,0,0,0,0,0.0,1,train,10,0.1
vp_36717_case_002__w0008,vp_36717_case_002,0,0,0,0,0,0,0,0,0,0,0,0.0,1,train,10,0.1
vp_36717_case_002__w0009,vp_36717_case_002,0,0,0,0,0,0,0,0,0,0,0,0.0,1,train,10,0.1
vp_36719_case_001__w0000,vp_36719_case_001,0,0,0,0,0,0,0,0,0,0,0,0.0,1,train,9,0.1111111111111111
vp_36719_case_001__w0001,vp_36719_case_001,1,0,0,0,0,0,0,1,0,0,0,1.0,1,train,9,0.1111111111111111
vp_36719_case_001__w0002,vp_36719_case_001,1,0,0,0,0,0,0,1,0,0,0,0.0,1,train,9,0.1111111111111111
vp_36719_case_001__w0003,vp_36719_case_001,0,0,0,0,0,0,0,0,0,0,0,-1.0,1,train,9,0.1111111111111111
vp_36719_case_001__w0004,vp_36719_case_001,0,0,0,0,0,0,0,0,0,0,0,0.0,1,train,9,0.1111111111111111
vp_36719_case_001__w0005,vp_36719_case_001,0,0,0,0,0,0,0,0,0,0,0,0.0,1,train,9,0.1111111111111111
vp_36719_case_001__w0006,vp_36719_case_001,0,0,0,0,0,0,0,1,1,0,0,2.0,1,train,9,0.1111111111111111
vp_36719_case_001__w0007,vp_36719_case_001,0,0,0,0,0,0,0,1,1,0,0,0.0,1,train,9,0.1111111111111111
vp_36719_case_001__w0008,vp_36719_case_001,1,0,0,0,0,0,0,1,0,0,0,-1.0,1,train,9,0.1111111111111111
vp_36719_case_002__w0000,vp_36719_case_002,1,0,0,0,0,0,0,1,0,0,0,0.0,1,test,3,0.3333333333333333
vp_36719_case_002__w0001,vp_36719_case_002,1,0,0,0,0,0,0,1,0,0,0,0.0,1,test,3,0.3333333333333333
vp_36719_case_002__w0002,vp_36719_case_002,1,0,0,0,0,0,0,1,0,0,0,0.0,1,test,3,0.3333333333333333
vp_36727_case_001__w0000,vp_36727_case_001,0,0,0,1,0,0,0,0,0,0,0,0.0,1,train,12,0.08333333333333333
vp_36727_case_001__w0001,vp_36727_case_001,0,0,0,0,0,0,0,0,0,0,0,-1.0,1,train,12,0.08333333333333333
vp_36727_case_001__w0002,vp_36727_case_001,0,0,0,0,0,0,0,0,0,0,0,0.0,1,train,12,0.08333333333333333
vp_36727_case_001__w0003,vp_36727_case_001,0,0,0,0,0,0,0,0,0,0,0,0.0,1,train,12,0.08333333333333333
vp_36727_case_001__w0004,vp_36727_case_001,0,0,0,0,0,0,0,0,0,0,0,0.0,1,train,12,0.08333333333333333
vp_36727_case_001__w0005,vp_36727_case_001,0,0,0,0,0,0,0,0,0,0,0,0.0,1,train,12,0.08333333333333333
vp_36727_case_001__w0006,vp_36727_case_001,0,0,0,0,0,0,0,0,0,0,0,0.0,1,train,12,0.08333333333333333
vp_36727_case_001__w0007,vp_36727_case_001,0,0,0,0,0,0,0,0,0,0,0,0.0,1,train,12,0.08333333333333333
vp_36727_case_001__w0008,vp_36727_case_001,0,0,0,0,0,0,0,0,0,0,0,0.0,1,train,12,0.08333333333333333
vp_36727_case_001__w0009,vp_36727_case_001,0,0,0,0,0,0,0,0,0,0,0,0.0,1,train,12,0.08333333333333333
vp_36727_case_001__w0010,vp_36727_case_001,0,0,0,0,0,0,0,0,0,0,0,0.0,1,train,12,0.08333333333333333
vp_36727_case_001__w0011,vp_36727_case_001,0,0,0,0,0,0,0,0,0,0,0,0.0,1,train,12,0.08333333333333333
vp_36728_case_001__w0000,vp_36728_case_001,0,0,0,0,0,0,0,0,0,0,0,0.0,1,train,15,0.06666666666666667
vp_36728_case_001__w0001,vp_36728_case_001,0,0,0,0,0,0,0,1,0,0,0,1.0,1,train,15,0.06666666666666667
vp_36728_case_001__w0002,vp_36728_case_001,0,0,0,0,0,0,0,1,0,0,0,0.0,1,train,15,0.06666666666666667
vp_36728_case_001__w0003,vp_36728_case_001,0,0,0,0,0,0,0,1,1,0,0,1.0,1,train,15,0.06666666666666667
vp_36728_case_001__w0004,vp_36728_case_001,0,0,0,0,0,0,0,1,1,0,0,0.0,1,train,15,0.06666666666666667
vp_36728_case_001__w0005,vp_36728_case_001,0,0,0,0,0,0,0,0,0,0,0,-2.0,1,train,15,0.06666666666666667
vp_36728_case_001__w0006,vp_36728_case_001,0,0,0,0,0,0,0,0,0,0,0,0.0,1,train,15,0.06666666666666667
vp_36728_case_001__w0007,vp_36728_case_001,0,0,0,0,0,0,0,0,0,0,0,0.0,1,train,15,0.06666666666666667
vp_36728_case_001__w0008,vp_36728_case_001,0,0,0,0,0,0,0,0,0,0,0,0.0,1,train,15,0.06666666666666667
vp_36728_case_001__w0009,vp_36728_case_001,0,0,0,0,0,0,0,0,0,0,0,0.0,1,train,15,0.06666666666666667
vp_36728_case_001__w0010,vp_36728_case_001,0,0,0,0,0,0,0,0,0,0,0,0.0,1,train,15,0.06666666666666667
vp_36728_case_001__w0011,vp_36728_case_001,0,0,0,0,0,0,0,0,0,0,0,0.0,1,train,15,0.06666666666666667
vp_36728_case_001__w0012,vp_36728_case_001,0,0,0,0,0,0,0,0,0,0,0,0.0,1,train,15,0.06666666666666667
vp_36728_case_001__w0013,vp_36728_case_001,0,0,0,0,0,0,0,0,0,0,0,0.0,1,train,15,0.06666666666666667
vp_36728_case_001__w0014,vp_36728_case_001,0,0,0,0,0,0,0,0,0,0,0,0.0,1,train,15,0.06666666666666667
vp_36730_case_001__w0000,vp_36730_case_001,0,0,0,1,0,0,0,0,0,0,0,0.0,1,train,16,0.0625
vp_36730_case_001__w0001,vp_36730_case_001,0,0,0,0,0,0,0,0,0,0,0,-1.0,1,train,16,0.0625
vp_36730_case_001__w0002,vp_36730_case_001,0,0,0,0,0,0,0,0,0,0,0,0.0,1,train,16,0.0625
vp_36730_case_001__w0003,vp_36730_case_001,0,0,0,0,0,0,0,0,0,0,0,0.0,1,train,16,0.0625
vp_36730_case_001__w0004,vp_36730_case_001,0,0,0,0,0,0,0,0,0,0,0,0.0,1,train,16,0.0625
vp_36730_case_001__w0005,vp_36730_case_001,0,0,0,0,0,0,0,0,0,0,0,0.0,1,train,16,0.0625
vp_36730_case_001__w0006,vp_36730_case_001,0,0,0,0,0,0,0,0,0,0,0,0.0,1,train,16,0.0625
vp_36730_case_001__w0007,vp_36730_case_001,0,0,0,0,0,0,0,0,0,0,0,0.0,1,train,16,0.0625
vp_36730_case_001__w0008,vp_36730_case_001,0,0,0,0,0,0,0,0,0,0,0,0.0,1,train,16,0.0625
vp_36730_case_001__w0009,vp_36730_case_001,0,0,0,0,0,0,0,0,0,0,0,0.0,1,train,16,0.0625
vp_36730_case_001__w0010,vp_36730_case_001,0,0,0,0,0,0,0,0,0,0,0,0.0,1,train,16,0.0625
vp_36730_case_001__w0011,vp_36730_case_001,0,0,0,0,0,0,0,0,0,0,0,0.0,1,train,16,0.0625
vp_36730_case_001__w0012,vp_36730_case_001,0,0,0,0,0,0,0,0,0,0,0,0.0,1,train,16,0.0625
vp_36730_case_001__w0013,vp_36730_case_001,0,0,0,0,1,1,0,1,1,0,1,2.0,1,train,16,0.0625
vp_36730_case_001__w0014,vp_36730_case_001,0,0,0,0,1,1,0,1,1,0,1,0.0,1,train,16,0.0625
vp_36730_case_001__w0015,vp_36730_case_001,0,0,0,0,0,0,0,0,0,0,0,-2.0,1,train,16,0.0625
vp_36731_case_001__w0000,vp_36731_case_001,0,0,0,0,0,0,0,0,0,0,0,0.0,1,train,17,0.058823529411764705
vp_36731_case_001__w0001,vp_36731_case_001,0,0,0,0,0,0,0,0,0,0,0,0.0,1,train,17,0.058823529411764705
vp_36731_case_001__w0002,vp_36731_case_001,0,0,0,0,0,0,0,1,1,0,0,2.0,1,train,17,0.058823529411764705
vp_36731_case_001__w0003,vp_36731_case_001,0,0,0,0,0,0,0,1,1,0,0,0.0,1,train,17,0.058823529411764705
vp_36731_case_001__w0004,vp_36731_case_001,0,0,0,0,0,0,0,0,0,0,0,-2.0,1,train,17,0.058823529411764705
vp_36731_case_001__w0005,vp_36731_case_001,0,0,0,0,0,0,0,0,0,0,0,0.0,1,train,17,0.058823529411764705
vp_36731_case_001__w0006,vp_36731_case_001,0,0,0,0,0,0,0,0,0,0,0,0.0,1,train,17,0.058823529411764705
vp_36731_case_001__w0007,vp_36731_case_001,0,0,0,0,0,0,0,0,0,0,0,0.0,1,train,17,0.058823529411764705
vp_36731_case_001__w0008,vp_36731_case_001,0,0,0,0,0,0,0,0,0,0,0,0.0,1,train,17,0.058823529411764705
vp_36731_case_001__w0009,vp_36731_case_001,0,0,0,0,0,0,0,0,0,0,0,0.0,1,train,17,0.058823529411764705
vp_36731_case_001__w0010,vp_36731_case_001,0,0,0,0,0,0,0,0,0,0,0,0.0,1,train,17,0.058823529411764705
vp_36731_case_001__w0011,vp_36731_case_001,0,0,0,0,0,0,0,0,0,0,0,0.0,1,train,17,0.058823529411764705
vp_36731_case_001__w0012,vp_36731_case_001,0,0,0,0,0,0,0,0,0,0,0,0.0,1,train,17,0.058823529411764705
vp_36731_case_001__w0013,vp_36731_case_001,0,0,0,0,0,0,0,0,0,0,0,0.0,1,train,17,0.058823529411764705
vp_36731_case_001__w0014,vp_36731_case_001,0,0,0,0,0,0,0,0,0,0,0,0.0,1,train,17,0.058823529411764705
vp_36731_case_001__w0015,vp_36731_case_001,0,0,0,0,0,0,0,0,0,0,0,0.0,1,train,17,0.058823529411764705
vp_36731_case_001__w0016,vp_36731_case_001,0,0,0,0,0,0,0,0,0,0,0,0.0,1,train,17,0.058823529411764705
vp_36731_case_002__w0000,vp_36731_case_002,0,0,0,0,0,0,0,0,0,0,0,0.0,1,train,7,0.14285714285714285
vp_36731_case_002__w0001,vp_36731_case_002,0,0,0,0,0,0,0,0,0,0,0,0.0,1,train,7,0.14285714285714285
vp_36731_case_002__w0002,vp_36731_case_002,0,0,0,0,0,0,0,0,0,0,0,0.0,1,train,7,0.14285714285714285
vp_36731_case_002__w0003,vp_36731_case_002,0,0,0,0,0,0,0,0,0,0,0,0.0,1,train,7,0.14285714285714285
vp_36731_case_002__w0004,vp_36731_case_002,0,0,0,0,0,0,0,0,0,0,0,0.0,1,train,7,0.14285714285714285
vp_36731_case_002__w0005,vp_36731_case_002,0,0,0,0,0,0,0,0,0,0,0,0.0,1,train,7,0.14285714285714285
vp_36731_case_002__w0006,vp_36731_case_002,0,0,0,0,0,0,0,0,0,0,0,0.0,1,train,7,0.14285714285714285
vp_36731_case_003__w0000,vp_36731_case_003,0,0,0,0,0,0,0,0,0,0,0,0.0,1,validation,1,1.0
vp_36732_case_001__w0000,vp_36732_case_001,0,0,0,0,0,0,0,0,0,0,0,0.0,1,train,2,0.5
vp_36732_case_001__w0001,vp_36732_case_001,0,0,0,0,0,0,0,1,0,0,0,0.0,1,train,2,0.5
vp_36733_case_001__w0000,vp_36733_case_001,0,0,0,0,0,0,0,0,0,0,0,0.0,1,train,3,0.3333333333333333
vp_36733_case_001__w0001,vp_36733_case_001,0,0,0,0,0,0,0,0,0,0,0,0.0,1,train,3,0.3333333333333333
vp_36733_case_001__w0002,vp_36733_case_001,0,0,0,0,0,0,0,0,0,0,0,0.0,1,train,3,0.3333333333333333
vp_36734_case_001__w0000,vp_36734_case_001,0,0,0,0,0,0,0,0,0,0,0,0.0,1,validation,2,0.5
vp_36734_case_001__w0001,vp_36734_case_001,0,0,0,0,0,0,0,0,0,0,0,0.0,1,validation,2,0.5
vp_36734_case_002__w0000,vp_36734_case_002,0,0,0,0,0,0,0,0,0,0,0,0.0,1,test,2,0.5
vp_36734_case_002__w0001,vp_36734_case_002,0,0,0,0,0,0,0,0,0,0,0,0.0,1,test,2,0.5
vp_36735_case_001__w0000,vp_36735_case_001,0,0,0,0,0,0,0,0,0,0,0,0.0,1,train,11,0.09090909090909091
vp_36735_case_001__w0001,vp_36735_case_001,0,0,0,0,0,0,0,0,0,0,0,0.0,1,train,11,0.09090909090909091
vp_36735_case_001__w0002,vp_36735_case_001,0,0,0,0,0,0,0,0,0,0,0,0.0,1,train,11,0.09090909090909091
vp_36735_case_001__w0003,vp_36735_case_001,0,0,0,0,0,0,0,0,0,0,0,0.0,1,train,11,0.09090909090909091
vp_36735_case_001__w0004,vp_36735_case_001,0,0,0,1,0,0,0,0,0,0,0,1.0,1,train,11,0.09090909090909091
vp_36735_case_001__w0005,vp_36735_case_001,0,0,0,1,0,0,0,0,0,0,0,0.0,1,train,11,0.09090909090909091
vp_36735_case_001__w0006,vp_36735_case_001,0,0,0,0,0,0,0,0,0,0,0,-1.0,1,train,11,0.09090909090909091
vp_36735_case_001__w0007,vp_36735_case_001,0,0,0,0,0,0,0,0,0,0,0,0.0,1,train,11,0.09090909090909091
vp_36735_case_001__w0008,vp_36735_case_001,0,0,0,0,0,0,0,0,0,0,0,0.0,1,train,11,0.09090909090909091
vp_36735_case_001__w0009,vp_36735_case_001,0,0,0,1,0,0,0,0,0,0,0,1.0,1,train,11,0.09090909090909091
vp_36735_case_001__w0010,vp_36735_case_001,0,0,0,1,0,0,0,0,0,0,0,0.0,1,train,11,0.09090909090909091
vp_36735_case_002__w0000,vp_36735_case_002,0,0,0,0,0,0,0,0,0,0,0,0.0,1,train,4,0.25
vp_36735_case_002__w0001,vp_36735_case_002,0,0,0,0,0,0,0,0,0,0,0,0.0,1,train,4,0.25
vp_36735_case_002__w0002,vp_36735_case_002,0,0,0,0,0,0,0,1,0,0,0,0.0,1,train,4,0.25
vp_36735_case_002__w0003,vp_36735_case_002,0,0,0,0,1,1,0,2,1,0,1,2.0,1,train,4,0.25
vp_36735_case_003__w0000,vp_36735_case_003,0,0,0,0,0,0,0,0,0,0,0,0.0,1,test,5,0.2
vp_36735_case_003__w0001,vp_36735_case_003,0,0,0,0,0,0,0,0,0,0,0,0.0,1,test,5,0.2
vp_36735_case_003__w0002,vp_36735_case_003,0,0,0,0,0,0,0,0,0,0,0,0.0,1,test,5,0.2
vp_36735_case_003__w0003,vp_36735_case_003,0,0,0,0,0,0,0,0,0,0,0,0.0,1,test,5,0.2
vp_36735_case_003__w0004,vp_36735_case_003,0,0,0,0,0,0,0,0,0,0,0,0.0,1,test,5,0.2
vp_36735_case_005__w0000,vp_36735_case_005,0,0,0,0,0,0,0,0,0,0,0,0.0,1,train,17,0.058823529411764705
vp_36735_case_005__w0001,vp_36735_case_005,0,0,0,0,0,0,0,0,0,0,0,0.0,1,train,17,0.058823529411764705
vp_36735_case_005__w0002,vp_36735_case_005,0,0,0,0,0,0,0,0,0,0,0,0.0,1,train,17,0.058823529411764705
vp_36735_case_005__w0003,vp_36735_case_005,0,0,0,0,0,0,0,0,0,0,0,0.0,1,train,17,0.058823529411764705
vp_36735_case_005__w0004,vp_36735_case_005,0,0,0,0,0,0,0,0,0,0,0,0.0,1,train,17,0.058823529411764705
vp_36735_case_005__w0005,vp_36735_case_005,0,0,0,0,0,0,0,0,0,0,0,0.0,1,train,17,0.058823529411764705
vp_36735_case_005__w0006,vp_36735_case_005,0,0,0,0,0,0,0,0,0,0,0,0.0,1,train,17,0.058823529411764705
vp_36735_case_005__w0007,vp_36735_case_005,0,0,0,0,0,0,0,0,0,0,0,0.0,1,train,17,0.058823529411764705
vp_36735_case_005__w0008,vp_36735_case_005,0,0,0,0,0,0,0,0,0,0,0,0.0,1,train,17,0.058823529411764705
vp_36735_case_005__w0009,vp_36735_case_005,0,0,0,0,0,0,0,0,0,0,0,0.0,1,train,17,0.058823529411764705
vp_36735_case_005__w0010,vp_36735_case_005,0,0,0,0,0,0,0,0,0,0,0,0.0,1,train,17,0.058823529411764705
vp_36735_case_005__w0011,vp_36735_case_005,0,0,0,0,0,0,0,0,0,0,0,0.0,1,train,17,0.058823529411764705
vp_36735_case_005__w0012,vp_36735_case_005,0,0,0,0,0,0,0,0,0,0,0,0.0,1,train,17,0.058823529411764705
vp_36735_case_005__w0013,vp_36735_case_005,0,0,0,0,0,0,0,0,0,0,0,0.0,1,train,17,0.058823529411764705
vp_36735_case_005__w0014,vp_36735_case_005,0,0,0,0,0,0,0,0,0,0,0,0.0,1,train,17,0.058823529411764705
vp_36735_case_005__w0015,vp_36735_case_005,1,0,0,0,0,0,0,1,0,0,0,1.0,1,train,17,0.058823529411764705
vp_36735_case_005__w0016,vp_36735_case_005,1,0,0,0,0,0,0,1,0,0,0,0.0,1,train,17,0.058823529411764705
vp_36736_case_001__w0000,vp_36736_case_001,0,1,0,0,0,0,0,1,0,0,0,0.0,1,train,1,1.0
vp_36738_case_001__w0000,vp_36738_case_001,0,0,0,0,0,0,0,0,0,0,0,0.0,1,train,18,0.05555555555555555
vp_36738_case_001__w0001,vp_36738_case_001,0,0,0,0,0,0,0,0,0,0,0,0.0,1,train,18,0.05555555555555555
vp_36738_case_001__w0002,vp_36738_case_001,0,0,0,0,0,0,0,0,0,0,0,0.0,1,train,18,0.05555555555555555
vp_36738_case_001__w0003,vp_36738_case_001,0,0,0,0,0,0,0,0,0,0,0,0.0,1,train,18,0.05555555555555555
vp_36738_case_001__w0004,vp_36738_case_001,0,0,0,0,0,0,0,0,0,0,0,0.0,1,train,18,0.05555555555555555
vp_36738_case_001__w0005,vp_36738_case_001,0,0,0,0,0,0,0,0,0,0,0,0.0,1,train,18,0.05555555555555555
vp_36738_case_001__w0006,vp_36738_case_001,0,0,0,0,0,0,0,0,0,0,0,0.0,1,train,18,0.05555555555555555
vp_36738_case_001__w0007,vp_36738_case_001,0,0,0,0,0,0,0,0,0,0,0,0.0,1,train,18,0.05555555555555555
vp_36738_case_001__w0008,vp_36738_case_001,0,0,0,0,0,0,0,1,0,0,0,0.0,1,train,18,0.05555555555555555
vp_36738_case_001__w0009,vp_36738_case_001,0,0,0,0,0,0,0,1,0,0,0,0.0,1,train,18,0.05555555555555555
vp_36738_case_001__w0010,vp_36738_case_001,0,0,0,0,0,0,0,0,0,0,0,0.0,1,train,18,0.05555555555555555
vp_36738_case_001__w0011,vp_36738_case_001,0,0,0,0,0,0,0,0,0,0,0,0.0,1,train,18,0.05555555555555555
vp_36738_case_001__w0012,vp_36738_case_001,0,0,0,0,0,0,0,0,0,0,0,0.0,1,train,18,0.05555555555555555
vp_36738_case_001__w0013,vp_36738_case_001,0,0,0,0,0,0,0,0,0,0,0,0.0,1,train,18,0.05555555555555555
vp_36738_case_001__w0014,vp_36738_case_001,0,0,0,0,0,0,0,0,0,0,0,0.0,1,train,18,0.05555555555555555
vp_36738_case_001__w0015,vp_36738_case_001,0,0,0,0,0,0,0,0,0,0,0,0.0,1,train,18,0.05555555555555555
vp_36738_case_001__w0016,vp_36738_case_001,0,0,0,0,0,0,0,0,0,0,0,0.0,1,train,18,0.05555555555555555
vp_36738_case_001__w0017,vp_36738_case_001,0,0,0,0,0,0,0,0,0,0,0,0.0,1,train,18,0.05555555555555555
vp_36741_case_001__w0000,vp_36741_case_001,0,0,0,0,0,0,0,0,0,0,0,0.0,1,train,4,0.25
vp_36741_case_001__w0001,vp_36741_case_001,0,0,0,0,0,0,0,0,0,0,0,0.0,1,train,4,0.25
vp_36741_case_001__w0002,vp_36741_case_001,0,0,0,0,0,0,0,0,0,0,0,0.0,1,train,4,0.25
vp_36741_case_001__w0003,vp_36741_case_001,0,0,0,0,0,0,0,0,0,0,0,0.0,1,train,4,0.25
vp_36742_case_001__w0000,vp_36742_case_001,0,0,0,0,0,0,0,0,0,0,0,0.0,1,validation,2,0.5
vp_36742_case_001__w0001,vp_36742_case_001,0,0,0,0,0,0,0,0,0,0,0,0.0,1,validation,2,0.5
vp_36743_case_001__w0000,vp_36743_case_001,0,0,0,0,0,0,0,0,0,0,0,0.0,1,train,4,0.25
vp_36743_case_001__w0001,vp_36743_case_001,0,0,0,0,0,0,0,0,0,0,0,0.0,1,train,4,0.25
vp_36743_case_001__w0002,vp_36743_case_001,0,0,0,0,0,0,0,0,0,0,0,0.0,1,train,4,0.25
vp_36743_case_001__w0003,vp_36743_case_001,0,0,0,0,0,0,0,0,0,0,0,0.0,1,train,4,0.25
vp_36744_case_001__w0000,vp_36744_case_001,0,0,0,0,0,0,0,0,0,0,0,0.0,1,train,3,0.3333333333333333
vp_36744_case_001__w0001,vp_36744_case_001,0,0,0,0,0,0,0,0,0,0,0,0.0,1,train,3,0.3333333333333333
vp_36744_case_001__w0002,vp_36744_case_001,0,0,0,0,0,0,0,0,0,0,0,0.0,1,train,3,0.3333333333333333
