분류,게시글ID,제목,게시글URL,미디어URL,상태,파일,오류
바로 이 목소리,217134,"바로 이 목소리, 보이스피싱 상습범의 목소리를 들어보세요(7/7) 2026-04-10 | 2338 회",https://www.fss.or.kr/fss/bbs/B0000203/view.do?nttId=217134&menuNo=200686&pageIndex=1,https://www.fss.or.kr/fss/cmmn/vodApi/apiVodDownload.do?mediaId=fc38460569b84810901421ad3fc2f627&atchFileId=b1739160ec81423094de9a6498481d95&fileSn=2,다운로드,"원본 영상 및 음원\바로 이 목소리\217134_바로 이 목소리, 보이스피싱 상습범의 목소리를 들어보세요(7_7) 2026-04-10 _ 2338 회.mp4",
바로 이 목소리,217133,"바로 이 목소리, 보이스피싱 상습범의 목소리를 들어보세요(6/7) 2026-04-10 | 1143 회",https://www.fss.or.kr/fss/bbs/B0000203/view.do?nttId=217133&menuNo=200686&pageIndex=1,https://www.fss.or.kr/fss/cmmn/vodApi/apiVodDownload.do?mediaId=aac40642a8174e6abc2ff0aa0d122c4c&atchFileId=23ea155a0b7d41649dced2b4ad0c4939&fileSn=2,다운로드,"원본 영상 및 음원\바로 이 목소리\217133_바로 이 목소리, 보이스피싱 상습범의 목소리를 들어보세요(6_7) 2026-04-10 _ 1143 회.mp4",
바로 이 목소리,217132,"바로 이 목소리, 보이스피싱 상습범의 목소리를 들어보세요(5/7) 2026-04-10 | 910 회",https://www.fss.or.kr/fss/bbs/B0000203/view.do?nttId=217132&menuNo=200686&pageIndex=1,https://www.fss.or.kr/fss/cmmn/vodApi/apiVodDownload.do?mediaId=&atchFileId=614e49903c4841acb9a1aedeb9fa8697&fileSn=2,다운로드,"원본 영상 및 음원\바로 이 목소리\217132_바로 이 목소리, 보이스피싱 상습범의 목소리를 들어보세요(5_7) 2026-04-10 _ 910 회.mp4",
바로 이 목소리,217131,"바로 이 목소리, 보이스피싱 상습범의 목소리를 들어보세요(4/7) 2026-04-10 | 756 회",https://www.fss.or.kr/fss/bbs/B0000203/view.do?nttId=217131&menuNo=200686&pageIndex=1,https://www.fss.or.kr/fss/cmmn/vodApi/apiVodDownload.do?mediaId=bea1fecc62d74851a0e8dc6bde62bebf&atchFileId=99a809c1d8524f02b577988086fbeb4d&fileSn=2,다운로드,"원본 영상 및 음원\바로 이 목소리\217131_바로 이 목소리, 보이스피싱 상습범의 목소리를 들어보세요(4_7) 2026-04-10 _ 756 회.mp4",
바로 이 목소리,217130,"바로 이 목소리, 보이스피싱 상습범의 목소리를 들어보세요(3/7) 2026-04-10 | 762 회",https://www.fss.or.kr/fss/bbs/B0000203/view.do?nttId=217130&menuNo=200686&pageIndex=1,https://www.fss.or.kr/fss/cmmn/vodApi/apiVodDownload.do?mediaId=5a6c603a60bc45858d02afe5e4312dff&atchFileId=07638a42d03e4dffa3cd9e6a73d55ba9&fileSn=2,다운로드,"원본 영상 및 음원\바로 이 목소리\217130_바로 이 목소리, 보이스피싱 상습범의 목소리를 들어보세요(3_7) 2026-04-10 _ 762 회.mp4",
바로 이 목소리,217129,"바로 이 목소리, 보이스피싱 상습범의 목소리를 들어보세요(2/7) 2026-04-10 | 702 회",https://www.fss.or.kr/fss/bbs/B0000203/view.do?nttId=217129&menuNo=200686&pageIndex=1,https://www.fss.or.kr/fss/cmmn/vodApi/apiVodDownload.do?mediaId=ba8c26c5f8934d879869517c71fe81a8&atchFileId=ccd978a91c17409ba34d59de6f6bb455&fileSn=2,다운로드,"원본 영상 및 음원\바로 이 목소리\217129_바로 이 목소리, 보이스피싱 상습범의 목소리를 들어보세요(2_7) 2026-04-10 _ 702 회.mp4",
바로 이 목소리,217128,"바로 이 목소리, 보이스피싱 상습범의 목소리를 들어보세요(1/7) 2026-04-10 | 943 회",https://www.fss.or.kr/fss/bbs/B0000203/view.do?nttId=217128&menuNo=200686&pageIndex=1,https://www.fss.or.kr/fss/cmmn/vodApi/apiVodDownload.do?mediaId=6448d6a4808b4307aa39f1721b70b29b&atchFileId=f77b7ae62f2245fb9a3f8aa056295306&fileSn=2,다운로드,"원본 영상 및 음원\바로 이 목소리\217128_바로 이 목소리, 보이스피싱 상습범의 목소리를 들어보세요(1_7) 2026-04-10 _ 943 회.mp4",
바로 이 목소리,130785,"바로 이 목소리, 보이스피싱 상습범의 목소리를 들어보세요(12/12) 2023-10-06 | 20121 회",https://www.fss.or.kr/fss/bbs/B0000203/view.do?nttId=130785&menuNo=200686&pageIndex=1,https://www.fss.or.kr/fss/cmmn/vodApi/apiVodDownload.do?mediaId=a93358fef9464e1eb7c83f9a7c1517fc&atchFileId=85bdcbf96ebf469fbf71cf34b16fe51b&fileSn=1,다운로드,"원본 영상 및 음원\바로 이 목소리\130785_바로 이 목소리, 보이스피싱 상습범의 목소리를 들어보세요(12_12) 2023-10-06 _ 20121 회.mp4",
바로 이 목소리,130784,"바로 이 목소리, 보이스피싱 상습범의 목소리를 들어보세요(11/12) 2023-10-06 | 8626 회",https://www.fss.or.kr/fss/bbs/B0000203/view.do?nttId=130784&menuNo=200686&pageIndex=2,https://www.fss.or.kr/fss/cmmn/vodApi/apiVodDownload.do?mediaId=c1c08380815f49c5ba41715fefe8a629&atchFileId=0a5be678e82e44a98529890f652f5827&fileSn=1,다운로드,"원본 영상 및 음원\바로 이 목소리\130784_바로 이 목소리, 보이스피싱 상습범의 목소리를 들어보세요(11_12) 2023-10-06 _ 8626 회.mp4",
바로 이 목소리,130783,"바로 이 목소리, 보이스피싱 상습범의 목소리를 들어보세요(10/12) 2023-10-06 | 5744 회",https://www.fss.or.kr/fss/bbs/B0000203/view.do?nttId=130783&menuNo=200686&pageIndex=2,https://www.fss.or.kr/fss/cmmn/vodApi/apiVodDownload.do?mediaId=190bec4c0ba54756952cdf54d9a7557c&atchFileId=32761035efa94ee6b8605cd285c23bdc&fileSn=1,다운로드,"원본 영상 및 음원\바로 이 목소리\130783_바로 이 목소리, 보이스피싱 상습범의 목소리를 들어보세요(10_12) 2023-10-06 _ 5744 회.mp4",
바로 이 목소리,130781,"바로 이 목소리, 보이스피싱 상습범의 목소리를 들어보세요(9/12) 2023-10-06 | 4256 회",https://www.fss.or.kr/fss/bbs/B0000203/view.do?nttId=130781&menuNo=200686&pageIndex=2,https://www.fss.or.kr/fss/cmmn/vodApi/apiVodDownload.do?mediaId=bd1b48ebefc84a9eb5c835837acb9655&atchFileId=e4067f1f1f1e4aac915b8717c030b4ea&fileSn=1,다운로드,"원본 영상 및 음원\바로 이 목소리\130781_바로 이 목소리, 보이스피싱 상습범의 목소리를 들어보세요(9_12) 2023-10-06 _ 4256 회.mp4",
바로 이 목소리,130780,"바로 이 목소리, 보이스피싱 상습범의 목소리를 들어보세요(7/12) 2023-10-06 | 4273 회",https://www.fss.or.kr/fss/bbs/B0000203/view.do?nttId=130780&menuNo=200686&pageIndex=2,https://www.fss.or.kr/fss/cmmn/vodApi/apiVodDownload.do?mediaId=55bfc0f4100a409591060a2ff741bccf&atchFileId=49ca87b7508c4b55b9e40307c49f19fd&fileSn=1,다운로드,"원본 영상 및 음원\바로 이 목소리\130780_바로 이 목소리, 보이스피싱 상습범의 목소리를 들어보세요(7_12) 2023-10-06 _ 4273 회.mp4",
바로 이 목소리,130778,"바로 이 목소리, 보이스피싱 상습범의 목소리를 들어보세요(8/12) 2023-10-06 | 3697 회",https://www.fss.or.kr/fss/bbs/B0000203/view.do?nttId=130778&menuNo=200686&pageIndex=2,https://www.fss.or.kr/fss/cmmn/vodApi/apiVodDownload.do?mediaId=48efc4842bd448f6a9b6493057310a52&atchFileId=0c661ac6fa954bc88616a86f7b614e2b&fileSn=1,다운로드,"원본 영상 및 음원\바로 이 목소리\130778_바로 이 목소리, 보이스피싱 상습범의 목소리를 들어보세요(8_12) 2023-10-06 _ 3697 회.mp4",
바로 이 목소리,130768,"바로 이 목소리, 보이스피싱 상습범의 목소리를 들어보세요(6/12) 2023-10-06 | 3590 회",https://www.fss.or.kr/fss/bbs/B0000203/view.do?nttId=130768&menuNo=200686&pageIndex=2,https://www.fss.or.kr/fss/cmmn/vodApi/apiVodDownload.do?mediaId=18d852ea12e64aa9985b4e4098dd42ca&atchFileId=0c671bb370fa4ba3b673a2f084a8be4e&fileSn=1,다운로드,"원본 영상 및 음원\바로 이 목소리\130768_바로 이 목소리, 보이스피싱 상습범의 목소리를 들어보세요(6_12) 2023-10-06 _ 3590 회.mp4",
바로 이 목소리,130767,"바로 이 목소리, 보이스피싱 상습범의 목소리를 들어보세요(5/12) 2023-10-06 | 3774 회",https://www.fss.or.kr/fss/bbs/B0000203/view.do?nttId=130767&menuNo=200686&pageIndex=2,https://www.fss.or.kr/fss/cmmn/vodApi/apiVodDownload.do?mediaId=95487eea3cf34f02b1e4d048fc7e55e5&atchFileId=3df14f6eaac9407ca7d5da0b4437d704&fileSn=1,다운로드,"원본 영상 및 음원\바로 이 목소리\130767_바로 이 목소리, 보이스피싱 상습범의 목소리를 들어보세요(5_12) 2023-10-06 _ 3774 회.mp4",
바로 이 목소리,130766,"바로 이 목소리, 보이스피싱 상습범의 목소리를 들어보세요(4/12) 2023-10-06 | 2142 회",https://www.fss.or.kr/fss/bbs/B0000203/view.do?nttId=130766&menuNo=200686&pageIndex=2,https://www.fss.or.kr/fss/cmmn/vodApi/apiVodDownload.do?mediaId=59f7d3216dab44248108555a7a74a58e&atchFileId=0c70069d0196449c9f770fc945806e74&fileSn=1,다운로드,"원본 영상 및 음원\바로 이 목소리\130766_바로 이 목소리, 보이스피싱 상습범의 목소리를 들어보세요(4_12) 2023-10-06 _ 2142 회.mp4",
바로 이 목소리,130764,"바로 이 목소리, 보이스피싱 상습범의 목소리를 들어보세요(3/12) 2023-10-06 | 1745 회",https://www.fss.or.kr/fss/bbs/B0000203/view.do?nttId=130764&menuNo=200686&pageIndex=3,https://www.fss.or.kr/fss/cmmn/vodApi/apiVodDownload.do?mediaId=df9c5175a5674af2b4f634556d6622ff&atchFileId=29fdf506152141feae0aa8480cd1e950&fileSn=1,다운로드,"원본 영상 및 음원\바로 이 목소리\130764_바로 이 목소리, 보이스피싱 상습범의 목소리를 들어보세요(3_12) 2023-10-06 _ 1745 회.mp4",
바로 이 목소리,130762,"바로 이 목소리, 보이스피싱 상습범의 목소리를 들어보세요(2/12) 2023-10-06 | 1638 회",https://www.fss.or.kr/fss/bbs/B0000203/view.do?nttId=130762&menuNo=200686&pageIndex=3,https://www.fss.or.kr/fss/cmmn/vodApi/apiVodDownload.do?mediaId=b3f91003ecd649e2a6bbea67093ed60a&atchFileId=c14ba362749b462da4d8a9e7ba06b5a0&fileSn=1,다운로드,"원본 영상 및 음원\바로 이 목소리\130762_바로 이 목소리, 보이스피싱 상습범의 목소리를 들어보세요(2_12) 2023-10-06 _ 1638 회.mp4",
바로 이 목소리,130761,"바로 이 목소리, 보이스피싱 상습범의 목소리를 들어보세요(1/12) 2023-10-06 | 1753 회",https://www.fss.or.kr/fss/bbs/B0000203/view.do?nttId=130761&menuNo=200686&pageIndex=3,https://www.fss.or.kr/fss/cmmn/vodApi/apiVodDownload.do?mediaId=6b94c8ad2f7e4ca2a022b6d00102ffd8&atchFileId=4eca7c2f567249b69e60e5c0adbca2a6&fileSn=1,다운로드,"원본 영상 및 음원\바로 이 목소리\130761_바로 이 목소리, 보이스피싱 상습범의 목소리를 들어보세요(1_12) 2023-10-06 _ 1753 회.mp4",
바로 이 목소리,18324,4차례 신고된 남성 전화금융사기범 음성 2021-05-17 | 21188 회,https://www.fss.or.kr/fss/bbs/B0000203/view.do?nttId=18324&menuNo=200686&pageIndex=3,https://www.fss.or.kr/fss/cmmn/vodApi/apiVodDownload.do?mediaId=3cf9b8b17a4e465d9e39998a0fe13248&atchFileId=894c74803b65b5acc9aa00a487dd0c2b&fileSn=2,다운로드,원본 영상 및 음원\바로 이 목소리\18324_4차례 신고된 남성 전화금융사기범 음성 2021-05-17 _ 21188 회.mp4,
바로 이 목소리,18323,5차례 신고된 남성 전화금융사기범 음성 2021-05-17 | 9054 회,https://www.fss.or.kr/fss/bbs/B0000203/view.do?nttId=18323&menuNo=200686&pageIndex=3,https://www.fss.or.kr/fss/cmmn/vodApi/apiVodDownload.do?mediaId=bdae2d5300cf4477a9f3b56137b4c314&atchFileId=998e6cba30862ca903ce2339adee7307&fileSn=2,다운로드,원본 영상 및 음원\바로 이 목소리\18323_5차례 신고된 남성 전화금융사기범 음성 2021-05-17 _ 9054 회.mp4,
바로 이 목소리,18322,4차례 신고된 남성 전화금융사기범 음성 2021-05-14 | 4724 회,https://www.fss.or.kr/fss/bbs/B0000203/view.do?nttId=18322&menuNo=200686&pageIndex=3,https://www.fss.or.kr/fss/cmmn/vodApi/apiVodDownload.do?mediaId=3a6fe57cdaba4f65b7e8219f3717193b&atchFileId=c1146a6ecd046a7cc2203e90b9ca7cc1&fileSn=2,다운로드,원본 영상 및 음원\바로 이 목소리\18322_4차례 신고된 남성 전화금융사기범 음성 2021-05-14 _ 4724 회.mp4,
바로 이 목소리,18321,4차례 신고된 남성 전화금융사기범 음성 2021-05-14 | 3851 회,https://www.fss.or.kr/fss/bbs/B0000203/view.do?nttId=18321&menuNo=200686&pageIndex=3,https://www.fss.or.kr/fss/cmmn/vodApi/apiVodDownload.do?mediaId=6df4ad69ad51482392455150a3c3bcec&atchFileId=032974d6881766cb18d5d73524a7b9b3&fileSn=2,다운로드,원본 영상 및 음원\바로 이 목소리\18321_4차례 신고된 남성 전화금융사기범 음성 2021-05-14 _ 3851 회.mp4,
바로 이 목소리,18320,4차례 신고된 남성 전화금융사기범 음성 2021-05-13 | 3607 회,https://www.fss.or.kr/fss/bbs/B0000203/view.do?nttId=18320&menuNo=200686&pageIndex=3,https://www.fss.or.kr/fss/cmmn/vodApi/apiVodDownload.do?mediaId=02a909325ee54436b4437a9e82e98aee&atchFileId=3d80e53938838b6bc4e3e64ccd0bb282&fileSn=2,다운로드,원본 영상 및 음원\바로 이 목소리\18320_4차례 신고된 남성 전화금융사기범 음성 2021-05-13 _ 3607 회.mp4,
바로 이 목소리,18319,5차례 신고된 여성 전화금융사기범 음성 2021-05-06 | 6448 회,https://www.fss.or.kr/fss/bbs/B0000203/view.do?nttId=18319&menuNo=200686&pageIndex=4,https://www.fss.or.kr/fss/cmmn/vodApi/apiVodDownload.do?mediaId=d8f4aa610c8e42dda341b86de31523a0&atchFileId=6038696c35c6a19a5c7696ead211022d&fileSn=4,다운로드,원본 영상 및 음원\바로 이 목소리\18319_5차례 신고된 여성 전화금융사기범 음성 2021-05-06 _ 6448 회.mp4,
바로 이 목소리,18318,7차례 신고된 남성 전화금융사기범 음성 2021-05-04 | 4045 회,https://www.fss.or.kr/fss/bbs/B0000203/view.do?nttId=18318&menuNo=200686&pageIndex=4,https://www.fss.or.kr/fss/cmmn/vodApi/apiVodDownload.do?mediaId=f08b9203287746afa17174aa169c4815&atchFileId=c5a1ae7bee70506bb45cba4be72e0c9c&fileSn=3,다운로드,원본 영상 및 음원\바로 이 목소리\18318_7차례 신고된 남성 전화금융사기범 음성 2021-05-04 _ 4045 회.mp4,
바로 이 목소리,18317,4차례 신고된 남성 전화금융사기범 음성 2021-05-04 | 2594 회,https://www.fss.or.kr/fss/bbs/B0000203/view.do?nttId=18317&menuNo=200686&pageIndex=4,https://www.fss.or.kr/fss/cmmn/vodApi/apiVodDownload.do?mediaId=85379b1fa88b44339803241e81b9d417&atchFileId=2365159b15995a0b2156624db770b194&fileSn=3,다운로드,원본 영상 및 음원\바로 이 목소리\18317_4차례 신고된 남성 전화금융사기범 음성 2021-05-04 _ 2594 회.mp4,
바로 이 목소리,18316,4차례 신고된 남성 전화금융사기범 음성 2021-05-04 | 1740 회,https://www.fss.or.kr/fss/bbs/B0000203/view.do?nttId=18316&menuNo=200686&pageIndex=4,https://www.fss.or.kr/fss/cmmn/vodApi/apiVodDownload.do?mediaId=0d203b997511498792506f2843916111&atchFileId=e004930e55471bb08da29d56c3d4c858&fileSn=3,다운로드,원본 영상 및 음원\바로 이 목소리\18316_4차례 신고된 남성 전화금융사기범 음성 2021-05-04 _ 1740 회.mp4,
바로 이 목소리,18315,5차례 신고된 남성 전화금융사기범 음성 2021-05-04 | 1649 회,https://www.fss.or.kr/fss/bbs/B0000203/view.do?nttId=18315&menuNo=200686&pageIndex=4,https://www.fss.or.kr/fss/cmmn/vodApi/apiVodDownload.do?mediaId=38bfde70128c401280b70176d0548f90&atchFileId=6bdcc11099b940593cc253a5e0417a75&fileSn=3,다운로드,원본 영상 및 음원\바로 이 목소리\18315_5차례 신고된 남성 전화금융사기범 음성 2021-05-04 _ 1649 회.mp4,
바로 이 목소리,18314,4차례 신고된 남성 전화금융사기범 음성 2021-05-04 | 1332 회,https://www.fss.or.kr/fss/bbs/B0000203/view.do?nttId=18314&menuNo=200686&pageIndex=4,https://www.fss.or.kr/fss/cmmn/vodApi/apiVodDownload.do?mediaId=10079d35f0bc40eb9b1291289cc63869&atchFileId=67a2a4c7e15eec4d6634e73203d4469b&fileSn=3,다운로드,원본 영상 및 음원\바로 이 목소리\18314_4차례 신고된 남성 전화금융사기범 음성 2021-05-04 _ 1332 회.mp4,
바로 이 목소리,18313,6차례 신고된 남성 전화금융사기범 음성 2021-05-04 | 1530 회,https://www.fss.or.kr/fss/bbs/B0000203/view.do?nttId=18313&menuNo=200686&pageIndex=4,https://www.fss.or.kr/fss/cmmn/vodApi/apiVodDownload.do?mediaId=2155bc7c0d0149f3889b7f205d8276d1&atchFileId=61c1ce414cad8b861ee28cddad5c7418&fileSn=3,다운로드,원본 영상 및 음원\바로 이 목소리\18313_6차례 신고된 남성 전화금융사기범 음성 2021-05-04 _ 1530 회.mp4,
바로 이 목소리,18312,9차례 신고된 남성 전화금융사기범 음성 2021-05-04 | 1779 회,https://www.fss.or.kr/fss/bbs/B0000203/view.do?nttId=18312&menuNo=200686&pageIndex=4,https://www.fss.or.kr/fss/cmmn/vodApi/apiVodDownload.do?mediaId=07c7a0c09a4b4e9ab754c0b61abbd8d9&atchFileId=490969997e092dc032a9c5c26416a677&fileSn=3,다운로드,원본 영상 및 음원\바로 이 목소리\18312_9차례 신고된 남성 전화금융사기범 음성 2021-05-04 _ 1779 회.mp4,
바로 이 목소리,18311,4차례 신고된 남성 전화금융사기범 음성 2021-05-04 | 1894 회,https://www.fss.or.kr/fss/bbs/B0000203/view.do?nttId=18311&menuNo=200686&pageIndex=5,https://www.fss.or.kr/fss/cmmn/vodApi/apiVodDownload.do?mediaId=49e2f94f074b4656898e98b26d798a1e&atchFileId=95917dbd5b7bd62dae528cbcbae2b88c&fileSn=3,다운로드,원본 영상 및 음원\바로 이 목소리\18311_4차례 신고된 남성 전화금융사기범 음성 2021-05-04 _ 1894 회.mp4,
바로 이 목소리,18310,4차례 신고된 남성 전화금융사기범 음성 2021-05-04 | 1519 회,https://www.fss.or.kr/fss/bbs/B0000203/view.do?nttId=18310&menuNo=200686&pageIndex=5,https://www.fss.or.kr/fss/cmmn/vodApi/apiVodDownload.do?mediaId=53703726f9914b16a6df1c057383d97d&atchFileId=a413c6ca3b082cec53434b38722c948c&fileSn=3,다운로드,원본 영상 및 음원\바로 이 목소리\18310_4차례 신고된 남성 전화금융사기범 음성 2021-05-04 _ 1519 회.mp4,
바로 이 목소리,18309,4차례 신고된 여성 전화금융사기범 음성 2021-05-04 | 1921 회,https://www.fss.or.kr/fss/bbs/B0000203/view.do?nttId=18309&menuNo=200686&pageIndex=5,https://www.fss.or.kr/fss/cmmn/vodApi/apiVodDownload.do?mediaId=5badbbb4ca8746d3bb9b66ebc77aff30&atchFileId=d3e4dc683a92ea7385395762059155bc&fileSn=3,다운로드,원본 영상 및 음원\바로 이 목소리\18309_4차례 신고된 여성 전화금융사기범 음성 2021-05-04 _ 1921 회.mp4,
바로 이 목소리,18308,10차례 신고된 여성 전화금융사기범 음성 2021-05-04 | 1985 회,https://www.fss.or.kr/fss/bbs/B0000203/view.do?nttId=18308&menuNo=200686&pageIndex=5,https://www.fss.or.kr/fss/cmmn/vodApi/apiVodDownload.do?mediaId=471115600ad04450a5162b5ee75e4eb3&atchFileId=0cdcc9da35c9236a64e80282cdb2429c&fileSn=3,다운로드,원본 영상 및 음원\바로 이 목소리\18308_10차례 신고된 여성 전화금융사기범 음성 2021-05-04 _ 1985 회.mp4,
바로 이 목소리,18307,6차례 신고된 남성 전화금융사기범 음성 3 2020-01-06 | 13644 회,https://www.fss.or.kr/fss/bbs/B0000203/view.do?nttId=18307&menuNo=200686&pageIndex=5,https://www.fss.or.kr/fss/cmmn/vodApi/apiVodDownload.do?mediaId=8fc07de2782e44ceb79f22509f08dec1&atchFileId=94aaa977d41d5da9a34141b3ae918821&fileSn=2,다운로드,원본 영상 및 음원\바로 이 목소리\18307_6차례 신고된 남성 전화금융사기범 음성 3 2020-01-06 _ 13644 회.mp4,
바로 이 목소리,18306,6차례 신고된 남성 전화금융사기범 음성 2 2020-01-06 | 6188 회,https://www.fss.or.kr/fss/bbs/B0000203/view.do?nttId=18306&menuNo=200686&pageIndex=5,https://www.fss.or.kr/fss/cmmn/vodApi/apiVodDownload.do?mediaId=d25d92f7efc940ed86adef71d7bbbd0d&atchFileId=6b42ec7371b801d19ddd1a6bcea62b1d&fileSn=2,다운로드,원본 영상 및 음원\바로 이 목소리\18306_6차례 신고된 남성 전화금융사기범 음성 2 2020-01-06 _ 6188 회.mp4,
바로 이 목소리,18305,6차례 신고된 남성 전화금융사기범 음성 1 2020-01-06 | 4468 회,https://www.fss.or.kr/fss/bbs/B0000203/view.do?nttId=18305&menuNo=200686&pageIndex=5,https://www.fss.or.kr/fss/cmmn/vodApi/apiVodDownload.do?mediaId=ae347d0365d94dc6a455e7e2db1e5710&atchFileId=c08368116d07bd240b87c3e9eb5609ae&fileSn=2,다운로드,원본 영상 및 음원\바로 이 목소리\18305_6차례 신고된 남성 전화금융사기범 음성 1 2020-01-06 _ 4468 회.mp4,
바로 이 목소리,18304,5차례 신고된 남성 전화금융사기범 음성 5 2020-01-06 | 4401 회,https://www.fss.or.kr/fss/bbs/B0000203/view.do?nttId=18304&menuNo=200686&pageIndex=5,https://www.fss.or.kr/fss/cmmn/vodApi/apiVodDownload.do?mediaId=a9be4ceb21474f8e8d1fa7042c548734&atchFileId=716062dc2620a6a5b813b2e81d550cac&fileSn=2,다운로드,원본 영상 및 음원\바로 이 목소리\18304_5차례 신고된 남성 전화금융사기범 음성 5 2020-01-06 _ 4401 회.mp4,
바로 이 목소리,18303,5차례 신고된 남성 전화금융사기범 음성 4 2020-01-06 | 4700 회,https://www.fss.or.kr/fss/bbs/B0000203/view.do?nttId=18303&menuNo=200686&pageIndex=6,https://www.fss.or.kr/fss/cmmn/vodApi/apiVodDownload.do?mediaId=a8dd605dd9a242729979c0ee02257719&atchFileId=192094834b88c493e0aeb52b76a4ba46&fileSn=2,다운로드,원본 영상 및 음원\바로 이 목소리\18303_5차례 신고된 남성 전화금융사기범 음성 4 2020-01-06 _ 4700 회.mp4,
바로 이 목소리,18302,5차례 신고된 남성 전화금융사기범 음성 3 2020-01-06 | 4013 회,https://www.fss.or.kr/fss/bbs/B0000203/view.do?nttId=18302&menuNo=200686&pageIndex=6,https://www.fss.or.kr/fss/cmmn/vodApi/apiVodDownload.do?mediaId=902b6967d23340e09533aa08b07c7d77&atchFileId=5b88c4b14cd5518986c836b75bd166e2&fileSn=2,다운로드,원본 영상 및 음원\바로 이 목소리\18302_5차례 신고된 남성 전화금융사기범 음성 3 2020-01-06 _ 4013 회.mp4,
바로 이 목소리,18301,5차례 신고된 남성 전화금융사기범 음성 2 2020-01-06 | 2558 회,https://www.fss.or.kr/fss/bbs/B0000203/view.do?nttId=18301&menuNo=200686&pageIndex=6,https://www.fss.or.kr/fss/cmmn/vodApi/apiVodDownload.do?mediaId=dc5d775f8b894b9fba51d26c92413485&atchFileId=bc8a51c4c4192487e6c22aaea822b58a&fileSn=2,다운로드,원본 영상 및 음원\바로 이 목소리\18301_5차례 신고된 남성 전화금융사기범 음성 2 2020-01-06 _ 2558 회.mp4,
바로 이 목소리,18300,5차례 신고된 남성 전화금융사기범 음성 1 2020-01-06 | 2989 회,https://www.fss.or.kr/fss/bbs/B0000203/view.do?nttId=18300&menuNo=200686&pageIndex=6,https://www.fss.or.kr/fss/cmmn/vodApi/apiVodDownload.do?mediaId=a6a9f7f82abb4dd0ac4bd4ce85d0cc17&atchFileId=3807b49bd83c3b7630b33180a18957ac&fileSn=2,다운로드,원본 영상 및 음원\바로 이 목소리\18300_5차례 신고된 남성 전화금융사기범 음성 1 2020-01-06 _ 2989 회.mp4,
바로 이 목소리,18299,4차례 신고된 여성 전화금융사기범 음성 2 2020-01-06 | 2781 회,https://www.fss.or.kr/fss/bbs/B0000203/view.do?nttId=18299&menuNo=200686&pageIndex=6,https://www.fss.or.kr/fss/cmmn/vodApi/apiVodDownload.do?mediaId=6f6d99a801b446d8ad562474e15a52c7&atchFileId=bc5e944083c0d061541456b13da8e12a&fileSn=2,다운로드,원본 영상 및 음원\바로 이 목소리\18299_4차례 신고된 여성 전화금융사기범 음성 2 2020-01-06 _ 2781 회.mp4,
바로 이 목소리,18298,4차례 신고된 여성 전화금융사기범 음성 1 2020-01-06 | 2624 회,https://www.fss.or.kr/fss/bbs/B0000203/view.do?nttId=18298&menuNo=200686&pageIndex=6,https://www.fss.or.kr/fss/cmmn/vodApi/apiVodDownload.do?mediaId=bc7b5baf66774afb84c8b3d4c2f5298a&atchFileId=04e3a3bbd630d7e92ab2d2450ee6db56&fileSn=2,다운로드,원본 영상 및 음원\바로 이 목소리\18298_4차례 신고된 여성 전화금융사기범 음성 1 2020-01-06 _ 2624 회.mp4,
바로 이 목소리,18297,4차례 신고된 남성 전화금융사기범 음성 7 2020-01-06 | 2016 회,https://www.fss.or.kr/fss/bbs/B0000203/view.do?nttId=18297&menuNo=200686&pageIndex=6,https://www.fss.or.kr/fss/cmmn/vodApi/apiVodDownload.do?mediaId=819bf98d75d149eb93797d4de2aa9d8b&atchFileId=6561099e57d13688120b261bea7d6315&fileSn=2,다운로드,원본 영상 및 음원\바로 이 목소리\18297_4차례 신고된 남성 전화금융사기범 음성 7 2020-01-06 _ 2016 회.mp4,
바로 이 목소리,18296,4차례 신고된 남성 전화금융사기범 음성 6 2020-01-06 | 2055 회,https://www.fss.or.kr/fss/bbs/B0000203/view.do?nttId=18296&menuNo=200686&pageIndex=6,https://www.fss.or.kr/fss/cmmn/vodApi/apiVodDownload.do?mediaId=34373cb41f61410597c05cda3f9b2691&atchFileId=3824a33269753ce1c654278a0b7c7802&fileSn=2,다운로드,원본 영상 및 음원\바로 이 목소리\18296_4차례 신고된 남성 전화금융사기범 음성 6 2020-01-06 _ 2055 회.mp4,
바로 이 목소리,18295,4차례 신고된 남성 전화금융사기범 음성 5 2020-01-06 | 1890 회,https://www.fss.or.kr/fss/bbs/B0000203/view.do?nttId=18295&menuNo=200686&pageIndex=7,https://www.fss.or.kr/fss/cmmn/vodApi/apiVodDownload.do?mediaId=98775916e0b446f79f9ee1e48644e3ac&atchFileId=022eea52ac57b5b0ee7d17bb8e1a2a32&fileSn=2,다운로드,원본 영상 및 음원\바로 이 목소리\18295_4차례 신고된 남성 전화금융사기범 음성 5 2020-01-06 _ 1890 회.mp4,
바로 이 목소리,18294,4차례 신고된 남성 전화금융사기범 음성 4 2020-01-06 | 1751 회,https://www.fss.or.kr/fss/bbs/B0000203/view.do?nttId=18294&menuNo=200686&pageIndex=7,https://www.fss.or.kr/fss/cmmn/vodApi/apiVodDownload.do?mediaId=2c517c11ed56400680390bda57244342&atchFileId=4e08ce19eacc308b5671b6d67eae0617&fileSn=2,다운로드,원본 영상 및 음원\바로 이 목소리\18294_4차례 신고된 남성 전화금융사기범 음성 4 2020-01-06 _ 1751 회.mp4,
바로 이 목소리,18293,4차례 신고된 남성 전화금융사기범 음성 3 2020-01-06 | 1701 회,https://www.fss.or.kr/fss/bbs/B0000203/view.do?nttId=18293&menuNo=200686&pageIndex=7,https://www.fss.or.kr/fss/cmmn/vodApi/apiVodDownload.do?mediaId=b3c7fe644462468998f0db6d1c10acfc&atchFileId=4c4be4d7374d317009a0d3cb2a9deb79&fileSn=2,다운로드,원본 영상 및 음원\바로 이 목소리\18293_4차례 신고된 남성 전화금융사기범 음성 3 2020-01-06 _ 1701 회.mp4,
바로 이 목소리,18292,4차례 신고된 남성 전화금융사기범 음성 2 2020-01-06 | 1876 회,https://www.fss.or.kr/fss/bbs/B0000203/view.do?nttId=18292&menuNo=200686&pageIndex=7,https://www.fss.or.kr/fss/cmmn/vodApi/apiVodDownload.do?mediaId=abb289e9a3464563ac1f5bc2ba323181&atchFileId=e6e2b62547a48709576d9278baa72882&fileSn=2,다운로드,원본 영상 및 음원\바로 이 목소리\18292_4차례 신고된 남성 전화금융사기범 음성 2 2020-01-06 _ 1876 회.mp4,
바로 이 목소리,18291,4차례 신고된 남성 전화금융사기범 음성 1 2020-01-06 | 1856 회,https://www.fss.or.kr/fss/bbs/B0000203/view.do?nttId=18291&menuNo=200686&pageIndex=7,https://www.fss.or.kr/fss/cmmn/vodApi/apiVodDownload.do?mediaId=c9592b6649134a5884db6620502da7d6&atchFileId=d37e16d42dc108282bb04a0d983b6ba4&fileSn=2,다운로드,원본 영상 및 음원\바로 이 목소리\18291_4차례 신고된 남성 전화금융사기범 음성 1 2020-01-06 _ 1856 회.mp4,
바로 이 목소리,18290,[`18년 공개] 사례 1 - 16차례 신고된 남성 2018-07-11 | 24392 회,https://www.fss.or.kr/fss/bbs/B0000203/view.do?nttId=18290&menuNo=200686&pageIndex=7,https://www.fss.or.kr/fss/cmmn/vodApi/apiVodDownload.do?mediaId=d6af6ae82ce44a9885f1dd60766b9180&atchFileId=a53402c614b240ccc3b6e4cab1d5dc07&fileSn=2,다운로드,원본 영상 및 음원\바로 이 목소리\18290_[`18년 공개] 사례 1 - 16차례 신고된 남성 2018-07-11 _ 24392 회.mp4,
바로 이 목소리,18289,[`18년 공개] 사례 2 - 6차례 신고된 남성 2018-07-11 | 11060 회,https://www.fss.or.kr/fss/bbs/B0000203/view.do?nttId=18289&menuNo=200686&pageIndex=7,https://www.fss.or.kr/fss/cmmn/vodApi/apiVodDownload.do?mediaId=04a9082c5b884b2ea5d64ff7aa8baacc&atchFileId=2e9c86dded19414e087379387d4c2de6&fileSn=2,다운로드,원본 영상 및 음원\바로 이 목소리\18289_[`18년 공개] 사례 2 - 6차례 신고된 남성 2018-07-11 _ 11060 회.mp4,
바로 이 목소리,18288,[`18년 공개] 사례 3 - 5차례 신고된 남성 2018-07-11 | 7571 회,https://www.fss.or.kr/fss/bbs/B0000203/view.do?nttId=18288&menuNo=200686&pageIndex=7,https://www.fss.or.kr/fss/cmmn/vodApi/apiVodDownload.do?mediaId=07c9c540bfe341beb490296172e85964&atchFileId=05d817932d0506c364db9eeadd9b4d4e&fileSn=2,다운로드,원본 영상 및 음원\바로 이 목소리\18288_[`18년 공개] 사례 3 - 5차례 신고된 남성 2018-07-11 _ 7571 회.mp4,
바로 이 목소리,18287,[`18년 공개] 사례 4 - 5차례 신고된 남성 2018-07-11 | 6760 회,https://www.fss.or.kr/fss/bbs/B0000203/view.do?nttId=18287&menuNo=200686&pageIndex=8,https://www.fss.or.kr/fss/cmmn/vodApi/apiVodDownload.do?mediaId=efe28790af0d47b4b21ab516e3ed3082&atchFileId=9cbdd2b7b621e073101e1e54c0e39a75&fileSn=2,다운로드,원본 영상 및 음원\바로 이 목소리\18287_[`18년 공개] 사례 4 - 5차례 신고된 남성 2018-07-11 _ 6760 회.mp4,
바로 이 목소리,18286,[`18년 공개] 사례 5 - 5차례 신고된 남성 2018-07-11 | 6158 회,https://www.fss.or.kr/fss/bbs/B0000203/view.do?nttId=18286&menuNo=200686&pageIndex=8,https://www.fss.or.kr/fss/cmmn/vodApi/apiVodDownload.do?mediaId=90ba9fad14f44db782de5cc3f5d2aa01&atchFileId=d03ea8326965eacc5b1eae7107923855&fileSn=2,다운로드,원본 영상 및 음원\바로 이 목소리\18286_[`18년 공개] 사례 5 - 5차례 신고된 남성 2018-07-11 _ 6158 회.mp4,
바로 이 목소리,18285,[`18년 공개] 사례 6 - 5차례 신고된 남성 2018-07-11 | 6183 회,https://www.fss.or.kr/fss/bbs/B0000203/view.do?nttId=18285&menuNo=200686&pageIndex=8,https://www.fss.or.kr/fss/cmmn/vodApi/apiVodDownload.do?mediaId=3fefa916a53a4cf4a7f4cbeeda7158e8&atchFileId=e0d716332cd7b1814335c7e45582990b&fileSn=3,다운로드,원본 영상 및 음원\바로 이 목소리\18285_[`18년 공개] 사례 6 - 5차례 신고된 남성 2018-07-11 _ 6183 회.mp4,
바로 이 목소리,18284,[`18년 공개] 사례 7 - 5차례 신고된 여성 2018-07-11 | 4940 회,https://www.fss.or.kr/fss/bbs/B0000203/view.do?nttId=18284&menuNo=200686&pageIndex=8,https://www.fss.or.kr/fss/cmmn/vodApi/apiVodDownload.do?mediaId=38b3775e8d9c43c6ae8b7c97ac878ad2&atchFileId=16a78a9bb88106e221c331ed8d1d1977&fileSn=2,다운로드,원본 영상 및 음원\바로 이 목소리\18284_[`18년 공개] 사례 7 - 5차례 신고된 여성 2018-07-11 _ 4940 회.mp4,
바로 이 목소리,18283,[`18년 공개] 사례 8 - 5차례 신고된 여성 2018-07-11 | 3463 회,https://www.fss.or.kr/fss/bbs/B0000203/view.do?nttId=18283&menuNo=200686&pageIndex=8,https://www.fss.or.kr/fss/cmmn/vodApi/apiVodDownload.do?mediaId=cebfc4deb05d4e25836b0df4c752c997&atchFileId=88b021d283764a8ba5598e35838eb556&fileSn=3,다운로드,원본 영상 및 음원\바로 이 목소리\18283_[`18년 공개] 사례 8 - 5차례 신고된 여성 2018-07-11 _ 3463 회.mp4,
바로 이 목소리,18282,[`18년 공개] 사례 9 - 4차례 신고된 남성 2018-07-11 | 2970 회,https://www.fss.or.kr/fss/bbs/B0000203/view.do?nttId=18282&menuNo=200686&pageIndex=8,https://www.fss.or.kr/fss/cmmn/vodApi/apiVodDownload.do?mediaId=7f2590146c74422393562f9310bc3003&atchFileId=02d76792590b6732975694494c59523c&fileSn=2,다운로드,원본 영상 및 음원\바로 이 목소리\18282_[`18년 공개] 사례 9 - 4차례 신고된 남성 2018-07-11 _ 2970 회.mp4,
바로 이 목소리,18281,[`18년 공개] 사례 10 - 4차례 신고된 남성 2018-07-11 | 2717 회,https://www.fss.or.kr/fss/bbs/B0000203/view.do?nttId=18281&menuNo=200686&pageIndex=8,https://www.fss.or.kr/fss/cmmn/vodApi/apiVodDownload.do?mediaId=c924909da289432aa564647cb4fd7276&atchFileId=0054a4ead48e20e83e3ea3a5569b1403&fileSn=2,다운로드,원본 영상 및 음원\바로 이 목소리\18281_[`18년 공개] 사례 10 - 4차례 신고된 남성 2018-07-11 _ 2717 회.mp4,
바로 이 목소리,18280,[`18년 공개] 사례 11 - 4차례 신고된 남성 2018-07-11 | 2613 회,https://www.fss.or.kr/fss/bbs/B0000203/view.do?nttId=18280&menuNo=200686&pageIndex=8,https://www.fss.or.kr/fss/cmmn/vodApi/apiVodDownload.do?mediaId=c1aa56dc60934d638fdcc5b6de988bac&atchFileId=c4b667c28b407dc94b14ca25600b8eda&fileSn=2,다운로드,원본 영상 및 음원\바로 이 목소리\18280_[`18년 공개] 사례 11 - 4차례 신고된 남성 2018-07-11 _ 2613 회.mp4,
바로 이 목소리,18279,[`18년 공개] 사례 12 - 4차례 신고된 남성 2018-07-11 | 2749 회,https://www.fss.or.kr/fss/bbs/B0000203/view.do?nttId=18279&menuNo=200686&pageIndex=9,https://www.fss.or.kr/fss/cmmn/vodApi/apiVodDownload.do?mediaId=4e29309b20524311a96c400256b3d0f4&atchFileId=0a350895651274ba5b54e62aab4a647c&fileSn=2,다운로드,원본 영상 및 음원\바로 이 목소리\18279_[`18년 공개] 사례 12 - 4차례 신고된 남성 2018-07-11 _ 2749 회.mp4,
바로 이 목소리,18278,[`18년 공개] 사례 13 - 4차례 신고된 남성 2018-07-11 | 2562 회,https://www.fss.or.kr/fss/bbs/B0000203/view.do?nttId=18278&menuNo=200686&pageIndex=9,https://www.fss.or.kr/fss/cmmn/vodApi/apiVodDownload.do?mediaId=5c89ed68e70640f786b6f665820a5e63&atchFileId=493a2497d7d348d2dd792c14531034d9&fileSn=2,다운로드,원본 영상 및 음원\바로 이 목소리\18278_[`18년 공개] 사례 13 - 4차례 신고된 남성 2018-07-11 _ 2562 회.mp4,
바로 이 목소리,18277,[`18년 공개] 사례 14 - 4차례 신고된 남성 2018-07-11 | 2374 회,https://www.fss.or.kr/fss/bbs/B0000203/view.do?nttId=18277&menuNo=200686&pageIndex=9,https://www.fss.or.kr/fss/cmmn/vodApi/apiVodDownload.do?mediaId=c286118b668448dfadebe6b2b4c1f651&atchFileId=559c6b290a36111ddba7bcea8e2ac9dd&fileSn=2,다운로드,원본 영상 및 음원\바로 이 목소리\18277_[`18년 공개] 사례 14 - 4차례 신고된 남성 2018-07-11 _ 2374 회.mp4,
바로 이 목소리,18276,[`18년 공개] 사례 15 - 4차례 신고된 남성 2018-07-11 | 2231 회,https://www.fss.or.kr/fss/bbs/B0000203/view.do?nttId=18276&menuNo=200686&pageIndex=9,https://www.fss.or.kr/fss/cmmn/vodApi/apiVodDownload.do?mediaId=ba6ae4f37239430cbbfb75a2b0f3bfd1&atchFileId=ba95692a88b60d1081a8603ac5b58819&fileSn=2,다운로드,원본 영상 및 음원\바로 이 목소리\18276_[`18년 공개] 사례 15 - 4차례 신고된 남성 2018-07-11 _ 2231 회.mp4,
바로 이 목소리,18275,[`18년 공개] 사례 16 - 4차례 신고된 남성 2018-07-11 | 2224 회,https://www.fss.or.kr/fss/bbs/B0000203/view.do?nttId=18275&menuNo=200686&pageIndex=9,https://www.fss.or.kr/fss/cmmn/vodApi/apiVodDownload.do?mediaId=a83c5977c2464925bd66c67262be78cc&atchFileId=a0c08b699c914520b97e270e4c74607a&fileSn=2,다운로드,원본 영상 및 음원\바로 이 목소리\18275_[`18년 공개] 사례 16 - 4차례 신고된 남성 2018-07-11 _ 2224 회.mp4,
바로 이 목소리,18274,[`18년 공개] 사례 17 - 4차례 신고된 남성 2018-07-11 | 2535 회,https://www.fss.or.kr/fss/bbs/B0000203/view.do?nttId=18274&menuNo=200686&pageIndex=9,https://www.fss.or.kr/fss/cmmn/vodApi/apiVodDownload.do?mediaId=ee731f8d8c344a24ace55083177a064b&atchFileId=378b21d67312a35e4c99424815b0345b&fileSn=2,다운로드,원본 영상 및 음원\바로 이 목소리\18274_[`18년 공개] 사례 17 - 4차례 신고된 남성 2018-07-11 _ 2535 회.mp4,
바로 이 목소리,18273,사례 10(6번 신고된 남성 목소리) 2017-01-04 | 25690 회,https://www.fss.or.kr/fss/bbs/B0000203/view.do?nttId=18273&menuNo=200686&pageIndex=9,https://www.fss.or.kr/fss/cmmn/vodApi/apiVodDownload.do?mediaId=a8dbc686a58f4a6e8ddd7965469f36b7&atchFileId=1088d49297849a711e21762a87b16493&fileSn=2,다운로드,원본 영상 및 음원\바로 이 목소리\18273_사례 10(6번 신고된 남성 목소리) 2017-01-04 _ 25690 회.mp4,
바로 이 목소리,18272,사례 11(5번 신고된 남성 목소리) 2017-01-04 | 10823 회,https://www.fss.or.kr/fss/bbs/B0000203/view.do?nttId=18272&menuNo=200686&pageIndex=9,https://www.fss.or.kr/fss/cmmn/vodApi/apiVodDownload.do?mediaId=f8ca34031ee54080982ca338d057671b&atchFileId=ab94da872132319d58037a2b0cd73aa2&fileSn=2,다운로드,원본 영상 및 음원\바로 이 목소리\18272_사례 11(5번 신고된 남성 목소리) 2017-01-04 _ 10823 회.mp4,
바로 이 목소리,18271,사례 12(5번 신고된 남성 목소리) 2017-01-04 | 7134 회,https://www.fss.or.kr/fss/bbs/B0000203/view.do?nttId=18271&menuNo=200686&pageIndex=10,https://www.fss.or.kr/fss/cmmn/vodApi/apiVodDownload.do?mediaId=8f43e46e0b434a0ca495c50821666cee&atchFileId=9658eb9823c0ae1854a81152852541b2&fileSn=2,다운로드,원본 영상 및 음원\바로 이 목소리\18271_사례 12(5번 신고된 남성 목소리) 2017-01-04 _ 7134 회.mp4,
바로 이 목소리,18270,사례 13(4번 신고된 남성 목소리) 2017-01-04 | 6134 회,https://www.fss.or.kr/fss/bbs/B0000203/view.do?nttId=18270&menuNo=200686&pageIndex=10,https://www.fss.or.kr/fss/cmmn/vodApi/apiVodDownload.do?mediaId=8597c01c80de4a7c9c9f07e650b46c39&atchFileId=40c13847d501517ee9316230c8228283&fileSn=2,다운로드,원본 영상 및 음원\바로 이 목소리\18270_사례 13(4번 신고된 남성 목소리) 2017-01-04 _ 6134 회.mp4,
바로 이 목소리,18269,사례 14(4번 신고된 남성 목소리) 2017-01-04 | 6928 회,https://www.fss.or.kr/fss/bbs/B0000203/view.do?nttId=18269&menuNo=200686&pageIndex=10,https://www.fss.or.kr/fss/cmmn/vodApi/apiVodDownload.do?mediaId=cd1ffa2dc59b4e1e9372133ea8aa651e&atchFileId=92cd51828463418dc62d6adc76740388&fileSn=2,다운로드,원본 영상 및 음원\바로 이 목소리\18269_사례 14(4번 신고된 남성 목소리) 2017-01-04 _ 6928 회.mp4,
바로 이 목소리,18268,대출빙자형 사례 7_편법을 통해 피해자 신용평점을 상향시키기 위한 대출상환 요구 2016-11-09 | 2994 회,https://www.fss.or.kr/fss/bbs/B0000203/view.do?nttId=18268&menuNo=200686&pageIndex=10,https://www.fss.or.kr/fss/cmmn/vodApi/apiVodDownload.do?mediaId=220afd612bae49dda0d9f4ed41efe4a1&atchFileId=5c237d40e655e78ecee07b3a0ba50796&fileSn=2,다운로드,원본 영상 및 음원\바로 이 목소리\18268_대출빙자형 사례 7_편법을 통해 피해자 신용평점을 상향시키기 위한 대출상환 요구 2016-11-09 _ 2994 회.mp4,
바로 이 목소리,18267,대출빙자형 사례 6_편법을 통해 피해자 신용평점을 상향시키기 위한 대출상환 요구 2016-11-09 | 1999 회,https://www.fss.or.kr/fss/bbs/B0000203/view.do?nttId=18267&menuNo=200686&pageIndex=10,https://www.fss.or.kr/fss/cmmn/vodApi/apiVodDownload.do?mediaId=573699850acc416ebb93b164ed7a7ab9&atchFileId=3700aa94012bcab53e5085dd78b995d5&fileSn=2,다운로드,원본 영상 및 음원\바로 이 목소리\18267_대출빙자형 사례 6_편법을 통해 피해자 신용평점을 상향시키기 위한 대출상환 요구 2016-11-09 _ 1999 회.mp4,
바로 이 목소리,18266,대출빙자형 사례 5_사금융 대환대출 명목으로 피해자의 무통장입금 유도 2016-11-09 | 2223 회,https://www.fss.or.kr/fss/bbs/B0000203/view.do?nttId=18266&menuNo=200686&pageIndex=10,https://www.fss.or.kr/fss/cmmn/vodApi/apiVodDownload.do?mediaId=ba4a8bec86764fb6a653ba6c92f3c5d0&atchFileId=28dc27771cc17c30ed3883b2ad9d62c5&fileSn=2,다운로드,원본 영상 및 음원\바로 이 목소리\18266_대출빙자형 사례 5_사금융 대환대출 명목으로 피해자의 무통장입금 유도 2016-11-09 _ 2223 회.mp4,
바로 이 목소리,18265,대출빙자형 사례 4_햇살론을 받기 위하여 피해자의 기존 대출을 일부 상환해야 한다고 유도 2016-11-09 | 1750 회,https://www.fss.or.kr/fss/bbs/B0000203/view.do?nttId=18265&menuNo=200686&pageIndex=10,https://www.fss.or.kr/fss/cmmn/vodApi/apiVodDownload.do?mediaId=37f13ec34c32409684eb041eed9b97f7&atchFileId=ed14a6806907219c28a2000a66749c86&fileSn=2,다운로드,원본 영상 및 음원\바로 이 목소리\18265_대출빙자형 사례 4_햇살론을 받기 위하여 피해자의 기존 대출을 일부 상환해야 한다고 유도 2016-11-09 _ 1750 회.mp4,
바로 이 목소리,18264,대출빙자형 사례 3_은행을 사칭하면서 서민금융나들목 상품 명목의 대출을 안내 2016-11-09 | 2267 회,https://www.fss.or.kr/fss/bbs/B0000203/view.do?nttId=18264&menuNo=200686&pageIndex=10,https://www.fss.or.kr/fss/cmmn/vodApi/apiVodDownload.do?mediaId=1605b6914b9a4e9ca57878b60d40e80f&atchFileId=09b3cb316a269592ba5992279ba37d97&fileSn=2,다운로드,원본 영상 및 음원\바로 이 목소리\18264_대출빙자형 사례 3_은행을 사칭하면서 서민금융나들목 상품 명목의 대출을 안내 2016-11-09 _ 2267 회.mp4,
바로 이 목소리,18263,대출빙자형 사례 2_정부지원자금 대출을 받기 위한 공증서 발급비용 요구 2016-11-09 | 1846 회,https://www.fss.or.kr/fss/bbs/B0000203/view.do?nttId=18263&menuNo=200686&pageIndex=11,https://www.fss.or.kr/fss/cmmn/vodApi/apiVodDownload.do?mediaId=ab698b4570b84d0288553d91e415e3ba&atchFileId=5171872b37653ccdd9162462c6b96380&fileSn=2,다운로드,원본 영상 및 음원\바로 이 목소리\18263_대출빙자형 사례 2_정부지원자금 대출을 받기 위한 공증서 발급비용 요구 2016-11-09 _ 1846 회.mp4,
바로 이 목소리,18262,대출빙자형 사례 1_서민 정부지원대출을 권유하면서 신용보증서 발급비용 요구 2016-11-08 | 1666 회,https://www.fss.or.kr/fss/bbs/B0000203/view.do?nttId=18262&menuNo=200686&pageIndex=11,https://www.fss.or.kr/fss/cmmn/vodApi/apiVodDownload.do?mediaId=c35df7916abf49f688acda574e1d5068&atchFileId=aac1b8a364edc3663386d87273a0bacd&fileSn=2,다운로드,원본 영상 및 음원\바로 이 목소리\18262_대출빙자형 사례 1_서민 정부지원대출을 권유하면서 신용보증서 발급비용 요구 2016-11-08 _ 1666 회.mp4,
바로 이 목소리,18261,대포통장 공개 모집(휴가철 보이스피싱_2) 2016-08-17 | 1717 회,https://www.fss.or.kr/fss/bbs/B0000203/view.do?nttId=18261&menuNo=200686&pageIndex=11,https://www.fss.or.kr/fss/cmmn/vodApi/apiVodDownload.do?mediaId=9af8fc22fd2942cebda3cc054366cad5&atchFileId=cdb90d00563a3b79bd97a7db3e2d84b4&fileSn=2,다운로드,원본 영상 및 음원\바로 이 목소리\18261_대포통장 공개 모집(휴가철 보이스피싱_2) 2016-08-17 _ 1717 회.mp4,
바로 이 목소리,18260,출입국 관리 사무국 직원 사칭(휴가철 보이스피싱_1) 2016-08-17 | 1710 회,https://www.fss.or.kr/fss/bbs/B0000203/view.do?nttId=18260&menuNo=200686&pageIndex=11,https://www.fss.or.kr/fss/cmmn/vodApi/apiVodDownload.do?mediaId=ba74a7fa2eeb4929815df8803e7487d5&atchFileId=d3e5cd9de2d800574a2d15d359d89e27&fileSn=4,다운로드,원본 영상 및 음원\바로 이 목소리\18260_출입국 관리 사무국 직원 사칭(휴가철 보이스피싱_1) 2016-08-17 _ 1710 회.mp4,
바로 이 목소리,18259,사례1 ( 4번 신고된 여성 목소리) 2016-05-18 | 17027 회,https://www.fss.or.kr/fss/bbs/B0000203/view.do?nttId=18259&menuNo=200686&pageIndex=11,https://www.fss.or.kr/fss/cmmn/vodApi/apiVodDownload.do?mediaId=98af33896a3144659fc66b90ee3e7ddf&atchFileId=4560e8129b3d10c684b838da266e88b5&fileSn=2,다운로드,원본 영상 및 음원\바로 이 목소리\18259_사례1 ( 4번 신고된 여성 목소리) 2016-05-18 _ 17027 회.mp4,
바로 이 목소리,18258,사례2 ( 3번 신고된 여성 목소리) 2016-05-18 | 6453 회,https://www.fss.or.kr/fss/bbs/B0000203/view.do?nttId=18258&menuNo=200686&pageIndex=11,https://www.fss.or.kr/fss/cmmn/vodApi/apiVodDownload.do?mediaId=a527242bcc9b49fc8b7790ba39d14ec6&atchFileId=9c25b90a63d955440dae6066dd592ea9&fileSn=2,다운로드,원본 영상 및 음원\바로 이 목소리\18258_사례2 ( 3번 신고된 여성 목소리) 2016-05-18 _ 6453 회.mp4,
바로 이 목소리,18257,사례3 ( 3번 신고된 여성 목소리) 2016-05-18 | 4557 회,https://www.fss.or.kr/fss/bbs/B0000203/view.do?nttId=18257&menuNo=200686&pageIndex=11,https://www.fss.or.kr/fss/cmmn/vodApi/apiVodDownload.do?mediaId=0d3df565ee314ffe839f79b16310a4fd&atchFileId=e4e590635a67c7c58aa211158d886e6e&fileSn=2,다운로드,원본 영상 및 음원\바로 이 목소리\18257_사례3 ( 3번 신고된 여성 목소리) 2016-05-18 _ 4557 회.mp4,
바로 이 목소리,18256,사례4 ( 2번 신고된 남성 목소리) 2016-05-18 | 7119 회,https://www.fss.or.kr/fss/bbs/B0000203/view.do?nttId=18256&menuNo=200686&pageIndex=11,https://www.fss.or.kr/fss/cmmn/vodApi/apiVodDownload.do?mediaId=ef2ba73e8a9a495f9e991fbc55cb474d&atchFileId=c02649111c1173a291740a32804bbdab&fileSn=2,다운로드,원본 영상 및 음원\바로 이 목소리\18256_사례4 ( 2번 신고된 남성 목소리) 2016-05-18 _ 7119 회.mp4,
바로 이 목소리,18255,사례5 ( 2번 신고된 남성 목소리) 2016-05-18 | 5865 회,https://www.fss.or.kr/fss/bbs/B0000203/view.do?nttId=18255&menuNo=200686&pageIndex=12,https://www.fss.or.kr/fss/cmmn/vodApi/apiVodDownload.do?mediaId=3ade5ba45b404712a5634c7231a5ab79&atchFileId=b5a88e33a585311965729bb828d0ec21&fileSn=2,다운로드,원본 영상 및 음원\바로 이 목소리\18255_사례5 ( 2번 신고된 남성 목소리) 2016-05-18 _ 5865 회.mp4,
바로 이 목소리,18254,사례6 ( 2번 신고된 남성 목소리) 2016-05-18 | 6134 회,https://www.fss.or.kr/fss/bbs/B0000203/view.do?nttId=18254&menuNo=200686&pageIndex=12,https://www.fss.or.kr/fss/cmmn/vodApi/apiVodDownload.do?mediaId=19caf27ab66b41f584f95143259fd42f&atchFileId=262b9258ce31b680612740d4ddd6dc52&fileSn=2,다운로드,원본 영상 및 음원\바로 이 목소리\18254_사례6 ( 2번 신고된 남성 목소리) 2016-05-18 _ 6134 회.mp4,
바로 이 목소리,18253,사례7 ( 2번 신고된 여성 목소리) 2016-05-18 | 3557 회,https://www.fss.or.kr/fss/bbs/B0000203/view.do?nttId=18253&menuNo=200686&pageIndex=12,https://www.fss.or.kr/fss/cmmn/vodApi/apiVodDownload.do?mediaId=0b0f11b1e30842b58c72942f22fc054c&atchFileId=09be181071516209d06dd23e28236b89&fileSn=2,다운로드,원본 영상 및 음원\바로 이 목소리\18253_사례7 ( 2번 신고된 여성 목소리) 2016-05-18 _ 3557 회.mp4,
바로 이 목소리,18252,사례8 ( 2번 신고된 여성 목소리) 2016-05-18 | 3617 회,https://www.fss.or.kr/fss/bbs/B0000203/view.do?nttId=18252&menuNo=200686&pageIndex=12,https://www.fss.or.kr/fss/cmmn/vodApi/apiVodDownload.do?mediaId=c3698cb8711f4533bc5cb6f5635a5bf6&atchFileId=eea7148b73c8c4b9e6876ab306deb5e3&fileSn=2,다운로드,원본 영상 및 음원\바로 이 목소리\18252_사례8 ( 2번 신고된 여성 목소리) 2016-05-18 _ 3617 회.mp4,
바로 이 목소리,18251,<b>사례9 ( 2번 신고된 여성 목소리)</b> 2016-05-18 | 4796 회,https://www.fss.or.kr/fss/bbs/B0000203/view.do?nttId=18251&menuNo=200686&pageIndex=12,https://www.fss.or.kr/fss/cmmn/vodApi/apiVodDownload.do?mediaId=e809cd28cddb42fea6a63053ef9cb25c&atchFileId=103d82eea66de559409ce4de597d9809&fileSn=3,다운로드,원본 영상 및 음원\바로 이 목소리\18251__b_사례9 ( 2번 신고된 여성 목소리)__b_ 2016-05-18 _ 4796 회.mp4,
바로 이 목소리,18250,대출사기 사례2_대출사기 전산삭제과정 금감원 모니터링 걸림 2016-04-06 | 2656 회,https://www.fss.or.kr/fss/bbs/B0000203/view.do?nttId=18250&menuNo=200686&pageIndex=12,https://www.fss.or.kr/fss/cmmn/vodApi/apiVodDownload.do?mediaId=95047d3d6080469da5921cb2da04ce54&atchFileId=b53d62812982c2322240407a55ab748b&fileSn=2,다운로드,원본 영상 및 음원\바로 이 목소리\18250_대출사기 사례2_대출사기 전산삭제과정 금감원 모니터링 걸림 2016-04-06 _ 2656 회.mp4,
바로 이 목소리,18249,대출사기 사례1_대출사기 전산오류로 선입금 360만원 요구 2016-04-06 | 2275 회,https://www.fss.or.kr/fss/bbs/B0000203/view.do?nttId=18249&menuNo=200686&pageIndex=12,https://www.fss.or.kr/fss/cmmn/vodApi/apiVodDownload.do?mediaId=4ec91b6a6b9f42af9fd0626cdf699780&atchFileId=337e5715d0507d819415c132e718472a&fileSn=2,다운로드,원본 영상 및 음원\바로 이 목소리\18249_대출사기 사례1_대출사기 전산오류로 선입금 360만원 요구 2016-04-06 _ 2275 회.mp4,
바로 이 목소리,18248,납치빙자형 그놈목소리 2016-04-06 | 2817 회,https://www.fss.or.kr/fss/bbs/B0000203/view.do?nttId=18248&menuNo=200686&pageIndex=12,https://www.fss.or.kr/fss/cmmn/vodApi/apiVodDownload.do?mediaId=f719e4687c474a7e9ee3d00484bd9fbe&atchFileId=167d7acc8243e6c70a738ac766dca1ec&fileSn=2,다운로드,원본 영상 및 음원\바로 이 목소리\18248_납치빙자형 그놈목소리 2016-04-06 _ 2817 회.mp4,
바로 이 목소리,18247,검찰수사관 사칭 횡설수설 보이스피싱 2015-12-09 | 3279 회,https://www.fss.or.kr/fss/bbs/B0000203/view.do?nttId=18247&menuNo=200686&pageIndex=13,https://www.fss.or.kr/fss/cmmn/vodApi/apiVodDownload.do?mediaId=f2d705d66360498fb34af3576dab2dfd&atchFileId=d2078dd067420e242815b1c3a07617c0&fileSn=2,다운로드,원본 영상 및 음원\바로 이 목소리\18247_검찰수사관 사칭 횡설수설 보이스피싱 2015-12-09 _ 3279 회.mp4,
바로 이 목소리,18246,착한 피해자에게 걸려온 검찰 사칭 보이스피싱 2015-12-09 | 3561 회,https://www.fss.or.kr/fss/bbs/B0000203/view.do?nttId=18246&menuNo=200686&pageIndex=13,https://www.fss.or.kr/fss/cmmn/vodApi/apiVodDownload.do?mediaId=430dc9bf3f254e85a9919407590a23aa&atchFileId=6389b901752d6e279a68db6616307cc8&fileSn=2,다운로드,원본 영상 및 음원\바로 이 목소리\18246_착한 피해자에게 걸려온 검찰 사칭 보이스피싱 2015-12-09 _ 3561 회.mp4,
바로 이 목소리,18245,[그놈목소리 UCC - 농협직원한테_걸려온_검찰사칭_보이스피싱] 2015-08-28 | 5141 회,https://www.fss.or.kr/fss/bbs/B0000203/view.do?nttId=18245&menuNo=200686&pageIndex=13,https://www.fss.or.kr/fss/cmmn/vodApi/apiVodDownload.do?mediaId=dc27eb178ec94269a6337fa04028c2df&atchFileId=949b9eded8d7ab7586edd1565d3ac7cd&fileSn=2,다운로드,원본 영상 및 음원\바로 이 목소리\18245_[그놈목소리 UCC - 농협직원한테_걸려온_검찰사칭_보이스피싱] 2015-08-28 _ 5141 회.mp4,
바로 이 목소리,18244,[그놈목소리UCC - 이벤트행사_통장한개당_300만원_제안] 2015-08-28 | 3675 회,https://www.fss.or.kr/fss/bbs/B0000203/view.do?nttId=18244&menuNo=200686&pageIndex=13,https://www.fss.or.kr/fss/cmmn/vodApi/apiVodDownload.do?mediaId=06e46663ecf24c9db56c247ae4bdd6a5&atchFileId=79b92ad89e7cdb8689191a00bad36e19&fileSn=2,다운로드,원본 영상 및 음원\바로 이 목소리\18244_[그놈목소리UCC - 이벤트행사_통장한개당_300만원_제안] 2015-08-28 _ 3675 회.mp4,
바로 이 목소리,18243,[그놈목소리UCC - 사이버경찰청_수사관_사칭_감기오셨어요_부산사나이의_화끈한_대처법] 2015-08-28 | 5279 회,https://www.fss.or.kr/fss/bbs/B0000203/view.do?nttId=18243&menuNo=200686&pageIndex=13,https://www.fss.or.kr/fss/cmmn/vodApi/apiVodDownload.do?mediaId=ac05f393b4cf493496ab6c5165a09472&atchFileId=11156084137432e040a0a37dd997c55c&fileSn=2,다운로드,원본 영상 및 음원\바로 이 목소리\18243_[그놈목소리UCC - 사이버경찰청_수사관_사칭_감기오셨어요_부산사나이의_화끈한_대처법] 2015-08-28 _ 5279 회.mp4,
그놈 목소리 - 대출사기형,36744,KB저축은행입니다. 핸드폰 어떤거 사용하세요?,https://www.fss.or.kr/fss/bbs/B0000206/view.do?nttId=36744&menuNo=200690&pageIndex=1,https://www.fss.or.kr/fss/cmmn/file/fileDown.do?menuNo=200690&atchFileId=95e1acb3ee72b5eca92bc224deb2d34e&fileSn=1&bbsId=B0000206,다운로드,원본 영상 및 음원\그놈 목소리 - 대출사기형\36744_KB저축은행입니다. 핸드폰 어떤거 사용하세요_.mp3,
그놈 목소리 - 대출사기형,36743,우리은행 직원인데요 영업점에선 절 모를수도있어요,https://www.fss.or.kr/fss/bbs/B0000206/view.do?nttId=36743&menuNo=200690&pageIndex=1,https://www.fss.or.kr/fss/cmmn/file/fileDown.do?menuNo=200690&atchFileId=ac10ddd51d6c79852e660b390e28a028&fileSn=1&bbsId=B0000206,다운로드,원본 영상 및 음원\그놈 목소리 - 대출사기형\36743_우리은행 직원인데요 영업점에선 절 모를수도있어요.mp3,
그놈 목소리 - 대출사기형,36742,KB저축은행인데요 카카오톡친구추천부탁드립니다,https://www.fss.or.kr/fss/bbs/B0000206/view.do?nttId=36742&menuNo=200690&pageIndex=1,https://www.fss.or.kr/fss/cmmn/file/fileDown.do?menuNo=200690&atchFileId=5d1ab9d9d490e657c39ba8d141d7b027&fileSn=1&bbsId=B0000206,다운로드,원본 영상 및 음원\그놈 목소리 - 대출사기형\36742_KB저축은행인데요 카카오톡친구추천부탁드립니다.mp3,
그놈 목소리 - 대출사기형,36741,영업점에선 절 모를수도있어요(...???),https://www.fss.or.kr/fss/bbs/B0000206/view.do?nttId=36741&menuNo=200690&pageIndex=1,https://www.fss.or.kr/fss/cmmn/file/fileDown.do?menuNo=200690&atchFileId=2ee28de542d2471a4970d1091ee9804e&fileSn=1&bbsId=B0000206,다운로드,원본 영상 및 음원\그놈 목소리 - 대출사기형\36741_영업점에선 절 모를수도있어요(...___).mp3,
그놈 목소리 - 대출사기형,36738,OO캐피탈입니다. 심사결과 확인되어서 연락드렸습니다.,https://www.fss.or.kr/fss/bbs/B0000206/view.do?nttId=36738&menuNo=200690&pageIndex=1,https://www.fss.or.kr/fss/cmmn/file/fileDown.do?menuNo=200690&atchFileId=a60921c5ded0e911862612ba56ba7e89&fileSn=1&bbsId=B0000206,다운로드,원본 영상 및 음원\그놈 목소리 - 대출사기형\36738_OO캐피탈입니다. 심사결과 확인되어서 연락드렸습니다.mp3,
그놈 목소리 - 대출사기형,36737,OO저축은행입니다.,https://www.fss.or.kr/fss/bbs/B0000206/view.do?nttId=36737&menuNo=200690&pageIndex=1,https://www.fss.or.kr/fss/cmmn/file/fileDown.do?menuNo=200690&atchFileId=151eba68021b197a9d697e877b7a2881&fileSn=1&bbsId=B0000206,다운로드,원본 영상 및 음원\그놈 목소리 - 대출사기형\36737_OO저축은행입니다.mp3,
그놈 목소리 - 대출사기형,36735,동 상품은 연체를 하시거나 고의적으로 상환을 회피하실 경우 고객님의 미래 소득에 대한 추심권한을 부여받고 진행되는 대출상품입니다. 대출 서류 접수를 위해 사업자등록증과 신분증 사본을 보내주세요,https://www.fss.or.kr/fss/bbs/B0000206/view.do?nttId=36735&menuNo=200690&pageIndex=1,https://www.fss.or.kr/fss/cmmn/file/fileDown.do?menuNo=200690&atchFileId=85d6a0e76d3a854ce14970519cbb8b1d&fileSn=1&bbsId=B0000206,다운로드,원본 영상 및 음원\그놈 목소리 - 대출사기형\36735_동 상품은 연체를 하시거나 고의적으로 상환을 회피하실 경우 고객님의 미래 소득에 대한 추심권한을 부여받고 진행되는 대출상품입니다. 대출 서류 접수를 위해 사업자등록증과 신분증 사본을 보내주세요.mp3,
그놈 목소리 - 대출사기형,36734,"고객님 상환하셨다는 서류를 고객센터로 보내야 하는데, 수요일이 공휴일이라 처리가 밀려서 아직 상환내역이 확인안되시는 걸거에요",https://www.fss.or.kr/fss/bbs/B0000206/view.do?nttId=36734&menuNo=200690&pageIndex=1,https://www.fss.or.kr/fss/cmmn/file/fileDown.do?menuNo=200690&atchFileId=6c526d65ac70334e777994466a68eeab&fileSn=1&bbsId=B0000206,다운로드,"원본 영상 및 음원\그놈 목소리 - 대출사기형\36734_고객님 상환하셨다는 서류를 고객센터로 보내야 하는데, 수요일이 공휴일이라 처리가 밀려서 아직 상환내역이 확인안되시는 걸거에요.mp3",
그놈 목소리 - 대출사기형,36733,(통장매매) 사장님께서 안쓰시는 계좌 있으시면 월 400~450만원까지 선지급해드리고 임대하고 있어 연락 드렸습니다,https://www.fss.or.kr/fss/bbs/B0000206/view.do?nttId=36733&menuNo=200690&pageIndex=1,https://www.fss.or.kr/fss/cmmn/file/fileDown.do?menuNo=200690&atchFileId=c7226b8643bcd4ae51cc2cca439092b8&fileSn=1&bbsId=B0000206,다운로드,원본 영상 및 음원\그놈 목소리 - 대출사기형\36733_(통장매매) 사장님께서 안쓰시는 계좌 있으시면 월 400~450만원까지 선지급해드리고 임대하고 있어 연락 드렸습니다.mp3,
그놈 목소리 - 대출사기형,36732,현재 이용하시는 고금리 대출 상품들 저금리 전환 가능하세요. 현재 이용하시는 고금리 대출이 얼마정도 되시나요?,https://www.fss.or.kr/fss/bbs/B0000206/view.do?nttId=36732&menuNo=200690&pageIndex=1,https://www.fss.or.kr/fss/cmmn/file/fileDown.do?menuNo=200690&atchFileId=38c87410870daab0cba036b1bb31e508&fileSn=1&bbsId=B0000206,다운로드,원본 영상 및 음원\그놈 목소리 - 대출사기형\36732_현재 이용하시는 고금리 대출 상품들 저금리 전환 가능하세요. 현재 이용하시는 고금리 대출이 얼마정도 되시나요_.mp3,
그놈 목소리 - 대출사기형,36731,"제가 불러드리는 주소로 입력하셔서 어플리케이션 다운로드받으세요. 나중에 대출 심사부에서 전자 서명차 연락드릴건데, 그때 저희 어플리케이션 실행하시면 전자 서명하실 수 있으세요.",https://www.fss.or.kr/fss/bbs/B0000206/view.do?nttId=36731&menuNo=200690&pageIndex=2,https://www.fss.or.kr/fss/cmmn/file/fileDown.do?menuNo=200690&atchFileId=bc2d0a124a19e837930739084b9cad9e&fileSn=1&bbsId=B0000206,다운로드,"원본 영상 및 음원\그놈 목소리 - 대출사기형\36731_제가 불러드리는 주소로 입력하셔서 어플리케이션 다운로드받으세요. 나중에 대출 심사부에서 전자 서명차 연락드릴건데, 그때 저희 어플리케이션 실행하시면 전자 서명하실 수 있으세요.mp3",
그놈 목소리 - 대출사기형,36730,고객님께서 쓰시는 통장을 연계해서 마이너스 통장을 발급해드리고 있습니다. 현재 이용하시는 계좌번호를 불러주세요.,https://www.fss.or.kr/fss/bbs/B0000206/view.do?nttId=36730&menuNo=200690&pageIndex=2,https://www.fss.or.kr/fss/cmmn/file/fileDown.do?menuNo=200690&atchFileId=ab1caa8985995e5bbb5e8b898ddb347c&fileSn=1&bbsId=B0000206,다운로드,원본 영상 및 음원\그놈 목소리 - 대출사기형\36730_고객님께서 쓰시는 통장을 연계해서 마이너스 통장을 발급해드리고 있습니다. 현재 이용하시는 계좌번호를 불러주세요.mp3,
그놈 목소리 - 대출사기형,36728,"단시간에 신용평점을 상향시킬 수 있는 방법이 있는데, 채무상환능력평가라는 방법입니다. 채무상환능력평가라는 것은 고객님께서 대출을 발생시키시고 곧바로 일시상환함으로써 자금 상환능력이 있다는 것을 증명하는 방법입니다.",https://www.fss.or.kr/fss/bbs/B0000206/view.do?nttId=36728&menuNo=200690&pageIndex=2,https://www.fss.or.kr/fss/cmmn/file/fileDown.do?menuNo=200690&atchFileId=be719c8525e6ac6aa009e991d86c25a2&fileSn=1&bbsId=B0000206,다운로드,"원본 영상 및 음원\그놈 목소리 - 대출사기형\36728_단시간에 신용평점을 상향시킬 수 있는 방법이 있는데, 채무상환능력평가라는 방법입니다. 채무상환능력평가라는 것은 고객님께서 대출을 발생시키시고 곧바로 일시상환함으로써 자금 상환능력이 있다는 것을 증명.mp3",
그놈 목소리 - 대출사기형,36727,"이 상품은 정부지원자금대출이기 때문에, 현재 고객님의 대출 현황을 말씀해주셔야 해요",https://www.fss.or.kr/fss/bbs/B0000206/view.do?nttId=36727&menuNo=200690&pageIndex=2,https://www.fss.or.kr/fss/cmmn/file/fileDown.do?menuNo=200690&atchFileId=c8668bed8cbd79a2041d989e5096a185&fileSn=1&bbsId=B0000206,다운로드,"원본 영상 및 음원\그놈 목소리 - 대출사기형\36727_이 상품은 정부지원자금대출이기 때문에, 현재 고객님의 대출 현황을 말씀해주셔야 해요.mp3",
그놈 목소리 - 대출사기형,36719,(대포통장 명의인으로 신고된 제보자가 전화해서 담당자 바꿔달라고 하자) OOO대리 오늘자로 퇴사하셨는데요.,https://www.fss.or.kr/fss/bbs/B0000206/view.do?nttId=36719&menuNo=200690&pageIndex=2,https://www.fss.or.kr/fss/cmmn/file/fileDown.do?menuNo=200690&atchFileId=4762552cb6eb4640b53a6c08314d020b&fileSn=1&bbsId=B0000206,다운로드,원본 영상 및 음원\그놈 목소리 - 대출사기형\36719_(대포통장 명의인으로 신고된 제보자가 전화해서 담당자 바꿔달라고 하자) OOO대리 오늘자로 퇴사하셨는데요.mp3,
그놈 목소리 - 대출사기형,36717,(현금 인출책 모집) 저희 쪽 직원에게 수수료를 제한 금액을 전달하시면 됩니다,https://www.fss.or.kr/fss/bbs/B0000206/view.do?nttId=36717&menuNo=200690&pageIndex=2,https://www.fss.or.kr/fss/cmmn/file/fileDown.do?menuNo=200690&atchFileId=121a715232b09702bd1a3ca93366ae31&fileSn=1&bbsId=B0000206,다운로드,원본 영상 및 음원\그놈 목소리 - 대출사기형\36717_(현금 인출책 모집) 저희 쪽 직원에게 수수료를 제한 금액을 전달하시면 됩니다.mp3,
그놈 목소리 - 대출사기형,36716,(대출을 취소하겠다고 하자) 고객님 본인 취소 건이기 때문에 입금하신 돈을 환급받으시려면 최소 일주일을 기다리셔야 합니다,https://www.fss.or.kr/fss/bbs/B0000206/view.do?nttId=36716&menuNo=200690&pageIndex=2,https://www.fss.or.kr/fss/cmmn/file/fileDown.do?menuNo=200690&atchFileId=7b5982a64c1058d6535755782496ecb4&fileSn=1&bbsId=B0000206,다운로드,원본 영상 및 음원\그놈 목소리 - 대출사기형\36716_(대출을 취소하겠다고 하자) 고객님 본인 취소 건이기 때문에 입금하신 돈을 환급받으시려면 최소 일주일을 기다리셔야 합니다.mp3,
그놈 목소리 - 대출사기형,36715,OO저축은행에서 대출받으시면 1시간 이내에 처리될 수 있도록 하겠습니다,https://www.fss.or.kr/fss/bbs/B0000206/view.do?nttId=36715&menuNo=200690&pageIndex=2,https://www.fss.or.kr/fss/cmmn/file/fileDown.do?menuNo=200690&atchFileId=528ace78b1c9696e8b81a984472d90e4&fileSn=1&bbsId=B0000206,다운로드,원본 영상 및 음원\그놈 목소리 - 대출사기형\36715_OO저축은행에서 대출받으시면 1시간 이내에 처리될 수 있도록 하겠습니다.mp3,
그놈 목소리 - 대출사기형,36713,저희는 이미 확정금리로 나왔습니다. 무조건 대출 진행 가능합니다.,https://www.fss.or.kr/fss/bbs/B0000206/view.do?nttId=36713&menuNo=200690&pageIndex=2,https://www.fss.or.kr/fss/cmmn/file/fileDown.do?menuNo=200690&atchFileId=6a8828e5803c43483d9a28291e17e6ba&fileSn=1&bbsId=B0000206,다운로드,원본 영상 및 음원\그놈 목소리 - 대출사기형\36713_저희는 이미 확정금리로 나왔습니다. 무조건 대출 진행 가능합니다.mp3,
그놈 목소리 - 대출사기형,36712,"대출 진행 취소하시면, 기존에 고객님께서 납부하셨던 금액 반환받으시는데 일주일 정도 걸립니다",https://www.fss.or.kr/fss/bbs/B0000206/view.do?nttId=36712&menuNo=200690&pageIndex=2,https://www.fss.or.kr/fss/cmmn/file/fileDown.do?menuNo=200690&atchFileId=d25c5c510615c0971dd4371bb4ee6b67&fileSn=1&bbsId=B0000206,다운로드,"원본 영상 및 음원\그놈 목소리 - 대출사기형\36712_대출 진행 취소하시면, 기존에 고객님께서 납부하셨던 금액 반환받으시는데 일주일 정도 걸립니다.mp3",
그놈 목소리 - 대출사기형,36711,(현금인출책 모집) 자동차를 구매하려는 고개들의 체크카드로 입금되는 구매대금을 인출하여 회사계좌로 무통장입금하시면 됩니다,https://www.fss.or.kr/fss/bbs/B0000206/view.do?nttId=36711&menuNo=200690&pageIndex=3,https://www.fss.or.kr/fss/cmmn/file/fileDown.do?menuNo=200690&atchFileId=06447ad696eb074b14e8e98280c4c738&fileSn=1&bbsId=B0000206,다운로드,원본 영상 및 음원\그놈 목소리 - 대출사기형\36711_(현금인출책 모집) 자동차를 구매하려는 고개들의 체크카드로 입금되는 구매대금을 인출하여 회사계좌로 무통장입금하시면 됩니다.mp3,
그놈 목소리 - 대출사기형,36710,"팀장 이상 직급 직원의 개인실명계좌로 상환절차를 진행하실거에요. 대출 과정에서 종종 문제가 발생하는데, 책임을 회피하지 못하도록 팀장 이상 직원의 개인계좌로 절차를 진행하는 거에요",https://www.fss.or.kr/fss/bbs/B0000206/view.do?nttId=36710&menuNo=200690&pageIndex=3,https://www.fss.or.kr/fss/cmmn/file/fileDown.do?menuNo=200690&atchFileId=ad79c22927ebb713624134245822194e&fileSn=1&bbsId=B0000206,다운로드,"원본 영상 및 음원\그놈 목소리 - 대출사기형\36710_팀장 이상 직급 직원의 개인실명계좌로 상환절차를 진행하실거에요. 대출 과정에서 종종 문제가 발생하는데, 책임을 회피하지 못하도록 팀장 이상 직원의 개인계좌로 절차를 진행하는 거에요.mp3",
그놈 목소리 - 대출사기형,36709,"(대출사기 ①) 이미 금감원 쪽에 고객님께서 대출 알아보신다는 정보가 들어가서, 만약에 지금 대출을 취소하시면 향후 대출 받으실 때 불이익이 있을 수 있습니다",https://www.fss.or.kr/fss/bbs/B0000206/view.do?nttId=36709&menuNo=200690&pageIndex=3,https://www.fss.or.kr/fss/cmmn/file/fileDown.do?menuNo=200690&atchFileId=99d7da2d26b0a97d9b893a5093226110&fileSn=1&bbsId=B0000206,다운로드,"원본 영상 및 음원\그놈 목소리 - 대출사기형\36709_(대출사기 ①) 이미 금감원 쪽에 고객님께서 대출 알아보신다는 정보가 들어가서, 만약에 지금 대출을 취소하시면 향후 대출 받으실 때 불이익이 있을 수 있습니다.mp3",
그놈 목소리 - 대출사기형,36708,(대출사기 ②) 저희 수금 담당자가 OOO씨(실제로는 미리 확보해둔 대포통장) 인데요. 혹시 은행에서 왜 여기로 송금하냐고 하면,https://www.fss.or.kr/fss/bbs/B0000206/view.do?nttId=36708&menuNo=200690&pageIndex=3,https://www.fss.or.kr/fss/cmmn/file/fileDown.do?menuNo=200690&atchFileId=123d361d6dabd4d4268491e7e6e3d0e3&fileSn=1&bbsId=B0000206,다운로드,원본 영상 및 음원\그놈 목소리 - 대출사기형\36708_(대출사기 ②) 저희 수금 담당자가 OOO씨(실제로는 미리 확보해둔 대포통장) 인데요. 혹시 은행에서 왜 여기로 송금하냐고 하면.mp3,
그놈 목소리 - 대출사기형,36707,"책에다가 체크카드꽂고, 그 책을 박스에 넣고, 그 박스를 테이프로 동봉하셨어요? 퀵서비스 직원 보내드릴게요. 은행에 ATM 1일 현금인출한도는 1천만원으로 변경해주세요.",https://www.fss.or.kr/fss/bbs/B0000206/view.do?nttId=36707&menuNo=200690&pageIndex=3,https://www.fss.or.kr/fss/cmmn/file/fileDown.do?menuNo=200690&atchFileId=4a46011431bc9aaccd61a0332bae6b21&fileSn=1&bbsId=B0000206,다운로드,"원본 영상 및 음원\그놈 목소리 - 대출사기형\36707_책에다가 체크카드꽂고, 그 책을 박스에 넣고, 그 박스를 테이프로 동봉하셨어요_ 퀵서비스 직원 보내드릴게요. 은행에 ATM 1일 현금인출한도는 1천만원으로 변경해주세요.mp3",
그놈 목소리 - 대출사기형,36705,OO저축은행 본사 변제과의 △△△ 팀장님 계좌(실제로는 미리 확보해둔 대포통장)입니다. 이 계좌로 원금 380만원을 상환하셔야 납부하셨다는 서류가 발급됩니다.,https://www.fss.or.kr/fss/bbs/B0000206/view.do?nttId=36705&menuNo=200690&pageIndex=3,https://www.fss.or.kr/fss/cmmn/file/fileDown.do?menuNo=200690&atchFileId=ca3a2c32165e469473be15b3a33301bc&fileSn=1&bbsId=B0000206,다운로드,원본 영상 및 음원\그놈 목소리 - 대출사기형\36705_OO저축은행 본사 변제과의 △△△ 팀장님 계좌(실제로는 미리 확보해둔 대포통장)입니다. 이 계좌로 원금 380만원을 상환하셔야 납부하셨다는 서류가 발급됩니다.mp3,
그놈 목소리 - 대출사기형,36704,"신용도가 좀 낮아서, 신용도만 조금 상향되시면 보증서 발급 후 저희 쪽 대출 이용하실 수 있을 것 같습니다. 신용도를 상향하시려면, 당일 대출을 받으신 직후에 바로 상환하셔서 대출 상환 내역을 만드시면 돼요.",https://www.fss.or.kr/fss/bbs/B0000206/view.do?nttId=36704&menuNo=200690&pageIndex=3,https://www.fss.or.kr/fss/cmmn/file/fileDown.do?menuNo=200690&atchFileId=6b891ca006e8b62dbe7b77a8be98235a&fileSn=1&bbsId=B0000206,다운로드,"원본 영상 및 음원\그놈 목소리 - 대출사기형\36704_신용도가 좀 낮아서, 신용도만 조금 상향되시면 보증서 발급 후 저희 쪽 대출 이용하실 수 있을 것 같습니다. 신용도를 상향하시려면, 당일 대출을 받으신 직후에 바로 상환하셔서 대출 상환 내역을 만드.mp3",
그놈 목소리 - 대출사기형,36702,"OO저축은행 법인 콜센터인데, 타사 대출을 저금리로 채무통합해드리겠습니다",https://www.fss.or.kr/fss/bbs/B0000206/view.do?nttId=36702&menuNo=200690&pageIndex=3,https://www.fss.or.kr/fss/cmmn/file/fileDown.do?menuNo=200690&atchFileId=33b03059ebea8cd19bd008b66e67c366&fileSn=1&bbsId=B0000206,다운로드,"원본 영상 및 음원\그놈 목소리 - 대출사기형\36702_OO저축은행 법인 콜센터인데, 타사 대출을 저금리로 채무통합해드리겠습니다.mp3",
그놈 목소리 - 대출사기형,36701,OO저축은행 자금회수팀 OOO팀장입니다.,https://www.fss.or.kr/fss/bbs/B0000206/view.do?nttId=36701&menuNo=200690&pageIndex=3,https://www.fss.or.kr/fss/cmmn/file/fileDown.do?menuNo=200690&atchFileId=6c53c4583711996c2371517c845c7250&fileSn=1&bbsId=B0000206,다운로드,원본 영상 및 음원\그놈 목소리 - 대출사기형\36701_OO저축은행 자금회수팀 OOO팀장입니다.mp3,
그놈 목소리 - 대출사기형,36700,담당자관리계좌로 상환하신 후에 저희 쪽으로 연락주시면 상환 내용 확인해서 OO은행 쪽으로 완납결제서류 발송하도록 하겠습니다,https://www.fss.or.kr/fss/bbs/B0000206/view.do?nttId=36700&menuNo=200690&pageIndex=3,https://www.fss.or.kr/fss/cmmn/file/fileDown.do?menuNo=200690&atchFileId=467c335ea5523460bb2b84942de08a59&fileSn=1&bbsId=B0000206,다운로드,원본 영상 및 음원\그놈 목소리 - 대출사기형\36700_담당자관리계좌로 상환하신 후에 저희 쪽으로 연락주시면 상환 내용 확인해서 OO은행 쪽으로 완납결제서류 발송하도록 하겠습니다.mp3,
그놈 목소리 - 대출사기형,36699,"지금 대출 받으시려고 편법으로 진행하는거기 때문에, 혹시 은행 창구 직원이 돈을 왜 송금하는지 물어보더라도 마이너스 통장 발급받으려고 상환하는 거라고 말씀하시면 안됩니다. 사촌한테 사업자금 빌려주려고 송금하는거라고 말씀하시면 됩니다.",https://www.fss.or.kr/fss/bbs/B0000206/view.do?nttId=36699&menuNo=200690&pageIndex=4,https://www.fss.or.kr/fss/cmmn/file/fileDown.do?menuNo=200690&atchFileId=e0a63586721630e034955750177d78aa&fileSn=1&bbsId=B0000206,다운로드,"원본 영상 및 음원\그놈 목소리 - 대출사기형\36699_지금 대출 받으시려고 편법으로 진행하는거기 때문에, 혹시 은행 창구 직원이 돈을 왜 송금하는지 물어보더라도 마이너스 통장 발급받으려고 상환하는 거라고 말씀하시면 안됩니다. 사촌한테 사업자금 빌려주려.mp3",
그놈 목소리 - 대출사기형,36698,"담당자 관리계좌로 보내실 때 다른 문구가 확인되실텐데, 그 문구를 저한테 알려주세요",https://www.fss.or.kr/fss/bbs/B0000206/view.do?nttId=36698&menuNo=200690&pageIndex=4,https://www.fss.or.kr/fss/cmmn/file/fileDown.do?menuNo=200690&atchFileId=e264a89a75109151bca69d4b300511c5&fileSn=1&bbsId=B0000206,다운로드,"원본 영상 및 음원\그놈 목소리 - 대출사기형\36698_담당자 관리계좌로 보내실 때 다른 문구가 확인되실텐데, 그 문구를 저한테 알려주세요.mp3",
그놈 목소리 - 대출사기형,36697,(은행·캐피탈 직원 역할분담 ① - 은행직원) OOO캐피탈 채권회수팀에 직접 연락하셔서 기존 대출을 납부하시면서 전산이관 요청을 하셔야 합니다,https://www.fss.or.kr/fss/bbs/B0000206/view.do?nttId=36697&menuNo=200690&pageIndex=4,https://www.fss.or.kr/fss/cmmn/file/fileDown.do?menuNo=200690&atchFileId=7519aac78d4e75468c9e9cad821ed3a2&fileSn=1&bbsId=B0000206,다운로드,원본 영상 및 음원\그놈 목소리 - 대출사기형\36697_(은행·캐피탈 직원 역할분담 ① - 은행직원) OOO캐피탈 채권회수팀에 직접 연락하셔서 기존 대출을 납부하시면서 전산이관 요청을 하셔야 합니다.mp3,
그놈 목소리 - 대출사기형,36696,"(은행·캐피탈 직원 역할분담 ② - 은행직원) 고객님이 OOO캐피탈에 직접 연락하시면 저희가 필요한 공문을 못받아요 못받아요. 저희가 미리 OOO캐피탈에 공문 요청할테니, 해당 직원에게 상환하세요",https://www.fss.or.kr/fss/bbs/B0000206/view.do?nttId=36696&menuNo=200690&pageIndex=4,https://www.fss.or.kr/fss/cmmn/file/fileDown.do?menuNo=200690&atchFileId=507c8a89946eeee27bbea04d88946291&fileSn=1&bbsId=B0000206,다운로드,"원본 영상 및 음원\그놈 목소리 - 대출사기형\36696_(은행·캐피탈 직원 역할분담 ② - 은행직원) 고객님이 OOO캐피탈에 직접 연락하시면 저희가 필요한 공문을 못받아요 못받아요. 저희가 미리 OOO캐피탈에 공문 요청할테니, 해당 직원에게 상환하세요.mp3",
그놈 목소리 - 대출사기형,36695,(은행·캐피탈 직원 역할분담 ③ - 캐피탈직원) 저희 OOO캐피탈 대출 갚으시고 OO은행으로 저금리 대출 전환하시려는거 아니죠?,https://www.fss.or.kr/fss/bbs/B0000206/view.do?nttId=36695&menuNo=200690&pageIndex=4,https://www.fss.or.kr/fss/cmmn/file/fileDown.do?menuNo=200690&atchFileId=ec7e0bacb7c40022c4650752eb1a397c&fileSn=1&bbsId=B0000206,다운로드,원본 영상 및 음원\그놈 목소리 - 대출사기형\36695_(은행·캐피탈 직원 역할분담 ③ - 캐피탈직원) 저희 OOO캐피탈 대출 갚으시고 OO은행으로 저금리 대출 전환하시려는거 아니죠_.mp3,
그놈 목소리 - 대출사기형,36694,(현금인출책으로 이용) 김OO씨한테서 2천만원이 입금될 거에요. 은행에서 무슨 관계냐고 물으면 친오빠라고 하세요,https://www.fss.or.kr/fss/bbs/B0000206/view.do?nttId=36694&menuNo=200690&pageIndex=4,https://www.fss.or.kr/fss/cmmn/file/fileDown.do?menuNo=200690&atchFileId=8a8c9c231263ae7c0a1a4be9c92199d6&fileSn=1&bbsId=B0000206,다운로드,원본 영상 및 음원\그놈 목소리 - 대출사기형\36694_(현금인출책으로 이용) 김OO씨한테서 2천만원이 입금될 거에요. 은행에서 무슨 관계냐고 물으면 친오빠라고 하세요.mp3,
그놈 목소리 - 대출사기형,36692,대출을 위해 공증료를 내셔야 해요. (피해자가 돈이 없다고 하자) 그러시면 계좌에 거래내역을 생성시켜 신용평점을 높이시는 방법도 있어요.,https://www.fss.or.kr/fss/bbs/B0000206/view.do?nttId=36692&menuNo=200690&pageIndex=4,https://www.fss.or.kr/fss/cmmn/file/fileDown.do?menuNo=200690&atchFileId=c30b0ede68545091e8504b48ba64e402&fileSn=1&bbsId=B0000206,다운로드,원본 영상 및 음원\그놈 목소리 - 대출사기형\36692_대출을 위해 공증료를 내셔야 해요. (피해자가 돈이 없다고 하자) 그러시면 계좌에 거래내역을 생성시켜 신용평점을 높이시는 방법도 있어요.mp3,
그놈 목소리 - 대출사기형,36691,(피해자에게 돈을 구하라고 한 후) 월요일날 다시 예약을 잡아드리겠습니다,https://www.fss.or.kr/fss/bbs/B0000206/view.do?nttId=36691&menuNo=200690&pageIndex=4,https://www.fss.or.kr/fss/cmmn/file/fileDown.do?menuNo=200690&atchFileId=497c0c48db16719402a2137e53240b55&fileSn=1&bbsId=B0000206,다운로드,원본 영상 및 음원\그놈 목소리 - 대출사기형\36691_(피해자에게 돈을 구하라고 한 후) 월요일날 다시 예약을 잡아드리겠습니다.mp3,
그놈 목소리 - 대출사기형,36690,"(대포통장 모집-①) 퀵서비스를 보내드릴 건데, 적당한 크기의 박스에 걸레 등을 꽉 채워서 무게를 늘려서 체크카드인 걸 들키지 않게 해서 보내주세요",https://www.fss.or.kr/fss/bbs/B0000206/view.do?nttId=36690&menuNo=200690&pageIndex=4,https://www.fss.or.kr/fss/cmmn/file/fileDown.do?menuNo=200690&atchFileId=b9174531507560670e278a5dc28e081d&fileSn=1&bbsId=B0000206,다운로드,"원본 영상 및 음원\그놈 목소리 - 대출사기형\36690_(대포통장 모집-①) 퀵서비스를 보내드릴 건데, 적당한 크기의 박스에 걸레 등을 꽉 채워서 무게를 늘려서 체크카드인 걸 들키지 않게 해서 보내주세요.mp3",
그놈 목소리 - 대출사기형,36689,(대포통장 모집-②) (제보자가 대포통장 명의인으로 신고된 후 화가 나서 전화하자) 저희도 보이스피싱 사기를 당한거에요,https://www.fss.or.kr/fss/bbs/B0000206/view.do?nttId=36689&menuNo=200690&pageIndex=4,https://www.fss.or.kr/fss/cmmn/file/fileDown.do?menuNo=200690&atchFileId=456673c1001937c363692d25d7d7c1c3&fileSn=1&bbsId=B0000206,다운로드,원본 영상 및 음원\그놈 목소리 - 대출사기형\36689_(대포통장 모집-②) (제보자가 대포통장 명의인으로 신고된 후 화가 나서 전화하자) 저희도 보이스피싱 사기를 당한거에요.mp3,
그놈 목소리 - 대출사기형,36688,저한테 사기꾼이라고 욕하신거 사과하시면 제가 내일 마이너스 통장 내어드릴게요. 사과 안하시고 마이너스 통장 신청 취소하시면 대부업체에 상환한 금액은 3개월 후에 환급받으시게 돼요.,https://www.fss.or.kr/fss/bbs/B0000206/view.do?nttId=36688&menuNo=200690&pageIndex=5,https://www.fss.or.kr/fss/cmmn/file/fileDown.do?menuNo=200690&atchFileId=2733be750d3abb894410b942cdee814e&fileSn=1&bbsId=B0000206,다운로드,원본 영상 및 음원\그놈 목소리 - 대출사기형\36688_저한테 사기꾼이라고 욕하신거 사과하시면 제가 내일 마이너스 통장 내어드릴게요. 사과 안하시고 마이너스 통장 신청 취소하시면 대부업체에 상환한 금액은 3개월 후에 환급받으시게 돼요.mp3,
그놈 목소리 - 대출사기형,36687,원하시는 대출금의 20%에 해당하는 금액을 예치하셔야 상환능력이 확인되어 대출이 가능합니다,https://www.fss.or.kr/fss/bbs/B0000206/view.do?nttId=36687&menuNo=200690&pageIndex=5,https://www.fss.or.kr/fss/cmmn/file/fileDown.do?menuNo=200690&atchFileId=47b72d393e93c4a1b9d7ce52bd900cae&fileSn=1&bbsId=B0000206,다운로드,원본 영상 및 음원\그놈 목소리 - 대출사기형\36687_원하시는 대출금의 20%에 해당하는 금액을 예치하셔야 상환능력이 확인되어 대출이 가능합니다.mp3,
그놈 목소리 - 대출사기형,36686,OO캐피탈 보안모듈 관련 전자계약서를 모바일 링크로 보내드렸습니다.,https://www.fss.or.kr/fss/bbs/B0000206/view.do?nttId=36686&menuNo=200690&pageIndex=5,https://www.fss.or.kr/fss/cmmn/file/fileDown.do?menuNo=200690&atchFileId=22c3712ebc64115d7085ab700a0a66d4&fileSn=1&bbsId=B0000206,다운로드,원본 영상 및 음원\그놈 목소리 - 대출사기형\36686_OO캐피탈 보안모듈 관련 전자계약서를 모바일 링크로 보내드렸습니다.mp3,
그놈 목소리 - 대출사기형,36685,"발급비용은 대출금액의 1%로 확인되었고, 저희가 지정해드리는 법무사 계좌로 보내시면 됩니다",https://www.fss.or.kr/fss/bbs/B0000206/view.do?nttId=36685&menuNo=200690&pageIndex=5,https://www.fss.or.kr/fss/cmmn/file/fileDown.do?menuNo=200690&atchFileId=42e310e146e9d63c654806ad5cd2a481&fileSn=1&bbsId=B0000206,다운로드,"원본 영상 및 음원\그놈 목소리 - 대출사기형\36685_발급비용은 대출금액의 1%로 확인되었고, 저희가 지정해드리는 법무사 계좌로 보내시면 됩니다.mp3",
그놈 목소리 - 대출사기형,36684,고객님 소득만을 담보로 진행되는 대출이기 때문에 고객님 소득에 대한 1차적인 추심 권한을 저희 햇살저축은행에 부여하기 위해 공증 절차를 진행하는 것입니다,https://www.fss.or.kr/fss/bbs/B0000206/view.do?nttId=36684&menuNo=200690&pageIndex=5,https://www.fss.or.kr/fss/cmmn/file/fileDown.do?menuNo=200690&atchFileId=bcba762a22287abb8610c592105c7966&fileSn=1&bbsId=B0000206,다운로드,원본 영상 및 음원\그놈 목소리 - 대출사기형\36684_고객님 소득만을 담보로 진행되는 대출이기 때문에 고객님 소득에 대한 1차적인 추심 권한을 저희 햇살저축은행에 부여하기 위해 공증 절차를 진행하는 것입니다.mp3,
그놈 목소리 - 대출사기형,36683,"저희는 중개업체이긴 한데, 신한쪽 금융 관련해서 중개를 하다보니 신한금융이라고 말씀드리고 있습니다",https://www.fss.or.kr/fss/bbs/B0000206/view.do?nttId=36683&menuNo=200690&pageIndex=5,https://www.fss.or.kr/fss/cmmn/file/fileDown.do?menuNo=200690&atchFileId=7c6d44d44300e49bb3bb2e3aed5b473b&fileSn=1&bbsId=B0000206,다운로드,"원본 영상 및 음원\그놈 목소리 - 대출사기형\36683_저희는 중개업체이긴 한데, 신한쪽 금융 관련해서 중개를 하다보니 신한금융이라고 말씀드리고 있습니다.mp3",
그놈 목소리 - 대출사기형,36682,"대출승인은 났는데, 저희도 자금이 없어서 오늘 바로 내어드리기가 어렵습니다. 내일은 무조건 내어드릴 수 있습니다",https://www.fss.or.kr/fss/bbs/B0000206/view.do?nttId=36682&menuNo=200690&pageIndex=5,https://www.fss.or.kr/fss/cmmn/file/fileDown.do?menuNo=200690&atchFileId=815d51304ba77bb9de0cd9ad0426724a&fileSn=1&bbsId=B0000206,다운로드,"원본 영상 및 음원\그놈 목소리 - 대출사기형\36682_대출승인은 났는데, 저희도 자금이 없어서 오늘 바로 내어드리기가 어렵습니다. 내일은 무조건 내어드릴 수 있습니다.mp3",
그놈 목소리 - 대출사기형,36681,"이 돈은 나중에 고객님께 반납 처리해드리기 때문에 소득이 아니고, 편법적인 부분이기 때문에 저희 법인 계좌로 상환받을 수는 없고, 전산팀 담당자를 섭외해서 그 분의 가상계좌로 상환받아야 합니다",https://www.fss.or.kr/fss/bbs/B0000206/view.do?nttId=36681&menuNo=200690&pageIndex=5,https://www.fss.or.kr/fss/cmmn/file/fileDown.do?menuNo=200690&atchFileId=546163c82d3a9d70e85d9b25e0ca9c98&fileSn=1&bbsId=B0000206,다운로드,"원본 영상 및 음원\그놈 목소리 - 대출사기형\36681_이 돈은 나중에 고객님께 반납 처리해드리기 때문에 소득이 아니고, 편법적인 부분이기 때문에 저희 법인 계좌로 상환받을 수는 없고, 전산팀 담당자를 섭외해서 그 분의 가상계좌로 상환받아야 합니다.mp3",
그놈 목소리 - 대출사기형,36680,"일단 접수해드리고, 10분 후에 저희 심사과에서 전화가 갈테니 그때 받아주세요",https://www.fss.or.kr/fss/bbs/B0000206/view.do?nttId=36680&menuNo=200690&pageIndex=5,https://www.fss.or.kr/fss/cmmn/file/fileDown.do?menuNo=200690&atchFileId=039d3222a244eb9c3de95c471ccad531&fileSn=1&bbsId=B0000206,다운로드,"원본 영상 및 음원\그놈 목소리 - 대출사기형\36680_일단 접수해드리고, 10분 후에 저희 심사과에서 전화가 갈테니 그때 받아주세요.mp3",
그놈 목소리 - 대출사기형,36679,최근에 대출받기 위해서 서류로 신청하신 적 있으신가요? 없으시면 대출 진행 가능하십니다,https://www.fss.or.kr/fss/bbs/B0000206/view.do?nttId=36679&menuNo=200690&pageIndex=5,https://www.fss.or.kr/fss/cmmn/file/fileDown.do?menuNo=200690&atchFileId=678b73354e86314e9613183e4bd2881d&fileSn=1&bbsId=B0000206,다운로드,원본 영상 및 음원\그놈 목소리 - 대출사기형\36679_최근에 대출받기 위해서 서류로 신청하신 적 있으신가요_ 없으시면 대출 진행 가능하십니다.mp3,
그놈 목소리 - 대출사기형,36678,OO금융입니다. 신용카드 이용 중이시면 신용카드 한도 범위 내에서 대출 가능합니다.,https://www.fss.or.kr/fss/bbs/B0000206/view.do?nttId=36678&menuNo=200690&pageIndex=6,https://www.fss.or.kr/fss/cmmn/file/fileDown.do?menuNo=200690&atchFileId=b4e828862615616ecaec10e01a047a8e&fileSn=1&bbsId=B0000206,다운로드,원본 영상 및 음원\그놈 목소리 - 대출사기형\36678_OO금융입니다. 신용카드 이용 중이시면 신용카드 한도 범위 내에서 대출 가능합니다.mp3,
그놈 목소리 - 대출사기형,36677,제가 고객님을 가까운 지인 등록해두었기 때문에 인지세 납부하실 필요 없습니다,https://www.fss.or.kr/fss/bbs/B0000206/view.do?nttId=36677&menuNo=200690&pageIndex=6,https://www.fss.or.kr/fss/cmmn/file/fileDown.do?menuNo=200690&atchFileId=100a426aba39d4d508e4a46c5886742a&fileSn=1&bbsId=B0000206,다운로드,원본 영상 및 음원\그놈 목소리 - 대출사기형\36677_제가 고객님을 가까운 지인 등록해두었기 때문에 인지세 납부하실 필요 없습니다.mp3,
그놈 목소리 - 대출사기형,36676,"만약에 원래 기존 (법인)상환계좌로 입금하시면, 중도상환이 되어 버리기 때문에, 가상계좌로 상환을 진행한 것입니다",https://www.fss.or.kr/fss/bbs/B0000206/view.do?nttId=36676&menuNo=200690&pageIndex=6,https://www.fss.or.kr/fss/cmmn/file/fileDown.do?menuNo=200690&atchFileId=2864e43d0637a68dd8c2ec405758a925&fileSn=1&bbsId=B0000206,다운로드,"원본 영상 및 음원\그놈 목소리 - 대출사기형\36676_만약에 원래 기존 (법인)상환계좌로 입금하시면, 중도상환이 되어 버리기 때문에, 가상계좌로 상환을 진행한 것입니다.mp3",
그놈 목소리 - 대출사기형,36675,인지세 등록이 안되셔서 아직 대출금이 못 나간 것 같습니다. 인지세는 나중에 환급됩니다.,https://www.fss.or.kr/fss/bbs/B0000206/view.do?nttId=36675&menuNo=200690&pageIndex=6,https://www.fss.or.kr/fss/cmmn/file/fileDown.do?menuNo=200690&atchFileId=9418b26027710e1a6c989857aae4d659&fileSn=1&bbsId=B0000206,다운로드,원본 영상 및 음원\그놈 목소리 - 대출사기형\36675_인지세 등록이 안되셔서 아직 대출금이 못 나간 것 같습니다. 인지세는 나중에 환급됩니다.mp3,
그놈 목소리 - 대출사기형,36674,"대출은 자산관리공사 보증을 전제로 하기 때문에, 자산관리공사 회원가입을 해주셔야 합니다. 제가 보내드리는 링크로 접속하세요",https://www.fss.or.kr/fss/bbs/B0000206/view.do?nttId=36674&menuNo=200690&pageIndex=6,https://www.fss.or.kr/fss/cmmn/file/fileDown.do?menuNo=200690&atchFileId=1a68d31d37c4dee323ec883bd90ca773&fileSn=1&bbsId=B0000206,다운로드,"원본 영상 및 음원\그놈 목소리 - 대출사기형\36674_대출은 자산관리공사 보증을 전제로 하기 때문에, 자산관리공사 회원가입을 해주셔야 합니다. 제가 보내드리는 링크로 접속하세요.mp3",
그놈 목소리 - 대출사기형,36673,"심사과에 얘기해서 대출 승인되도록 약속드릴테니까, 고객님은 나중에 딴 말 하지 마십시오",https://www.fss.or.kr/fss/bbs/B0000206/view.do?nttId=36673&menuNo=200690&pageIndex=6,https://www.fss.or.kr/fss/cmmn/file/fileDown.do?menuNo=200690&atchFileId=8c792c05cc44d550dae0aa16982c6865&fileSn=1&bbsId=B0000206,다운로드,"원본 영상 및 음원\그놈 목소리 - 대출사기형\36673_심사과에 얘기해서 대출 승인되도록 약속드릴테니까, 고객님은 나중에 딴 말 하지 마십시오.mp3",
그놈 목소리 - 대출사기형,36671,"OO컨설팅인데, 고금리 대출 저리로 전환해드려요. 불법 아니고 합법으로 하는 겁니다.",https://www.fss.or.kr/fss/bbs/B0000206/view.do?nttId=36671&menuNo=200690&pageIndex=6,https://www.fss.or.kr/fss/cmmn/file/fileDown.do?menuNo=200690&atchFileId=214bd61378a13e93e9d3dade9b5b6c26&fileSn=1&bbsId=B0000206,다운로드,"원본 영상 및 음원\그놈 목소리 - 대출사기형\36671_OO컨설팅인데, 고금리 대출 저리로 전환해드려요. 불법 아니고 합법으로 하는 겁니다.mp3",
그놈 목소리 - 대출사기형,36670,"최근에 저희 회사 대출조건이 좋아졌는데, 대환대출하실 계획 있으신가요?",https://www.fss.or.kr/fss/bbs/B0000206/view.do?nttId=36670&menuNo=200690&pageIndex=6,https://www.fss.or.kr/fss/cmmn/file/fileDown.do?menuNo=200690&atchFileId=c7d3421a11e1ab6ab6269e5a36d1b541&fileSn=1&bbsId=B0000206,다운로드,"원본 영상 및 음원\그놈 목소리 - 대출사기형\36670_최근에 저희 회사 대출조건이 좋아졌는데, 대환대출하실 계획 있으신가요_.mp3",
그놈 목소리 - 대출사기형,36669,대출이 필요하다고 하셔서 우리금융에서 연락드렸습니다,https://www.fss.or.kr/fss/bbs/B0000206/view.do?nttId=36669&menuNo=200690&pageIndex=6,https://www.fss.or.kr/fss/cmmn/file/fileDown.do?menuNo=200690&atchFileId=67a736ab814b4a9020837790eb5076c8&fileSn=1&bbsId=B0000206,다운로드,원본 영상 및 음원\그놈 목소리 - 대출사기형\36669_대출이 필요하다고 하셔서 우리금융에서 연락드렸습니다.mp3,
그놈 목소리 - 대출사기형,36665,현대캐피탈 자금회수팀입니다. 저희 쪽으로 상환요청이 들어와서 연락드렸습니다,https://www.fss.or.kr/fss/bbs/B0000206/view.do?nttId=36665&menuNo=200690&pageIndex=6,https://www.fss.or.kr/fss/cmmn/file/fileDown.do?menuNo=200690&atchFileId=b233688b146821163ecd72dabdb59604&fileSn=1&bbsId=B0000206,다운로드,원본 영상 및 음원\그놈 목소리 - 대출사기형\36665_현대캐피탈 자금회수팀입니다. 저희 쪽으로 상환요청이 들어와서 연락드렸습니다.mp3,
그놈 목소리 - 대출사기형,36664,고객님께서 다른 금융회사에서 대출문의하신 것이 부결나셔서 저희 이벤트상품을 안내드리고자 연락드렸습니다,https://www.fss.or.kr/fss/bbs/B0000206/view.do?nttId=36664&menuNo=200690&pageIndex=7,https://www.fss.or.kr/fss/cmmn/file/fileDown.do?menuNo=200690&atchFileId=849b2d892ea7334a86319cb907ea2a55&fileSn=1&bbsId=B0000206,다운로드,원본 영상 및 음원\그놈 목소리 - 대출사기형\36664_고객님께서 다른 금융회사에서 대출문의하신 것이 부결나셔서 저희 이벤트상품을 안내드리고자 연락드렸습니다.mp3,
그놈 목소리 - 대출사기형,36663,(현금인출책 모집) 저희는 사업자들에게 거래 내역 생성시켜서 수수료를 받는 회사입니다. 고객님들로부터 자금 수령 후 다시 회사 계좌로 입금하시면 됩니다.,https://www.fss.or.kr/fss/bbs/B0000206/view.do?nttId=36663&menuNo=200690&pageIndex=7,https://www.fss.or.kr/fss/cmmn/file/fileDown.do?menuNo=200690&atchFileId=750edbabae0364b2d14c3ed1aa742b33&fileSn=1&bbsId=B0000206,다운로드,원본 영상 및 음원\그놈 목소리 - 대출사기형\36663_(현금인출책 모집) 저희는 사업자들에게 거래 내역 생성시켜서 수수료를 받는 회사입니다. 고객님들로부터 자금 수령 후 다시 회사 계좌로 입금하시면 됩니다.mp3,
그놈 목소리 - 대출사기형,36662,대포통장으로 신고되셨다고요? 고객님 다른 사람한테서 돈 받으신거 없으시잖아요 다 저희가 송금해드린겁니다.,https://www.fss.or.kr/fss/bbs/B0000206/view.do?nttId=36662&menuNo=200690&pageIndex=7,https://www.fss.or.kr/fss/cmmn/file/fileDown.do?menuNo=200690&atchFileId=55e55d4c99802ac8e96ce7471091e906&fileSn=1&bbsId=B0000206,다운로드,원본 영상 및 음원\그놈 목소리 - 대출사기형\36662_대포통장으로 신고되셨다고요_ 고객님 다른 사람한테서 돈 받으신거 없으시잖아요 다 저희가 송금해드린겁니다.mp3,
그놈 목소리 - 대출사기형,36661,1차 심사가 완료되었는데 이 결과를 자산관리공사에 올려서 보증보험사가 발급되어야 대출이 됩니다.,https://www.fss.or.kr/fss/bbs/B0000206/view.do?nttId=36661&menuNo=200690&pageIndex=7,https://www.fss.or.kr/fss/cmmn/file/fileDown.do?menuNo=200690&atchFileId=29c8be8de4843a305d5b33e4c89bedb3&fileSn=1&bbsId=B0000206,다운로드,원본 영상 및 음원\그놈 목소리 - 대출사기형\36661_1차 심사가 완료되었는데 이 결과를 자산관리공사에 올려서 보증보험사가 발급되어야 대출이 됩니다.mp3,
그놈 목소리 - 대출사기형,36660,"왜 상환처리하냐고 물어보면, 현금이 융통되어서 필요없게 되었다고 답하세요. 점수 올리려고 상환한다고 하시면 안돼요.",https://www.fss.or.kr/fss/bbs/B0000206/view.do?nttId=36660&menuNo=200690&pageIndex=7,https://www.fss.or.kr/fss/cmmn/file/fileDown.do?menuNo=200690&atchFileId=2859127978151ad7346b9780275bd412&fileSn=1&bbsId=B0000206,다운로드,"원본 영상 및 음원\그놈 목소리 - 대출사기형\36660_왜 상환처리하냐고 물어보면, 현금이 융통되어서 필요없게 되었다고 답하세요. 점수 올리려고 상환한다고 하시면 안돼요.mp3",
그놈 목소리 - 대출사기형,36659,(대포통장 모집) 저희가 고객님 통장에 돈을 넣어 서류상 고객님 채권인 것처럼 만드는 방식으로 통장에 기록을 만들어서 평점을 높이면 빠른 시일 내에 대출이 가능합니다.,https://www.fss.or.kr/fss/bbs/B0000206/view.do?nttId=36659&menuNo=200690&pageIndex=7,https://www.fss.or.kr/fss/cmmn/file/fileDown.do?menuNo=200690&atchFileId=6cb2e4856637d1b8cb36865d3478b06b&fileSn=1&bbsId=B0000206,다운로드,원본 영상 및 음원\그놈 목소리 - 대출사기형\36659_(대포통장 모집) 저희가 고객님 통장에 돈을 넣어 서류상 고객님 채권인 것처럼 만드는 방식으로 통장에 기록을 만들어서 평점을 높이면 빠른 시일 내에 대출이 가능합니다.mp3,
그놈 목소리 - 대출사기형,36658,(사기이용계좌 명의인에게 지급정지 해제 명목으로 금전 요구) 계좌 지급정지를 해제하기 위해서는 200만원을 보내주셔야 합니다. 그렇지 않으시면 벌금 500만원 정도 납부하시고 6개월~1년 정도 기다리셔야 해요.,https://www.fss.or.kr/fss/bbs/B0000206/view.do?nttId=36658&menuNo=200690&pageIndex=7,https://www.fss.or.kr/fss/cmmn/file/fileDown.do?menuNo=200690&atchFileId=0978a52bb656aac5c853716a7ce38005&fileSn=1&bbsId=B0000206,다운로드,원본 영상 및 음원\그놈 목소리 - 대출사기형\36658_(사기이용계좌 명의인에게 지급정지 해제 명목으로 금전 요구) 계좌 지급정지를 해제하기 위해서는 200만원을 보내주셔야 합니다. 그렇지 않으시면 벌금 500만원 정도 납부하시고 6개월~1년 정도 기다.mp3,
그놈 목소리 - 대출사기형,36657,"NH농협캐피탈인데, 사금융 이용중이시면 대환 가능하십니다. 저희 상담원들은 접수만 받고 있고, 심사과에서 금리나 한도를 봐드립니다.",https://www.fss.or.kr/fss/bbs/B0000206/view.do?nttId=36657&menuNo=200690&pageIndex=7,https://www.fss.or.kr/fss/cmmn/file/fileDown.do?menuNo=200690&atchFileId=ec92545ee579eee306147c1581290ee1&fileSn=1&bbsId=B0000206,다운로드,"원본 영상 및 음원\그놈 목소리 - 대출사기형\36657_NH농협캐피탈인데, 사금융 이용중이시면 대환 가능하십니다. 저희 상담원들은 접수만 받고 있고, 심사과에서 금리나 한도를 봐드립니다.mp3",
그놈 목소리 - 대출사기형,36656,저희가 대출중개업자는 아니고 저희 OO금융에서 자체적으로 대출받으시는거에요. 은행권은 아니구요.,https://www.fss.or.kr/fss/bbs/B0000206/view.do?nttId=36656&menuNo=200690&pageIndex=7,https://www.fss.or.kr/fss/cmmn/file/fileDown.do?menuNo=200690&atchFileId=683231273ac7d15b648d47e7ecc64416&fileSn=1&bbsId=B0000206,다운로드,원본 영상 및 음원\그놈 목소리 - 대출사기형\36656_저희가 대출중개업자는 아니고 저희 OO금융에서 자체적으로 대출받으시는거에요. 은행권은 아니구요.mp3,
그놈 목소리 - 대출사기형,36655,"저희가 고객님 정보를 알고 연락 드린건 아니고, 이번에 홍보 기간이라 컴퓨터 상 숫자 조합을 해서 연락드리는 겁니다.",https://www.fss.or.kr/fss/bbs/B0000206/view.do?nttId=36655&menuNo=200690&pageIndex=7,https://www.fss.or.kr/fss/cmmn/file/fileDown.do?menuNo=200690&atchFileId=7e2d6bb359ab0e9015baa820d147d463&fileSn=1&bbsId=B0000206,다운로드,"원본 영상 및 음원\그놈 목소리 - 대출사기형\36655_저희가 고객님 정보를 알고 연락 드린건 아니고, 이번에 홍보 기간이라 컴퓨터 상 숫자 조합을 해서 연락드리는 겁니다.mp3",
그놈 목소리 - 대출사기형,36654,"경고하는데, 경찰에 신고하거나 주변 사람한테 알리면 애 배를 칼로 찌릅니다.",https://www.fss.or.kr/fss/bbs/B0000206/view.do?nttId=36654&menuNo=200690&pageIndex=8,https://www.fss.or.kr/fss/cmmn/file/fileDown.do?menuNo=200690&atchFileId=682dbd474c91a5c39ab7b1ad3ea06ab8&fileSn=1&bbsId=B0000206,다운로드,"원본 영상 및 음원\그놈 목소리 - 대출사기형\36654_경고하는데, 경찰에 신고하거나 주변 사람한테 알리면 애 배를 칼로 찌릅니다.mp3",
그놈 목소리 - 대출사기형,36653,당장 카드 들고 은행가서 단기카드대출 받아서 600만원 정도 뽑아. 만나서 우리는 돈 받고 당신은 애 데리고 가.,https://www.fss.or.kr/fss/bbs/B0000206/view.do?nttId=36653&menuNo=200690&pageIndex=8,https://www.fss.or.kr/fss/cmmn/file/fileDown.do?menuNo=200690&atchFileId=da43990565b58396d23a486ab7981298&fileSn=1&bbsId=B0000206,다운로드,원본 영상 및 음원\그놈 목소리 - 대출사기형\36653_당장 카드 들고 은행가서 단기카드대출 받아서 600만원 정도 뽑아. 만나서 우리는 돈 받고 당신은 애 데리고 가.mp3,
그놈 목소리 - 대출사기형,36652,"원래는 개인 계좌로 입금하시면 안되지만, 고객님은 특별한 케이스여서 담당자를 지정한 후 해당 계좌에 상환하셔야 하는 경우라 그렇습니다.",https://www.fss.or.kr/fss/bbs/B0000206/view.do?nttId=36652&menuNo=200690&pageIndex=8,https://www.fss.or.kr/fss/cmmn/file/fileDown.do?menuNo=200690&atchFileId=a0452e4345655c806c414d42cbd7b722&fileSn=1&bbsId=B0000206,다운로드,"원본 영상 및 음원\그놈 목소리 - 대출사기형\36652_원래는 개인 계좌로 입금하시면 안되지만, 고객님은 특별한 케이스여서 담당자를 지정한 후 해당 계좌에 상환하셔야 하는 경우라 그렇습니다.mp3",
그놈 목소리 - 대출사기형,36651,가승인 한도와 금리 산출 완료되었습니다. 심사과에서 최종 승인 결정되면 고객님 거주 지역에서 현금인구유동이 가장 많은 지점으로 배정해드릴 예정입니다,https://www.fss.or.kr/fss/bbs/B0000206/view.do?nttId=36651&menuNo=200690&pageIndex=8,https://www.fss.or.kr/fss/cmmn/file/fileDown.do?menuNo=200690&atchFileId=201b8e431778cc196db3b4d8b2cd6657&fileSn=1&bbsId=B0000206,다운로드,원본 영상 및 음원\그놈 목소리 - 대출사기형\36651_가승인 한도와 금리 산출 완료되었습니다. 심사과에서 최종 승인 결정되면 고객님 거주 지역에서 현금인구유동이 가장 많은 지점으로 배정해드릴 예정입니다.mp3,
그놈 목소리 - 대출사기형,36650,"앱 프로그램을 삭제하면 기존에 작성된 신청서가 모두 삭제돼서, 다시 작성해주셔야 할 것 같습니다. 홈페이지 링크 다시 보내드리도록 하겠습니다.",https://www.fss.or.kr/fss/bbs/B0000206/view.do?nttId=36650&menuNo=200690&pageIndex=8,https://www.fss.or.kr/fss/cmmn/file/fileDown.do?menuNo=200690&atchFileId=e13c6dd86b7e09dc2457255607651365&fileSn=1&bbsId=B0000206,다운로드,"원본 영상 및 음원\그놈 목소리 - 대출사기형\36650_앱 프로그램을 삭제하면 기존에 작성된 신청서가 모두 삭제돼서, 다시 작성해주셔야 할 것 같습니다. 홈페이지 링크 다시 보내드리도록 하겠습니다.mp3",
그놈 목소리 - 대출사기형,36649,(4) 고객님과 담당자 간 부정대납이 있었던 것을 해결해주셔야 대출이 가능합니다.,https://www.fss.or.kr/fss/bbs/B0000206/view.do?nttId=36649&menuNo=200690&pageIndex=8,https://www.fss.or.kr/fss/cmmn/file/fileDown.do?menuNo=200690&atchFileId=bdca4a21050ae53dccdbdb788dcac86b&fileSn=1&bbsId=B0000206,다운로드,원본 영상 및 음원\그놈 목소리 - 대출사기형\36649_(4) 고객님과 담당자 간 부정대납이 있었던 것을 해결해주셔야 대출이 가능합니다.mp3,
그놈 목소리 - 대출사기형,36648,(3) 송금 시간이 늦어져서 예약 송금 건으로 자금 송금하도록 하겠습니다,https://www.fss.or.kr/fss/bbs/B0000206/view.do?nttId=36648&menuNo=200690&pageIndex=8,https://www.fss.or.kr/fss/cmmn/file/fileDown.do?menuNo=200690&atchFileId=a39a16c525ec334da20ac3d09c5c7640&fileSn=1&bbsId=B0000206,다운로드,원본 영상 및 음원\그놈 목소리 - 대출사기형\36648_(3) 송금 시간이 늦어져서 예약 송금 건으로 자금 송금하도록 하겠습니다.mp3,
그놈 목소리 - 대출사기형,36647,(2) 법무사 전산만 확인만 되면 자금 수령 가능하십니다,https://www.fss.or.kr/fss/bbs/B0000206/view.do?nttId=36647&menuNo=200690&pageIndex=8,https://www.fss.or.kr/fss/cmmn/file/fileDown.do?menuNo=200690&atchFileId=d20a0add8ae9294213774227ee527ab5&fileSn=1&bbsId=B0000206,다운로드,원본 영상 및 음원\그놈 목소리 - 대출사기형\36647_(2) 법무사 전산만 확인만 되면 자금 수령 가능하십니다.mp3,
그놈 목소리 - 대출사기형,36646,(1) 고객님께 배정된 법무사님께 98만원 송금 부탁드립니다,https://www.fss.or.kr/fss/bbs/B0000206/view.do?nttId=36646&menuNo=200690&pageIndex=8,https://www.fss.or.kr/fss/cmmn/file/fileDown.do?menuNo=200690&atchFileId=03ad48dcc9e13e78b0605b923c44651b&fileSn=1&bbsId=B0000206,다운로드,원본 영상 및 음원\그놈 목소리 - 대출사기형\36646_(1) 고객님께 배정된 법무사님께 98만원 송금 부탁드립니다.mp3,
그놈 목소리 - 대출사기형,36645,"고객님들의 신용대출 거래내역을 토대로 대출을 해드리는데, 고객님은 신용대출이 없어 상환능력평가 미달로 부결처리되었습니다",https://www.fss.or.kr/fss/bbs/B0000206/view.do?nttId=36645&menuNo=200690&pageIndex=8,https://www.fss.or.kr/fss/cmmn/file/fileDown.do?menuNo=200690&atchFileId=20912b7b4dabe6d34ce6c1b2c934aad7&fileSn=1&bbsId=B0000206,다운로드,"원본 영상 및 음원\그놈 목소리 - 대출사기형\36645_고객님들의 신용대출 거래내역을 토대로 대출을 해드리는데, 고객님은 신용대출이 없어 상환능력평가 미달로 부결처리되었습니다.mp3",
그놈 목소리 - 대출사기형,36644,금일 저희 음성안내메세지를 들으시고 마이너스 통장 문의주신 분 맞으신가요?,https://www.fss.or.kr/fss/bbs/B0000206/view.do?nttId=36644&menuNo=200690&pageIndex=9,https://www.fss.or.kr/fss/cmmn/file/fileDown.do?menuNo=200690&atchFileId=892d81c50a0cbecd63382d41eeae2bb1&fileSn=1&bbsId=B0000206,다운로드,원본 영상 및 음원\그놈 목소리 - 대출사기형\36644_금일 저희 음성안내메세지를 들으시고 마이너스 통장 문의주신 분 맞으신가요_.mp3,
그놈 목소리 - 대출사기형,36641,(피해자가 의심하자) 고객님께서 OO캐시에 대출금 상환하실 때 저희가 중도상환수수료 같은거 요구하던가요? 저희 도움으로 정상적으로 상환하셨죠? 사기업체면 이렇게 안합니다,https://www.fss.or.kr/fss/bbs/B0000206/view.do?nttId=36641&menuNo=200690&pageIndex=9,https://www.fss.or.kr/fss/cmmn/file/fileDown.do?menuNo=200690&atchFileId=8e585e32498884d00392cb419c39db6a&fileSn=1&bbsId=B0000206,다운로드,원본 영상 및 음원\그놈 목소리 - 대출사기형\36641_(피해자가 의심하자) 고객님께서 OO캐시에 대출금 상환하실 때 저희가 중도상환수수료 같은거 요구하던가요_ 저희 도움으로 정상적으로 상환하셨죠_ 사기업체면 이렇게 안합니다.mp3,
그놈 목소리 - 대출사기형,36640,이 번호는 OO캐피탈 심사부 내선 전화번호입니다,https://www.fss.or.kr/fss/bbs/B0000206/view.do?nttId=36640&menuNo=200690&pageIndex=9,https://www.fss.or.kr/fss/cmmn/file/fileDown.do?menuNo=200690&atchFileId=74a99787a34b84b6dce19810b2d0a150&fileSn=1&bbsId=B0000206,다운로드,원본 영상 및 음원\그놈 목소리 - 대출사기형\36640_이 번호는 OO캐피탈 심사부 내선 전화번호입니다.mp3,
그놈 목소리 - 대출사기형,36639,모든 계약 녹취가 완료되었습니다. 한국자산관리공사 캠코심사팀 OOO 과장이었습니다,https://www.fss.or.kr/fss/bbs/B0000206/view.do?nttId=36639&menuNo=200690&pageIndex=9,https://www.fss.or.kr/fss/cmmn/file/fileDown.do?menuNo=200690&atchFileId=4cda383ae1db19932c9b85831e3be082&fileSn=1&bbsId=B0000206,다운로드,원본 영상 및 음원\그놈 목소리 - 대출사기형\36639_모든 계약 녹취가 완료되었습니다. 한국자산관리공사 캠코심사팀 OOO 과장이었습니다.mp3,
그놈 목소리 - 대출사기형,36638,[대포통장 모집] 카지노 업계는 계좌이체를 했을 경우에 거래내역이 발생하면 안되기 때문에 현금전달을 원칙으로 합니다. 일을 하게 되면 계좌번호와 비밀번호를 알려주세요,https://www.fss.or.kr/fss/bbs/B0000206/view.do?nttId=36638&menuNo=200690&pageIndex=9,https://www.fss.or.kr/fss/cmmn/file/fileDown.do?menuNo=200690&atchFileId=17b9552c769abc9ca3de4c66d35394d8&fileSn=1&bbsId=B0000206,다운로드,원본 영상 및 음원\그놈 목소리 - 대출사기형\36638_[대포통장 모집] 카지노 업계는 계좌이체를 했을 경우에 거래내역이 발생하면 안되기 때문에 현금전달을 원칙으로 합니다. 일을 하게 되면 계좌번호와 비밀번호를 알려주세요.mp3,
그놈 목소리 - 대출사기형,36637,고객님 최근에 OO저축은행에서 대출받으신 내역을 확인하고 연락드렸어요. 저희 회사에서 정부지원자금으로 마련된 저금리 대출상품이 있는데 사용해보시라고 전화드렸어요,https://www.fss.or.kr/fss/bbs/B0000206/view.do?nttId=36637&menuNo=200690&pageIndex=9,https://www.fss.or.kr/fss/cmmn/file/fileDown.do?menuNo=200690&atchFileId=2a11be8d6e2766e910e324ad860eee0d&fileSn=1&bbsId=B0000206,다운로드,원본 영상 및 음원\그놈 목소리 - 대출사기형\36637_고객님 최근에 OO저축은행에서 대출받으신 내역을 확인하고 연락드렸어요. 저희 회사에서 정부지원자금으로 마련된 저금리 대출상품이 있는데 사용해보시라고 전화드렸어요.mp3,
그놈 목소리 - 대출사기형,36636,"고객님은 상환능력평가 미달로 아쉽게 부결처리되셨습니다. 그런데 제가 다음달에 아주 중요한 진급심사가 있는데, 편법이지만 고객님은 예외 심사 건으로 진행하려 합니다",https://www.fss.or.kr/fss/bbs/B0000206/view.do?nttId=36636&menuNo=200690&pageIndex=9,https://www.fss.or.kr/fss/cmmn/file/fileDown.do?menuNo=200690&atchFileId=d9a50d0b2391a28569423a8d202c80ba&fileSn=1&bbsId=B0000206,다운로드,"원본 영상 및 음원\그놈 목소리 - 대출사기형\36636_고객님은 상환능력평가 미달로 아쉽게 부결처리되셨습니다. 그런데 제가 다음달에 아주 중요한 진급심사가 있는데, 편법이지만 고객님은 예외 심사 건으로 진행하려 합니다.mp3",
그놈 목소리 - 대출사기형,36635,은행 전산부 회계담당 계좌번호로 납부처리하시면 곧바로 납부 상환 증명서를 발급해드립니다. 제가 고객님 도와드리려고 외삼촌이라고 지인 설정까지 해서 대출 심사 진행한 겁니다,https://www.fss.or.kr/fss/bbs/B0000206/view.do?nttId=36635&menuNo=200690&pageIndex=9,https://www.fss.or.kr/fss/cmmn/file/fileDown.do?menuNo=200690&atchFileId=a4467c246e71344be3890baeb9eebb29&fileSn=1&bbsId=B0000206,다운로드,원본 영상 및 음원\그놈 목소리 - 대출사기형\36635_은행 전산부 회계담당 계좌번호로 납부처리하시면 곧바로 납부 상환 증명서를 발급해드립니다. 제가 고객님 도와드리려고 외삼촌이라고 지인 설정까지 해서 대출 심사 진행한 겁니다.mp3,
그놈 목소리 - 대출사기형,36633,이 계좌는 금융감독원에 신청해서 고객님꼐 발급된 에스크로 계좌입니다,https://www.fss.or.kr/fss/bbs/B0000206/view.do?nttId=36633&menuNo=200690&pageIndex=9,https://www.fss.or.kr/fss/cmmn/file/fileDown.do?menuNo=200690&atchFileId=089a195372a70b5a4aec37cb120be8c7&fileSn=1&bbsId=B0000206,다운로드,원본 영상 및 음원\그놈 목소리 - 대출사기형\36633_이 계좌는 금융감독원에 신청해서 고객님꼐 발급된 에스크로 계좌입니다.mp3,
그놈 목소리 - 대출사기형,36632,[대포통장 모집] 1일 출금한도 600만원으로 설정한 부분에 대해 저희가 내부절차금액을 통해 입금을 했다 출금을 하는 방식으로 확인하는 것입니다.,https://www.fss.or.kr/fss/bbs/B0000206/view.do?nttId=36632&menuNo=200690&pageIndex=9,https://www.fss.or.kr/fss/cmmn/file/fileDown.do?menuNo=200690&atchFileId=1ce463102a8165b5c70a4cc375b743bd&fileSn=1&bbsId=B0000206,다운로드,원본 영상 및 음원\그놈 목소리 - 대출사기형\36632_[대포통장 모집] 1일 출금한도 600만원으로 설정한 부분에 대해 저희가 내부절차금액을 통해 입금을 했다 출금을 하는 방식으로 확인하는 것입니다.mp3,
그놈 목소리 - 대출사기형,36631,사람 없는데서 전화받아. 울거나 하면 돈 필요 없이 애 죽인다,https://www.fss.or.kr/fss/bbs/B0000206/view.do?nttId=36631&menuNo=200690&pageIndex=10,https://www.fss.or.kr/fss/cmmn/file/fileDown.do?menuNo=200690&atchFileId=693e60e7e0809be435ea4d11851a903b&fileSn=1&bbsId=B0000206,다운로드,원본 영상 및 음원\그놈 목소리 - 대출사기형\36631_사람 없는데서 전화받아. 울거나 하면 돈 필요 없이 애 죽인다.mp3,
그놈 목소리 - 대출사기형,36630,신용평점을 높이려면 기존 대출을 상환하셔야 합니다,https://www.fss.or.kr/fss/bbs/B0000206/view.do?nttId=36630&menuNo=200690&pageIndex=10,https://www.fss.or.kr/fss/cmmn/file/fileDown.do?menuNo=200690&atchFileId=4017155d7663d74859888de1ba9b0386&fileSn=1&bbsId=B0000206,다운로드,원본 영상 및 음원\그놈 목소리 - 대출사기형\36630_신용평점을 높이려면 기존 대출을 상환하셔야 합니다.mp3,
그놈 목소리 - 대출사기형,36629,[대출사기 1단계] 피해자에게 접근 2,https://www.fss.or.kr/fss/bbs/B0000206/view.do?nttId=36629&menuNo=200690&pageIndex=10,https://www.fss.or.kr/fss/cmmn/file/fileDown.do?menuNo=200690&atchFileId=d4c920d1bc33b1925ea3d3282bba7dd0&fileSn=1&bbsId=B0000206,다운로드,원본 영상 및 음원\그놈 목소리 - 대출사기형\36629_[대출사기 1단계] 피해자에게 접근 2.mp3,
그놈 목소리 - 대출사기형,36628,"우리금융인데, 필요하신 자금 있으신가 해서 연락드렸습니다",https://www.fss.or.kr/fss/bbs/B0000206/view.do?nttId=36628&menuNo=200690&pageIndex=10,https://www.fss.or.kr/fss/cmmn/file/fileDown.do?menuNo=200690&atchFileId=3b68994e6da53e2ebda42d1b818ba635&fileSn=1&bbsId=B0000206,다운로드,"원본 영상 및 음원\그놈 목소리 - 대출사기형\36628_우리금융인데, 필요하신 자금 있으신가 해서 연락드렸습니다.mp3",
그놈 목소리 - 대출사기형,36627,만약 대출금 지급이 거절되면 제가 제 사비로 직접 대출을 받아서 오천만원 보내드리겠습니다,https://www.fss.or.kr/fss/bbs/B0000206/view.do?nttId=36627&menuNo=200690&pageIndex=10,https://www.fss.or.kr/fss/cmmn/file/fileDown.do?menuNo=200690&atchFileId=3a4d0e0c550333aa2a5edda0bb328e5a&fileSn=1&bbsId=B0000206,다운로드,원본 영상 및 음원\그놈 목소리 - 대출사기형\36627_만약 대출금 지급이 거절되면 제가 제 사비로 직접 대출을 받아서 오천만원 보내드리겠습니다.mp3,
그놈 목소리 - 대출사기형,36626,300~500만원 정도 본인 융통이 되시면 나머지는 저희가 지원금 통해서 같이 상환하는 걸로 도와드리겠습니다,https://www.fss.or.kr/fss/bbs/B0000206/view.do?nttId=36626&menuNo=200690&pageIndex=10,https://www.fss.or.kr/fss/cmmn/file/fileDown.do?menuNo=200690&atchFileId=8a301dbc64899cd33763e422596856a6&fileSn=1&bbsId=B0000206,다운로드,원본 영상 및 음원\그놈 목소리 - 대출사기형\36626_300~500만원 정도 본인 융통이 되시면 나머지는 저희가 지원금 통해서 같이 상환하는 걸로 도와드리겠습니다.mp3,
그놈 목소리 - 대출사기형,36625,[대출사기 5단계] 금전편취 시도,https://www.fss.or.kr/fss/bbs/B0000206/view.do?nttId=36625&menuNo=200690&pageIndex=10,https://www.fss.or.kr/fss/cmmn/file/fileDown.do?menuNo=200690&atchFileId=2de02ab783dc3e8eba2257ca7cd05a03&fileSn=1&bbsId=B0000206,다운로드,원본 영상 및 음원\그놈 목소리 - 대출사기형\36625_[대출사기 5단계] 금전편취 시도.mp3,
그놈 목소리 - 대출사기형,36624,[대출사기 4단계] 피해자 안심시키기,https://www.fss.or.kr/fss/bbs/B0000206/view.do?nttId=36624&menuNo=200690&pageIndex=10,https://www.fss.or.kr/fss/cmmn/file/fileDown.do?menuNo=200690&atchFileId=885041d408957e9d0815c88e4a97464e&fileSn=1&bbsId=B0000206,다운로드,원본 영상 및 음원\그놈 목소리 - 대출사기형\36624_[대출사기 4단계] 피해자 안심시키기.mp3,
그놈 목소리 - 대출사기형,36623,[대출사기 3단계] 심리적 압박 및 신뢰 형성,https://www.fss.or.kr/fss/bbs/B0000206/view.do?nttId=36623&menuNo=200690&pageIndex=10,https://www.fss.or.kr/fss/cmmn/file/fileDown.do?menuNo=200690&atchFileId=06b9696854d1e65d56b27e60095adc1c&fileSn=1&bbsId=B0000206,다운로드,원본 영상 및 음원\그놈 목소리 - 대출사기형\36623_[대출사기 3단계] 심리적 압박 및 신뢰 형성.mp3,
그놈 목소리 - 대출사기형,36622,[대출사기 2단계] 개인정보 탈취 시도,https://www.fss.or.kr/fss/bbs/B0000206/view.do?nttId=36622&menuNo=200690&pageIndex=10,https://www.fss.or.kr/fss/cmmn/file/fileDown.do?menuNo=200690&atchFileId=76d63e6d0dd645210190e25931d6c631&fileSn=1&bbsId=B0000206,다운로드,원본 영상 및 음원\그놈 목소리 - 대출사기형\36622_[대출사기 2단계] 개인정보 탈취 시도.mp3,
그놈 목소리 - 대출사기형,36621,[대출사기 1단계] 피해자에게 접근,https://www.fss.or.kr/fss/bbs/B0000206/view.do?nttId=36621&menuNo=200690&pageIndex=11,https://www.fss.or.kr/fss/cmmn/file/fileDown.do?menuNo=200690&atchFileId=30c2b0ba495ca86738d0c51111447869&fileSn=1&bbsId=B0000206,다운로드,원본 영상 및 음원\그놈 목소리 - 대출사기형\36621_[대출사기 1단계] 피해자에게 접근.mp3,
그놈 목소리 - 대출사기형,36613,고객님께서는 OO머니 대출은 이미 상환처리하셨으니 앞으로는 OO머니에서 오는 연락은 받지 마세요,https://www.fss.or.kr/fss/bbs/B0000206/view.do?nttId=36613&menuNo=200690&pageIndex=11,https://www.fss.or.kr/fss/cmmn/file/fileDown.do?menuNo=200690&atchFileId=b138bc748025d879755d017401a21db4&fileSn=1&bbsId=B0000206,다운로드,원본 영상 및 음원\그놈 목소리 - 대출사기형\36613_고객님께서는 OO머니 대출은 이미 상환처리하셨으니 앞으로는 OO머니에서 오는 연락은 받지 마세요.mp3,
그놈 목소리 - 대출사기형,36611,금감원에서 세무대행팀 배정받아서 한것이니 대출 취소하려면 금감원에 전화해서 환급받으세요,https://www.fss.or.kr/fss/bbs/B0000206/view.do?nttId=36611&menuNo=200690&pageIndex=11,https://www.fss.or.kr/fss/cmmn/file/fileDown.do?menuNo=200690&atchFileId=024402a4e9960122dd2cb1c1b1a5874a&fileSn=1&bbsId=B0000206,다운로드,원본 영상 및 음원\그놈 목소리 - 대출사기형\36611_금감원에서 세무대행팀 배정받아서 한것이니 대출 취소하려면 금감원에 전화해서 환급받으세요.mp3,
그놈 목소리 - 대출사기형,36610,"고객님 전용 주소인 125.230.101.94로 접속하셔서 앱 다운로드하세요. 무서류, 무방문 대출이라 모바일 앱으로만 대출 진행합니다",https://www.fss.or.kr/fss/bbs/B0000206/view.do?nttId=36610&menuNo=200690&pageIndex=11,https://www.fss.or.kr/fss/cmmn/file/fileDown.do?menuNo=200690&atchFileId=3b76d24bde1b7270ae0ad2dc71aa5d3b&fileSn=1&bbsId=B0000206,다운로드,"원본 영상 및 음원\그놈 목소리 - 대출사기형\36610_고객님 전용 주소인 125.230.101.94로 접속하셔서 앱 다운로드하세요. 무서류, 무방문 대출이라 모바일 앱으로만 대출 진행합니다.mp3",
그놈 목소리 - 대출사기형,36609,대출 건에 대해서 인지세 110만원이 발생합니다. 혹시 대출 부결되면 인지세는 환급처리되니까 걱정마세요,https://www.fss.or.kr/fss/bbs/B0000206/view.do?nttId=36609&menuNo=200690&pageIndex=11,https://www.fss.or.kr/fss/cmmn/file/fileDown.do?menuNo=200690&atchFileId=693c1c4e18aca02ec9d333b0c27badb1&fileSn=1&bbsId=B0000206,다운로드,원본 영상 및 음원\그놈 목소리 - 대출사기형\36609_대출 건에 대해서 인지세 110만원이 발생합니다. 혹시 대출 부결되면 인지세는 환급처리되니까 걱정마세요.mp3,
그놈 목소리 - 대출사기형,36608,대출받으실때 '정부상품 대출 위해 상환처리 하려고 하는거다'라고 말씀하시면 안됩니다,https://www.fss.or.kr/fss/bbs/B0000206/view.do?nttId=36608&menuNo=200690&pageIndex=11,https://www.fss.or.kr/fss/cmmn/file/fileDown.do?menuNo=200690&atchFileId=213683b911c26d8ac10874c602678ad5&fileSn=1&bbsId=B0000206,다운로드,원본 영상 및 음원\그놈 목소리 - 대출사기형\36608_대출받으실때 '정부상품 대출 위해 상환처리 하려고 하는거다'라고 말씀하시면 안됩니다.mp3,
그놈 목소리 - 대출사기형,36607,"신용평점 상향을 위해 강제 채권 상환 절차를 진행하셨는데, 코드 번호 걸고 하는 중대한 문제여서 중도에 멈추시면 저한테 페널티가 옵니다",https://www.fss.or.kr/fss/bbs/B0000206/view.do?nttId=36607&menuNo=200690&pageIndex=11,https://www.fss.or.kr/fss/cmmn/file/fileDown.do?menuNo=200690&atchFileId=d55ca34492b90e6e425673c179b1e556&fileSn=1&bbsId=B0000206,다운로드,"원본 영상 및 음원\그놈 목소리 - 대출사기형\36607_신용평점 상향을 위해 강제 채권 상환 절차를 진행하셨는데, 코드 번호 걸고 하는 중대한 문제여서 중도에 멈추시면 저한테 페널티가 옵니다.mp3",
그놈 목소리 - 대출사기형,36606,여신금융협회로 이관 처리를 하여 만기상환 처리했다고 전산 반영하기 위해 담당 주무관의 개인 계좌로 상환하는 것입니다,https://www.fss.or.kr/fss/bbs/B0000206/view.do?nttId=36606&menuNo=200690&pageIndex=11,https://www.fss.or.kr/fss/cmmn/file/fileDown.do?menuNo=200690&atchFileId=684528bd8b583b1dee063ac29e55e697&fileSn=1&bbsId=B0000206,다운로드,원본 영상 및 음원\그놈 목소리 - 대출사기형\36606_여신금융협회로 이관 처리를 하여 만기상환 처리했다고 전산 반영하기 위해 담당 주무관의 개인 계좌로 상환하는 것입니다.mp3,
그놈 목소리 - 대출사기형,36605,고객님께서 저희 OO캐피탈로부터 대출을 받는다는 녹취를 진행하도록 하겠습니다. 동 내용으로 인해 유출 등의 문제 발생시 금감원에 손해배상청구소송을 진행하실 수 있습니다,https://www.fss.or.kr/fss/bbs/B0000206/view.do?nttId=36605&menuNo=200690&pageIndex=11,https://www.fss.or.kr/fss/cmmn/file/fileDown.do?menuNo=200690&atchFileId=14c5220d0500a276acb254d7042e2b6a&fileSn=1&bbsId=B0000206,다운로드,원본 영상 및 음원\그놈 목소리 - 대출사기형\36605_고객님께서 저희 OO캐피탈로부터 대출을 받는다는 녹취를 진행하도록 하겠습니다. 동 내용으로 인해 유출 등의 문제 발생시 금감원에 손해배상청구소송을 진행하실 수 있습니다.mp3,
그놈 목소리 - 대출사기형,36604,고객님이 부채 한도가 초과되어 초과된 만큼 기존 대출을 상환하셔야 합니다. 기존 대출 상환하시면 6500만원까지 확실히 대출 나갑니다,https://www.fss.or.kr/fss/bbs/B0000206/view.do?nttId=36604&menuNo=200690&pageIndex=11,https://www.fss.or.kr/fss/cmmn/file/fileDown.do?menuNo=200690&atchFileId=4d15d3e082ad307cc3a5d139312c0ec5&fileSn=1&bbsId=B0000206,다운로드,원본 영상 및 음원\그놈 목소리 - 대출사기형\36604_고객님이 부채 한도가 초과되어 초과된 만큼 기존 대출을 상환하셔야 합니다. 기존 대출 상환하시면 6500만원까지 확실히 대출 나갑니다.mp3,
그놈 목소리 - 대출사기형,36603,아저씨가 니 동생 손가락 자르고 눈알 파버리고 동영상 찍어서 너한테 넣어줄게 똑똑히 쳐다봐라,https://www.fss.or.kr/fss/bbs/B0000206/view.do?nttId=36603&menuNo=200690&pageIndex=12,https://www.fss.or.kr/fss/cmmn/file/fileDown.do?menuNo=200690&atchFileId=555860ee18b972a738c9ba0c31b12109&fileSn=1&bbsId=B0000206,다운로드,원본 영상 및 음원\그놈 목소리 - 대출사기형\36603_아저씨가 니 동생 손가락 자르고 눈알 파버리고 동영상 찍어서 너한테 넣어줄게 똑똑히 쳐다봐라.mp3,
그놈 목소리 - 대출사기형,36602,사원번호 --- OOO 상담사는 △△△ 고객님의 동의 하에 대리접수 진행하도록 하겠습니다,https://www.fss.or.kr/fss/bbs/B0000206/view.do?nttId=36602&menuNo=200690&pageIndex=12,https://www.fss.or.kr/fss/cmmn/file/fileDown.do?menuNo=200690&atchFileId=9671b72b44028e8c5d892b972b8a4ad3&fileSn=1&bbsId=B0000206,다운로드,원본 영상 및 음원\그놈 목소리 - 대출사기형\36602_사원번호 --- OOO 상담사는 △△△ 고객님의 동의 하에 대리접수 진행하도록 하겠습니다.mp3,
그놈 목소리 - 대출사기형,36600,제가 고객님 계신 곳으로 계약서 들고 갈까요? 대출금은 3분이면 나갈 수 있습니다,https://www.fss.or.kr/fss/bbs/B0000206/view.do?nttId=36600&menuNo=200690&pageIndex=12,https://www.fss.or.kr/fss/cmmn/file/fileDown.do?menuNo=200690&atchFileId=d1e2bcc8b8d0604e4776830ddaed9cc4&fileSn=1&bbsId=B0000206,다운로드,원본 영상 및 음원\그놈 목소리 - 대출사기형\36600_제가 고객님 계신 곳으로 계약서 들고 갈까요_ 대출금은 3분이면 나갈 수 있습니다.mp3,
그놈 목소리 - 대출사기형,36599,고금리 대출 부채를 보유하신 분들 대상으로 대환대출 권유 ARS 전화를 드리고 있습니다,https://www.fss.or.kr/fss/bbs/B0000206/view.do?nttId=36599&menuNo=200690&pageIndex=12,https://www.fss.or.kr/fss/cmmn/file/fileDown.do?menuNo=200690&atchFileId=cd11825027daab14e4b97c3c32182855&fileSn=1&bbsId=B0000206,다운로드,원본 영상 및 음원\그놈 목소리 - 대출사기형\36599_고금리 대출 부채를 보유하신 분들 대상으로 대환대출 권유 ARS 전화를 드리고 있습니다.mp3,
그놈 목소리 - 대출사기형,36597,신용평점이 신용등급에 비해 낮게 책정되어 상환능력이 낮아 원칙대로라면 부결로 처리될 건이신데요,https://www.fss.or.kr/fss/bbs/B0000206/view.do?nttId=36597&menuNo=200690&pageIndex=12,https://www.fss.or.kr/fss/cmmn/file/fileDown.do?menuNo=200690&atchFileId=46b07a19071718c0253a6eab7b29b2c4&fileSn=1&bbsId=B0000206,다운로드,원본 영상 및 음원\그놈 목소리 - 대출사기형\36597_신용평점이 신용등급에 비해 낮게 책정되어 상환능력이 낮아 원칙대로라면 부결로 처리될 건이신데요.mp3,
그놈 목소리 - 대출사기형,36596,소비자금융권에서 대출을 받으시면 제1금융권에서 대환대출하실 수 있으세요,https://www.fss.or.kr/fss/bbs/B0000206/view.do?nttId=36596&menuNo=200690&pageIndex=12,https://www.fss.or.kr/fss/cmmn/file/fileDown.do?menuNo=200690&atchFileId=55c793a1769879d2b42b2828c303bd1e&fileSn=1&bbsId=B0000206,다운로드,원본 영상 및 음원\그놈 목소리 - 대출사기형\36596_소비자금융권에서 대출을 받으시면 제1금융권에서 대환대출하실 수 있으세요.mp3,
그놈 목소리 - 대출사기형,36595,OO캐피탈 보증보험상품입니다. 서울보증보험에 보증료를 납부하셔도 나중에 돌려드려요,https://www.fss.or.kr/fss/bbs/B0000206/view.do?nttId=36595&menuNo=200690&pageIndex=12,https://www.fss.or.kr/fss/cmmn/file/fileDown.do?menuNo=200690&atchFileId=7304606a616a0199e56484bb8c8ac01d&fileSn=1&bbsId=B0000206,다운로드,원본 영상 및 음원\그놈 목소리 - 대출사기형\36595_OO캐피탈 보증보험상품입니다. 서울보증보험에 보증료를 납부하셔도 나중에 돌려드려요.mp3,
그놈 목소리 - 대출사기형,36594,서민금융통합지원센터에 대출 접수 이관 후 한국자산관리공사에서 심사 완료되면 대출금 수령 가능합니다-2,https://www.fss.or.kr/fss/bbs/B0000206/view.do?nttId=36594&menuNo=200690&pageIndex=12,https://www.fss.or.kr/fss/cmmn/file/fileDown.do?menuNo=200690&atchFileId=ea7338ca8c05964e44b9372492bc0316&fileSn=1&bbsId=B0000206,다운로드,원본 영상 및 음원\그놈 목소리 - 대출사기형\36594_서민금융통합지원센터에 대출 접수 이관 후 한국자산관리공사에서 심사 완료되면 대출금 수령 가능합니다-2.mp3,
그놈 목소리 - 대출사기형,36593,서민금융통합지원센터에 대출 접수 이관 후 한국자산관리공사에서 심사 완료되면 대출금 수령 가능합니다-1,https://www.fss.or.kr/fss/bbs/B0000206/view.do?nttId=36593&menuNo=200690&pageIndex=12,https://www.fss.or.kr/fss/cmmn/file/fileDown.do?menuNo=200690&atchFileId=15da563851e4365c309b65a4a3ec55c8&fileSn=1&bbsId=B0000206,다운로드,원본 영상 및 음원\그놈 목소리 - 대출사기형\36593_서민금융통합지원센터에 대출 접수 이관 후 한국자산관리공사에서 심사 완료되면 대출금 수령 가능합니다-1.mp3,
그놈 목소리 - 대출사기형,36592,대출을 위해서 신분증 사본과 3개월치 입출금 거래내역서를 보내주셔야 합니다,https://www.fss.or.kr/fss/bbs/B0000206/view.do?nttId=36592&menuNo=200690&pageIndex=12,https://www.fss.or.kr/fss/cmmn/file/fileDown.do?menuNo=200690&atchFileId=70a7c940b08cd37e7ec1ae8b2da3ced8&fileSn=1&bbsId=B0000206,다운로드,원본 영상 및 음원\그놈 목소리 - 대출사기형\36592_대출을 위해서 신분증 사본과 3개월치 입출금 거래내역서를 보내주셔야 합니다.mp3,
그놈 목소리 - 대출사기형,36591,인지세 94만원은 향후 저희가 돌려드립니다,https://www.fss.or.kr/fss/bbs/B0000206/view.do?nttId=36591&menuNo=200690&pageIndex=13,https://www.fss.or.kr/fss/cmmn/file/fileDown.do?menuNo=200690&atchFileId=7446b2228ac1595747b499c2d3760b29&fileSn=1&bbsId=B0000206,다운로드,원본 영상 및 음원\그놈 목소리 - 대출사기형\36591_인지세 94만원은 향후 저희가 돌려드립니다.mp3,
그놈 목소리 - 대출사기형,36590,고객님께서 DTI 점수가 초과되셔서 기존 대출을 부분상환하셔야 합니다,https://www.fss.or.kr/fss/bbs/B0000206/view.do?nttId=36590&menuNo=200690&pageIndex=13,https://www.fss.or.kr/fss/cmmn/file/fileDown.do?menuNo=200690&atchFileId=628245b36ac9415e7953e14ed688796c&fileSn=1&bbsId=B0000206,다운로드,원본 영상 및 음원\그놈 목소리 - 대출사기형\36590_고객님께서 DTI 점수가 초과되셔서 기존 대출을 부분상환하셔야 합니다.mp3,
그놈 목소리 - 대출사기형,36589,돈을 안 준다니 애 심장을 파는 수밖에 없다,https://www.fss.or.kr/fss/bbs/B0000206/view.do?nttId=36589&menuNo=200690&pageIndex=13,https://www.fss.or.kr/fss/cmmn/file/fileDown.do?menuNo=200690&atchFileId=bed2696044970cd2c7ee651ab0a2a6c0&fileSn=1&bbsId=B0000206,다운로드,원본 영상 및 음원\그놈 목소리 - 대출사기형\36589_돈을 안 준다니 애 심장을 파는 수밖에 없다.mp3,
그놈 목소리 - 대출사기형,36588,OOO 팀장 계좌로 상환하시면 됩니다,https://www.fss.or.kr/fss/bbs/B0000206/view.do?nttId=36588&menuNo=200690&pageIndex=13,https://www.fss.or.kr/fss/cmmn/file/fileDown.do?menuNo=200690&atchFileId=01e37ec5916d1b9a9793a13a64bb8c91&fileSn=1&bbsId=B0000206,다운로드,원본 영상 및 음원\그놈 목소리 - 대출사기형\36588_OOO 팀장 계좌로 상환하시면 됩니다.mp3,
그놈 목소리 - 대출사기형,36587,국민행복기금에서 지원하는 마이너스통장상품입니다,https://www.fss.or.kr/fss/bbs/B0000206/view.do?nttId=36587&menuNo=200690&pageIndex=13,https://www.fss.or.kr/fss/cmmn/file/fileDown.do?menuNo=200690&atchFileId=e034372b6858a954542800d1ca46b934&fileSn=1&bbsId=B0000206,다운로드,원본 영상 및 음원\그놈 목소리 - 대출사기형\36587_국민행복기금에서 지원하는 마이너스통장상품입니다.mp3,
그놈 목소리 - 대출사기형,36586,"(인출책 모집수법) 돈을 받아서 비트코인을 산 다음 현금화하는 건데, 편법이긴 하지만 불법은 아닙니다",https://www.fss.or.kr/fss/bbs/B0000206/view.do?nttId=36586&menuNo=200690&pageIndex=13,https://www.fss.or.kr/fss/cmmn/file/fileDown.do?menuNo=200690&atchFileId=d444d0104899bd03b2c0ca7a37607a82&fileSn=1&bbsId=B0000206,다운로드,"원본 영상 및 음원\그놈 목소리 - 대출사기형\36586_(인출책 모집수법) 돈을 받아서 비트코인을 산 다음 현금화하는 건데, 편법이긴 하지만 불법은 아닙니다.mp3",
그놈 목소리 - 대출사기형,36585,서울신용보증기금에서 보증서를 발급받아서 대출해드립니다,https://www.fss.or.kr/fss/bbs/B0000206/view.do?nttId=36585&menuNo=200690&pageIndex=13,https://www.fss.or.kr/fss/cmmn/file/fileDown.do?menuNo=200690&atchFileId=0453e56cc521a2283480a387e8421305&fileSn=1&bbsId=B0000206,다운로드,원본 영상 및 음원\그놈 목소리 - 대출사기형\36585_서울신용보증기금에서 보증서를 발급받아서 대출해드립니다.mp3,
그놈 목소리 - 대출사기형,36584,"(인출책 모집수법) 환전 시 한 통장에 3천만원 이상 거래되면 세금이 많이 나오기 때문에, 알바생을 뽑아 금전 인출 업무를 맡기고 있다",https://www.fss.or.kr/fss/bbs/B0000206/view.do?nttId=36584&menuNo=200690&pageIndex=13,https://www.fss.or.kr/fss/cmmn/file/fileDown.do?menuNo=200690&atchFileId=dad45649209ea9b7937e995a14ba5e24&fileSn=1&bbsId=B0000206,다운로드,"원본 영상 및 음원\그놈 목소리 - 대출사기형\36584_(인출책 모집수법) 환전 시 한 통장에 3천만원 이상 거래되면 세금이 많이 나오기 때문에, 알바생을 뽑아 금전 인출 업무를 맡기고 있다.mp3",
그놈 목소리 - 대출사기형,36583,(인출책 모집 수법) 귀하의 계좌로 입금되는 중고차 매매 대금을 인출해서 영업사원에게 전달해드리면 됩니다,https://www.fss.or.kr/fss/bbs/B0000206/view.do?nttId=36583&menuNo=200690&pageIndex=13,https://www.fss.or.kr/fss/cmmn/file/fileDown.do?menuNo=200690&atchFileId=2004522549ae52527ceacc818371a473&fileSn=1&bbsId=B0000206,다운로드,원본 영상 및 음원\그놈 목소리 - 대출사기형\36583_(인출책 모집 수법) 귀하의 계좌로 입금되는 중고차 매매 대금을 인출해서 영업사원에게 전달해드리면 됩니다.mp3,
그놈 목소리 - 대출사기형,36582,대출을 받으시고 고객님께 발급되는 대위변제용 전용 계좌에 상환하시면 됩니다,https://www.fss.or.kr/fss/bbs/B0000206/view.do?nttId=36582&menuNo=200690&pageIndex=13,https://www.fss.or.kr/fss/cmmn/file/fileDown.do?menuNo=200690&atchFileId=1e1710ce12d392b9405cc1e69800884b&fileSn=1&bbsId=B0000206,다운로드,원본 영상 및 음원\그놈 목소리 - 대출사기형\36582_대출을 받으시고 고객님께 발급되는 대위변제용 전용 계좌에 상환하시면 됩니다.mp3,
그놈 목소리 - 대출사기형,36580,본인인증을 직접 하셔야 해서 저희가 홈페이지 IP주소를 따로 불러드리는거에요,https://www.fss.or.kr/fss/bbs/B0000206/view.do?nttId=36580&menuNo=200690&pageIndex=14,https://www.fss.or.kr/fss/cmmn/file/fileDown.do?menuNo=200690&atchFileId=d091e3a74894eb2a716c2c9e0b558691&fileSn=1&bbsId=B0000206,다운로드,원본 영상 및 음원\그놈 목소리 - 대출사기형\36580_본인인증을 직접 하셔야 해서 저희가 홈페이지 IP주소를 따로 불러드리는거에요.mp3,
그놈 목소리 - 대출사기형,36579,대출심사요령 말씀드릴께요. 자금용도 물어보시면 생활안정자금이라고 답하세요,https://www.fss.or.kr/fss/bbs/B0000206/view.do?nttId=36579&menuNo=200690&pageIndex=14,https://www.fss.or.kr/fss/cmmn/file/fileDown.do?menuNo=200690&atchFileId=c8e910863b74abb7b468be73ec34e461&fileSn=1&bbsId=B0000206,다운로드,원본 영상 및 음원\그놈 목소리 - 대출사기형\36579_대출심사요령 말씀드릴께요. 자금용도 물어보시면 생활안정자금이라고 답하세요.mp3,
그놈 목소리 - 대출사기형,36578,고객님께서 보유 중이신 채무 일부를 직접 상환처리하시면 조건부 대출 승인 가능합니다,https://www.fss.or.kr/fss/bbs/B0000206/view.do?nttId=36578&menuNo=200690&pageIndex=14,https://www.fss.or.kr/fss/cmmn/file/fileDown.do?menuNo=200690&atchFileId=49ab76bc8a259a022a11b36d88750ab8&fileSn=1&bbsId=B0000206,다운로드,원본 영상 및 음원\그놈 목소리 - 대출사기형\36578_고객님께서 보유 중이신 채무 일부를 직접 상환처리하시면 조건부 대출 승인 가능합니다.mp3,
그놈 목소리 - 대출사기형,36577,저희는 코드번호를 가진 금융회사 수탁업체입니다,https://www.fss.or.kr/fss/bbs/B0000206/view.do?nttId=36577&menuNo=200690&pageIndex=14,https://www.fss.or.kr/fss/cmmn/file/fileDown.do?menuNo=200690&atchFileId=b386ccb591518a3de31e9cba817991bd&fileSn=1&bbsId=B0000206,다운로드,원본 영상 및 음원\그놈 목소리 - 대출사기형\36577_저희는 코드번호를 가진 금융회사 수탁업체입니다.mp3,
그놈 목소리 - 대출사기형,36567,기존 대출을 반환하시면 됩니다,https://www.fss.or.kr/fss/bbs/B0000206/view.do?nttId=36567&menuNo=200690&pageIndex=14,https://www.fss.or.kr/fss/cmmn/file/fileDown.do?menuNo=200690&atchFileId=d4629925d32d4db7e4671e64b89e32c3&fileSn=1&bbsId=B0000206,다운로드,원본 영상 및 음원\그놈 목소리 - 대출사기형\36567_기존 대출을 반환하시면 됩니다.mp3,
그놈 목소리 - 대출사기형,36554,실적을 내야 해서 편법이지만 대출해드리는거다,https://www.fss.or.kr/fss/bbs/B0000206/view.do?nttId=36554&menuNo=200690&pageIndex=14,https://www.fss.or.kr/fss/cmmn/file/fileDown.do?menuNo=200690&atchFileId=e69aa2b3884db5395b2d91a609880db1&fileSn=1&bbsId=B0000206,다운로드,원본 영상 및 음원\그놈 목소리 - 대출사기형\36554_실적을 내야 해서 편법이지만 대출해드리는거다.mp3,
그놈 목소리 - 대출사기형,36548,돌아가신 부모님을 납치했다고 협박하는 사기전화,https://www.fss.or.kr/fss/bbs/B0000206/view.do?nttId=36548&menuNo=200690&pageIndex=14,https://www.fss.or.kr/fss/cmmn/file/fileDown.do?menuNo=200690&atchFileId=3bb36e7cb4a64bc796e6b7775a618d5b&fileSn=1&bbsId=B0000206,다운로드,원본 영상 및 음원\그놈 목소리 - 대출사기형\36548_돌아가신 부모님을 납치했다고 협박하는 사기전화.mp3,
그놈 목소리 - 대출사기형,36547,부모님을 납치했다고 협박하는 사기전화,https://www.fss.or.kr/fss/bbs/B0000206/view.do?nttId=36547&menuNo=200690&pageIndex=14,https://www.fss.or.kr/fss/cmmn/file/fileDown.do?menuNo=200690&atchFileId=54d48ce63573dbc4e674a291dadda25e&fileSn=1&bbsId=B0000206,다운로드,원본 영상 및 음원\그놈 목소리 - 대출사기형\36547_부모님을 납치했다고 협박하는 사기전화.mp3,
그놈 목소리 - 대출사기형,36546,자녀 이름을 사전에 알고 납치했다며 협박하는 사기전화,https://www.fss.or.kr/fss/bbs/B0000206/view.do?nttId=36546&menuNo=200690&pageIndex=14,https://www.fss.or.kr/fss/cmmn/file/fileDown.do?menuNo=200690&atchFileId=829c06bb05d011710d06cc31948436d3&fileSn=1&bbsId=B0000206,다운로드,원본 영상 및 음원\그놈 목소리 - 대출사기형\36546_자녀 이름을 사전에 알고 납치했다며 협박하는 사기전화.mp3,
그놈 목소리 - 대출사기형,36545,미술학원에 간 자녀를 납치했다고 협박하는 사기전화,https://www.fss.or.kr/fss/bbs/B0000206/view.do?nttId=36545&menuNo=200690&pageIndex=14,https://www.fss.or.kr/fss/cmmn/file/fileDown.do?menuNo=200690&atchFileId=78dbe1de889904113d336dd784c2d845&fileSn=1&bbsId=B0000206,다운로드,원본 영상 및 음원\그놈 목소리 - 대출사기형\36545_미술학원에 간 자녀를 납치했다고 협박하는 사기전화.mp3,
그놈 목소리 - 대출사기형,36544,학교에 간 자녀를 잡치했다고 협박하는 사기전화,https://www.fss.or.kr/fss/bbs/B0000206/view.do?nttId=36544&menuNo=200690&pageIndex=15,https://www.fss.or.kr/fss/cmmn/file/fileDown.do?menuNo=200690&atchFileId=b8651810403a17aad9a249027323da0b&fileSn=1&bbsId=B0000206,다운로드,원본 영상 및 음원\그놈 목소리 - 대출사기형\36544_학교에 간 자녀를 잡치했다고 협박하는 사기전화.mp3,
그놈 목소리 - 대출사기형,36543,상담원 이름을 묻자 대답하지 않음,https://www.fss.or.kr/fss/bbs/B0000206/view.do?nttId=36543&menuNo=200690&pageIndex=15,https://www.fss.or.kr/fss/cmmn/file/fileDown.do?menuNo=200690&atchFileId=6c7d1c5d1dccaa4b11740539a041224d&fileSn=1&bbsId=B0000206,다운로드,원본 영상 및 음원\그놈 목소리 - 대출사기형\36543_상담원 이름을 묻자 대답하지 않음.mp3,
그놈 목소리 - 대출사기형,36542,편법을 통해서 저금리 대출 가능,https://www.fss.or.kr/fss/bbs/B0000206/view.do?nttId=36542&menuNo=200690&pageIndex=15,https://www.fss.or.kr/fss/cmmn/file/fileDown.do?menuNo=200690&atchFileId=42c284d4103d9ebe1ce48612ce1445dd&fileSn=1&bbsId=B0000206,다운로드,원본 영상 및 음원\그놈 목소리 - 대출사기형\36542_편법을 통해서 저금리 대출 가능.mp3,
그놈 목소리 - 대출사기형,36541,실제 존재하지 않는 금융회사를 사칭,https://www.fss.or.kr/fss/bbs/B0000206/view.do?nttId=36541&menuNo=200690&pageIndex=15,https://www.fss.or.kr/fss/cmmn/file/fileDown.do?menuNo=200690&atchFileId=e2bd7dc5b8bb5d8dc17a8d27612a2e18&fileSn=1&bbsId=B0000206,다운로드,원본 영상 및 음원\그놈 목소리 - 대출사기형\36541_실제 존재하지 않는 금융회사를 사칭.mp3,
그놈 목소리 - 대출사기형,36540,금융지주회사 브랜드 명칭을 언급하며 서민금융을 지원한다고 함,https://www.fss.or.kr/fss/bbs/B0000206/view.do?nttId=36540&menuNo=200690&pageIndex=15,https://www.fss.or.kr/fss/cmmn/file/fileDown.do?menuNo=200690&atchFileId=6b4a809b9ddc73ac97172d8cb0a6a4a2&fileSn=1&bbsId=B0000206,다운로드,원본 영상 및 음원\그놈 목소리 - 대출사기형\36540_금융지주회사 브랜드 명칭을 언급하며 서민금융을 지원한다고 함.mp3,
그놈 목소리 - 대출사기형,36539,음성안내에 대해 대출상담을 신청하자 시중은행을 사칭,https://www.fss.or.kr/fss/bbs/B0000206/view.do?nttId=36539&menuNo=200690&pageIndex=15,https://www.fss.or.kr/fss/cmmn/file/fileDown.do?menuNo=200690&atchFileId=aa812138b706682063e29b9e79876a70&fileSn=1&bbsId=B0000206,다운로드,원본 영상 및 음원\그놈 목소리 - 대출사기형\36539_음성안내에 대해 대출상담을 신청하자 시중은행을 사칭.mp3,
그놈 목소리 - 대출사기형,36538,실제 대출광고인 것처럼 ARS를 이용하여 대출영업,https://www.fss.or.kr/fss/bbs/B0000206/view.do?nttId=36538&menuNo=200690&pageIndex=15,https://www.fss.or.kr/fss/cmmn/file/fileDown.do?menuNo=200690&atchFileId=72433056a7d298a1a226564e58a62ad3&fileSn=1&bbsId=B0000206,다운로드,원본 영상 및 음원\그놈 목소리 - 대출사기형\36538_실제 대출광고인 것처럼 ARS를 이용하여 대출영업.mp3,
그놈 목소리 - 대출사기형,36537,대출처리를 위해 인지세 납부 후 인지증서를 받아 세무서에 가면 환급해 준다고 함,https://www.fss.or.kr/fss/bbs/B0000206/view.do?nttId=36537&menuNo=200690&pageIndex=15,https://www.fss.or.kr/fss/cmmn/file/fileDown.do?menuNo=200690&atchFileId=636b86a74a1d6cb126e1165d843beeee&fileSn=1&bbsId=B0000206,다운로드,원본 영상 및 음원\그놈 목소리 - 대출사기형\36537_대출처리를 위해 인지세 납부 후 인지증서를 받아 세무서에 가면 환급해 준다고 함.mp3,
그놈 목소리 - 대출사기형,36536,기존 대출금 일부를 변제해야 저금리로 대출이 가능,https://www.fss.or.kr/fss/bbs/B0000206/view.do?nttId=36536&menuNo=200690&pageIndex=15,https://www.fss.or.kr/fss/cmmn/file/fileDown.do?menuNo=200690&atchFileId=ce3e4604b47168a2020b2e78165a2a98&fileSn=1&bbsId=B0000206,다운로드,원본 영상 및 음원\그놈 목소리 - 대출사기형\36536_기존 대출금 일부를 변제해야 저금리로 대출이 가능.mp3,
그놈 목소리 - 대출사기형,36532,경매대행 업체를 사칭하여 대포통장 및 인출책 모집,https://www.fss.or.kr/fss/bbs/B0000206/view.do?nttId=36532&menuNo=200690&pageIndex=15,https://www.fss.or.kr/fss/cmmn/file/fileDown.do?menuNo=200690&atchFileId=1c145b311a4e1ec10eadbc5b1ce083e6&fileSn=1&bbsId=B0000206,다운로드,원본 영상 및 음원\그놈 목소리 - 대출사기형\36532_경매대행 업체를 사칭하여 대포통장 및 인출책 모집.mp3,
그놈 목소리 - 대출사기형,36531,택배 업체를 사칭하여 대포통장 및 인출책 모집,https://www.fss.or.kr/fss/bbs/B0000206/view.do?nttId=36531&menuNo=200690&pageIndex=16,https://www.fss.or.kr/fss/cmmn/file/fileDown.do?menuNo=200690&atchFileId=4a2b9d92453049288e72d01166a3698b&fileSn=1&bbsId=B0000206,다운로드,원본 영상 및 음원\그놈 목소리 - 대출사기형\36531_택배 업체를 사칭하여 대포통장 및 인출책 모집.mp3,
그놈 목소리 - 대출사기형,36530,SC저축은행 햇살론 안내센터라며 대출 권유,https://www.fss.or.kr/fss/bbs/B0000206/view.do?nttId=36530&menuNo=200690&pageIndex=16,https://www.fss.or.kr/fss/cmmn/file/fileDown.do?menuNo=200690&atchFileId=570ab2dea59112755d3be7e8b5c45881&fileSn=1&bbsId=B0000206,다운로드,원본 영상 및 음원\그놈 목소리 - 대출사기형\36530_SC저축은행 햇살론 안내센터라며 대출 권유.mp3,
그놈 목소리 - 대출사기형,36529,서류 필요없는 카드대출을 권유하면서 회사를 밝히지 않음,https://www.fss.or.kr/fss/bbs/B0000206/view.do?nttId=36529&menuNo=200690&pageIndex=16,https://www.fss.or.kr/fss/cmmn/file/fileDown.do?menuNo=200690&atchFileId=72b0ed8cea4a21a12501ce03368544ec&fileSn=1&bbsId=B0000206,다운로드,원본 영상 및 음원\그놈 목소리 - 대출사기형\36529_서류 필요없는 카드대출을 권유하면서 회사를 밝히지 않음.mp3,
그놈 목소리 - 대출사기형,36528,우리금융 사칭 - 금융지주회사는 대출을 하지 않음,https://www.fss.or.kr/fss/bbs/B0000206/view.do?nttId=36528&menuNo=200690&pageIndex=16,https://www.fss.or.kr/fss/cmmn/file/fileDown.do?menuNo=200690&atchFileId=b1dd9164bea546ad2453b3bd32b099ec&fileSn=1&bbsId=B0000206,다운로드,원본 영상 및 음원\그놈 목소리 - 대출사기형\36528_우리금융 사칭 - 금융지주회사는 대출을 하지 않음.mp3,
그놈 목소리 - 대출사기형,36527,제일저축은행을 사칭하면서 방문 상담을 하지 않도록 유도,https://www.fss.or.kr/fss/bbs/B0000206/view.do?nttId=36527&menuNo=200690&pageIndex=16,https://www.fss.or.kr/fss/cmmn/file/fileDown.do?menuNo=200690&atchFileId=039ea140122da1b90d5555a9ce7c575e&fileSn=1&bbsId=B0000206,다운로드,원본 영상 및 음원\그놈 목소리 - 대출사기형\36527_제일저축은행을 사칭하면서 방문 상담을 하지 않도록 유도.mp3,
그놈 목소리 - 대출사기형,36526,(ARS) 행복을 약속하는 신한은행,https://www.fss.or.kr/fss/bbs/B0000206/view.do?nttId=36526&menuNo=200690&pageIndex=16,https://www.fss.or.kr/fss/cmmn/file/fileDown.do?menuNo=200690&atchFileId=3ab90ac74cd7b1b89eb24446e89e5876&fileSn=1&bbsId=B0000206,다운로드,원본 영상 및 음원\그놈 목소리 - 대출사기형\36526_(ARS) 행복을 약속하는 신한은행.mp3,
그놈 목소리 - 대출사기형,36525,신한금융 사칭 대출권유,https://www.fss.or.kr/fss/bbs/B0000206/view.do?nttId=36525&menuNo=200690&pageIndex=16,https://www.fss.or.kr/fss/cmmn/file/fileDown.do?menuNo=200690&atchFileId=876c5aae4e5bed71c2bbb6046015c771&fileSn=1&bbsId=B0000206,다운로드,원본 영상 및 음원\그놈 목소리 - 대출사기형\36525_신한금융 사칭 대출권유.mp3,
그놈 목소리 - 대출사기형,36524,"<span style=""font-weight: bold;color: red;""><NEW> </span>[대출빙자형 9] ARS로 대출안내를 신청한 피해자에게 대출상품을 안내해 줄 것처럼 속임",https://www.fss.or.kr/fss/bbs/B0000206/view.do?nttId=36524&menuNo=200690&pageIndex=16,https://www.fss.or.kr/fss/cmmn/file/fileDown.do?menuNo=200690&atchFileId=1ae71d688eb28800eedae82ddb5eb462&fileSn=1&bbsId=B0000206,다운로드,원본 영상 및 음원\그놈 목소리 - 대출사기형\36524__span style=_font-weight_ bold;color_ red;___NEW_ __span_[대출빙자형 9] ARS로 대출안내를 신청한 피해자에게 대출상품을 안내해 줄 것처럼 속임.mp3,
그놈 목소리 - 대출사기형,36523,"<span style=""font-weight: bold;color: red;""><NEW> </span>[대출빙자형 8] (ARS) 정부지원자금으로 대환하고 싶으면 안내를 받도록 유인",https://www.fss.or.kr/fss/bbs/B0000206/view.do?nttId=36523&menuNo=200690&pageIndex=16,https://www.fss.or.kr/fss/cmmn/file/fileDown.do?menuNo=200690&atchFileId=4db487d909107d18a51dec3c9ee0545b&fileSn=1&bbsId=B0000206,다운로드,원본 영상 및 음원\그놈 목소리 - 대출사기형\36523__span style=_font-weight_ bold;color_ red;___NEW_ __span_[대출빙자형 8] (ARS) 정부지원자금으로 대환하고 싶으면 안내를 받도록 유인.mp3,
그놈 목소리 - 대출사기형,36522,"<span style=""font-weight: bold;color: red;""><NEW> </span>[대출빙자형 7] 편법을 통해 피해자 신용평점을 상향시키기 위한 대출상환 요구-ⓑ",https://www.fss.or.kr/fss/bbs/B0000206/view.do?nttId=36522&menuNo=200690&pageIndex=16,https://www.fss.or.kr/fss/cmmn/file/fileDown.do?menuNo=200690&atchFileId=702e34e062e9d9eb8dca9a7659ceb154&fileSn=1&bbsId=B0000206,다운로드,원본 영상 및 음원\그놈 목소리 - 대출사기형\36522__span style=_font-weight_ bold;color_ red;___NEW_ __span_[대출빙자형 7] 편법을 통해 피해자 신용평점을 상향시키기 위한 대출상환 요구-ⓑ.mp3,
그놈 목소리 - 대출사기형,36521,"<span style=""font-weight: bold;color: red;""><NEW> </span>[대출빙자형 6] 편법을 통해 피해자 신용평점을 상향시키기 위한 대출상환 요구-ⓐ",https://www.fss.or.kr/fss/bbs/B0000206/view.do?nttId=36521&menuNo=200690&pageIndex=17,https://www.fss.or.kr/fss/cmmn/file/fileDown.do?menuNo=200690&atchFileId=d1ab972e17abae40b8397a33b8dae158&fileSn=1&bbsId=B0000206,다운로드,원본 영상 및 음원\그놈 목소리 - 대출사기형\36521__span style=_font-weight_ bold;color_ red;___NEW_ __span_[대출빙자형 6] 편법을 통해 피해자 신용평점을 상향시키기 위한 대출상환 요구-ⓐ.mp3,
그놈 목소리 - 대출사기형,36520,"<span style=""font-weight: bold;color: red;""><NEW> </span>[대출빙자형 5] 사금융 대환대출 명목으로 피해자의 무통장입금 유도",https://www.fss.or.kr/fss/bbs/B0000206/view.do?nttId=36520&menuNo=200690&pageIndex=17,https://www.fss.or.kr/fss/cmmn/file/fileDown.do?menuNo=200690&atchFileId=3accdae89a6bb0705231164c00a0b41b&fileSn=1&bbsId=B0000206,다운로드,원본 영상 및 음원\그놈 목소리 - 대출사기형\36520__span style=_font-weight_ bold;color_ red;___NEW_ __span_[대출빙자형 5] 사금융 대환대출 명목으로 피해자의 무통장입금 유도.mp3,
그놈 목소리 - 대출사기형,36519,<span style=`font-weight: bold;color: red;`><NEW> </span> [대출빙자형 4] 햇살론을 받기 위하여 피해자의 기존 대출을 일부 상환해야 한다고 유도,https://www.fss.or.kr/fss/bbs/B0000206/view.do?nttId=36519&menuNo=200690&pageIndex=17,https://www.fss.or.kr/fss/cmmn/file/fileDown.do?menuNo=200690&atchFileId=15a97ada824dde89450ee964a9518156&fileSn=1&bbsId=B0000206,다운로드,원본 영상 및 음원\그놈 목소리 - 대출사기형\36519__span style=`font-weight_ bold;color_ red;`__NEW_ __span_ [대출빙자형 4] 햇살론을 받기 위하여 피해자의 기존 대출을 일부 상환해야 한다고 유도.mp3,
그놈 목소리 - 대출사기형,36518,"<span style=""font-weight: bold;color: red;""><NEW> </span>[대출빙자형 3] 은행을 사칭하면서 서민금융나들목 상품 명목의 대출을 안내",https://www.fss.or.kr/fss/bbs/B0000206/view.do?nttId=36518&menuNo=200690&pageIndex=17,https://www.fss.or.kr/fss/cmmn/file/fileDown.do?menuNo=200690&atchFileId=9a71e0164c0252c30758dc7cae1427ee&fileSn=1&bbsId=B0000206,다운로드,원본 영상 및 음원\그놈 목소리 - 대출사기형\36518__span style=_font-weight_ bold;color_ red;___NEW_ __span_[대출빙자형 3] 은행을 사칭하면서 서민금융나들목 상품 명목의 대출을 안내.mp3,
그놈 목소리 - 대출사기형,36517,"<span style=""font-weight: bold;color: red;""><NEW> </span>[대출빙자형 2] 정부지원자금 대출을 받기 위한 공증서 발급비용 요구",https://www.fss.or.kr/fss/bbs/B0000206/view.do?nttId=36517&menuNo=200690&pageIndex=17,https://www.fss.or.kr/fss/cmmn/file/fileDown.do?menuNo=200690&atchFileId=3cd82e5546c8a6966a217a248c071219&fileSn=1&bbsId=B0000206,다운로드,원본 영상 및 음원\그놈 목소리 - 대출사기형\36517__span style=_font-weight_ bold;color_ red;___NEW_ __span_[대출빙자형 2] 정부지원자금 대출을 받기 위한 공증서 발급비용 요구.mp3,
그놈 목소리 - 대출사기형,36516,"<span style=""font-weight: bold;color: red;""><NEW> </span>[대출빙자형 1] 서민 정부지원대출을 권유하면서 신용보증서 발급비용 요구",https://www.fss.or.kr/fss/bbs/B0000206/view.do?nttId=36516&menuNo=200690&pageIndex=17,https://www.fss.or.kr/fss/cmmn/file/fileDown.do?menuNo=200690&atchFileId=4dca3242cdcee13c78846b717a67b7ae&fileSn=1&bbsId=B0000206,다운로드,원본 영상 및 음원\그놈 목소리 - 대출사기형\36516__span style=_font-weight_ bold;color_ red;___NEW_ __span_[대출빙자형 1] 서민 정부지원대출을 권유하면서 신용보증서 발급비용 요구.mp3,
그놈 목소리 - 대출사기형,36515,탈세를 명목으로 하여 통장을 양도하도록 유도,https://www.fss.or.kr/fss/bbs/B0000206/view.do?nttId=36515&menuNo=200690&pageIndex=17,https://www.fss.or.kr/fss/cmmn/file/fileDown.do?menuNo=200690&atchFileId=72c613721cea78877bb245745d5926d4&fileSn=1&bbsId=B0000206,다운로드,원본 영상 및 음원\그놈 목소리 - 대출사기형\36515_탈세를 명목으로 하여 통장을 양도하도록 유도.mp3,
그놈 목소리 - 대출사기형,36514,<span style='font-weight: bold;color: blue;'> </span><B> 구직사이트를 통해 대포통장을 개설하는 아르바이트 모집2</B>,https://www.fss.or.kr/fss/bbs/B0000206/view.do?nttId=36514&menuNo=200690&pageIndex=17,https://www.fss.or.kr/fss/cmmn/file/fileDown.do?menuNo=200690&atchFileId=b2d9267781609ce417323097994a45d3&fileSn=1&bbsId=B0000206,다운로드,원본 영상 및 음원\그놈 목소리 - 대출사기형\36514__span style='font-weight_ bold;color_ blue;'_ __span__B_ 구직사이트를 통해 대포통장을 개설하는 아르바이트 모집2__B_.mp3,
그놈 목소리 - 대출사기형,36513,<span style='font-weight: bold;color: blue;'> </span><B> 구직사이트를 통해 대포통장을 개설하는 아르바이트 모집1</B>,https://www.fss.or.kr/fss/bbs/B0000206/view.do?nttId=36513&menuNo=200690&pageIndex=17,https://www.fss.or.kr/fss/cmmn/file/fileDown.do?menuNo=200690&atchFileId=20c200dc2d38ae599a99eb62783d0e59&fileSn=1&bbsId=B0000206,다운로드,원본 영상 및 음원\그놈 목소리 - 대출사기형\36513__span style='font-weight_ bold;color_ blue;'_ __span__B_ 구직사이트를 통해 대포통장을 개설하는 아르바이트 모집1__B_.mp3,
그놈 목소리 - 대출사기형,36512,<span style='font-weight: bold;color: blue;'> </span><B> 신용등급 상향을 위해 변제명목으로 입금을 유도</B>,https://www.fss.or.kr/fss/bbs/B0000206/view.do?nttId=36512&menuNo=200690&pageIndex=17,https://www.fss.or.kr/fss/cmmn/file/fileDown.do?menuNo=200690&atchFileId=814904e191ab02b9876e815c7a193738&fileSn=1&bbsId=B0000206,다운로드,원본 영상 및 음원\그놈 목소리 - 대출사기형\36512__span style='font-weight_ bold;color_ blue;'_ __span__B_ 신용등급 상향을 위해 변제명목으로 입금을 유도__B_.mp3,
그놈 목소리 - 대출사기형,36511,<span style='font-weight: bold;color: blue;'></span><B> 전산상 대출 가능조건을 만든다는 명목으로 선입금을 요구</B>,https://www.fss.or.kr/fss/bbs/B0000206/view.do?nttId=36511&menuNo=200690&pageIndex=18,https://www.fss.or.kr/fss/cmmn/file/fileDown.do?menuNo=200690&atchFileId=39aeb4222125314ded1a6895c503ba98&fileSn=1&bbsId=B0000206,다운로드,원본 영상 및 음원\그놈 목소리 - 대출사기형\36511__span style='font-weight_ bold;color_ blue;'___span__B_ 전산상 대출 가능조건을 만든다는 명목으로 선입금을 요구__B_.mp3,
그놈 목소리 - 대출사기형,36510,<span style='font-weight: bold;color: blue;'></span><B>편법대출 진행을 위해 추가 입금을 요구</B>,https://www.fss.or.kr/fss/bbs/B0000206/view.do?nttId=36510&menuNo=200690&pageIndex=18,https://www.fss.or.kr/fss/cmmn/file/fileDown.do?menuNo=200690&atchFileId=49874a44b9505b56d69c542290d2a7ea&fileSn=1&bbsId=B0000206,다운로드,원본 영상 및 음원\그놈 목소리 - 대출사기형\36510__span style='font-weight_ bold;color_ blue;'___span__B_편법대출 진행을 위해 추가 입금을 요구__B_.mp3,
그놈 목소리 - 대출사기형,36509,<span style='font-weight: bold;color: blue;'></span><B>신용관리 명목으로 비용을 요구 </B>,https://www.fss.or.kr/fss/bbs/B0000206/view.do?nttId=36509&menuNo=200690&pageIndex=18,https://www.fss.or.kr/fss/cmmn/file/fileDown.do?menuNo=200690&atchFileId=aca4e29b51cbce30dc755e3e6b5828d3&fileSn=1&bbsId=B0000206,다운로드,원본 영상 및 음원\그놈 목소리 - 대출사기형\36509__span style='font-weight_ bold;color_ blue;'___span__B_신용관리 명목으로 비용을 요구 __B_.mp3,
그놈 목소리 - 대출사기형,36508,<span style='font-weight: bold;color: blue;'> </span><B>통장 임대 요청 (한달 임대료 250만원 드려요) </B>,https://www.fss.or.kr/fss/bbs/B0000206/view.do?nttId=36508&menuNo=200690&pageIndex=18,https://www.fss.or.kr/fss/cmmn/file/fileDown.do?menuNo=200690&atchFileId=55c11c7a76e38217d9c8368580d46503&fileSn=1&bbsId=B0000206,다운로드,원본 영상 및 음원\그놈 목소리 - 대출사기형\36508__span style='font-weight_ bold;color_ blue;'_ __span__B_통장 임대 요청 (한달 임대료 250만원 드려요) __B_.mp3,
그놈 목소리 - 대출사기형,36507,<span style='font-weight: bold;color: blue;'> </span><B> 입출금 가능한 계좌 임대 요청 (한달에 300만원) </B>,https://www.fss.or.kr/fss/bbs/B0000206/view.do?nttId=36507&menuNo=200690&pageIndex=18,https://www.fss.or.kr/fss/cmmn/file/fileDown.do?menuNo=200690&atchFileId=36166a8e570ace060a08adc21649b02a&fileSn=1&bbsId=B0000206,다운로드,원본 영상 및 음원\그놈 목소리 - 대출사기형\36507__span style='font-weight_ bold;color_ blue;'_ __span__B_ 입출금 가능한 계좌 임대 요청 (한달에 300만원) __B_.mp3,
그놈 목소리 - 대출사기형,36506,"사용료는 처음에는 하루에 18만원씩, 하루하루 보내드려요",https://www.fss.or.kr/fss/bbs/B0000206/view.do?nttId=36506&menuNo=200690&pageIndex=18,https://www.fss.or.kr/fss/cmmn/file/fileDown.do?menuNo=200690&atchFileId=1a5c534a7648b35e93e1634565aa2d96&fileSn=1&bbsId=B0000206,다운로드,"원본 영상 및 음원\그놈 목소리 - 대출사기형\36506_사용료는 처음에는 하루에 18만원씩, 하루하루 보내드려요.mp3",
그놈 목소리 - 대출사기형,36505,고객님. 이부분은 전산삭제해서 받아가셔야 해요,https://www.fss.or.kr/fss/bbs/B0000206/view.do?nttId=36505&menuNo=200690&pageIndex=18,https://www.fss.or.kr/fss/cmmn/file/fileDown.do?menuNo=200690&atchFileId=5648aa89478d5c80802eecd1ee020640&fileSn=1&bbsId=B0000206,다운로드,원본 영상 및 음원\그놈 목소리 - 대출사기형\36505_고객님. 이부분은 전산삭제해서 받아가셔야 해요.mp3,
그놈 목소리 - 대출사기형,36504,내년도 초반도에는 신용등급이 빠르게 올라가세요,https://www.fss.or.kr/fss/bbs/B0000206/view.do?nttId=36504&menuNo=200690&pageIndex=18,https://www.fss.or.kr/fss/cmmn/file/fileDown.do?menuNo=200690&atchFileId=53a774a61c945c14247379ab67434689&fileSn=1&bbsId=B0000206,다운로드,원본 영상 및 음원\그놈 목소리 - 대출사기형\36504_내년도 초반도에는 신용등급이 빠르게 올라가세요.mp3,
그놈 목소리 - 대출사기형,36464,유포할까요_지워드릴까요_한명당 50만원,https://www.fss.or.kr/fss/bbs/B0000206/view.do?nttId=36464&menuNo=200690&pageIndex=18,https://www.fss.or.kr/fss/cmmn/file/fileDown.do?menuNo=200690&atchFileId=139e612192dd94e0104dc538e7790759&fileSn=1&bbsId=B0000206,다운로드,원본 영상 및 음원\그놈 목소리 - 대출사기형\36464_유포할까요_지워드릴까요_한명당 50만원.mp3,
그놈 목소리 - 대출사기형,36463,<span style='font-weight: bold;color: blue;'>신종 사기</span> 농협직원 가장한 금융사기,https://www.fss.or.kr/fss/bbs/B0000206/view.do?nttId=36463&menuNo=200690&pageIndex=18,https://www.fss.or.kr/fss/cmmn/file/fileDown.do?menuNo=200690&atchFileId=ed62bdcd896874b0c6943e9e4bd5d40b&fileSn=1&bbsId=B0000206,다운로드,원본 영상 및 음원\그놈 목소리 - 대출사기형\36463__span style='font-weight_ bold;color_ blue;'_신종 사기__span_ 농협직원 가장한 금융사기.mp3,
그놈 목소리 - 대출사기형,36366,이벤트행사 통장 한개당 300만원 제안,https://www.fss.or.kr/fss/bbs/B0000206/view.do?nttId=36366&menuNo=200690&pageIndex=19,https://www.fss.or.kr/fss/cmmn/file/fileDown.do?menuNo=200690&atchFileId=e97c446e08a77b3c1bc62031898176c3&fileSn=1&bbsId=B0000206,다운로드,원본 영상 및 음원\그놈 목소리 - 대출사기형\36366_이벤트행사 통장 한개당 300만원 제안.mp3,
그놈 목소리 - 대출사기형,36344,취업빙자 통장편취사기,https://www.fss.or.kr/fss/bbs/B0000206/view.do?nttId=36344&menuNo=200690&pageIndex=19,https://www.fss.or.kr/fss/cmmn/file/fileDown.do?menuNo=200690&atchFileId=e458936c510d418126da572109950150&fileSn=1&bbsId=B0000206,다운로드,원본 영상 및 음원\그놈 목소리 - 대출사기형\36344_취업빙자 통장편취사기.mp3,
그놈 목소리 - 대출사기형,36341,금감원 은행조사관 사칭 명의도용 사건,https://www.fss.or.kr/fss/bbs/B0000206/view.do?nttId=36341&menuNo=200690&pageIndex=19,https://www.fss.or.kr/fss/cmmn/file/fileDown.do?menuNo=200690&atchFileId=3d0adcd730a39b412798ee9a32e12403&fileSn=1&bbsId=B0000206,다운로드,원본 영상 및 음원\그놈 목소리 - 대출사기형\36341_금감원 은행조사관 사칭 명의도용 사건.mp3,
그놈 목소리 - 대출사기형,36338,시티캐피탈사칭,https://www.fss.or.kr/fss/bbs/B0000206/view.do?nttId=36338&menuNo=200690&pageIndex=19,https://www.fss.or.kr/fss/cmmn/file/fileDown.do?menuNo=200690&atchFileId=bd27131cb23a63a57989cd6b0bb2c932&fileSn=1&bbsId=B0000206,다운로드,원본 영상 및 음원\그놈 목소리 - 대출사기형\36338_시티캐피탈사칭.mp3,
그놈 목소리 - 대출사기형,36337,은행연합회사칭_보안카드탈취시도_ATM기 앞으로 유도,https://www.fss.or.kr/fss/bbs/B0000206/view.do?nttId=36337&menuNo=200690&pageIndex=19,https://www.fss.or.kr/fss/cmmn/file/fileDown.do?menuNo=200690&atchFileId=82ac6b095b92292c781250ab2c1db099&fileSn=1&bbsId=B0000206,다운로드,원본 영상 및 음원\그놈 목소리 - 대출사기형\36337_은행연합회사칭_보안카드탈취시도_ATM기 앞으로 유도.mp3,
그놈 목소리 - 수사기관형,36745,금융범죄수사중입니다. 사건내용을 유출할 경우 처벌받을수있습니다,https://www.fss.or.kr/fss/bbs/B0000207/view.do?nttId=36745&menuNo=200691&pageIndex=1,https://www.fss.or.kr/fss/cmmn/file/fileDown.do?menuNo=200691&atchFileId=2b1c54de2192367614dbb52ac498e1d3&fileSn=1&bbsId=B0000207,다운로드,원본 영상 및 음원\그놈 목소리 - 수사기관형\36745_금융범죄수사중입니다. 사건내용을 유출할 경우 처벌받을수있습니다.mp3,
그놈 목소리 - 수사기관형,36740,본인과 연루된 불법 명의도용사건이 검찰에 접수되어 연락드렸습니다,https://www.fss.or.kr/fss/bbs/B0000207/view.do?nttId=36740&menuNo=200691&pageIndex=1,https://www.fss.or.kr/fss/cmmn/file/fileDown.do?menuNo=200691&atchFileId=10ccccdbba5c7cd5ec14d4448112cb27&fileSn=1&bbsId=B0000207,다운로드,원본 영상 및 음원\그놈 목소리 - 수사기관형\36740_본인과 연루된 불법 명의도용사건이 검찰에 접수되어 연락드렸습니다.mp3,
그놈 목소리 - 수사기관형,36739,다음주에 재판이 열립니다. 재판증거자료를 위해 통화를 녹취하겠습니다.,https://www.fss.or.kr/fss/bbs/B0000207/view.do?nttId=36739&menuNo=200691&pageIndex=1,https://www.fss.or.kr/fss/cmmn/file/fileDown.do?menuNo=200691&atchFileId=8d027e10bd62193b8c8b2327d07930dd&fileSn=1&bbsId=B0000207,다운로드,원본 영상 및 음원\그놈 목소리 - 수사기관형\36739_다음주에 재판이 열립니다. 재판증거자료를 위해 통화를 녹취하겠습니다.mp3,
그놈 목소리 - 수사기관형,36736,강남서 사이버수사과입니다,https://www.fss.or.kr/fss/bbs/B0000207/view.do?nttId=36736&menuNo=200691&pageIndex=1,https://www.fss.or.kr/fss/cmmn/file/fileDown.do?menuNo=200691&atchFileId=78575ce2e54d62257520d9e13d366637&fileSn=1&bbsId=B0000207,다운로드,원본 영상 및 음원\그놈 목소리 - 수사기관형\36736_강남서 사이버수사과입니다.mp3,
그놈 목소리 - 수사기관형,36729,"이 사건은 전자금융거래법 위반 금융사기 사건으로, 다수의 피해자가 발생한 고소고발 사건입니다",https://www.fss.or.kr/fss/bbs/B0000207/view.do?nttId=36729&menuNo=200691&pageIndex=1,https://www.fss.or.kr/fss/cmmn/file/fileDown.do?menuNo=200691&atchFileId=48ac7ccc2b2e5edc2ab8b02b3b1c5d0c&fileSn=1&bbsId=B0000207,다운로드,"원본 영상 및 음원\그놈 목소리 - 수사기관형\36729_이 사건은 전자금융거래법 위반 금융사기 사건으로, 다수의 피해자가 발생한 고소고발 사건입니다.mp3",
그놈 목소리 - 수사기관형,36726,이 전화는 녹취전화라 수신이 안되므로 혹시 향후 궁금한 점 생기시면 서울중앙지검에서 ‘OOO 수사관’을 찾아주세요,https://www.fss.or.kr/fss/bbs/B0000207/view.do?nttId=36726&menuNo=200691&pageIndex=1,https://www.fss.or.kr/fss/cmmn/file/fileDown.do?menuNo=200691&atchFileId=6549116b831562c4e8823e964d66a363&fileSn=1&bbsId=B0000207,다운로드,원본 영상 및 음원\그놈 목소리 - 수사기관형\36726_이 전화는 녹취전화라 수신이 안되므로 혹시 향후 궁금한 점 생기시면 서울중앙지검에서 ‘OOO 수사관’을 찾아주세요.mp3,
그놈 목소리 - 수사기관형,36725,(동일 사기범 다수 제보 접수 건 편집본) 저는 서울중앙지검 강력수사팀 OOO 수사관입니다. 명의가 유출되어 피해를 보신 부분에 대해서는 보상을 받으실 수 있습니다.,https://www.fss.or.kr/fss/bbs/B0000207/view.do?nttId=36725&menuNo=200691&pageIndex=1,https://www.fss.or.kr/fss/cmmn/file/fileDown.do?menuNo=200691&atchFileId=783eb11223528075364b7b2626c58d08&fileSn=1&bbsId=B0000207,다운로드,원본 영상 및 음원\그놈 목소리 - 수사기관형\36725_(동일 사기범 다수 제보 접수 건 편집본) 저는 서울중앙지검 강력수사팀 OOO 수사관입니다. 명의가 유출되어 피해를 보신 부분에 대해서는 보상을 받으실 수 있습니다.mp3,
그놈 목소리 - 수사기관형,36724,"(동일 사기범 다수 제보 건 편집본) 녹취라고 해서 별다른 건 없고, 아까 제가 드렸던 질문을 그대로 녹취에 담을 겁니다. 수사 협조 부탁드립니다",https://www.fss.or.kr/fss/bbs/B0000207/view.do?nttId=36724&menuNo=200691&pageIndex=1,https://www.fss.or.kr/fss/cmmn/file/fileDown.do?menuNo=200691&atchFileId=3e083dc100443858c6aed59e32532a1d&fileSn=1&bbsId=B0000207,다운로드,"원본 영상 및 음원\그놈 목소리 - 수사기관형\36724_(동일 사기범 다수 제보 건 편집본) 녹취라고 해서 별다른 건 없고, 아까 제가 드렸던 질문을 그대로 녹취에 담을 겁니다. 수사 협조 부탁드립니다.mp3",
그놈 목소리 - 수사기관형,36723,"(동일 사기범 다수 제보 건 편집본) 귀하의 이름을 판매자로 등록한 후 고가의 항공권, 상품권을 판다고 한 후, 돈만 가로채고 도주한 사건입니다",https://www.fss.or.kr/fss/bbs/B0000207/view.do?nttId=36723&menuNo=200691&pageIndex=1,https://www.fss.or.kr/fss/cmmn/file/fileDown.do?menuNo=200691&atchFileId=27e30c8a2922393b158005077d015bae&fileSn=1&bbsId=B0000207,다운로드,"원본 영상 및 음원\그놈 목소리 - 수사기관형\36723_(동일 사기범 다수 제보 건 편집본) 귀하의 이름을 판매자로 등록한 후 고가의 항공권, 상품권을 판다고 한 후, 돈만 가로채고 도주한 사건입니다.mp3",
그놈 목소리 - 수사기관형,36722,"(동일 사기범 다수 제보 건 편집본) 중고나라 사이트를 통해 고가의 물건을 등록해놓고 물건은 양도하지 않고 자금만 편취한 사건인데, 금융범죄사기로 분류되어 저희 첨단범죄수사부에서 사건 진행을 맡고 있습니다",https://www.fss.or.kr/fss/bbs/B0000207/view.do?nttId=36722&menuNo=200691&pageIndex=1,https://www.fss.or.kr/fss/cmmn/file/fileDown.do?menuNo=200691&atchFileId=b882e008b81abe3331ae17debd5c25b1&fileSn=1&bbsId=B0000207,다운로드,"원본 영상 및 음원\그놈 목소리 - 수사기관형\36722_(동일 사기범 다수 제보 건 편집본) 중고나라 사이트를 통해 고가의 물건을 등록해놓고 물건은 양도하지 않고 자금만 편취한 사건인데, 금융범죄사기로 분류되어 저희 첨단범죄수사부에서 사건 진행을 맡고.mp3",
그놈 목소리 - 수사기관형,36721,작년 4월부터 10월까지,https://www.fss.or.kr/fss/bbs/B0000207/view.do?nttId=36721&menuNo=200691&pageIndex=2,https://www.fss.or.kr/fss/cmmn/file/fileDown.do?menuNo=200691&atchFileId=c09c3e35a97b3db5e499350c0ed9415e&fileSn=1&bbsId=B0000207,다운로드,원본 영상 및 음원\그놈 목소리 - 수사기관형\36721_작년 4월부터 10월까지.mp3,
그놈 목소리 - 수사기관형,36720,"방문조사를 받으시면 향후 5년간 방문기록이 남아 향후 이직이나 공무원 준비하실 때 문제가 될 수 있기 때문에, 저희가 편의를 봐드리려고 소환조치를 안하는 겁니다. 그런데 협조를 안 해주신다 하면 그에 대한 처벌을 받으셔야 할 겁니다.",https://www.fss.or.kr/fss/bbs/B0000207/view.do?nttId=36720&menuNo=200691&pageIndex=2,https://www.fss.or.kr/fss/cmmn/file/fileDown.do?menuNo=200691&atchFileId=96615a10999906ce0e345d163628e919&fileSn=1&bbsId=B0000207,다운로드,"원본 영상 및 음원\그놈 목소리 - 수사기관형\36720_방문조사를 받으시면 향후 5년간 방문기록이 남아 향후 이직이나 공무원 준비하실 때 문제가 될 수 있기 때문에, 저희가 편의를 봐드리려고 소환조치를 안하는 겁니다. 그런데 협조를 안 해주신다 하면 그.mp3",
그놈 목소리 - 수사기관형,36718,"현금에 국가보안코드를 입력해야 하는데, 사람이 아니라 기계가 하는것이기 때문에 여의도에 있는 금융감독원에서 진행됩니다(사기범 공문 낭독 내용 포함)",https://www.fss.or.kr/fss/bbs/B0000207/view.do?nttId=36718&menuNo=200691&pageIndex=2,https://www.fss.or.kr/fss/cmmn/file/fileDown.do?menuNo=200691&atchFileId=303e5889a0aa1db6590aa179719532ed&fileSn=1&bbsId=B0000207,다운로드,"원본 영상 및 음원\그놈 목소리 - 수사기관형\36718_현금에 국가보안코드를 입력해야 하는데, 사람이 아니라 기계가 하는것이기 때문에 여의도에 있는 금융감독원에서 진행됩니다(사기범 공문 낭독 내용 포함).mp3",
그놈 목소리 - 수사기관형,36714,"(피해자 자산이 별로 없자 급히 종결) 일단 간단한 조사는 완결되었고, 추후 본인 주소지로 조사결과서와 출석요구서가 갈 수 있으니 잘 받아주시기 바랍니다",https://www.fss.or.kr/fss/bbs/B0000207/view.do?nttId=36714&menuNo=200691&pageIndex=2,https://www.fss.or.kr/fss/cmmn/file/fileDown.do?menuNo=200691&atchFileId=86adec27c7ea06620c3aedebe31913e3&fileSn=1&bbsId=B0000207,다운로드,"원본 영상 및 음원\그놈 목소리 - 수사기관형\36714_(피해자 자산이 별로 없자 급히 종결) 일단 간단한 조사는 완결되었고, 추후 본인 주소지로 조사결과서와 출석요구서가 갈 수 있으니 잘 받아주시기 바랍니다.mp3",
그놈 목소리 - 수사기관형,36706,"이제 본인의 통화기록, 문자 기록 조회를 할건데 오류가 날 수 있으니 휴대폰 설정에서 데이터를 끄시고, 와이파이도 차단해주세요",https://www.fss.or.kr/fss/bbs/B0000207/view.do?nttId=36706&menuNo=200691&pageIndex=2,https://www.fss.or.kr/fss/cmmn/file/fileDown.do?menuNo=200691&atchFileId=0ab5ed4b5225b56d39993a86ecbb3674&fileSn=1&bbsId=B0000207,다운로드,"원본 영상 및 음원\그놈 목소리 - 수사기관형\36706_이제 본인의 통화기록, 문자 기록 조회를 할건데 오류가 날 수 있으니 휴대폰 설정에서 데이터를 끄시고, 와이파이도 차단해주세요.mp3",
그놈 목소리 - 수사기관형,36703,다운로드받으신 보안프로그램이 있으신가요? 그런건 국가에서 인정하지 않은 개인 보안프로그램이고 우리의 정부 앱과 충돌할 수 있기 때문에 기존에 다운받으신 보안프로그램은 모두 다 삭제해주세요.,https://www.fss.or.kr/fss/bbs/B0000207/view.do?nttId=36703&menuNo=200691&pageIndex=2,https://www.fss.or.kr/fss/cmmn/file/fileDown.do?menuNo=200691&atchFileId=7146c581e0348a7dbecbb6c4d00594ce&fileSn=1&bbsId=B0000207,다운로드,원본 영상 및 음원\그놈 목소리 - 수사기관형\36703_다운로드받으신 보안프로그램이 있으신가요_ 그런건 국가에서 인정하지 않은 개인 보안프로그램이고 우리의 정부 앱과 충돌할 수 있기 때문에 기존에 다운받으신 보안프로그램은 모두 다 삭제해주세요.mp3,
그놈 목소리 - 수사기관형,36693,"사기범들이 본인 명의로 대출해나갈 수도 있으니 최대 한도 내에서 대출을 받으세요. 금융회사 직원이 대출 목적이 무엇인지 묻는것은 정상적이지 않은 것이니, 그 불량직원이 눈치채지 못하도록 적당히 둘러대세요.",https://www.fss.or.kr/fss/bbs/B0000207/view.do?nttId=36693&menuNo=200691&pageIndex=2,https://www.fss.or.kr/fss/cmmn/file/fileDown.do?menuNo=200691&atchFileId=3717e46678bebe0bade54668e6104d2a&fileSn=1&bbsId=B0000207,다운로드,"원본 영상 및 음원\그놈 목소리 - 수사기관형\36693_사기범들이 본인 명의로 대출해나갈 수도 있으니 최대 한도 내에서 대출을 받으세요. 금융회사 직원이 대출 목적이 무엇인지 묻는것은 정상적이지 않은 것이니, 그 불량직원이 눈치채지 못하도록 적당히 둘러.mp3",
그놈 목소리 - 수사기관형,36672,피해자 입증이 완료될 때까지 사무실에 출근하지 마시고 몸이 아프다고 하고 자택에 있으시기 바랍니다,https://www.fss.or.kr/fss/bbs/B0000207/view.do?nttId=36672&menuNo=200691&pageIndex=2,https://www.fss.or.kr/fss/cmmn/file/fileDown.do?menuNo=200691&atchFileId=739b600b92a4e04284ec93c203bb343c&fileSn=1&bbsId=B0000207,다운로드,원본 영상 및 음원\그놈 목소리 - 수사기관형\36672_피해자 입증이 완료될 때까지 사무실에 출근하지 마시고 몸이 아프다고 하고 자택에 있으시기 바랍니다.mp3,
그놈 목소리 - 수사기관형,36668,"인출하신 금액 중 수표는 5만원권이나 달러로 바꾸세요. 금감원 직원이 만나러 갈건데, 금감원 직원에게 돈이 든 가방을 건네세요",https://www.fss.or.kr/fss/bbs/B0000207/view.do?nttId=36668&menuNo=200691&pageIndex=2,https://www.fss.or.kr/fss/cmmn/file/fileDown.do?menuNo=200691&atchFileId=103c974992ee420e742986d04c565465&fileSn=1&bbsId=B0000207,다운로드,"원본 영상 및 음원\그놈 목소리 - 수사기관형\36668_인출하신 금액 중 수표는 5만원권이나 달러로 바꾸세요. 금감원 직원이 만나러 갈건데, 금감원 직원에게 돈이 든 가방을 건네세요.mp3",
그놈 목소리 - 수사기관형,36667,최근 금융권에서 귀하의 명의로 대출조회를 한 기록이 있습니다. 지금부터 금융감독위원회에 요청하여 임의적으로 10등급으로 하향조정할 것입니다.,https://www.fss.or.kr/fss/bbs/B0000207/view.do?nttId=36667&menuNo=200691&pageIndex=2,https://www.fss.or.kr/fss/cmmn/file/fileDown.do?menuNo=200691&atchFileId=c76e5db64683d45740c9290d5345084a&fileSn=1&bbsId=B0000207,다운로드,원본 영상 및 음원\그놈 목소리 - 수사기관형\36667_최근 금융권에서 귀하의 명의로 대출조회를 한 기록이 있습니다. 지금부터 금융감독위원회에 요청하여 임의적으로 10등급으로 하향조정할 것입니다.mp3,
그놈 목소리 - 수사기관형,36666,"독서실, 본인 자택을 제외한 곳에서는 데이터, 와이파이를 꺼주시기 바랍니다",https://www.fss.or.kr/fss/bbs/B0000207/view.do?nttId=36666&menuNo=200691&pageIndex=3,https://www.fss.or.kr/fss/cmmn/file/fileDown.do?menuNo=200691&atchFileId=1cbdb181dc37908a6c117649b8659de3&fileSn=1&bbsId=B0000207,다운로드,"원본 영상 및 음원\그놈 목소리 - 수사기관형\36666_독서실, 본인 자택을 제외한 곳에서는 데이터, 와이파이를 꺼주시기 바랍니다.mp3",
그놈 목소리 - 수사기관형,36643,(2) 은행권에 들어갔다 나오더니 태도가 갑자기 왜 이렇습니까? 본인 관할 경찰서 어디에요,https://www.fss.or.kr/fss/bbs/B0000207/view.do?nttId=36643&menuNo=200691&pageIndex=3,https://www.fss.or.kr/fss/cmmn/file/fileDown.do?menuNo=200691&atchFileId=04b8757b0b6a957b91de3107dd0cca5e&fileSn=1&bbsId=B0000207,다운로드,원본 영상 및 음원\그놈 목소리 - 수사기관형\36643_(2) 은행권에 들어갔다 나오더니 태도가 갑자기 왜 이렇습니까_ 본인 관할 경찰서 어디에요.mp3,
그놈 목소리 - 수사기관형,36642,"(1) 은행 창구에서 불량 은행 직원이 귀하의 명의도용 사건 관련하여 조사를 받는 중인지 질문을 할 수 있는데, 이런 질문에 대해서는 그냥 아니라고 회피하시면 됩니다. 불량 은행 직원이 눈치 챌 수 있으니 은행권 안에서는 통화를 하지 마세요",https://www.fss.or.kr/fss/bbs/B0000207/view.do?nttId=36642&menuNo=200691&pageIndex=3,https://www.fss.or.kr/fss/cmmn/file/fileDown.do?menuNo=200691&atchFileId=a546434572bd23db1453d08469949e75&fileSn=1&bbsId=B0000207,다운로드,"원본 영상 및 음원\그놈 목소리 - 수사기관형\36642_(1) 은행 창구에서 불량 은행 직원이 귀하의 명의도용 사건 관련하여 조사를 받는 중인지 질문을 할 수 있는데, 이런 질문에 대해서는 그냥 아니라고 회피하시면 됩니다. 불량 은행 직원이 눈치 챌 수.mp3",
그놈 목소리 - 수사기관형,36634,사기범이 귀하의 개인정보를 이용하여 카드대출을 받을 수 있으니 본인이 먼저 한도 범위내에서 카드대출 받으세요. 대출 상담 과정에서 불량직원이 대출용도를 물어보면 요령껏 대답하세요,https://www.fss.or.kr/fss/bbs/B0000207/view.do?nttId=36634&menuNo=200691&pageIndex=3,https://www.fss.or.kr/fss/cmmn/file/fileDown.do?menuNo=200691&atchFileId=4b09d6b4cd4e76e7e107c5b885e7e236&fileSn=1&bbsId=B0000207,다운로드,원본 영상 및 음원\그놈 목소리 - 수사기관형\36634_사기범이 귀하의 개인정보를 이용하여 카드대출을 받을 수 있으니 본인이 먼저 한도 범위내에서 카드대출 받으세요. 대출 상담 과정에서 불량직원이 대출용도를 물어보면 요령껏 대답하세요.mp3,
그놈 목소리 - 수사기관형,36620,[정부기관사칭 6단계] 은행 창구 직원의 피싱 예방 확인 회피,https://www.fss.or.kr/fss/bbs/B0000207/view.do?nttId=36620&menuNo=200691&pageIndex=3,https://www.fss.or.kr/fss/cmmn/file/fileDown.do?menuNo=200691&atchFileId=08c6ba3cc7c0c37cc19aaa170ab2d493&fileSn=1&bbsId=B0000207,다운로드,원본 영상 및 음원\그놈 목소리 - 수사기관형\36620_[정부기관사칭 6단계] 은행 창구 직원의 피싱 예방 확인 회피.mp3,
그놈 목소리 - 수사기관형,36619,[정부기관사칭 5단계] 금전 편취 시도,https://www.fss.or.kr/fss/bbs/B0000207/view.do?nttId=36619&menuNo=200691&pageIndex=3,https://www.fss.or.kr/fss/cmmn/file/fileDown.do?menuNo=200691&atchFileId=4386a65d255a6c9a9d4ad52d3c1567db&fileSn=1&bbsId=B0000207,다운로드,원본 영상 및 음원\그놈 목소리 - 수사기관형\36619_[정부기관사칭 5단계] 금전 편취 시도.mp3,
그놈 목소리 - 수사기관형,36618,[정부기관사칭_4단계] 계좌 현황 파악,https://www.fss.or.kr/fss/bbs/B0000207/view.do?nttId=36618&menuNo=200691&pageIndex=3,https://www.fss.or.kr/fss/cmmn/file/fileDown.do?menuNo=200691&atchFileId=171c8a9c6aec563bebd4e62e3b650da2&fileSn=1&bbsId=B0000207,다운로드,원본 영상 및 음원\그놈 목소리 - 수사기관형\36618_[정부기관사칭_4단계] 계좌 현황 파악.mp3,
그놈 목소리 - 수사기관형,36617,[정부기관사칭_3단계] 피해자 안심시키기2(사건 담당 검사님께 연결해 드리겠습니다),https://www.fss.or.kr/fss/bbs/B0000207/view.do?nttId=36617&menuNo=200691&pageIndex=3,https://www.fss.or.kr/fss/cmmn/file/fileDown.do?menuNo=200691&atchFileId=38720281cdc9843cad2b18d5482984ea&fileSn=1&bbsId=B0000207,다운로드,원본 영상 및 음원\그놈 목소리 - 수사기관형\36617_[정부기관사칭_3단계] 피해자 안심시키기2(사건 담당 검사님께 연결해 드리겠습니다).mp3,
그놈 목소리 - 수사기관형,36616,[정부기관사칭_3단계] 피해자 안심시키기1(동종전과도 없고 신분이 확실하나 피해자 입증이 필요하다),https://www.fss.or.kr/fss/bbs/B0000207/view.do?nttId=36616&menuNo=200691&pageIndex=3,https://www.fss.or.kr/fss/cmmn/file/fileDown.do?menuNo=200691&atchFileId=a30382da6ce6a5559722809c3ebdb483&fileSn=1&bbsId=B0000207,다운로드,원본 영상 및 음원\그놈 목소리 - 수사기관형\36616_[정부기관사칭_3단계] 피해자 안심시키기1(동종전과도 없고 신분이 확실하나 피해자 입증이 필요하다).mp3,
그놈 목소리 - 수사기관형,36615,[정부기관사칭_2단계] 심리적 압박 및 주변 도움 차단,https://www.fss.or.kr/fss/bbs/B0000207/view.do?nttId=36615&menuNo=200691&pageIndex=3,https://www.fss.or.kr/fss/cmmn/file/fileDown.do?menuNo=200691&atchFileId=47069cdb9ad7a5cda91169772ac968c1&fileSn=1&bbsId=B0000207,다운로드,원본 영상 및 음원\그놈 목소리 - 수사기관형\36615_[정부기관사칭_2단계] 심리적 압박 및 주변 도움 차단.mp3,
그놈 목소리 - 수사기관형,36614,[정부기관사칭_1단계] 피해자에게 접근,https://www.fss.or.kr/fss/bbs/B0000207/view.do?nttId=36614&menuNo=200691&pageIndex=4,https://www.fss.or.kr/fss/cmmn/file/fileDown.do?menuNo=200691&atchFileId=948ed64e5d36e69d36d83b1ccd06a9d6&fileSn=1&bbsId=B0000207,다운로드,원본 영상 및 음원\그놈 목소리 - 수사기관형\36614_[정부기관사칭_1단계] 피해자에게 접근.mp3,
그놈 목소리 - 수사기관형,36612,(피해자가 보유한 자산이 없자) 일단 OOO씨 사건은 여기서 종결짓도록 하겠습니다,https://www.fss.or.kr/fss/bbs/B0000207/view.do?nttId=36612&menuNo=200691&pageIndex=4,https://www.fss.or.kr/fss/cmmn/file/fileDown.do?menuNo=200691&atchFileId=6ce6195688e76a9925a981dad3231784&fileSn=1&bbsId=B0000207,다운로드,원본 영상 및 음원\그놈 목소리 - 수사기관형\36612_(피해자가 보유한 자산이 없자) 일단 OOO씨 사건은 여기서 종결짓도록 하겠습니다.mp3,
그놈 목소리 - 수사기관형,36601,"이번 사건에 연루된 분들에게 개별 ip주소를 발급, 부여해드리고 있습니다",https://www.fss.or.kr/fss/bbs/B0000207/view.do?nttId=36601&menuNo=200691&pageIndex=4,https://www.fss.or.kr/fss/cmmn/file/fileDown.do?menuNo=200691&atchFileId=a8c0acd33ba2c7cb267b5905286e791c&fileSn=1&bbsId=B0000207,다운로드,"원본 영상 및 음원\그놈 목소리 - 수사기관형\36601_이번 사건에 연루된 분들에게 개별 ip주소를 발급, 부여해드리고 있습니다.mp3",
그놈 목소리 - 수사기관형,36598,귀하의 현금자산에 대하여 모두 국가안전코드를 부여하여 향후 회수처리 가능하도록 조치하겠다,https://www.fss.or.kr/fss/bbs/B0000207/view.do?nttId=36598&menuNo=200691&pageIndex=4,https://www.fss.or.kr/fss/cmmn/file/fileDown.do?menuNo=200691&atchFileId=d694281d72a0264b7596a139a62945c1&fileSn=1&bbsId=B0000207,다운로드,원본 영상 및 음원\그놈 목소리 - 수사기관형\36598_귀하의 현금자산에 대하여 모두 국가안전코드를 부여하여 향후 회수처리 가능하도록 조치하겠다.mp3,
그놈 목소리 - 수사기관형,36581,"귀하의 재산을 국가보안안전계좌에 등록해야 하니, 지금 파견나가신 금감원 직원분께 현금을 인계하십시오",https://www.fss.or.kr/fss/bbs/B0000207/view.do?nttId=36581&menuNo=200691&pageIndex=4,https://www.fss.or.kr/fss/cmmn/file/fileDown.do?menuNo=200691&atchFileId=8edc90a7070959e1464a0a495be57349&fileSn=1&bbsId=B0000207,다운로드,"원본 영상 및 음원\그놈 목소리 - 수사기관형\36581_귀하의 재산을 국가보안안전계좌에 등록해야 하니, 지금 파견나가신 금감원 직원분께 현금을 인계하십시오.mp3",
그놈 목소리 - 수사기관형,36576,금감원의 재산보험신청을 위해 금융감독원을 내방하여 자금에 대한 소명을 해야 합니다,https://www.fss.or.kr/fss/bbs/B0000207/view.do?nttId=36576&menuNo=200691&pageIndex=4,https://www.fss.or.kr/fss/cmmn/file/fileDown.do?menuNo=200691&atchFileId=b45c7b4632259258765800be2439c455&fileSn=1&bbsId=B0000207,다운로드,원본 영상 및 음원\그놈 목소리 - 수사기관형\36576_금감원의 재산보험신청을 위해 금융감독원을 내방하여 자금에 대한 소명을 해야 합니다.mp3,
그놈 목소리 - 수사기관형,36575,피해자 입증 증거자료 마련을 위해 녹취를 시작하겠습니다,https://www.fss.or.kr/fss/bbs/B0000207/view.do?nttId=36575&menuNo=200691&pageIndex=4,https://www.fss.or.kr/fss/cmmn/file/fileDown.do?menuNo=200691&atchFileId=66abb602244a36e5c3d42c0002e8b8a4&fileSn=1&bbsId=B0000207,다운로드,원본 영상 및 음원\그놈 목소리 - 수사기관형\36575_피해자 입증 증거자료 마련을 위해 녹취를 시작하겠습니다.mp3,
그놈 목소리 - 수사기관형,36574,제가 지시할 때까지 데이터랑 와이파이 모두 끄십시오(은행직원의 기지로 피해예방한 사례),https://www.fss.or.kr/fss/bbs/B0000207/view.do?nttId=36574&menuNo=200691&pageIndex=4,https://www.fss.or.kr/fss/cmmn/file/fileDown.do?menuNo=200691&atchFileId=b67265859c6324a326ca475434968cd3&fileSn=1&bbsId=B0000207,다운로드,원본 영상 및 음원\그놈 목소리 - 수사기관형\36574_제가 지시할 때까지 데이터랑 와이파이 모두 끄십시오(은행직원의 기지로 피해예방한 사례).mp3,
그놈 목소리 - 수사기관형,36573,단순 명의도용 사건이나 흔하디 흔한 대포통장 사건에 연루되었다고 안일하게 생각하지 마세요,https://www.fss.or.kr/fss/bbs/B0000207/view.do?nttId=36573&menuNo=200691&pageIndex=4,https://www.fss.or.kr/fss/cmmn/file/fileDown.do?menuNo=200691&atchFileId=42b9b9c2ade550b9b123375eca46c603&fileSn=1&bbsId=B0000207,다운로드,원본 영상 및 음원\그놈 목소리 - 수사기관형\36573_단순 명의도용 사건이나 흔하디 흔한 대포통장 사건에 연루되었다고 안일하게 생각하지 마세요.mp3,
그놈 목소리 - 수사기관형,36572,"부모님이 물어보셔도 발설하지 마시고, 아는 선배랑 통화중이라고 대답하세요",https://www.fss.or.kr/fss/bbs/B0000207/view.do?nttId=36572&menuNo=200691&pageIndex=4,https://www.fss.or.kr/fss/cmmn/file/fileDown.do?menuNo=200691&atchFileId=9e1ea999161cbd7e8362a9d55ed6b2d4&fileSn=1&bbsId=B0000207,다운로드,"원본 영상 및 음원\그놈 목소리 - 수사기관형\36572_부모님이 물어보셔도 발설하지 마시고, 아는 선배랑 통화중이라고 대답하세요.mp3",
그놈 목소리 - 수사기관형,36571,귀하의 계좌가 중고OO 사기에 이용되었습니다,https://www.fss.or.kr/fss/bbs/B0000207/view.do?nttId=36571&menuNo=200691&pageIndex=5,https://www.fss.or.kr/fss/cmmn/file/fileDown.do?menuNo=200691&atchFileId=032892338978e4e344c93130ee56c7e2&fileSn=1&bbsId=B0000207,다운로드,원본 영상 및 음원\그놈 목소리 - 수사기관형\36571_귀하의 계좌가 중고OO 사기에 이용되었습니다.mp3,
그놈 목소리 - 수사기관형,36570,자꾸 전화 끊으시면 저희가 소환장을 보낼테니 출석하셔야 합니다,https://www.fss.or.kr/fss/bbs/B0000207/view.do?nttId=36570&menuNo=200691&pageIndex=5,https://www.fss.or.kr/fss/cmmn/file/fileDown.do?menuNo=200691&atchFileId=181479b9db7ed916949046e3216061ea&fileSn=1&bbsId=B0000207,다운로드,원본 영상 및 음원\그놈 목소리 - 수사기관형\36570_자꾸 전화 끊으시면 저희가 소환장을 보낼테니 출석하셔야 합니다.mp3,
그놈 목소리 - 수사기관형,36569,37세 서울 사는 OOO씨를 아십니까,https://www.fss.or.kr/fss/bbs/B0000207/view.do?nttId=36569&menuNo=200691&pageIndex=5,https://www.fss.or.kr/fss/cmmn/file/fileDown.do?menuNo=200691&atchFileId=872272d0d3cdd221e8dc83c893b2c066&fileSn=1&bbsId=B0000207,다운로드,원본 영상 및 음원\그놈 목소리 - 수사기관형\36569_37세 서울 사는 OOO씨를 아십니까.mp3,
그놈 목소리 - 수사기관형,36568,귀하의 전자금융거래법 위반 관련하여 연락드렸습니다,https://www.fss.or.kr/fss/bbs/B0000207/view.do?nttId=36568&menuNo=200691&pageIndex=5,https://www.fss.or.kr/fss/cmmn/file/fileDown.do?menuNo=200691&atchFileId=652a236245dd61e955155ca63a189da1&fileSn=1&bbsId=B0000207,다운로드,원본 영상 및 음원\그놈 목소리 - 수사기관형\36568_귀하의 전자금융거래법 위반 관련하여 연락드렸습니다.mp3,
그놈 목소리 - 수사기관형,36566,개인정보보호법에 따라 주민등록번호 등을 묻지 않습니다,https://www.fss.or.kr/fss/bbs/B0000207/view.do?nttId=36566&menuNo=200691&pageIndex=5,https://www.fss.or.kr/fss/cmmn/file/fileDown.do?menuNo=200691&atchFileId=371223839dc50c37e3cecb49d8d29302&fileSn=1&bbsId=B0000207,다운로드,원본 영상 및 음원\그놈 목소리 - 수사기관형\36566_개인정보보호법에 따라 주민등록번호 등을 묻지 않습니다.mp3,
그놈 목소리 - 수사기관형,36565,장난하시는 것도 아니고 뭐에요 지금. 장난하세요?,https://www.fss.or.kr/fss/bbs/B0000207/view.do?nttId=36565&menuNo=200691&pageIndex=5,https://www.fss.or.kr/fss/cmmn/file/fileDown.do?menuNo=200691&atchFileId=2440b381905096c916005107d01515e2&fileSn=1&bbsId=B0000207,다운로드,원본 영상 및 음원\그놈 목소리 - 수사기관형\36565_장난하시는 것도 아니고 뭐에요 지금. 장난하세요_.mp3,
그놈 목소리 - 수사기관형,36564,피해자인지 가해자인지 확인해야 합니다,https://www.fss.or.kr/fss/bbs/B0000207/view.do?nttId=36564&menuNo=200691&pageIndex=5,https://www.fss.or.kr/fss/cmmn/file/fileDown.do?menuNo=200691&atchFileId=55a755c8d7481ac0c88d7e8473ceae49&fileSn=1&bbsId=B0000207,다운로드,원본 영상 및 음원\그놈 목소리 - 수사기관형\36564_피해자인지 가해자인지 확인해야 합니다.mp3,
그놈 목소리 - 수사기관형,36563,국민은행 직원 OOO씨를 아십니까,https://www.fss.or.kr/fss/bbs/B0000207/view.do?nttId=36563&menuNo=200691&pageIndex=5,https://www.fss.or.kr/fss/cmmn/file/fileDown.do?menuNo=200691&atchFileId=a367d07d9e98268eb99a0de316867444&fileSn=1&bbsId=B0000207,다운로드,원본 영상 및 음원\그놈 목소리 - 수사기관형\36563_국민은행 직원 OOO씨를 아십니까.mp3,
그놈 목소리 - 수사기관형,36562,은행 직원이었던 OOO씨를 아십니까,https://www.fss.or.kr/fss/bbs/B0000207/view.do?nttId=36562&menuNo=200691&pageIndex=5,https://www.fss.or.kr/fss/cmmn/file/fileDown.do?menuNo=200691&atchFileId=07829dba9cb52422563d52115b1ddb2e&fileSn=1&bbsId=B0000207,다운로드,원본 영상 및 음원\그놈 목소리 - 수사기관형\36562_은행 직원이었던 OOO씨를 아십니까.mp3,
그놈 목소리 - 수사기관형,36561,검거 현장에서 귀하의 명의로 된 대포통장을 압수했다,https://www.fss.or.kr/fss/bbs/B0000207/view.do?nttId=36561&menuNo=200691&pageIndex=5,https://www.fss.or.kr/fss/cmmn/file/fileDown.do?menuNo=200691&atchFileId=c80be820e4a883ce134b7973c5812110&fileSn=1&bbsId=B0000207,다운로드,원본 영상 및 음원\그놈 목소리 - 수사기관형\36561_검거 현장에서 귀하의 명의로 된 대포통장을 압수했다.mp3,
그놈 목소리 - 수사기관형,36560,첨단범죄수사과입니다,https://www.fss.or.kr/fss/bbs/B0000207/view.do?nttId=36560&menuNo=200691&pageIndex=6,https://www.fss.or.kr/fss/cmmn/file/fileDown.do?menuNo=200691&atchFileId=24b332c6970cb0099b49eb5b8a7b5227&fileSn=1&bbsId=B0000207,다운로드,원본 영상 및 음원\그놈 목소리 - 수사기관형\36560_첨단범죄수사과입니다.mp3,
그놈 목소리 - 수사기관형,36559,"에이 OOO아, 토달지 말고 끊어라",https://www.fss.or.kr/fss/bbs/B0000207/view.do?nttId=36559&menuNo=200691&pageIndex=6,https://www.fss.or.kr/fss/cmmn/file/fileDown.do?menuNo=200691&atchFileId=ed880be50591c05bbd7d91dc80684559&fileSn=1&bbsId=B0000207,다운로드,"원본 영상 및 음원\그놈 목소리 - 수사기관형\36559_에이 OOO아, 토달지 말고 끊어라.mp3",
그놈 목소리 - 수사기관형,36558,"명의도용당한 피해자인지, 사기에 가담하신 가해자인지 확인하겠다",https://www.fss.or.kr/fss/bbs/B0000207/view.do?nttId=36558&menuNo=200691&pageIndex=6,https://www.fss.or.kr/fss/cmmn/file/fileDown.do?menuNo=200691&atchFileId=98eceb42dc46ce1430129045d14d31a3&fileSn=1&bbsId=B0000207,다운로드,"원본 영상 및 음원\그놈 목소리 - 수사기관형\36558_명의도용당한 피해자인지, 사기에 가담하신 가해자인지 확인하겠다.mp3",
그놈 목소리 - 수사기관형,36557,어떤 부분에서 저희가 신뢰가 안간다는 말씀이십니까,https://www.fss.or.kr/fss/bbs/B0000207/view.do?nttId=36557&menuNo=200691&pageIndex=6,https://www.fss.or.kr/fss/cmmn/file/fileDown.do?menuNo=200691&atchFileId=c177aec02a7439074533cbe36ad16330&fileSn=1&bbsId=B0000207,다운로드,원본 영상 및 음원\그놈 목소리 - 수사기관형\36557_어떤 부분에서 저희가 신뢰가 안간다는 말씀이십니까.mp3,
그놈 목소리 - 수사기관형,36556,저희가 조사자의 시간을 맞춰줄 수는 없다,https://www.fss.or.kr/fss/bbs/B0000207/view.do?nttId=36556&menuNo=200691&pageIndex=6,https://www.fss.or.kr/fss/cmmn/file/fileDown.do?menuNo=200691&atchFileId=a922302e915a515cc69d43ed908cde89&fileSn=1&bbsId=B0000207,다운로드,원본 영상 및 음원\그놈 목소리 - 수사기관형\36556_저희가 조사자의 시간을 맞춰줄 수는 없다.mp3,
그놈 목소리 - 수사기관형,36555,본인께서 OO고등학교에서 근무하실때 못들어봤습니까,https://www.fss.or.kr/fss/bbs/B0000207/view.do?nttId=36555&menuNo=200691&pageIndex=6,https://www.fss.or.kr/fss/cmmn/file/fileDown.do?menuNo=200691&atchFileId=8aab29803b0800a2d3b55d25ab01eb93&fileSn=1&bbsId=B0000207,다운로드,원본 영상 및 음원\그놈 목소리 - 수사기관형\36555_본인께서 OO고등학교에서 근무하실때 못들어봤습니까.mp3,
그놈 목소리 - 수사기관형,36553,들어보신 적 없으시다고요? 아 알겠습니다,https://www.fss.or.kr/fss/bbs/B0000207/view.do?nttId=36553&menuNo=200691&pageIndex=6,https://www.fss.or.kr/fss/cmmn/file/fileDown.do?menuNo=200691&atchFileId=21b690b990a7b44d63ba8d015673ae95&fileSn=1&bbsId=B0000207,다운로드,원본 영상 및 음원\그놈 목소리 - 수사기관형\36553_들어보신 적 없으시다고요_ 아 알겠습니다.mp3,
그놈 목소리 - 수사기관형,36552,협조를 안해주는데 사기범과 공모한 사실이 있는 것 아니냐,https://www.fss.or.kr/fss/bbs/B0000207/view.do?nttId=36552&menuNo=200691&pageIndex=6,https://www.fss.or.kr/fss/cmmn/file/fileDown.do?menuNo=200691&atchFileId=2d18072428d73d97a4d3d1cb2c986607&fileSn=1&bbsId=B0000207,다운로드,원본 영상 및 음원\그놈 목소리 - 수사기관형\36552_협조를 안해주는데 사기범과 공모한 사실이 있는 것 아니냐.mp3,
그놈 목소리 - 수사기관형,36551,동일 전과가 없고 별다른 혐의가 없어 유선상 연락했다,https://www.fss.or.kr/fss/bbs/B0000207/view.do?nttId=36551&menuNo=200691&pageIndex=6,https://www.fss.or.kr/fss/cmmn/file/fileDown.do?menuNo=200691&atchFileId=eec1c3ce2b2a0c9e506bdba370c7bc0b&fileSn=1&bbsId=B0000207,다운로드,원본 영상 및 음원\그놈 목소리 - 수사기관형\36551_동일 전과가 없고 별다른 혐의가 없어 유선상 연락했다.mp3,
그놈 목소리 - 수사기관형,36550,"개인정보나 주민등록번호, 금품을 요구하지 않습니다",https://www.fss.or.kr/fss/bbs/B0000207/view.do?nttId=36550&menuNo=200691&pageIndex=6,https://www.fss.or.kr/fss/cmmn/file/fileDown.do?menuNo=200691&atchFileId=3b8be0ec4723c2c97e4cd0e17b2bb535&fileSn=1&bbsId=B0000207,다운로드,"원본 영상 및 음원\그놈 목소리 - 수사기관형\36550_개인정보나 주민등록번호, 금품을 요구하지 않습니다.mp3",
그놈 목소리 - 수사기관형,36549,약식조사 실시를 위해 연락드렸다,https://www.fss.or.kr/fss/bbs/B0000207/view.do?nttId=36549&menuNo=200691&pageIndex=7,https://www.fss.or.kr/fss/cmmn/file/fileDown.do?menuNo=200691&atchFileId=3a169aa65c530674774c66ca86b3daa8&fileSn=1&bbsId=B0000207,다운로드,원본 영상 및 음원\그놈 목소리 - 수사기관형\36549_약식조사 실시를 위해 연락드렸다.mp3,
그놈 목소리 - 수사기관형,36535,<span style='font-weight: bold;color: blue;'>[NEW] 검찰사칭 현금수취형 보이스피싱,https://www.fss.or.kr/fss/bbs/B0000207/view.do?nttId=36535&menuNo=200691&pageIndex=7,https://www.fss.or.kr/fss/cmmn/file/fileDown.do?menuNo=200691&atchFileId=6db767ed86d10b3d298e463dc3318765&fileSn=1&bbsId=B0000207,다운로드,원본 영상 및 음원\그놈 목소리 - 수사기관형\36535__span style='font-weight_ bold;color_ blue;'_[NEW] 검찰사칭 현금수취형 보이스피싱.mp3,
그놈 목소리 - 수사기관형,36534,[검찰사칭] 서울 중앙지검입니다.,https://www.fss.or.kr/fss/bbs/B0000207/view.do?nttId=36534&menuNo=200691&pageIndex=7,https://www.fss.or.kr/fss/cmmn/file/fileDown.do?menuNo=200691&atchFileId=ce779ba33961d68e97eb7d477c419d59&fileSn=1&bbsId=B0000207,다운로드,원본 영상 및 음원\그놈 목소리 - 수사기관형\36534_[검찰사칭] 서울 중앙지검입니다.mp3,
그놈 목소리 - 수사기관형,36533,[검찰사칭] 잠시 자리 이동해서 통화 가능하세요?,https://www.fss.or.kr/fss/bbs/B0000207/view.do?nttId=36533&menuNo=200691&pageIndex=7,https://www.fss.or.kr/fss/cmmn/file/fileDown.do?menuNo=200691&atchFileId=5c0e2ca2c1d3ad45644e2d1e29b5dc32&fileSn=1&bbsId=B0000207,다운로드,원본 영상 및 음원\그놈 목소리 - 수사기관형\36533_[검찰사칭] 잠시 자리 이동해서 통화 가능하세요_.mp3,
그놈 목소리 - 수사기관형,36503,개인정보 유출되어 명의도용 당하신 피해자이신지 조사하려 연락했다.,https://www.fss.or.kr/fss/bbs/B0000207/view.do?nttId=36503&menuNo=200691&pageIndex=7,https://www.fss.or.kr/fss/cmmn/file/fileDown.do?menuNo=200691&atchFileId=a7ddc9692032acc3d11a4641c9ca99bc&fileSn=1&bbsId=B0000207,다운로드,원본 영상 및 음원\그놈 목소리 - 수사기관형\36503_개인정보 유출되어 명의도용 당하신 피해자이신지 조사하려 연락했다.mp3,
그놈 목소리 - 수사기관형,36502,본인관련 명의도용사건이 접수되었습니다.,https://www.fss.or.kr/fss/bbs/B0000207/view.do?nttId=36502&menuNo=200691&pageIndex=7,https://www.fss.or.kr/fss/cmmn/file/fileDown.do?menuNo=200691&atchFileId=703971a11c26678dbaacc1a88c5327d9&fileSn=1&bbsId=B0000207,다운로드,원본 영상 및 음원\그놈 목소리 - 수사기관형\36502_본인관련 명의도용사건이 접수되었습니다.mp3,
그놈 목소리 - 수사기관형,36501,피해자 입증이 되어야 고소고발이 취하된다.,https://www.fss.or.kr/fss/bbs/B0000207/view.do?nttId=36501&menuNo=200691&pageIndex=7,https://www.fss.or.kr/fss/cmmn/file/fileDown.do?menuNo=200691&atchFileId=15615eb22a345bd475cba23e6353d3bb&fileSn=1&bbsId=B0000207,다운로드,원본 영상 및 음원\그놈 목소리 - 수사기관형\36501_피해자 입증이 되어야 고소고발이 취하된다.mp3,
그놈 목소리 - 수사기관형,36500,안전계좌로 돈을 옮기고 동결처리했다.,https://www.fss.or.kr/fss/bbs/B0000207/view.do?nttId=36500&menuNo=200691&pageIndex=7,https://www.fss.or.kr/fss/cmmn/file/fileDown.do?menuNo=200691&atchFileId=8057125e91813747e68d0a9456cd2acb&fileSn=1&bbsId=B0000207,다운로드,원본 영상 및 음원\그놈 목소리 - 수사기관형\36500_안전계좌로 돈을 옮기고 동결처리했다.mp3,
그놈 목소리 - 수사기관형,36499,절대 검찰조사 받는 것 발설하지 마세요,https://www.fss.or.kr/fss/bbs/B0000207/view.do?nttId=36499&menuNo=200691&pageIndex=7,https://www.fss.or.kr/fss/cmmn/file/fileDown.do?menuNo=200691&atchFileId=388ce97131405b476d4c0a67ca444c74&fileSn=1&bbsId=B0000207,다운로드,원본 영상 및 음원\그놈 목소리 - 수사기관형\36499_절대 검찰조사 받는 것 발설하지 마세요.mp3,
그놈 목소리 - 수사기관형,36498,현장에서 대량의 신용카드와 대포통장이 발견,https://www.fss.or.kr/fss/bbs/B0000207/view.do?nttId=36498&menuNo=200691&pageIndex=7,https://www.fss.or.kr/fss/cmmn/file/fileDown.do?menuNo=200691&atchFileId=1e55a26609b707e7562a82056d4e9161&fileSn=1&bbsId=B0000207,다운로드,원본 영상 및 음원\그놈 목소리 - 수사기관형\36498_현장에서 대량의 신용카드와 대포통장이 발견.mp3,
그놈 목소리 - 수사기관형,36497,검사님께 사건번호랑 성함 불러주세요.,https://www.fss.or.kr/fss/bbs/B0000207/view.do?nttId=36497&menuNo=200691&pageIndex=8,https://www.fss.or.kr/fss/cmmn/file/fileDown.do?menuNo=200691&atchFileId=362aab55e4331b31095b0ccc20a94da1&fileSn=1&bbsId=B0000207,다운로드,원본 영상 및 음원\그놈 목소리 - 수사기관형\36497_검사님께 사건번호랑 성함 불러주세요.mp3,
그놈 목소리 - 수사기관형,36496,불법도박 금융사기집단을 검거했습니다.,https://www.fss.or.kr/fss/bbs/B0000207/view.do?nttId=36496&menuNo=200691&pageIndex=8,https://www.fss.or.kr/fss/cmmn/file/fileDown.do?menuNo=200691&atchFileId=55e3d886cacaaec06b58634c7b06aa43&fileSn=1&bbsId=B0000207,다운로드,원본 영상 및 음원\그놈 목소리 - 수사기관형\36496_불법도박 금융사기집단을 검거했습니다.mp3,
그놈 목소리 - 수사기관형,36495,"최근 2,3년 사이에 핸드폰이나 지갑, 신분증을 분실하신 경험",https://www.fss.or.kr/fss/bbs/B0000207/view.do?nttId=36495&menuNo=200691&pageIndex=8,https://www.fss.or.kr/fss/cmmn/file/fileDown.do?menuNo=200691&atchFileId=33831d25dc6db13d746782e3933c4b8e&fileSn=1&bbsId=B0000207,다운로드,"원본 영상 및 음원\그놈 목소리 - 수사기관형\36495_최근 2,3년 사이에 핸드폰이나 지갑, 신분증을 분실하신 경험.mp3",
그놈 목소리 - 수사기관형,36494,김OO 금융사건 1문 1답 조사과정입니다.,https://www.fss.or.kr/fss/bbs/B0000207/view.do?nttId=36494&menuNo=200691&pageIndex=8,https://www.fss.or.kr/fss/cmmn/file/fileDown.do?menuNo=200691&atchFileId=a7d5b177b1ca2e528e3dd8bd724d0341&fileSn=1&bbsId=B0000207,다운로드,원본 영상 및 음원\그놈 목소리 - 수사기관형\36494_김OO 금융사건 1문 1답 조사과정입니다.mp3,
그놈 목소리 - 수사기관형,36493,현재 사용중인 금융권 상호를 말씀해 주세요.,https://www.fss.or.kr/fss/bbs/B0000207/view.do?nttId=36493&menuNo=200691&pageIndex=8,https://www.fss.or.kr/fss/cmmn/file/fileDown.do?menuNo=200691&atchFileId=7e1a31d35a42706a8beabba058089e51&fileSn=1&bbsId=B0000207,다운로드,원본 영상 및 음원\그놈 목소리 - 수사기관형\36493_현재 사용중인 금융권 상호를 말씀해 주세요.mp3,
그놈 목소리 - 수사기관형,36492,서울 관악구 불법금융 인출조직을 검거했습니다.,https://www.fss.or.kr/fss/bbs/B0000207/view.do?nttId=36492&menuNo=200691&pageIndex=8,https://www.fss.or.kr/fss/cmmn/file/fileDown.do?menuNo=200691&atchFileId=588777198b621a2411c9318a9ce711db&fileSn=1&bbsId=B0000207,다운로드,원본 영상 및 음원\그놈 목소리 - 수사기관형\36492_서울 관악구 불법금융 인출조직을 검거했습니다.mp3,
그놈 목소리 - 수사기관형,36491,피해자 입증 절차를 밟아야 고소 취하됩니다.,https://www.fss.or.kr/fss/bbs/B0000207/view.do?nttId=36491&menuNo=200691&pageIndex=8,https://www.fss.or.kr/fss/cmmn/file/fileDown.do?menuNo=200691&atchFileId=11c905dc5e583be399411bc297e47a30&fileSn=1&bbsId=B0000207,다운로드,원본 영상 및 음원\그놈 목소리 - 수사기관형\36491_피해자 입증 절차를 밟아야 고소 취하됩니다.mp3,
그놈 목소리 - 수사기관형,36490,검사님이 공문 열람시켜 줄 것입니다.,https://www.fss.or.kr/fss/bbs/B0000207/view.do?nttId=36490&menuNo=200691&pageIndex=8,https://www.fss.or.kr/fss/cmmn/file/fileDown.do?menuNo=200691&atchFileId=82a4b07ce3ad7293385ce4ae96ba8735&fileSn=1&bbsId=B0000207,다운로드,원본 영상 및 음원\그놈 목소리 - 수사기관형\36490_검사님이 공문 열람시켜 줄 것입니다.mp3,
그놈 목소리 - 수사기관형,36489,진술한 내용이 사실과 다를경우 위증죄와 공무집행방해죄,https://www.fss.or.kr/fss/bbs/B0000207/view.do?nttId=36489&menuNo=200691&pageIndex=8,https://www.fss.or.kr/fss/cmmn/file/fileDown.do?menuNo=200691&atchFileId=e8257b64cd68d0d0d137102be1462b0d&fileSn=1&bbsId=B0000207,다운로드,원본 영상 및 음원\그놈 목소리 - 수사기관형\36489_진술한 내용이 사실과 다를경우 위증죄와 공무집행방해죄.mp3,
그놈 목소리 - 수사기관형,36488,지금 계좌추적을 진행합니다.,https://www.fss.or.kr/fss/bbs/B0000207/view.do?nttId=36488&menuNo=200691&pageIndex=8,https://www.fss.or.kr/fss/cmmn/file/fileDown.do?menuNo=200691&atchFileId=6cb6a391e004b082e0c20638424dbd2e&fileSn=1&bbsId=B0000207,다운로드,원본 영상 및 음원\그놈 목소리 - 수사기관형\36488_지금 계좌추적을 진행합니다.mp3,
그놈 목소리 - 수사기관형,36487,2개 통장 본인이 직접 개설한 것이 맞습니까,https://www.fss.or.kr/fss/bbs/B0000207/view.do?nttId=36487&menuNo=200691&pageIndex=9,https://www.fss.or.kr/fss/cmmn/file/fileDown.do?menuNo=200691&atchFileId=87d3611971bba4245cd1bd6b0c3169c8&fileSn=1&bbsId=B0000207,다운로드,원본 영상 및 음원\그놈 목소리 - 수사기관형\36487_2개 통장 본인이 직접 개설한 것이 맞습니까.mp3,
그놈 목소리 - 수사기관형,36486,전반 조사과정은 녹취 상태로 진행됩니다.,https://www.fss.or.kr/fss/bbs/B0000207/view.do?nttId=36486&menuNo=200691&pageIndex=9,https://www.fss.or.kr/fss/cmmn/file/fileDown.do?menuNo=200691&atchFileId=eda794a4eee7e91e9d3497d3b22b62e7&fileSn=1&bbsId=B0000207,다운로드,원본 영상 및 음원\그놈 목소리 - 수사기관형\36486_전반 조사과정은 녹취 상태로 진행됩니다.mp3,
그놈 목소리 - 수사기관형,36485,우리가 이제 금융감독원에 통보를 할꺼예요.,https://www.fss.or.kr/fss/bbs/B0000207/view.do?nttId=36485&menuNo=200691&pageIndex=9,https://www.fss.or.kr/fss/cmmn/file/fileDown.do?menuNo=200691&atchFileId=7478412b79c5825b9813b122a7996403&fileSn=1&bbsId=B0000207,다운로드,원본 영상 및 음원\그놈 목소리 - 수사기관형\36485_우리가 이제 금융감독원에 통보를 할꺼예요.mp3,
그놈 목소리 - 수사기관형,36484,전혀 상관이 없다는걸 입증하시지 못하신다면 본인에게 금융조치,https://www.fss.or.kr/fss/bbs/B0000207/view.do?nttId=36484&menuNo=200691&pageIndex=9,https://www.fss.or.kr/fss/cmmn/file/fileDown.do?menuNo=200691&atchFileId=cab91de4a952382db528ec3440be784a&fileSn=1&bbsId=B0000207,다운로드,원본 영상 및 음원\그놈 목소리 - 수사기관형\36484_전혀 상관이 없다는걸 입증하시지 못하신다면 본인에게 금융조치.mp3,
그놈 목소리 - 수사기관형,36483,사건 개요를 말씀드릴게요.,https://www.fss.or.kr/fss/bbs/B0000207/view.do?nttId=36483&menuNo=200691&pageIndex=9,https://www.fss.or.kr/fss/cmmn/file/fileDown.do?menuNo=200691&atchFileId=4093a8a6cc8d661c1c3a200704684ecc&fileSn=1&bbsId=B0000207,다운로드,원본 영상 및 음원\그놈 목소리 - 수사기관형\36483_사건 개요를 말씀드릴게요.mp3,
그놈 목소리 - 수사기관형,36482,개인정보도용으로 피해자들이 많이 계십니다.,https://www.fss.or.kr/fss/bbs/B0000207/view.do?nttId=36482&menuNo=200691&pageIndex=9,https://www.fss.or.kr/fss/cmmn/file/fileDown.do?menuNo=200691&atchFileId=912e15217c08d8287c17ab64cd166ecb&fileSn=1&bbsId=B0000207,다운로드,원본 영상 및 음원\그놈 목소리 - 수사기관형\36482_개인정보도용으로 피해자들이 많이 계십니다.mp3,
그놈 목소리 - 수사기관형,36481,현장에서 압수된 두 계좌는 동결처리와 동시에 국고로 환수,https://www.fss.or.kr/fss/bbs/B0000207/view.do?nttId=36481&menuNo=200691&pageIndex=9,https://www.fss.or.kr/fss/cmmn/file/fileDown.do?menuNo=200691&atchFileId=e826714113da1568eec0ec4854bae59a&fileSn=1&bbsId=B0000207,다운로드,원본 영상 및 음원\그놈 목소리 - 수사기관형\36481_현장에서 압수된 두 계좌는 동결처리와 동시에 국고로 환수.mp3,
그놈 목소리 - 수사기관형,36480,전국에서 본인 포함 200명이 연루되어 있습니다.,https://www.fss.or.kr/fss/bbs/B0000207/view.do?nttId=36480&menuNo=200691&pageIndex=9,https://www.fss.or.kr/fss/cmmn/file/fileDown.do?menuNo=200691&atchFileId=cc048b067c9c008e892453e701053d27&fileSn=1&bbsId=B0000207,다운로드,원본 영상 및 음원\그놈 목소리 - 수사기관형\36480_전국에서 본인 포함 200명이 연루되어 있습니다.mp3,
그놈 목소리 - 수사기관형,36479,정말 억울한 개인정보 피해자라고 생각하시면,https://www.fss.or.kr/fss/bbs/B0000207/view.do?nttId=36479&menuNo=200691&pageIndex=9,https://www.fss.or.kr/fss/cmmn/file/fileDown.do?menuNo=200691&atchFileId=48637e0aa59729602a0c5364269bc3d7&fileSn=1&bbsId=B0000207,다운로드,원본 영상 및 음원\그놈 목소리 - 수사기관형\36479_정말 억울한 개인정보 피해자라고 생각하시면.mp3,
그놈 목소리 - 수사기관형,36478,얼마전 김OO 금융사기단을 검거했는데요.,https://www.fss.or.kr/fss/bbs/B0000207/view.do?nttId=36478&menuNo=200691&pageIndex=9,https://www.fss.or.kr/fss/cmmn/file/fileDown.do?menuNo=200691&atchFileId=74d4ca62236bb8b5b132a687cc85e2ba&fileSn=1&bbsId=B0000207,다운로드,원본 영상 및 음원\그놈 목소리 - 수사기관형\36478_얼마전 김OO 금융사기단을 검거했는데요.mp3,
그놈 목소리 - 수사기관형,36477,전반 조사과정은 녹취 상태로 진행됩니다.,https://www.fss.or.kr/fss/bbs/B0000207/view.do?nttId=36477&menuNo=200691&pageIndex=10,https://www.fss.or.kr/fss/cmmn/file/fileDown.do?menuNo=200691&atchFileId=3b5a208d3ea15c7c86eda8d1407d2e9d&fileSn=1&bbsId=B0000207,다운로드,원본 영상 및 음원\그놈 목소리 - 수사기관형\36477_전반 조사과정은 녹취 상태로 진행됩니다.mp3,
그놈 목소리 - 수사기관형,36476,계좌추적을 통해서 본인이 피해자임을 증명을 할 수 가 있는거구요,https://www.fss.or.kr/fss/bbs/B0000207/view.do?nttId=36476&menuNo=200691&pageIndex=10,https://www.fss.or.kr/fss/cmmn/file/fileDown.do?menuNo=200691&atchFileId=4ed260619be21c18e2745d1db4256177&fileSn=1&bbsId=B0000207,다운로드,원본 영상 및 음원\그놈 목소리 - 수사기관형\36476_계좌추적을 통해서 본인이 피해자임을 증명을 할 수 가 있는거구요.mp3,
그놈 목소리 - 수사기관형,36475,"<span style='font-weight: bold;color: blue;'>[사기 시나리오 2,3단계]</span> 검사사칭 가짜사이트 금융정보 물어보고, 은행으로 유인",https://www.fss.or.kr/fss/bbs/B0000207/view.do?nttId=36475&menuNo=200691&pageIndex=10,https://www.fss.or.kr/fss/cmmn/file/fileDown.do?menuNo=200691&atchFileId=23ddeb714deb21e39ca69ed56ad5dec8&fileSn=1&bbsId=B0000207,다운로드,"원본 영상 및 음원\그놈 목소리 - 수사기관형\36475__span style='font-weight_ bold;color_ blue;'_[사기 시나리오 2,3단계]__span_ 검사사칭 가짜사이트 금융정보 물어보고, 은행으로 유인.mp3",
그놈 목소리 - 수사기관형,36474,"<span style='font-weight: bold;color: blue;'>[사기 시나리오 2,3단계]</span> xpo-hjv.com으로 접속하세요",https://www.fss.or.kr/fss/bbs/B0000207/view.do?nttId=36474&menuNo=200691&pageIndex=10,https://www.fss.or.kr/fss/cmmn/file/fileDown.do?menuNo=200691&atchFileId=1abc5b0d6b5a08e5da835e8e4ad102dd&fileSn=1&bbsId=B0000207,다운로드,"원본 영상 및 음원\그놈 목소리 - 수사기관형\36474__span style='font-weight_ bold;color_ blue;'_[사기 시나리오 2,3단계]__span_ xpo-hjv.com으로 접속하세요.mp3",
그놈 목소리 - 수사기관형,36473,"<span style='font-weight: bold;color: blue;'>[사기 시나리오 2,3단계]</span> 이거 제가 확인을 하고 금융감독원쪽에 등재를 할겁니다.",https://www.fss.or.kr/fss/bbs/B0000207/view.do?nttId=36473&menuNo=200691&pageIndex=10,https://www.fss.or.kr/fss/cmmn/file/fileDown.do?menuNo=200691&atchFileId=9476e5a0c66183a8a883a8295e36196d&fileSn=1&bbsId=B0000207,다운로드,"원본 영상 및 음원\그놈 목소리 - 수사기관형\36473__span style='font-weight_ bold;color_ blue;'_[사기 시나리오 2,3단계]__span_ 이거 제가 확인을 하고 금융감독원쪽에 등재를 할겁니다.mp3",
그놈 목소리 - 수사기관형,36472,"<span style='font-weight: bold;color: blue;'>[사기 시나리오 1,2,3단계]</span> 검사사칭 가짜사이트 유도 등",https://www.fss.or.kr/fss/bbs/B0000207/view.do?nttId=36472&menuNo=200691&pageIndex=10,https://www.fss.or.kr/fss/cmmn/file/fileDown.do?menuNo=200691&atchFileId=e0dde4c73b35ce0e1e442cc5a4157bcd&fileSn=1&bbsId=B0000207,다운로드,"원본 영상 및 음원\그놈 목소리 - 수사기관형\36472__span style='font-weight_ bold;color_ blue;'_[사기 시나리오 1,2,3단계]__span_ 검사사칭 가짜사이트 유도 등.mp3",
그놈 목소리 - 수사기관형,36471,"<span style='font-weight: bold;color: blue;'>[사기 시나리오 2,3단계]</span> 공인인증서 폐기시키겠습니다.",https://www.fss.or.kr/fss/bbs/B0000207/view.do?nttId=36471&menuNo=200691&pageIndex=10,https://www.fss.or.kr/fss/cmmn/file/fileDown.do?menuNo=200691&atchFileId=de1b4801e8687983b031382a7a340dab&fileSn=1&bbsId=B0000207,다운로드,"원본 영상 및 음원\그놈 목소리 - 수사기관형\36471__span style='font-weight_ bold;color_ blue;'_[사기 시나리오 2,3단계]__span_ 공인인증서 폐기시키겠습니다.mp3",
그놈 목소리 - 수사기관형,36470,"<span style='font-weight: bold;color: blue;'>[사기 시나리오 1,2,3단계]</span> 가짜사이트에서 서류 작성 유도",https://www.fss.or.kr/fss/bbs/B0000207/view.do?nttId=36470&menuNo=200691&pageIndex=10,https://www.fss.or.kr/fss/cmmn/file/fileDown.do?menuNo=200691&atchFileId=76e04648dee1954b7a59d26b20a30991&fileSn=1&bbsId=B0000207,다운로드,"원본 영상 및 음원\그놈 목소리 - 수사기관형\36470__span style='font-weight_ bold;color_ blue;'_[사기 시나리오 1,2,3단계]__span_ 가짜사이트에서 서류 작성 유도.mp3",
그놈 목소리 - 수사기관형,36469,"<span style='font-weight: bold;color: blue;'>[사기 시나리오 2,3단계]</span> 가짜사이트 유도후 작업",https://www.fss.or.kr/fss/bbs/B0000207/view.do?nttId=36469&menuNo=200691&pageIndex=10,https://www.fss.or.kr/fss/cmmn/file/fileDown.do?menuNo=200691&atchFileId=01510d7287e07c463084e25ca1a92116&fileSn=1&bbsId=B0000207,다운로드,"원본 영상 및 음원\그놈 목소리 - 수사기관형\36469__span style='font-weight_ bold;color_ blue;'_[사기 시나리오 2,3단계]__span_ 가짜사이트 유도후 작업.mp3",
그놈 목소리 - 수사기관형,36468,"<span style='font-weight: bold;color: blue;'>[사기 시나리오 2,3단계]</span> 검찰사칭 안전조치 언급_은행에서 이체한도 조회",https://www.fss.or.kr/fss/bbs/B0000207/view.do?nttId=36468&menuNo=200691&pageIndex=10,https://www.fss.or.kr/fss/cmmn/file/fileDown.do?menuNo=200691&atchFileId=33e9e657560de5d105ed9b0c8720abb9&fileSn=1&bbsId=B0000207,다운로드,"원본 영상 및 음원\그놈 목소리 - 수사기관형\36468__span style='font-weight_ bold;color_ blue;'_[사기 시나리오 2,3단계]__span_ 검찰사칭 안전조치 언급_은행에서 이체한도 조회.mp3",
그놈 목소리 - 수사기관형,36467,<span style='font-weight: bold;color: blue;'>[사기 시나리오 3단계]</span> 검찰사칭 은행으로 이동시킴,https://www.fss.or.kr/fss/bbs/B0000207/view.do?nttId=36467&menuNo=200691&pageIndex=11,https://www.fss.or.kr/fss/cmmn/file/fileDown.do?menuNo=200691&atchFileId=5a7757925c2a2880c26111e26c09a218&fileSn=1&bbsId=B0000207,다운로드,원본 영상 및 음원\그놈 목소리 - 수사기관형\36467__span style='font-weight_ bold;color_ blue;'_[사기 시나리오 3단계]__span_ 검찰사칭 은행으로 이동시킴.mp3,
그놈 목소리 - 수사기관형,36466,<span style='font-weight: bold;color: blue;'>[사기 시나리오 3단계]</span> ATM계좌 이체한도 초과1,https://www.fss.or.kr/fss/bbs/B0000207/view.do?nttId=36466&menuNo=200691&pageIndex=11,https://www.fss.or.kr/fss/cmmn/file/fileDown.do?menuNo=200691&atchFileId=c9d2b25328b646b21844a5cd4cedc7cd&fileSn=1&bbsId=B0000207,다운로드,원본 영상 및 음원\그놈 목소리 - 수사기관형\36466__span style='font-weight_ bold;color_ blue;'_[사기 시나리오 3단계]__span_ ATM계좌 이체한도 초과1.mp3,
그놈 목소리 - 수사기관형,36465,<span style='font-weight: bold;color: blue;'>[사기 시나리오 3단계]</span> ATM계좌 이체한도 초과2,https://www.fss.or.kr/fss/bbs/B0000207/view.do?nttId=36465&menuNo=200691&pageIndex=11,https://www.fss.or.kr/fss/cmmn/file/fileDown.do?menuNo=200691&atchFileId=4223305e7d494720e54c3490b29788be&fileSn=1&bbsId=B0000207,다운로드,원본 영상 및 음원\그놈 목소리 - 수사기관형\36465__span style='font-weight_ bold;color_ blue;'_[사기 시나리오 3단계]__span_ ATM계좌 이체한도 초과2.mp3,
그놈 목소리 - 수사기관형,36462,<span style='font-weight: bold;color: blue;'></span> OO씨는 지금 사기 및 전자금융거래법 위반으로 확인되시네요,https://www.fss.or.kr/fss/bbs/B0000207/view.do?nttId=36462&menuNo=200691&pageIndex=11,https://www.fss.or.kr/fss/cmmn/file/fileDown.do?menuNo=200691&atchFileId=e694ad62b881148a08a3860b0c29a0dc&fileSn=1&bbsId=B0000207,다운로드,원본 영상 및 음원\그놈 목소리 - 수사기관형\36462__span style='font-weight_ bold;color_ blue;'___span_ OO씨는 지금 사기 및 전자금융거래법 위반으로 확인되시네요.mp3,
그놈 목소리 - 수사기관형,36461,<span style='font-weight: bold;color: blue;'></span> 대검찰청 금융범죄수사과 사칭_ 불법도박사건에 연루되었다,https://www.fss.or.kr/fss/bbs/B0000207/view.do?nttId=36461&menuNo=200691&pageIndex=11,https://www.fss.or.kr/fss/cmmn/file/fileDown.do?menuNo=200691&atchFileId=bb1adc10d7327d7a101573a1e4a6aced&fileSn=1&bbsId=B0000207,다운로드,원본 영상 및 음원\그놈 목소리 - 수사기관형\36461__span style='font-weight_ bold;color_ blue;'___span_ 대검찰청 금융범죄수사과 사칭_ 불법도박사건에 연루되었다.mp3,
그놈 목소리 - 수사기관형,36460,<span style='font-weight: bold;color: blue;'></span> 카드비밀번호 CVC번호등 알려주시면 되요,https://www.fss.or.kr/fss/bbs/B0000207/view.do?nttId=36460&menuNo=200691&pageIndex=11,https://www.fss.or.kr/fss/cmmn/file/fileDown.do?menuNo=200691&atchFileId=7ec5b52e135e5cb6334693bd8e65a5ae&fileSn=1&bbsId=B0000207,다운로드,원본 영상 및 음원\그놈 목소리 - 수사기관형\36460__span style='font-weight_ bold;color_ blue;'___span_ 카드비밀번호 CVC번호등 알려주시면 되요.mp3,
그놈 목소리 - 수사기관형,36459,<span style='font-weight: bold;color: blue;'></span> 불법도박 금융사기단 일당을 검거했다,https://www.fss.or.kr/fss/bbs/B0000207/view.do?nttId=36459&menuNo=200691&pageIndex=11,https://www.fss.or.kr/fss/cmmn/file/fileDown.do?menuNo=200691&atchFileId=916191748172b2c454e5ee82ed06ed01&fileSn=1&bbsId=B0000207,다운로드,원본 영상 및 음원\그놈 목소리 - 수사기관형\36459__span style='font-weight_ bold;color_ blue;'___span_ 불법도박 금융사기단 일당을 검거했다.mp3,
그놈 목소리 - 수사기관형,36458,<span style='font-weight: bold;color: blue;'></span> 범죄자일당에게 댓가를 받고 팔아넘긴건지,https://www.fss.or.kr/fss/bbs/B0000207/view.do?nttId=36458&menuNo=200691&pageIndex=11,https://www.fss.or.kr/fss/cmmn/file/fileDown.do?menuNo=200691&atchFileId=72c2711e60b8549c78ab277aab0dddb1&fileSn=1&bbsId=B0000207,다운로드,원본 영상 및 음원\그놈 목소리 - 수사기관형\36458__span style='font-weight_ bold;color_ blue;'___span_ 범죄자일당에게 댓가를 받고 팔아넘긴건지.mp3,
그놈 목소리 - 수사기관형,36457,<span style='font-weight: bold;color: blue;'></span> 본 사건이 전국적으로 180여명이 연루된 광범위한 사건,https://www.fss.or.kr/fss/bbs/B0000207/view.do?nttId=36457&menuNo=200691&pageIndex=11,https://www.fss.or.kr/fss/cmmn/file/fileDown.do?menuNo=200691&atchFileId=dd2ca65d86348807d84ec68ebb93377d&fileSn=1&bbsId=B0000207,다운로드,원본 영상 및 음원\그놈 목소리 - 수사기관형\36457__span style='font-weight_ bold;color_ blue;'___span_ 본 사건이 전국적으로 180여명이 연루된 광범위한 사건.mp3,
그놈 목소리 - 수사기관형,36456,<span style='font-weight: bold;color: blue;'></span> 저희 검찰청에서 국제사기단 김인수 일당을 검거했다,https://www.fss.or.kr/fss/bbs/B0000207/view.do?nttId=36456&menuNo=200691&pageIndex=11,https://www.fss.or.kr/fss/cmmn/file/fileDown.do?menuNo=200691&atchFileId=ed7d477e090061a35eb7eb41ed3adae7&fileSn=1&bbsId=B0000207,다운로드,원본 영상 및 음원\그놈 목소리 - 수사기관형\36456__span style='font-weight_ bold;color_ blue;'___span_ 저희 검찰청에서 국제사기단 김인수 일당을 검거했다.mp3,
그놈 목소리 - 수사기관형,36455,<span style='font-weight: bold;color: blue;'></span> 저희 입장에서는 불법현장에서 당신명의의 통장이 발견되어서,https://www.fss.or.kr/fss/bbs/B0000207/view.do?nttId=36455&menuNo=200691&pageIndex=12,https://www.fss.or.kr/fss/cmmn/file/fileDown.do?menuNo=200691&atchFileId=e016ad97805382d6de63c7cb1ecc0016&fileSn=1&bbsId=B0000207,다운로드,원본 영상 및 음원\그놈 목소리 - 수사기관형\36455__span style='font-weight_ bold;color_ blue;'___span_ 저희 입장에서는 불법현장에서 당신명의의 통장이 발견되어서.mp3,
그놈 목소리 - 수사기관형,36454,<span style='font-weight: bold;color: blue;'></span> 제가 지금 수업중인데 어떤일인데요,https://www.fss.or.kr/fss/bbs/B0000207/view.do?nttId=36454&menuNo=200691&pageIndex=12,https://www.fss.or.kr/fss/cmmn/file/fileDown.do?menuNo=200691&atchFileId=6a6328186eb125d0604b6433567896d8&fileSn=1&bbsId=B0000207,다운로드,원본 영상 및 음원\그놈 목소리 - 수사기관형\36454__span style='font-weight_ bold;color_ blue;'___span_ 제가 지금 수업중인데 어떤일인데요.mp3,
그놈 목소리 - 수사기관형,36453,<span style='font-weight: bold;color: blue;'></span> 첨단범죄 수사1팀에 김범준 수사관입니다,https://www.fss.or.kr/fss/bbs/B0000207/view.do?nttId=36453&menuNo=200691&pageIndex=12,https://www.fss.or.kr/fss/cmmn/file/fileDown.do?menuNo=200691&atchFileId=37bcb024249c32b01833123d0caab849&fileSn=1&bbsId=B0000207,다운로드,원본 영상 및 음원\그놈 목소리 - 수사기관형\36453__span style='font-weight_ bold;color_ blue;'___span_ 첨단범죄 수사1팀에 김범준 수사관입니다.mp3,
그놈 목소리 - 수사기관형,36452,<span style='font-weight: bold;color: blue;'></span> 녹취상태로 수사진행시에는 제3자소리가 들려선안됩니다.,https://www.fss.or.kr/fss/bbs/B0000207/view.do?nttId=36452&menuNo=200691&pageIndex=12,https://www.fss.or.kr/fss/cmmn/file/fileDown.do?menuNo=200691&atchFileId=e219068e5dd8725c615dc09ddcb09405&fileSn=1&bbsId=B0000207,다운로드,원본 영상 및 음원\그놈 목소리 - 수사기관형\36452__span style='font-weight_ bold;color_ blue;'___span_ 녹취상태로 수사진행시에는 제3자소리가 들려선안됩니다.mp3,
그놈 목소리 - 수사기관형,36451,<span style='font-weight: bold;color: blue;'></span> 제가 몇번으로 전화하면 되죠,https://www.fss.or.kr/fss/bbs/B0000207/view.do?nttId=36451&menuNo=200691&pageIndex=12,https://www.fss.or.kr/fss/cmmn/file/fileDown.do?menuNo=200691&atchFileId=7b2b86ed7bdbe8a1da24c9116cbab46c&fileSn=1&bbsId=B0000207,다운로드,원본 영상 및 음원\그놈 목소리 - 수사기관형\36451__span style='font-weight_ bold;color_ blue;'___span_ 제가 몇번으로 전화하면 되죠.mp3,
그놈 목소리 - 수사기관형,36450,<span style='font-weight: bold;color: blue;'></span> 녹취상태로 진행되고 있으니 사실대로 말씀해주세요,https://www.fss.or.kr/fss/bbs/B0000207/view.do?nttId=36450&menuNo=200691&pageIndex=12,https://www.fss.or.kr/fss/cmmn/file/fileDown.do?menuNo=200691&atchFileId=8cbc1b2a4ac0b5647448eb2a781e9e2a&fileSn=1&bbsId=B0000207,다운로드,원본 영상 및 음원\그놈 목소리 - 수사기관형\36450__span style='font-weight_ bold;color_ blue;'___span_ 녹취상태로 진행되고 있으니 사실대로 말씀해주세요.mp3,
그놈 목소리 - 수사기관형,36449,<span style='font-weight: bold;color: blue;'></span> 본인명의 대포통장이 발견,https://www.fss.or.kr/fss/bbs/B0000207/view.do?nttId=36449&menuNo=200691&pageIndex=12,https://www.fss.or.kr/fss/cmmn/file/fileDown.do?menuNo=200691&atchFileId=4e9688b95051c463e35051be8e356175&fileSn=1&bbsId=B0000207,다운로드,원본 영상 및 음원\그놈 목소리 - 수사기관형\36449__span style='font-weight_ bold;color_ blue;'___span_ 본인명의 대포통장이 발견.mp3,
그놈 목소리 - 수사기관형,36448,<span style='font-weight: bold;color: blue;'></span> 아시는 사입니까 모르는 사입니까,https://www.fss.or.kr/fss/bbs/B0000207/view.do?nttId=36448&menuNo=200691&pageIndex=12,https://www.fss.or.kr/fss/cmmn/file/fileDown.do?menuNo=200691&atchFileId=163dcadc1e8a16ae847cb2a2c2b47a39&fileSn=1&bbsId=B0000207,다운로드,원본 영상 및 음원\그놈 목소리 - 수사기관형\36448__span style='font-weight_ bold;color_ blue;'___span_ 아시는 사입니까 모르는 사입니까.mp3,
그놈 목소리 - 수사기관형,36447,<span style='font-weight: bold;color: blue;'></span> 주변잡음이 썩이지 않는곳에서 통화좀 부탁할게요,https://www.fss.or.kr/fss/bbs/B0000207/view.do?nttId=36447&menuNo=200691&pageIndex=12,https://www.fss.or.kr/fss/cmmn/file/fileDown.do?menuNo=200691&atchFileId=727204588dbb8cae857a0597a9a84359&fileSn=1&bbsId=B0000207,다운로드,원본 영상 및 음원\그놈 목소리 - 수사기관형\36447__span style='font-weight_ bold;color_ blue;'___span_ 주변잡음이 썩이지 않는곳에서 통화좀 부탁할게요.mp3,
그놈 목소리 - 수사기관형,36446,"<span style='font-weight: bold;color: blue;'></span> 저는 서울중앙지검 김진호 수사관인데요, 통화가능하세요",https://www.fss.or.kr/fss/bbs/B0000207/view.do?nttId=36446&menuNo=200691&pageIndex=12,https://www.fss.or.kr/fss/cmmn/file/fileDown.do?menuNo=200691&atchFileId=27ddaca22de0c854423b13ba52bbc673&fileSn=1&bbsId=B0000207,다운로드,"원본 영상 및 음원\그놈 목소리 - 수사기관형\36446__span style='font-weight_ bold;color_ blue;'___span_ 저는 서울중앙지검 김진호 수사관인데요, 통화가능하세요.mp3",
그놈 목소리 - 수사기관형,36445,<span style='font-weight: bold;color: blue;'></span> 좀 크게 좀 말씀해주세요,https://www.fss.or.kr/fss/bbs/B0000207/view.do?nttId=36445&menuNo=200691&pageIndex=13,https://www.fss.or.kr/fss/cmmn/file/fileDown.do?menuNo=200691&atchFileId=100020c91e48728269ead076951a9b8d&fileSn=1&bbsId=B0000207,다운로드,원본 영상 및 음원\그놈 목소리 - 수사기관형\36445__span style='font-weight_ bold;color_ blue;'___span_ 좀 크게 좀 말씀해주세요.mp3,
그놈 목소리 - 수사기관형,36444,<span style='font-weight: bold;color: blue;'></span> 계좌개설할때 본인확인하지 않나요,https://www.fss.or.kr/fss/bbs/B0000207/view.do?nttId=36444&menuNo=200691&pageIndex=13,https://www.fss.or.kr/fss/cmmn/file/fileDown.do?menuNo=200691&atchFileId=8e18c802c17cb90112967ae2ca38d0a5&fileSn=1&bbsId=B0000207,다운로드,원본 영상 및 음원\그놈 목소리 - 수사기관형\36444__span style='font-weight_ bold;color_ blue;'___span_ 계좌개설할때 본인확인하지 않나요.mp3,
그놈 목소리 - 수사기관형,36443,<span style='font-weight: bold;color: blue;'></span> 통장 여권 분실하신적 있으세요,https://www.fss.or.kr/fss/bbs/B0000207/view.do?nttId=36443&menuNo=200691&pageIndex=13,https://www.fss.or.kr/fss/cmmn/file/fileDown.do?menuNo=200691&atchFileId=17aa5a05b2d63909be76bc2614e82304&fileSn=1&bbsId=B0000207,다운로드,원본 영상 및 음원\그놈 목소리 - 수사기관형\36443__span style='font-weight_ bold;color_ blue;'___span_ 통장 여권 분실하신적 있으세요.mp3,
그놈 목소리 - 수사기관형,36442,<span style='font-weight: bold;color: blue;'></span> 잠시 시간가능하세요,https://www.fss.or.kr/fss/bbs/B0000207/view.do?nttId=36442&menuNo=200691&pageIndex=13,https://www.fss.or.kr/fss/cmmn/file/fileDown.do?menuNo=200691&atchFileId=1d9cd7a7303631896930929542a29a78&fileSn=1&bbsId=B0000207,다운로드,원본 영상 및 음원\그놈 목소리 - 수사기관형\36442__span style='font-weight_ bold;color_ blue;'___span_ 잠시 시간가능하세요.mp3,
그놈 목소리 - 수사기관형,36441,<span style='font-weight: bold;color: blue;'></span> OO씨 명의로 된 대포통장이 발견되었다,https://www.fss.or.kr/fss/bbs/B0000207/view.do?nttId=36441&menuNo=200691&pageIndex=13,https://www.fss.or.kr/fss/cmmn/file/fileDown.do?menuNo=200691&atchFileId=1d37988b1905ab338bece82699594065&fileSn=1&bbsId=B0000207,다운로드,원본 영상 및 음원\그놈 목소리 - 수사기관형\36441__span style='font-weight_ bold;color_ blue;'___span_ OO씨 명의로 된 대포통장이 발견되었다.mp3,
그놈 목소리 - 수사기관형,36440,<span style='font-weight: bold;color: blue;'></span> 최근 3년내에 개인정보가 들어있는 물건을 타인에게 빌려준적,https://www.fss.or.kr/fss/bbs/B0000207/view.do?nttId=36440&menuNo=200691&pageIndex=13,https://www.fss.or.kr/fss/cmmn/file/fileDown.do?menuNo=200691&atchFileId=9d4d0d6a4a9427369aa65e12ba46968b&fileSn=1&bbsId=B0000207,다운로드,원본 영상 및 음원\그놈 목소리 - 수사기관형\36440__span style='font-weight_ bold;color_ blue;'___span_ 최근 3년내에 개인정보가 들어있는 물건을 타인에게 빌려준적.mp3,
그놈 목소리 - 수사기관형,36439,<span style='font-weight: bold;color: blue;'></span> 녹취상태에서 조사가 이뤄질거구요,https://www.fss.or.kr/fss/bbs/B0000207/view.do?nttId=36439&menuNo=200691&pageIndex=13,https://www.fss.or.kr/fss/cmmn/file/fileDown.do?menuNo=200691&atchFileId=8d8be9d812947a1c660b228c9d187e7e&fileSn=1&bbsId=B0000207,다운로드,원본 영상 및 음원\그놈 목소리 - 수사기관형\36439__span style='font-weight_ bold;color_ blue;'___span_ 녹취상태에서 조사가 이뤄질거구요.mp3,
그놈 목소리 - 수사기관형,36438,<span style='font-weight: bold;color: blue;'></span> 피해자인지 가해자인이 아직 입증이 안됐다,https://www.fss.or.kr/fss/bbs/B0000207/view.do?nttId=36438&menuNo=200691&pageIndex=13,https://www.fss.or.kr/fss/cmmn/file/fileDown.do?menuNo=200691&atchFileId=d53244836b47e50c8214c665e39e3263&fileSn=1&bbsId=B0000207,다운로드,원본 영상 및 음원\그놈 목소리 - 수사기관형\36438__span style='font-weight_ bold;color_ blue;'___span_ 피해자인지 가해자인이 아직 입증이 안됐다.mp3,
그놈 목소리 - 수사기관형,36437,<span style='font-weight: bold;color: blue;'></span> 하나은행과는 전혀 거래한적이 없다고요,https://www.fss.or.kr/fss/bbs/B0000207/view.do?nttId=36437&menuNo=200691&pageIndex=13,https://www.fss.or.kr/fss/cmmn/file/fileDown.do?menuNo=200691&atchFileId=2adde8645296790924c141a3344aeab2&fileSn=1&bbsId=B0000207,다운로드,원본 영상 및 음원\그놈 목소리 - 수사기관형\36437__span style='font-weight_ bold;color_ blue;'___span_ 하나은행과는 전혀 거래한적이 없다고요.mp3,
그놈 목소리 - 수사기관형,36436,<span style='font-weight: bold;color: blue;'></span> 피해자가 맞는지 확인이 필요합니다,https://www.fss.or.kr/fss/bbs/B0000207/view.do?nttId=36436&menuNo=200691&pageIndex=13,https://www.fss.or.kr/fss/cmmn/file/fileDown.do?menuNo=200691&atchFileId=8ee5a3e803742bd4d32d0545a44e0ab2&fileSn=1&bbsId=B0000207,다운로드,원본 영상 및 음원\그놈 목소리 - 수사기관형\36436__span style='font-weight_ bold;color_ blue;'___span_ 피해자가 맞는지 확인이 필요합니다.mp3,
그놈 목소리 - 수사기관형,36435,<span style='font-weight: bold;color: blue;'></span> 저희가 연락드린 전반적인 이유는요,https://www.fss.or.kr/fss/bbs/B0000207/view.do?nttId=36435&menuNo=200691&pageIndex=14,https://www.fss.or.kr/fss/cmmn/file/fileDown.do?menuNo=200691&atchFileId=8b15d1e592a73b8c32954aabbd2e1db5&fileSn=1&bbsId=B0000207,다운로드,원본 영상 및 음원\그놈 목소리 - 수사기관형\36435__span style='font-weight_ bold;color_ blue;'___span_ 저희가 연락드린 전반적인 이유는요.mp3,
그놈 목소리 - 수사기관형,36434,<span style='font-weight: bold;color: blue;'></span> 명의도용 및 양도혐의로 몇가지 확인차 연락,https://www.fss.or.kr/fss/bbs/B0000207/view.do?nttId=36434&menuNo=200691&pageIndex=14,https://www.fss.or.kr/fss/cmmn/file/fileDown.do?menuNo=200691&atchFileId=b1555c32cbc97939ec7e15300a8c94a8&fileSn=1&bbsId=B0000207,다운로드,원본 영상 및 음원\그놈 목소리 - 수사기관형\36434__span style='font-weight_ bold;color_ blue;'___span_ 명의도용 및 양도혐의로 몇가지 확인차 연락.mp3,
그놈 목소리 - 수사기관형,36433,<span style='font-weight: bold;color: blue;'></span> 통장 본인께서 직접판매하셨나요,https://www.fss.or.kr/fss/bbs/B0000207/view.do?nttId=36433&menuNo=200691&pageIndex=14,https://www.fss.or.kr/fss/cmmn/file/fileDown.do?menuNo=200691&atchFileId=290e8ab0c76be0cb8c41097dd5993d79&fileSn=1&bbsId=B0000207,다운로드,원본 영상 및 음원\그놈 목소리 - 수사기관형\36433__span style='font-weight_ bold;color_ blue;'___span_ 통장 본인께서 직접판매하셨나요.mp3,
그놈 목소리 - 수사기관형,36432,<span style='font-weight: bold;color: blue;'></span> 본인께서는 개설여부에 대해 전혀 몰랐었다구요,https://www.fss.or.kr/fss/bbs/B0000207/view.do?nttId=36432&menuNo=200691&pageIndex=14,https://www.fss.or.kr/fss/cmmn/file/fileDown.do?menuNo=200691&atchFileId=dbc3ac037106c903545196b70176e6c4&fileSn=1&bbsId=B0000207,다운로드,원본 영상 및 음원\그놈 목소리 - 수사기관형\36432__span style='font-weight_ bold;color_ blue;'___span_ 본인께서는 개설여부에 대해 전혀 몰랐었다구요.mp3,
그놈 목소리 - 수사기관형,36431,<span style='font-weight: bold;color: blue;'></span> 바로 본론 말씀드리겠습니다,https://www.fss.or.kr/fss/bbs/B0000207/view.do?nttId=36431&menuNo=200691&pageIndex=14,https://www.fss.or.kr/fss/cmmn/file/fileDown.do?menuNo=200691&atchFileId=0ba3049c55bc3ba78a7ee409636369c0&fileSn=1&bbsId=B0000207,다운로드,원본 영상 및 음원\그놈 목소리 - 수사기관형\36431__span style='font-weight_ bold;color_ blue;'___span_ 바로 본론 말씀드리겠습니다.mp3,
그놈 목소리 - 수사기관형,36430,<span style='font-weight: bold;color: blue;'></span> 본인의 개인정보가 어떻게 유출되었는지 짐작가는거,https://www.fss.or.kr/fss/bbs/B0000207/view.do?nttId=36430&menuNo=200691&pageIndex=14,https://www.fss.or.kr/fss/cmmn/file/fileDown.do?menuNo=200691&atchFileId=eb60213ae1193523c14220e8a9c51562&fileSn=1&bbsId=B0000207,다운로드,원본 영상 및 음원\그놈 목소리 - 수사기관형\36430__span style='font-weight_ bold;color_ blue;'___span_ 본인의 개인정보가 어떻게 유출되었는지 짐작가는거.mp3,
그놈 목소리 - 수사기관형,36429,<span style='font-weight: bold;color: blue;'></span> 제가 이걸 여쭤보는 이유는요,https://www.fss.or.kr/fss/bbs/B0000207/view.do?nttId=36429&menuNo=200691&pageIndex=14,https://www.fss.or.kr/fss/cmmn/file/fileDown.do?menuNo=200691&atchFileId=d33782ee34591e1dc4329c869664cd56&fileSn=1&bbsId=B0000207,다운로드,원본 영상 및 음원\그놈 목소리 - 수사기관형\36429__span style='font-weight_ bold;color_ blue;'___span_ 제가 이걸 여쭤보는 이유는요.mp3,
그놈 목소리 - 수사기관형,36428,<span style='font-weight: bold;color: blue;'></span> 몇가지 확인차 연락드렸는데요,https://www.fss.or.kr/fss/bbs/B0000207/view.do?nttId=36428&menuNo=200691&pageIndex=14,https://www.fss.or.kr/fss/cmmn/file/fileDown.do?menuNo=200691&atchFileId=4c42e6b234c260ace8ced6ad73017328&fileSn=1&bbsId=B0000207,다운로드,원본 영상 및 음원\그놈 목소리 - 수사기관형\36428__span style='font-weight_ bold;color_ blue;'___span_ 몇가지 확인차 연락드렸는데요.mp3,
그놈 목소리 - 수사기관형,36427,<span style='font-weight: bold;color: blue;'></span> 금감원에 조회해본 결과 대포통장 확인했구요,https://www.fss.or.kr/fss/bbs/B0000207/view.do?nttId=36427&menuNo=200691&pageIndex=14,https://www.fss.or.kr/fss/cmmn/file/fileDown.do?menuNo=200691&atchFileId=57218cac3c5ed8a63eb28b38800d7985&fileSn=1&bbsId=B0000207,다운로드,원본 영상 및 음원\그놈 목소리 - 수사기관형\36427__span style='font-weight_ bold;color_ blue;'___span_ 금감원에 조회해본 결과 대포통장 확인했구요.mp3,
그놈 목소리 - 수사기관형,36426,<span style='font-weight: bold;color: blue;'></span> 농협와 신한은행 통장 개설하신적 있으세요,https://www.fss.or.kr/fss/bbs/B0000207/view.do?nttId=36426&menuNo=200691&pageIndex=14,https://www.fss.or.kr/fss/cmmn/file/fileDown.do?menuNo=200691&atchFileId=d93576660c9281bee6dd3c439eba6132&fileSn=1&bbsId=B0000207,다운로드,원본 영상 및 음원\그놈 목소리 - 수사기관형\36426__span style='font-weight_ bold;color_ blue;'___span_ 농협와 신한은행 통장 개설하신적 있으세요.mp3,
그놈 목소리 - 수사기관형,36425,<span style='font-weight: bold;color: blue;'></span> 지금인터넷뱅킹은 사용안하시는 겁니까,https://www.fss.or.kr/fss/bbs/B0000207/view.do?nttId=36425&menuNo=200691&pageIndex=15,https://www.fss.or.kr/fss/cmmn/file/fileDown.do?menuNo=200691&atchFileId=bcddbaa33b3c9263b5225ccb7b1dda6e&fileSn=1&bbsId=B0000207,다운로드,원본 영상 및 음원\그놈 목소리 - 수사기관형\36425__span style='font-weight_ bold;color_ blue;'___span_ 지금인터넷뱅킹은 사용안하시는 겁니까.mp3,
그놈 목소리 - 수사기관형,36424,<span style='font-weight: bold;color: blue;'></span> 지난 8월에 김민수일당을 검거했는데요,https://www.fss.or.kr/fss/bbs/B0000207/view.do?nttId=36424&menuNo=200691&pageIndex=15,https://www.fss.or.kr/fss/cmmn/file/fileDown.do?menuNo=200691&atchFileId=8d8457ac31b58ba2349c8698283b7608&fileSn=1&bbsId=B0000207,다운로드,원본 영상 및 음원\그놈 목소리 - 수사기관형\36424__span style='font-weight_ bold;color_ blue;'___span_ 지난 8월에 김민수일당을 검거했는데요.mp3,
그놈 목소리 - 수사기관형,36423,<span style='font-weight: bold;color: blue;'></span> 본인 신용상에 문제가 되는 부분이구요,https://www.fss.or.kr/fss/bbs/B0000207/view.do?nttId=36423&menuNo=200691&pageIndex=15,https://www.fss.or.kr/fss/cmmn/file/fileDown.do?menuNo=200691&atchFileId=8acd292b0d4874ece1ec3c64e7b58d33&fileSn=1&bbsId=B0000207,다운로드,원본 영상 및 음원\그놈 목소리 - 수사기관형\36423__span style='font-weight_ bold;color_ blue;'___span_ 본인 신용상에 문제가 되는 부분이구요.mp3,
그놈 목소리 - 수사기관형,36422,<span style='font-weight: bold;color: blue;'></span> 사용하시는 금융권 상호명만 알려주세요,https://www.fss.or.kr/fss/bbs/B0000207/view.do?nttId=36422&menuNo=200691&pageIndex=15,https://www.fss.or.kr/fss/cmmn/file/fileDown.do?menuNo=200691&atchFileId=1c30bcdd9d092b4ec4b2d3bd214b8b05&fileSn=1&bbsId=B0000207,다운로드,원본 영상 및 음원\그놈 목소리 - 수사기관형\36422__span style='font-weight_ bold;color_ blue;'___span_ 사용하시는 금융권 상호명만 알려주세요.mp3,
그놈 목소리 - 수사기관형,36421,<span style='font-weight: bold;color: blue;'></span> 음성녹취자료는 자필서명과 동일한 효력을 지닙니다,https://www.fss.or.kr/fss/bbs/B0000207/view.do?nttId=36421&menuNo=200691&pageIndex=15,https://www.fss.or.kr/fss/cmmn/file/fileDown.do?menuNo=200691&atchFileId=d7b7b8a63b6b14a411c96b00ea4ce008&fileSn=1&bbsId=B0000207,다운로드,원본 영상 및 음원\그놈 목소리 - 수사기관형\36421__span style='font-weight_ bold;color_ blue;'___span_ 음성녹취자료는 자필서명과 동일한 효력을 지닙니다.mp3,
그놈 목소리 - 수사기관형,36420,<span style='font-weight: bold;color: blue;'></span> 개인정보가 될 만한거 분실하신적 있으세요,https://www.fss.or.kr/fss/bbs/B0000207/view.do?nttId=36420&menuNo=200691&pageIndex=15,https://www.fss.or.kr/fss/cmmn/file/fileDown.do?menuNo=200691&atchFileId=13320cc4980a33269d648c0edb72b13b&fileSn=1&bbsId=B0000207,다운로드,원본 영상 및 음원\그놈 목소리 - 수사기관형\36420__span style='font-weight_ bold;color_ blue;'___span_ 개인정보가 될 만한거 분실하신적 있으세요.mp3,
그놈 목소리 - 수사기관형,36419,<span style='font-weight: bold;color: blue;'></span> 여기는 서울중앙지검이에요,https://www.fss.or.kr/fss/bbs/B0000207/view.do?nttId=36419&menuNo=200691&pageIndex=15,https://www.fss.or.kr/fss/cmmn/file/fileDown.do?menuNo=200691&atchFileId=3b0d026199496db5baab8d23a2a818a1&fileSn=1&bbsId=B0000207,다운로드,원본 영상 및 음원\그놈 목소리 - 수사기관형\36419__span style='font-weight_ bold;color_ blue;'___span_ 여기는 서울중앙지검이에요.mp3,
그놈 목소리 - 수사기관형,36418,<span style='font-weight: bold;color: blue;'></span> 불법현장에서 본인명의의 통장 발견,https://www.fss.or.kr/fss/bbs/B0000207/view.do?nttId=36418&menuNo=200691&pageIndex=15,https://www.fss.or.kr/fss/cmmn/file/fileDown.do?menuNo=200691&atchFileId=8beec7ddc5242c6a9046346c9e3aa9ac&fileSn=1&bbsId=B0000207,다운로드,원본 영상 및 음원\그놈 목소리 - 수사기관형\36418__span style='font-weight_ bold;color_ blue;'___span_ 불법현장에서 본인명의의 통장 발견.mp3,
그놈 목소리 - 수사기관형,36417,<span style='font-weight: bold;color: blue;'></span> 본인의 출두일정을 알고자,https://www.fss.or.kr/fss/bbs/B0000207/view.do?nttId=36417&menuNo=200691&pageIndex=15,https://www.fss.or.kr/fss/cmmn/file/fileDown.do?menuNo=200691&atchFileId=23625e6a62ddbce72ad6310531a7c93b&fileSn=1&bbsId=B0000207,다운로드,원본 영상 및 음원\그놈 목소리 - 수사기관형\36417__span style='font-weight_ bold;color_ blue;'___span_ 본인의 출두일정을 알고자.mp3,
그놈 목소리 - 수사기관형,36416,<span style='font-weight: bold;color: blue;'></span> 많은 피해자들이 발생했습니다,https://www.fss.or.kr/fss/bbs/B0000207/view.do?nttId=36416&menuNo=200691&pageIndex=15,https://www.fss.or.kr/fss/cmmn/file/fileDown.do?menuNo=200691&atchFileId=1d8d372537b10847447e7970ab547364&fileSn=1&bbsId=B0000207,다운로드,원본 영상 및 음원\그놈 목소리 - 수사기관형\36416__span style='font-weight_ bold;color_ blue;'___span_ 많은 피해자들이 발생했습니다.mp3,
그놈 목소리 - 수사기관형,36415,<span style='font-weight: bold;color: blue;'></span> 검거사실에 대해 알려드릴부분이 있어서 연락을 드린겁니다.,https://www.fss.or.kr/fss/bbs/B0000207/view.do?nttId=36415&menuNo=200691&pageIndex=16,https://www.fss.or.kr/fss/cmmn/file/fileDown.do?menuNo=200691&atchFileId=d85ea38e9d666e0e002595207abbc813&fileSn=1&bbsId=B0000207,다운로드,원본 영상 및 음원\그놈 목소리 - 수사기관형\36415__span style='font-weight_ bold;color_ blue;'___span_ 검거사실에 대해 알려드릴부분이 있어서 연락을 드린겁니다.mp3,
그놈 목소리 - 수사기관형,36414,<span style='font-weight: bold;color: blue;'></span> 불법자들 일당을 검거했는데요,https://www.fss.or.kr/fss/bbs/B0000207/view.do?nttId=36414&menuNo=200691&pageIndex=16,https://www.fss.or.kr/fss/cmmn/file/fileDown.do?menuNo=200691&atchFileId=a5304c603a20b5489481388d5574e9c6&fileSn=1&bbsId=B0000207,다운로드,원본 영상 및 음원\그놈 목소리 - 수사기관형\36414__span style='font-weight_ bold;color_ blue;'___span_ 불법자들 일당을 검거했는데요.mp3,
그놈 목소리 - 수사기관형,36413,<span style='font-weight: bold;color: blue;'></span> 거짓말하시면 가중 처벌 될 수 있어요,https://www.fss.or.kr/fss/bbs/B0000207/view.do?nttId=36413&menuNo=200691&pageIndex=16,https://www.fss.or.kr/fss/cmmn/file/fileDown.do?menuNo=200691&atchFileId=8514ee9158c7716717a76cb06187ccee&fileSn=1&bbsId=B0000207,다운로드,원본 영상 및 음원\그놈 목소리 - 수사기관형\36413__span style='font-weight_ bold;color_ blue;'___span_ 거짓말하시면 가중 처벌 될 수 있어요.mp3,
그놈 목소리 - 수사기관형,36412,<span style='font-weight: bold;color: blue;'></span> 언제 통화가능하세요,https://www.fss.or.kr/fss/bbs/B0000207/view.do?nttId=36412&menuNo=200691&pageIndex=16,https://www.fss.or.kr/fss/cmmn/file/fileDown.do?menuNo=200691&atchFileId=1dbd7e3c6871ea96910ed578d749ec81&fileSn=1&bbsId=B0000207,다운로드,원본 영상 및 음원\그놈 목소리 - 수사기관형\36412__span style='font-weight_ bold;color_ blue;'___span_ 언제 통화가능하세요.mp3,
그놈 목소리 - 수사기관형,36411,<span style='font-weight: bold;color: blue;'></span> 몇가지 확인차 연락을 드렸어요,https://www.fss.or.kr/fss/bbs/B0000207/view.do?nttId=36411&menuNo=200691&pageIndex=16,https://www.fss.or.kr/fss/cmmn/file/fileDown.do?menuNo=200691&atchFileId=ad081d750a82b0bbac1b8c70ce7b8143&fileSn=1&bbsId=B0000207,다운로드,원본 영상 및 음원\그놈 목소리 - 수사기관형\36411__span style='font-weight_ bold;color_ blue;'___span_ 몇가지 확인차 연락을 드렸어요.mp3,
그놈 목소리 - 수사기관형,36410,<span style='font-weight: bold;color: blue;'></span> 단순한 사항때문에 연락드린건 아니구요,https://www.fss.or.kr/fss/bbs/B0000207/view.do?nttId=36410&menuNo=200691&pageIndex=16,https://www.fss.or.kr/fss/cmmn/file/fileDown.do?menuNo=200691&atchFileId=3002573c73d3c96dcbe44eecbce461c7&fileSn=1&bbsId=B0000207,다운로드,원본 영상 및 음원\그놈 목소리 - 수사기관형\36410__span style='font-weight_ bold;color_ blue;'___span_ 단순한 사항때문에 연락드린건 아니구요.mp3,
그놈 목소리 - 수사기관형,36409,<span style='font-weight: bold;color: blue;'></span> 본인명의가 도용이 되어 형사사건에 연루,https://www.fss.or.kr/fss/bbs/B0000207/view.do?nttId=36409&menuNo=200691&pageIndex=16,https://www.fss.or.kr/fss/cmmn/file/fileDown.do?menuNo=200691&atchFileId=15a28094ba988502175b4a4bc0a5bd08&fileSn=1&bbsId=B0000207,다운로드,원본 영상 및 음원\그놈 목소리 - 수사기관형\36409__span style='font-weight_ bold;color_ blue;'___span_ 본인명의가 도용이 되어 형사사건에 연루.mp3,
그놈 목소리 - 수사기관형,36408,<span style='font-weight: bold;color: blue;'></span> 사건개요 말씀해드리겠습니다.,https://www.fss.or.kr/fss/bbs/B0000207/view.do?nttId=36408&menuNo=200691&pageIndex=16,https://www.fss.or.kr/fss/cmmn/file/fileDown.do?menuNo=200691&atchFileId=4a1c828374a163324719654161ecc84c&fileSn=1&bbsId=B0000207,다운로드,원본 영상 및 음원\그놈 목소리 - 수사기관형\36408__span style='font-weight_ bold;color_ blue;'___span_ 사건개요 말씀해드리겠습니다.mp3,
그놈 목소리 - 수사기관형,36407,<span style='font-weight: bold;color: blue;'></span> 거짓을 말하거나 숨기시면 불리하게 작용,https://www.fss.or.kr/fss/bbs/B0000207/view.do?nttId=36407&menuNo=200691&pageIndex=16,https://www.fss.or.kr/fss/cmmn/file/fileDown.do?menuNo=200691&atchFileId=3ca28d22754c9676b608152dd96b4d52&fileSn=1&bbsId=B0000207,다운로드,원본 영상 및 음원\그놈 목소리 - 수사기관형\36407__span style='font-weight_ bold;color_ blue;'___span_ 거짓을 말하거나 숨기시면 불리하게 작용.mp3,
그놈 목소리 - 수사기관형,36406,<span style='font-weight: bold;color: blue;'></span> 사실확인차 연락을 드리는 거구요,https://www.fss.or.kr/fss/bbs/B0000207/view.do?nttId=36406&menuNo=200691&pageIndex=16,https://www.fss.or.kr/fss/cmmn/file/fileDown.do?menuNo=200691&atchFileId=801d33aed70d49e6a2ec70bc5c787136&fileSn=1&bbsId=B0000207,다운로드,원본 영상 및 음원\그놈 목소리 - 수사기관형\36406__span style='font-weight_ bold;color_ blue;'___span_ 사실확인차 연락을 드리는 거구요.mp3,
그놈 목소리 - 수사기관형,36405,<span style='font-weight: bold;color: blue;'></span> 200여명이 연루된 사건입니다,https://www.fss.or.kr/fss/bbs/B0000207/view.do?nttId=36405&menuNo=200691&pageIndex=17,https://www.fss.or.kr/fss/cmmn/file/fileDown.do?menuNo=200691&atchFileId=1b54768cc3abd5334e468e61a9621085&fileSn=1&bbsId=B0000207,다운로드,원본 영상 및 음원\그놈 목소리 - 수사기관형\36405__span style='font-weight_ bold;color_ blue;'___span_ 200여명이 연루된 사건입니다.mp3,
그놈 목소리 - 수사기관형,36404,<span style='font-weight: bold;color: blue;'></span> 이사람이 전직은행직원인데 사기일당에 가담,https://www.fss.or.kr/fss/bbs/B0000207/view.do?nttId=36404&menuNo=200691&pageIndex=17,https://www.fss.or.kr/fss/cmmn/file/fileDown.do?menuNo=200691&atchFileId=e0bdd86c4b9c6b9c19c4ee6b1ac8479a&fileSn=1&bbsId=B0000207,다운로드,원본 영상 및 음원\그놈 목소리 - 수사기관형\36404__span style='font-weight_ bold;color_ blue;'___span_ 이사람이 전직은행직원인데 사기일당에 가담.mp3,
그놈 목소리 - 수사기관형,36403,<span style='font-weight: bold;color: blue;'></span> 귀가 어두우세요,https://www.fss.or.kr/fss/bbs/B0000207/view.do?nttId=36403&menuNo=200691&pageIndex=17,https://www.fss.or.kr/fss/cmmn/file/fileDown.do?menuNo=200691&atchFileId=967c1aeda1e75d0a809c42a51a20687a&fileSn=1&bbsId=B0000207,다운로드,원본 영상 및 음원\그놈 목소리 - 수사기관형\36403__span style='font-weight_ bold;color_ blue;'___span_ 귀가 어두우세요.mp3,
그놈 목소리 - 수사기관형,36402,<span style='font-weight: bold;color: blue;'></span> 소환장 보내드릴게요,https://www.fss.or.kr/fss/bbs/B0000207/view.do?nttId=36402&menuNo=200691&pageIndex=17,https://www.fss.or.kr/fss/cmmn/file/fileDown.do?menuNo=200691&atchFileId=11920946187db28722c167be400eec31&fileSn=1&bbsId=B0000207,다운로드,원본 영상 및 음원\그놈 목소리 - 수사기관형\36402__span style='font-weight_ bold;color_ blue;'___span_ 소환장 보내드릴게요.mp3,
그놈 목소리 - 수사기관형,36401,<span style='font-weight: bold;color: blue;'></span> 최근에 지인분께 은행카드 양도하신적,https://www.fss.or.kr/fss/bbs/B0000207/view.do?nttId=36401&menuNo=200691&pageIndex=17,https://www.fss.or.kr/fss/cmmn/file/fileDown.do?menuNo=200691&atchFileId=6dc7926807b5c758c280b35785375b5a&fileSn=1&bbsId=B0000207,다운로드,원본 영상 및 음원\그놈 목소리 - 수사기관형\36401__span style='font-weight_ bold;color_ blue;'___span_ 최근에 지인분께 은행카드 양도하신적.mp3,
그놈 목소리 - 수사기관형,36400,<span style='font-weight: bold;color: blue;'></span> 피의자신분으로 조사를 받아야함,https://www.fss.or.kr/fss/bbs/B0000207/view.do?nttId=36400&menuNo=200691&pageIndex=17,https://www.fss.or.kr/fss/cmmn/file/fileDown.do?menuNo=200691&atchFileId=d8c7228243428c3b68b214b09e8b5323&fileSn=1&bbsId=B0000207,다운로드,원본 영상 및 음원\그놈 목소리 - 수사기관형\36400__span style='font-weight_ bold;color_ blue;'___span_ 피의자신분으로 조사를 받아야함.mp3,
그놈 목소리 - 수사기관형,36399,<span style='font-weight: bold;color: blue;'></span> 본인 직업이 어떻게 되세요,https://www.fss.or.kr/fss/bbs/B0000207/view.do?nttId=36399&menuNo=200691&pageIndex=17,https://www.fss.or.kr/fss/cmmn/file/fileDown.do?menuNo=200691&atchFileId=c491cdac5d1556843b39be492456e674&fileSn=1&bbsId=B0000207,다운로드,원본 영상 및 음원\그놈 목소리 - 수사기관형\36399__span style='font-weight_ bold;color_ blue;'___span_ 본인 직업이 어떻게 되세요.mp3,
그놈 목소리 - 수사기관형,36398,<span style='font-weight: bold;color: blue;'></span> 금융사기사건 피의자입니다,https://www.fss.or.kr/fss/bbs/B0000207/view.do?nttId=36398&menuNo=200691&pageIndex=17,https://www.fss.or.kr/fss/cmmn/file/fileDown.do?menuNo=200691&atchFileId=68ce1323237d005556134105d2854c95&fileSn=1&bbsId=B0000207,다운로드,원본 영상 및 음원\그놈 목소리 - 수사기관형\36398__span style='font-weight_ bold;color_ blue;'___span_ 금융사기사건 피의자입니다.mp3,
그놈 목소리 - 수사기관형,36397,대본을 읽는 어설픈 그놈,https://www.fss.or.kr/fss/bbs/B0000207/view.do?nttId=36397&menuNo=200691&pageIndex=17,https://www.fss.or.kr/fss/cmmn/file/fileDown.do?menuNo=200691&atchFileId=5a9648ead6759460c37d792202711ade&fileSn=1&bbsId=B0000207,다운로드,원본 영상 및 음원\그놈 목소리 - 수사기관형\36397_대본을 읽는 어설픈 그놈.mp3,
그놈 목소리 - 수사기관형,36396,사기건으로 조사할게 있어 전화했다,https://www.fss.or.kr/fss/bbs/B0000207/view.do?nttId=36396&menuNo=200691&pageIndex=17,https://www.fss.or.kr/fss/cmmn/file/fileDown.do?menuNo=200691&atchFileId=8c3556be9ad5a7474aa24b8482e2a9ed&fileSn=1&bbsId=B0000207,다운로드,원본 영상 및 음원\그놈 목소리 - 수사기관형\36396_사기건으로 조사할게 있어 전화했다.mp3,
그놈 목소리 - 수사기관형,36395,당신 명의로된 대량의 대포통장이 발견되었다,https://www.fss.or.kr/fss/bbs/B0000207/view.do?nttId=36395&menuNo=200691&pageIndex=18,https://www.fss.or.kr/fss/cmmn/file/fileDown.do?menuNo=200691&atchFileId=87998e8158741cce027292eea1749b1c&fileSn=1&bbsId=B0000207,다운로드,원본 영상 및 음원\그놈 목소리 - 수사기관형\36395_당신 명의로된 대량의 대포통장이 발견되었다.mp3,
그놈 목소리 - 수사기관형,36394,42세남성 이동수와은 어떤관계죠,https://www.fss.or.kr/fss/bbs/B0000207/view.do?nttId=36394&menuNo=200691&pageIndex=18,https://www.fss.or.kr/fss/cmmn/file/fileDown.do?menuNo=200691&atchFileId=78d0c7e64138b6c991384c95623772b9&fileSn=1&bbsId=B0000207,다운로드,원본 영상 및 음원\그놈 목소리 - 수사기관형\36394_42세남성 이동수와은 어떤관계죠.mp3,
그놈 목소리 - 수사기관형,36393,서울청 금융범죄수사팀 최민철 수사관이라고 합니다,https://www.fss.or.kr/fss/bbs/B0000207/view.do?nttId=36393&menuNo=200691&pageIndex=18,https://www.fss.or.kr/fss/cmmn/file/fileDown.do?menuNo=200691&atchFileId=06349a922e89b0e1c34d79034eeddc79&fileSn=1&bbsId=B0000207,다운로드,원본 영상 및 음원\그놈 목소리 - 수사기관형\36393_서울청 금융범죄수사팀 최민철 수사관이라고 합니다.mp3,
그놈 목소리 - 수사기관형,36392,본인명의가 도용이 되어서 대포통장이 발급이 되었다,https://www.fss.or.kr/fss/bbs/B0000207/view.do?nttId=36392&menuNo=200691&pageIndex=18,https://www.fss.or.kr/fss/cmmn/file/fileDown.do?menuNo=200691&atchFileId=6d39c401805852dc4478cb7ab6b419c6&fileSn=1&bbsId=B0000207,다운로드,원본 영상 및 음원\그놈 목소리 - 수사기관형\36392_본인명의가 도용이 되어서 대포통장이 발급이 되었다.mp3,
그놈 목소리 - 수사기관형,36391,명의도용 및 양도혐의로 몇가지 확인차 연락드렸습니다,https://www.fss.or.kr/fss/bbs/B0000207/view.do?nttId=36391&menuNo=200691&pageIndex=18,https://www.fss.or.kr/fss/cmmn/file/fileDown.do?menuNo=200691&atchFileId=d2903467e238649791903922b8ba1b24&fileSn=1&bbsId=B0000207,다운로드,원본 영상 및 음원\그놈 목소리 - 수사기관형\36391_명의도용 및 양도혐의로 몇가지 확인차 연락드렸습니다.mp3,
그놈 목소리 - 수사기관형,36390,저희가 은행권 통해 조사해 봤는데요,https://www.fss.or.kr/fss/bbs/B0000207/view.do?nttId=36390&menuNo=200691&pageIndex=18,https://www.fss.or.kr/fss/cmmn/file/fileDown.do?menuNo=200691&atchFileId=e8e35e3c543268c725bc107523975284&fileSn=1&bbsId=B0000207,다운로드,원본 영상 및 음원\그놈 목소리 - 수사기관형\36390_저희가 은행권 통해 조사해 봤는데요.mp3,
그놈 목소리 - 수사기관형,36389,생년월일이 OOOO년 OO월O일 맞으시죠,https://www.fss.or.kr/fss/bbs/B0000207/view.do?nttId=36389&menuNo=200691&pageIndex=18,https://www.fss.or.kr/fss/cmmn/file/fileDown.do?menuNo=200691&atchFileId=0edc920b5536a30929e02d71534cd22c&fileSn=1&bbsId=B0000207,다운로드,원본 영상 및 음원\그놈 목소리 - 수사기관형\36389_생년월일이 OOOO년 OO월O일 맞으시죠.mp3,
그놈 목소리 - 수사기관형,36388,저희가 동결처리 해드릴거구요,https://www.fss.or.kr/fss/bbs/B0000207/view.do?nttId=36388&menuNo=200691&pageIndex=18,https://www.fss.or.kr/fss/cmmn/file/fileDown.do?menuNo=200691&atchFileId=acc8299bc0a192e7600c7272576ba385&fileSn=1&bbsId=B0000207,다운로드,원본 영상 및 음원\그놈 목소리 - 수사기관형\36388_저희가 동결처리 해드릴거구요.mp3,
그놈 목소리 - 수사기관형,36387,<span style='font-weight: bold;color: blue;'></span> 금융범죄예방교육팀인데요,https://www.fss.or.kr/fss/bbs/B0000207/view.do?nttId=36387&menuNo=200691&pageIndex=18,https://www.fss.or.kr/fss/cmmn/file/fileDown.do?menuNo=200691&atchFileId=04d43ab29215ae83d592b74821917e65&fileSn=1&bbsId=B0000207,다운로드,원본 영상 및 음원\그놈 목소리 - 수사기관형\36387__span style='font-weight_ bold;color_ blue;'___span_ 금융범죄예방교육팀인데요.mp3,
그놈 목소리 - 수사기관형,36386,<span style='font-weight: bold;color: blue;'></span> 서울청 수사관인데요. 혹시 72년생 남성 OO를 아시나요,https://www.fss.or.kr/fss/bbs/B0000207/view.do?nttId=36386&menuNo=200691&pageIndex=18,https://www.fss.or.kr/fss/cmmn/file/fileDown.do?menuNo=200691&atchFileId=edc67a6259481b926045246eb5ce4d68&fileSn=1&bbsId=B0000207,다운로드,원본 영상 및 음원\그놈 목소리 - 수사기관형\36386__span style='font-weight_ bold;color_ blue;'___span_ 서울청 수사관인데요. 혹시 72년생 남성 OO를 아시나요.mp3,
그놈 목소리 - 수사기관형,36385,<span style='font-weight: bold;color: blue;'></span> 서울청 김연아 수사관인데요_2200만원 불법자금 기록이 있구요,https://www.fss.or.kr/fss/bbs/B0000207/view.do?nttId=36385&menuNo=200691&pageIndex=19,https://www.fss.or.kr/fss/cmmn/file/fileDown.do?menuNo=200691&atchFileId=961b1a2d81cd54a13ec29d505540d9a7&fileSn=1&bbsId=B0000207,다운로드,원본 영상 및 음원\그놈 목소리 - 수사기관형\36385__span style='font-weight_ bold;color_ blue;'___span_ 서울청 김연아 수사관인데요_2200만원 불법자금 기록이 있구요.mp3,
그놈 목소리 - 수사기관형,36384,<span style='font-weight: bold;color: blue;'></span> 경찰청인데요. 본인앞으로 고소된 사건이 있어 연락드렸어요,https://www.fss.or.kr/fss/bbs/B0000207/view.do?nttId=36384&menuNo=200691&pageIndex=19,https://www.fss.or.kr/fss/cmmn/file/fileDown.do?menuNo=200691&atchFileId=1d2148a3d8b05c7894b63b18d622a4d6&fileSn=1&bbsId=B0000207,다운로드,원본 영상 및 음원\그놈 목소리 - 수사기관형\36384__span style='font-weight_ bold;color_ blue;'___span_ 경찰청인데요. 본인앞으로 고소된 사건이 있어 연락드렸어요.mp3,
그놈 목소리 - 수사기관형,36383,<span style='font-weight: bold;color: blue;'></span> 경제범죄수사과 송두영수사관이라고 하는데요,https://www.fss.or.kr/fss/bbs/B0000207/view.do?nttId=36383&menuNo=200691&pageIndex=19,https://www.fss.or.kr/fss/cmmn/file/fileDown.do?menuNo=200691&atchFileId=1e3b3c715a3e77eee04c78c16e35ddbc&fileSn=1&bbsId=B0000207,다운로드,원본 영상 및 음원\그놈 목소리 - 수사기관형\36383__span style='font-weight_ bold;color_ blue;'___span_ 경제범죄수사과 송두영수사관이라고 하는데요.mp3,
그놈 목소리 - 수사기관형,36382,<span style='font-weight: bold;color: blue;'></span> OO씨는 돈을 받고 통장을 판매한 용의자이십니다,https://www.fss.or.kr/fss/bbs/B0000207/view.do?nttId=36382&menuNo=200691&pageIndex=19,https://www.fss.or.kr/fss/cmmn/file/fileDown.do?menuNo=200691&atchFileId=7be464eba2a6c608d34c7cc8990ee9ee&fileSn=1&bbsId=B0000207,다운로드,원본 영상 및 음원\그놈 목소리 - 수사기관형\36382__span style='font-weight_ bold;color_ blue;'___span_ OO씨는 돈을 받고 통장을 판매한 용의자이십니다.mp3,
그놈 목소리 - 수사기관형,36381,<span style='font-weight: bold;color: blue;'></span> 사기 및 전자금융거래법 위반으로 고소가 들어왔어요,https://www.fss.or.kr/fss/bbs/B0000207/view.do?nttId=36381&menuNo=200691&pageIndex=19,https://www.fss.or.kr/fss/cmmn/file/fileDown.do?menuNo=200691&atchFileId=7de794ca740e4eda62ec20660ba74ab3&fileSn=1&bbsId=B0000207,다운로드,원본 영상 및 음원\그놈 목소리 - 수사기관형\36381__span style='font-weight_ bold;color_ blue;'___span_ 사기 및 전자금융거래법 위반으로 고소가 들어왔어요.mp3,
그놈 목소리 - 수사기관형,36380,"<span style='font-weight: bold;color: blue;'></span> 선생님도 아시겠지만, 녹취상태는 증거자료로 제출",https://www.fss.or.kr/fss/bbs/B0000207/view.do?nttId=36380&menuNo=200691&pageIndex=19,https://www.fss.or.kr/fss/cmmn/file/fileDown.do?menuNo=200691&atchFileId=3572cc45a9c69263452b1d842a379756&fileSn=1&bbsId=B0000207,다운로드,"원본 영상 및 음원\그놈 목소리 - 수사기관형\36380__span style='font-weight_ bold;color_ blue;'___span_ 선생님도 아시겠지만, 녹취상태는 증거자료로 제출.mp3",
그놈 목소리 - 수사기관형,36379,<span style='font-weight: bold;color: blue;'></span> 돈을 일단 검찰쪽에 보내세요,https://www.fss.or.kr/fss/bbs/B0000207/view.do?nttId=36379&menuNo=200691&pageIndex=19,https://www.fss.or.kr/fss/cmmn/file/fileDown.do?menuNo=200691&atchFileId=d19ec603225bace7ec7842796003a362&fileSn=1&bbsId=B0000207,다운로드,원본 영상 및 음원\그놈 목소리 - 수사기관형\36379__span style='font-weight_ bold;color_ blue;'___span_ 돈을 일단 검찰쪽에 보내세요.mp3,
그놈 목소리 - 수사기관형,36378,<span style='font-weight: bold;color: blue;'></span> 서울청 수사관인데요 본인관련 사건이 있어요,https://www.fss.or.kr/fss/bbs/B0000207/view.do?nttId=36378&menuNo=200691&pageIndex=19,https://www.fss.or.kr/fss/cmmn/file/fileDown.do?menuNo=200691&atchFileId=5d27bac732a755b02841ab2e37d86e5e&fileSn=1&bbsId=B0000207,다운로드,원본 영상 및 음원\그놈 목소리 - 수사기관형\36378__span style='font-weight_ bold;color_ blue;'___span_ 서울청 수사관인데요 본인관련 사건이 있어요.mp3,
그놈 목소리 - 수사기관형,36377,<span style='font-weight: bold;color: blue;'></span> 저희 특별수사팀에서 검거를 했거든요,https://www.fss.or.kr/fss/bbs/B0000207/view.do?nttId=36377&menuNo=200691&pageIndex=19,https://www.fss.or.kr/fss/cmmn/file/fileDown.do?menuNo=200691&atchFileId=9be69dec80d22187006c641d4686d8e8&fileSn=1&bbsId=B0000207,다운로드,원본 영상 및 음원\그놈 목소리 - 수사기관형\36377__span style='font-weight_ bold;color_ blue;'___span_ 저희 특별수사팀에서 검거를 했거든요.mp3,
그놈 목소리 - 수사기관형,36376,<span style='font-weight: bold;color: blue;'></span> 기억이 안나신다는 말씀이시죠,https://www.fss.or.kr/fss/bbs/B0000207/view.do?nttId=36376&menuNo=200691&pageIndex=19,https://www.fss.or.kr/fss/cmmn/file/fileDown.do?menuNo=200691&atchFileId=d251b7dbe8ebcda0e33843c30216a693&fileSn=1&bbsId=B0000207,다운로드,원본 영상 및 음원\그놈 목소리 - 수사기관형\36376__span style='font-weight_ bold;color_ blue;'___span_ 기억이 안나신다는 말씀이시죠.mp3,
그놈 목소리 - 수사기관형,36375,"<span style='font-weight: bold;color: blue;'></span> 그러면, 참고인진술로 넣어드릴게요",https://www.fss.or.kr/fss/bbs/B0000207/view.do?nttId=36375&menuNo=200691&pageIndex=20,https://www.fss.or.kr/fss/cmmn/file/fileDown.do?menuNo=200691&atchFileId=9352e7db576ca2e3de0244688bbd727c&fileSn=1&bbsId=B0000207,다운로드,"원본 영상 및 음원\그놈 목소리 - 수사기관형\36375__span style='font-weight_ bold;color_ blue;'___span_ 그러면, 참고인진술로 넣어드릴게요.mp3",
그놈 목소리 - 수사기관형,36374,<span style='font-weight: bold;color: blue;'></span> 당황하셔서 말더듬는거 아니세요,https://www.fss.or.kr/fss/bbs/B0000207/view.do?nttId=36374&menuNo=200691&pageIndex=20,https://www.fss.or.kr/fss/cmmn/file/fileDown.do?menuNo=200691&atchFileId=698a965339b22381562209e61e2040c3&fileSn=1&bbsId=B0000207,다운로드,원본 영상 및 음원\그놈 목소리 - 수사기관형\36374__span style='font-weight_ bold;color_ blue;'___span_ 당황하셔서 말더듬는거 아니세요.mp3,
그놈 목소리 - 수사기관형,36373,<span style='font-weight: bold;color: blue;'></span> 일대일 녹취 조사를 받을거구요,https://www.fss.or.kr/fss/bbs/B0000207/view.do?nttId=36373&menuNo=200691&pageIndex=20,https://www.fss.or.kr/fss/cmmn/file/fileDown.do?menuNo=200691&atchFileId=8a24d9bcb09987298aa3969cd6cd294e&fileSn=1&bbsId=B0000207,다운로드,원본 영상 및 음원\그놈 목소리 - 수사기관형\36373__span style='font-weight_ bold;color_ blue;'___span_ 일대일 녹취 조사를 받을거구요.mp3,
그놈 목소리 - 수사기관형,36372,<span style='font-weight: bold;color: blue;'></span> 계좌양도 혐의자 신분으로 조사,https://www.fss.or.kr/fss/bbs/B0000207/view.do?nttId=36372&menuNo=200691&pageIndex=20,https://www.fss.or.kr/fss/cmmn/file/fileDown.do?menuNo=200691&atchFileId=43ad68925b74cea762e29a1d79bd7802&fileSn=1&bbsId=B0000207,다운로드,원본 영상 및 음원\그놈 목소리 - 수사기관형\36372__span style='font-weight_ bold;color_ blue;'___span_ 계좌양도 혐의자 신분으로 조사.mp3,
그놈 목소리 - 수사기관형,36371,<span style='font-weight: bold;color: blue;'></span> 은행직원도 공범으로 5명이 검거되었다,https://www.fss.or.kr/fss/bbs/B0000207/view.do?nttId=36371&menuNo=200691&pageIndex=20,https://www.fss.or.kr/fss/cmmn/file/fileDown.do?menuNo=200691&atchFileId=a1d24723c503d4e87075c8b935b89e5b&fileSn=1&bbsId=B0000207,다운로드,원본 영상 및 음원\그놈 목소리 - 수사기관형\36371__span style='font-weight_ bold;color_ blue;'___span_ 은행직원도 공범으로 5명이 검거되었다.mp3,
그놈 목소리 - 수사기관형,36370,<span style='font-weight: bold;color: blue;'></span> 서울지방경찰청이라고요. 제가 그리로 전화할게요,https://www.fss.or.kr/fss/bbs/B0000207/view.do?nttId=36370&menuNo=200691&pageIndex=20,https://www.fss.or.kr/fss/cmmn/file/fileDown.do?menuNo=200691&atchFileId=9ba2390d12479d5540a4570106a840d6&fileSn=1&bbsId=B0000207,다운로드,원본 영상 및 음원\그놈 목소리 - 수사기관형\36370__span style='font-weight_ bold;color_ blue;'___span_ 서울지방경찰청이라고요. 제가 그리로 전화할게요.mp3,
그놈 목소리 - 수사기관형,36369,<span style='font-weight: bold;color: blue;'></span> 본인 계좌정보 동결처리하겠습니다,https://www.fss.or.kr/fss/bbs/B0000207/view.do?nttId=36369&menuNo=200691&pageIndex=20,https://www.fss.or.kr/fss/cmmn/file/fileDown.do?menuNo=200691&atchFileId=c8168e64cd6aea742a0880e847430589&fileSn=1&bbsId=B0000207,다운로드,원본 영상 및 음원\그놈 목소리 - 수사기관형\36369__span style='font-weight_ bold;color_ blue;'___span_ 본인 계좌정보 동결처리하겠습니다.mp3,
그놈 목소리 - 수사기관형,36368,<span style='font-weight: bold;color: blue;'></span>몇가지 질문하고 바로 본론으로 들어가겠습니다,https://www.fss.or.kr/fss/bbs/B0000207/view.do?nttId=36368&menuNo=200691&pageIndex=20,https://www.fss.or.kr/fss/cmmn/file/fileDown.do?menuNo=200691&atchFileId=59728ac2c1a4842b12b97e5139e2a586&fileSn=1&bbsId=B0000207,다운로드,원본 영상 및 음원\그놈 목소리 - 수사기관형\36368__span style='font-weight_ bold;color_ blue;'___span_몇가지 질문하고 바로 본론으로 들어가겠습니다.mp3,
그놈 목소리 - 수사기관형,36367,검사사칭_금융권 모르게 계좌추적하겠습니다.,https://www.fss.or.kr/fss/bbs/B0000207/view.do?nttId=36367&menuNo=200691&pageIndex=20,https://www.fss.or.kr/fss/cmmn/file/fileDown.do?menuNo=200691&atchFileId=30d97d3092846d7121c13c03c1535751&fileSn=1&bbsId=B0000207,다운로드,원본 영상 및 음원\그놈 목소리 - 수사기관형\36367_검사사칭_금융권 모르게 계좌추적하겠습니다.mp3,
그놈 목소리 - 수사기관형,36365,경찰을 사칭하며 명의도용사건 조사,https://www.fss.or.kr/fss/bbs/B0000207/view.do?nttId=36365&menuNo=200691&pageIndex=20,https://www.fss.or.kr/fss/cmmn/file/fileDown.do?menuNo=200691&atchFileId=80151755cab70849147e4a2b9bee2c2e&fileSn=1&bbsId=B0000207,다운로드,원본 영상 및 음원\그놈 목소리 - 수사기관형\36365_경찰을 사칭하며 명의도용사건 조사.mp3,
그놈 목소리 - 수사기관형,36364,서울지방경찰청 사칭_본인의사 상관없이 동결처리 됩니다.,https://www.fss.or.kr/fss/bbs/B0000207/view.do?nttId=36364&menuNo=200691&pageIndex=21,https://www.fss.or.kr/fss/cmmn/file/fileDown.do?menuNo=200691&atchFileId=11d5c11a44e083e096eebcec07a34551&fileSn=1&bbsId=B0000207,다운로드,원본 영상 및 음원\그놈 목소리 - 수사기관형\36364_서울지방경찰청 사칭_본인의사 상관없이 동결처리 됩니다.mp3,
그놈 목소리 - 수사기관형,36363,사이버경찰청 수사관 사칭_부산사나이 화끈한 보이스피싱 대처법,https://www.fss.or.kr/fss/bbs/B0000207/view.do?nttId=36363&menuNo=200691&pageIndex=21,https://www.fss.or.kr/fss/cmmn/file/fileDown.do?menuNo=200691&atchFileId=95ad9e5d0da2023a9b99d3c22abc9506&fileSn=1&bbsId=B0000207,다운로드,원본 영상 및 음원\그놈 목소리 - 수사기관형\36363_사이버경찰청 수사관 사칭_부산사나이 화끈한 보이스피싱 대처법.mp3,
그놈 목소리 - 수사기관형,36362,서울지방경찰청 사칭_진짜 경찰같아,https://www.fss.or.kr/fss/bbs/B0000207/view.do?nttId=36362&menuNo=200691&pageIndex=21,https://www.fss.or.kr/fss/cmmn/file/fileDown.do?menuNo=200691&atchFileId=c4c7b143ba50acb2a58ce6e45dc4080c&fileSn=1&bbsId=B0000207,다운로드,원본 영상 및 음원\그놈 목소리 - 수사기관형\36362_서울지방경찰청 사칭_진짜 경찰같아.mp3,
그놈 목소리 - 수사기관형,36361,수사관 사칭하지만 보이스피싱임을 눈치챔,https://www.fss.or.kr/fss/bbs/B0000207/view.do?nttId=36361&menuNo=200691&pageIndex=21,https://www.fss.or.kr/fss/cmmn/file/fileDown.do?menuNo=200691&atchFileId=41a0984704732791147a6361e42b9738&fileSn=1&bbsId=B0000207,다운로드,원본 영상 및 음원\그놈 목소리 - 수사기관형\36361_수사관 사칭하지만 보이스피싱임을 눈치챔.mp3,
그놈 목소리 - 수사기관형,36360,검찰사칭_단순한사항때문에 연락드린건 아니다.,https://www.fss.or.kr/fss/bbs/B0000207/view.do?nttId=36360&menuNo=200691&pageIndex=21,https://www.fss.or.kr/fss/cmmn/file/fileDown.do?menuNo=200691&atchFileId=07645d753b8bc3cc3732d32906cd6bed&fileSn=1&bbsId=B0000207,다운로드,원본 영상 및 음원\그놈 목소리 - 수사기관형\36360_검찰사칭_단순한사항때문에 연락드린건 아니다.mp3,
그놈 목소리 - 수사기관형,36359,서울중앙지검_본인명의의 대포통장 발견됐다며 작업,https://www.fss.or.kr/fss/bbs/B0000207/view.do?nttId=36359&menuNo=200691&pageIndex=21,https://www.fss.or.kr/fss/cmmn/file/fileDown.do?menuNo=200691&atchFileId=b55613a3dc96ab0e43aa6e9bd905c20b&fileSn=1&bbsId=B0000207,다운로드,원본 영상 및 음원\그놈 목소리 - 수사기관형\36359_서울중앙지검_본인명의의 대포통장 발견됐다며 작업.mp3,
그놈 목소리 - 수사기관형,36358,부산고등검찰청 형사1부_개인정보 유출건이라며 질문,https://www.fss.or.kr/fss/bbs/B0000207/view.do?nttId=36358&menuNo=200691&pageIndex=21,https://www.fss.or.kr/fss/cmmn/file/fileDown.do?menuNo=200691&atchFileId=3ed89d99092021246612102d8eb7be85&fileSn=1&bbsId=B0000207,다운로드,원본 영상 및 음원\그놈 목소리 - 수사기관형\36358_부산고등검찰청 형사1부_개인정보 유출건이라며 질문.mp3,
그놈 목소리 - 수사기관형,36357,부산고등검찰청 형사1부_단순사항때문에 연락한건 아니다.,https://www.fss.or.kr/fss/bbs/B0000207/view.do?nttId=36357&menuNo=200691&pageIndex=21,https://www.fss.or.kr/fss/cmmn/file/fileDown.do?menuNo=200691&atchFileId=5ac2d62c2c7cc39133a9398a7d2895bb&fileSn=1&bbsId=B0000207,다운로드,원본 영상 및 음원\그놈 목소리 - 수사기관형\36357_부산고등검찰청 형사1부_단순사항때문에 연락한건 아니다.mp3,
그놈 목소리 - 수사기관형,36356,수사관사칭 금융범죄실명법 언급하며 고압적 언행,https://www.fss.or.kr/fss/bbs/B0000207/view.do?nttId=36356&menuNo=200691&pageIndex=21,https://www.fss.or.kr/fss/cmmn/file/fileDown.do?menuNo=200691&atchFileId=952992c4572aa3ab73242e6112a7d776&fileSn=1&bbsId=B0000207,다운로드,원본 영상 및 음원\그놈 목소리 - 수사기관형\36356_수사관사칭 금융범죄실명법 언급하며 고압적 언행.mp3,
그놈 목소리 - 수사기관형,36355,서울남부지검 증권범죄합동수사단 김민정수사관 사칭,https://www.fss.or.kr/fss/bbs/B0000207/view.do?nttId=36355&menuNo=200691&pageIndex=21,https://www.fss.or.kr/fss/cmmn/file/fileDown.do?menuNo=200691&atchFileId=71051940c0827a8d69ab188c8e156427&fileSn=1&bbsId=B0000207,다운로드,원본 영상 및 음원\그놈 목소리 - 수사기관형\36355_서울남부지검 증권범죄합동수사단 김민정수사관 사칭.mp3,
그놈 목소리 - 수사기관형,36354,서울중앙지검 사칭_본인명의의 대포통장 및 현금발견,https://www.fss.or.kr/fss/bbs/B0000207/view.do?nttId=36354&menuNo=200691&pageIndex=22,https://www.fss.or.kr/fss/cmmn/file/fileDown.do?menuNo=200691&atchFileId=7b6a2cd7e84b80cc74ee3eac5c852969&fileSn=1&bbsId=B0000207,다운로드,원본 영상 및 음원\그놈 목소리 - 수사기관형\36354_서울중앙지검 사칭_본인명의의 대포통장 및 현금발견.mp3,
그놈 목소리 - 수사기관형,36353,"검찰수사관 사칭하며 불법도박, 약식수사 등 전문용어 술술",https://www.fss.or.kr/fss/bbs/B0000207/view.do?nttId=36353&menuNo=200691&pageIndex=22,https://www.fss.or.kr/fss/cmmn/file/fileDown.do?menuNo=200691&atchFileId=aa30293c63d7808d2e503c9d0d8db794&fileSn=1&bbsId=B0000207,다운로드,"원본 영상 및 음원\그놈 목소리 - 수사기관형\36353_검찰수사관 사칭하며 불법도박, 약식수사 등 전문용어 술술.mp3",
그놈 목소리 - 수사기관형,36352,저희 검찰로 오는데 시간이 얼마나 걸리죠?,https://www.fss.or.kr/fss/bbs/B0000207/view.do?nttId=36352&menuNo=200691&pageIndex=22,https://www.fss.or.kr/fss/cmmn/file/fileDown.do?menuNo=200691&atchFileId=632cc0aa1b9423ac04bb86da51aa82da&fileSn=1&bbsId=B0000207,다운로드,원본 영상 및 음원\그놈 목소리 - 수사기관형\36352_저희 검찰로 오는데 시간이 얼마나 걸리죠_.mp3,
그놈 목소리 - 수사기관형,36351,부산고검사칭하며 명의도용사건 조사,https://www.fss.or.kr/fss/bbs/B0000207/view.do?nttId=36351&menuNo=200691&pageIndex=22,https://www.fss.or.kr/fss/cmmn/file/fileDown.do?menuNo=200691&atchFileId=c2875c1d4388d21252de8450c3825b10&fileSn=1&bbsId=B0000207,다운로드,원본 영상 및 음원\그놈 목소리 - 수사기관형\36351_부산고검사칭하며 명의도용사건 조사.mp3,
그놈 목소리 - 수사기관형,36350,검찰청수사관 및 검사 사칭,https://www.fss.or.kr/fss/bbs/B0000207/view.do?nttId=36350&menuNo=200691&pageIndex=22,https://www.fss.or.kr/fss/cmmn/file/fileDown.do?menuNo=200691&atchFileId=97be8e4b2313b1d08138a43d32a7e1b8&fileSn=1&bbsId=B0000207,다운로드,원본 영상 및 음원\그놈 목소리 - 수사기관형\36350_검찰청수사관 및 검사 사칭.mp3,
그놈 목소리 - 수사기관형,36349,대검찰청 첨단범죄수사과 사칭,https://www.fss.or.kr/fss/bbs/B0000207/view.do?nttId=36349&menuNo=200691&pageIndex=22,https://www.fss.or.kr/fss/cmmn/file/fileDown.do?menuNo=200691&atchFileId=6334c9d8655c52abed8e645a7ac44392&fileSn=1&bbsId=B0000207,다운로드,원본 영상 및 음원\그놈 목소리 - 수사기관형\36349_대검찰청 첨단범죄수사과 사칭.mp3,
그놈 목소리 - 수사기관형,36348,서울중앙지검 첨단범죄사기팀 및 금감원 사칭,https://www.fss.or.kr/fss/bbs/B0000207/view.do?nttId=36348&menuNo=200691&pageIndex=22,https://www.fss.or.kr/fss/cmmn/file/fileDown.do?menuNo=200691&atchFileId=4e4188a9ad5b13714b2a1964685bbb8e&fileSn=1&bbsId=B0000207,다운로드,원본 영상 및 음원\그놈 목소리 - 수사기관형\36348_서울중앙지검 첨단범죄사기팀 및 금감원 사칭.mp3,
그놈 목소리 - 수사기관형,36347,서울중앙지검 금융범죄 수사팀 사칭,https://www.fss.or.kr/fss/bbs/B0000207/view.do?nttId=36347&menuNo=200691&pageIndex=22,https://www.fss.or.kr/fss/cmmn/file/fileDown.do?menuNo=200691&atchFileId=a76ac012cd8e4becdcde1d09c42e5e0d&fileSn=1&bbsId=B0000207,다운로드,원본 영상 및 음원\그놈 목소리 - 수사기관형\36347_서울중앙지검 금융범죄 수사팀 사칭.mp3,
그놈 목소리 - 수사기관형,36346,수사관 사칭하며...본인과 연관된 사건이 있어서 연락했습니다.,https://www.fss.or.kr/fss/bbs/B0000207/view.do?nttId=36346&menuNo=200691&pageIndex=22,https://www.fss.or.kr/fss/cmmn/file/fileDown.do?menuNo=200691&atchFileId=5eb827662a9ebcbecde3940c4c78cc88&fileSn=1&bbsId=B0000207,다운로드,원본 영상 및 음원\그놈 목소리 - 수사기관형\36346_수사관 사칭하며...본인과 연관된 사건이 있어서 연락했습니다.mp3,
그놈 목소리 - 수사기관형,36345,서울중앙지검 첨단범죄수사1팀 사칭,https://www.fss.or.kr/fss/bbs/B0000207/view.do?nttId=36345&menuNo=200691&pageIndex=22,https://www.fss.or.kr/fss/cmmn/file/fileDown.do?menuNo=200691&atchFileId=c4ec30e43abd849ae23927eee0da4bd3&fileSn=1&bbsId=B0000207,다운로드,원본 영상 및 음원\그놈 목소리 - 수사기관형\36345_서울중앙지검 첨단범죄수사1팀 사칭.mp3,
그놈 목소리 - 수사기관형,36343,수사기관 사칭_ 압수수색과정중에 본인 명의로 된 대포통장이 발견,https://www.fss.or.kr/fss/bbs/B0000207/view.do?nttId=36343&menuNo=200691&pageIndex=23,https://www.fss.or.kr/fss/cmmn/file/fileDown.do?menuNo=200691&atchFileId=876014c708d63091e2ac87b887383a4c&fileSn=1&bbsId=B0000207,다운로드,원본 영상 및 음원\그놈 목소리 - 수사기관형\36343_수사기관 사칭_ 압수수색과정중에 본인 명의로 된 대포통장이 발견.mp3,
그놈 목소리 - 수사기관형,36342,서울지방경찰청사칭_왜 화를 내고 그러세요?,https://www.fss.or.kr/fss/bbs/B0000207/view.do?nttId=36342&menuNo=200691&pageIndex=23,https://www.fss.or.kr/fss/cmmn/file/fileDown.do?menuNo=200691&atchFileId=67b264ea47d5646dcc39a47710b01da9&fileSn=1&bbsId=B0000207,다운로드,원본 영상 및 음원\그놈 목소리 - 수사기관형\36342_서울지방경찰청사칭_왜 화를 내고 그러세요_.mp3,
그놈 목소리 - 수사기관형,36340,수사기관사칭_전혀 모르는 분 맞으세요?,https://www.fss.or.kr/fss/bbs/B0000207/view.do?nttId=36340&menuNo=200691&pageIndex=23,https://www.fss.or.kr/fss/cmmn/file/fileDown.do?menuNo=200691&atchFileId=0de37693e771486774caa9e4a52a9a9b&fileSn=1&bbsId=B0000207,다운로드,원본 영상 및 음원\그놈 목소리 - 수사기관형\36340_수사기관사칭_전혀 모르는 분 맞으세요_.mp3,
그놈 목소리 - 수사기관형,36339,검찰청사칭,https://www.fss.or.kr/fss/bbs/B0000207/view.do?nttId=36339&menuNo=200691&pageIndex=23,https://www.fss.or.kr/fss/cmmn/file/fileDown.do?menuNo=200691&atchFileId=9c94c3a4b5dc362a7a89d05c9dadc505&fileSn=1&bbsId=B0000207,다운로드,원본 영상 및 음원\그놈 목소리 - 수사기관형\36339_검찰청사칭.mp3,
그놈 목소리 - 수사기관형,36336,ARS이용한 서울지방경찰청 사칭,https://www.fss.or.kr/fss/bbs/B0000207/view.do?nttId=36336&menuNo=200691&pageIndex=23,https://www.fss.or.kr/fss/cmmn/file/fileDown.do?menuNo=200691&atchFileId=d43a9dce1924043770718b1ddd854c29&fileSn=1&bbsId=B0000207,다운로드,원본 영상 및 음원\그놈 목소리 - 수사기관형\36336_ARS이용한 서울지방경찰청 사칭.mp3,
그놈 목소리 - 수사기관형,36335,수사기관사칭,https://www.fss.or.kr/fss/bbs/B0000207/view.do?nttId=36335&menuNo=200691&pageIndex=23,https://www.fss.or.kr/fss/cmmn/file/fileDown.do?menuNo=200691&atchFileId=85c9bae5b4de37e07b851c69570e98dc&fileSn=1&bbsId=B0000207,다운로드,원본 영상 및 음원\그놈 목소리 - 수사기관형\36335_수사기관사칭.mp3,
그놈 목소리 - 수사기관형,36334,중앙지검 수사관 및 검사 사칭,https://www.fss.or.kr/fss/bbs/B0000207/view.do?nttId=36334&menuNo=200691&pageIndex=23,https://www.fss.or.kr/fss/cmmn/file/fileDown.do?menuNo=200691&atchFileId=980dee374769eee73ca207520b620a56&fileSn=1&bbsId=B0000207,다운로드,원본 영상 및 음원\그놈 목소리 - 수사기관형\36334_중앙지검 수사관 및 검사 사칭.mp3,
