case_id,window_start,window_end,future_end,progress_pct,phase,recent_impersonation_count,recent_impersonation_diversity,recent_strategy_count,recent_strategy_diversity,recent_action_count,recent_continue_question_count,recent_alert_question_count,recent_offender_turn_share,current_risky_action_count,future_risky_action_count,future_risk,has_impersonation,has_continue_question,has_alert_question,has_authority,has_urgency,has_fear,has_legitimacy,has_money_request,has_info_extraction,signal_count
vp_130761_case_001,1,10,20,13.636363636363635,초반,2,1,3,2,0,0,1,0.8,0,0,0,1,0,1,1,0,0,1,0,0,4
vp_130761_case_001,6,15,25,21.21212121212121,초반,1,1,2,2,0,0,2,0.8,0,0,0,1,0,1,1,0,0,1,0,0,4
vp_130761_case_001,11,20,30,28.78787878787879,초반,0,0,0,0,0,1,2,0.5,0,0,0,0,1,1,0,0,0,0,0,0,2
vp_130761_case_001,16,25,35,36.36363636363637,중반,0,0,0,0,0,2,1,0.5,0,0,0,0,1,1,0,0,0,0,0,0,2
vp_130761_case_001,21,30,40,43.93939393939394,중반,0,0,0,0,0,3,1,0.6,0,0,0,0,1,1,0,0,0,0,0,0,2
vp_130761_case_001,26,35,45,51.515151515151516,중반,0,0,1,1,0,2,0,0.8,0,0,0,0,1,0,0,0,0,1,0,0,2
vp_130761_case_001,31,40,50,59.09090909090909,중반,0,0,2,2,0,1,0,0.9,0,0,0,0,1,0,1,0,0,1,0,0,3
vp_130761_case_001,36,45,55,66.66666666666666,후반,0,0,1,1,0,1,0,0.9,0,0,0,0,1,0,1,0,0,0,0,0,2
vp_130761_case_001,41,50,60,74.24242424242425,후반,0,0,1,1,0,0,0,0.9,0,0,0,0,0,0,0,0,1,0,0,0,1
vp_130761_case_001,46,55,65,81.81818181818183,후반,0,0,1,1,0,0,0,0.8,0,0,0,0,0,0,0,0,1,0,0,0,1
vp_130761_case_001,51,60,67,89.39393939393939,후반,0,0,0,0,0,0,0,0.7,0,0,0,0,0,0,0,0,0,0,0,0,0
vp_130761_case_001,56,65,67,96.96969696969697,후반,0,0,0,0,0,0,1,0.6,0,0,0,0,0,1,0,0,0,0,0,0,1
vp_130762_case_001,1,10,20,29.03225806451613,초반,0,0,3,2,0,1,1,0.5,0,0,0,0,1,1,0,1,0,1,0,0,4
vp_130762_case_001,6,15,25,45.16129032258064,중반,0,0,2,1,0,1,1,0.7,0,0,0,0,1,1,0,1,0,0,0,0,3
vp_130762_case_001,11,20,30,61.29032258064516,중반,0,0,3,2,0,0,0,1.0,0,0,0,0,0,0,0,1,0,0,0,0,1
vp_130762_case_001,16,25,32,77.41935483870968,후반,0,0,3,2,0,1,0,0.7,0,0,0,0,1,0,0,1,0,0,0,0,2
vp_130762_case_001,21,30,32,93.54838709677419,후반,0,0,3,1,0,1,0,0.6,0,0,0,0,1,0,0,1,0,0,0,0,2
vp_130762_case_002,7,19,27,52.94117647058824,중반,1,1,8,4,0,0,0,1.0,0,0,0,1,0,0,1,1,1,1,0,0,5
vp_130762_case_002,13,24,27,82.35294117647058,후반,1,1,5,3,0,0,0,1.0,0,0,0,1,0,0,1,1,1,0,0,0,4
vp_130764_case_001,1,10,20,26.47058823529412,초반,1,1,5,3,0,3,0,0.6,0,0,0,1,1,0,0,1,1,1,0,0,5
vp_130764_case_001,6,15,25,41.17647058823529,중반,0,0,6,3,0,2,0,0.6,0,0,0,0,1,0,0,1,1,1,0,0,4
vp_130764_case_001,11,20,30,55.88235294117647,중반,0,0,7,3,0,2,0,0.7,0,0,0,0,1,0,0,1,1,1,0,0,4
vp_130764_case_001,16,25,35,70.58823529411765,후반,0,0,12,3,0,2,1,0.7,0,0,0,0,1,1,0,1,1,1,0,0,5
vp_130764_case_001,21,30,35,85.29411764705883,후반,0,0,9,3,0,1,2,0.6,0,0,0,0,1,1,0,1,1,1,0,0,5
vp_130766_case_001,1,17,20,75.0,후반,0,0,7,2,0,0,0,1.0,0,0,0,0,0,0,0,1,0,1,0,0,2
vp_130767_case_001,1,10,20,16.666666666666664,초반,0,0,3,2,0,0,0,0.5,0,0,0,0,0,0,0,1,0,1,0,0,2
vp_130767_case_001,6,15,25,25.925925925925924,초반,0,0,2,2,0,0,0,0.4,0,0,0,0,0,0,0,1,0,1,0,0,2
vp_130767_case_001,11,20,30,35.18518518518518,중반,0,0,1,1,0,0,0,0.5,0,0,0,0,0,0,0,1,0,0,0,0,1
vp_130767_case_001,16,25,35,44.44444444444444,중반,1,1,3,3,0,0,0,0.8,0,0,0,1,0,0,1,1,1,0,0,0,4
vp_130767_case_001,21,30,40,53.70370370370371,중반,1,1,4,4,0,0,0,0.7,0,0,0,1,0,0,1,1,1,1,0,0,5
vp_130767_case_001,26,35,45,62.96296296296296,중반,0,0,2,2,0,0,0,0.5,0,0,0,0,0,0,0,1,0,1,0,0,2
vp_130767_case_001,31,40,50,72.22222222222221,후반,0,0,1,1,0,0,0,0.6,0,0,0,0,0,0,0,1,0,0,0,0,1
vp_130767_case_001,36,45,55,81.48148148148148,후반,0,0,1,1,0,0,0,0.7,0,0,0,0,0,0,0,1,0,0,0,0,1
vp_130767_case_001,41,50,55,90.74074074074075,후반,0,0,0,0,0,0,0,0.7,0,0,0,0,0,0,0,0,0,0,0,0,0
vp_130768_case_001,1,10,20,14.0625,초반,1,1,4,3,0,0,1,0.9,0,0,0,1,0,1,0,1,1,0,1,0,5
vp_130768_case_001,6,15,25,21.875,초반,1,1,6,5,0,0,1,0.9,0,0,0,1,0,1,1,1,1,1,1,0,7
vp_130768_case_001,11,20,30,29.6875,초반,1,1,4,3,0,1,2,0.7,0,0,0,1,1,1,1,0,1,1,0,0,6
vp_130768_case_001,16,25,35,37.5,중반,0,0,3,2,0,1,1,0.7,0,0,0,0,1,1,0,0,1,1,0,0,4
vp_130768_case_001,21,30,40,45.3125,중반,0,0,3,2,0,0,0,0.7,0,0,0,0,0,0,0,1,1,0,0,0,2
vp_130768_case_001,26,35,45,53.125,중반,0,0,1,1,0,0,0,0.5,0,0,0,0,0,0,0,1,0,0,0,0,1
vp_130768_case_001,31,40,50,60.9375,중반,0,0,1,1,0,0,2,0.5,0,0,0,0,0,1,0,0,1,0,0,0,2
vp_130768_case_001,36,45,55,68.75,후반,0,0,1,1,0,1,2,0.7,0,0,0,0,1,1,0,0,1,0,0,0,3
vp_130768_case_001,41,50,60,76.5625,후반,0,0,1,1,0,1,1,0.7,0,0,0,0,1,1,0,0,0,0,1,0,3
vp_130768_case_001,46,55,65,84.375,후반,0,0,3,3,0,1,1,0.7,0,0,0,0,1,1,0,1,1,0,1,0,5
vp_130768_case_001,51,60,65,92.1875,후반,0,0,5,3,0,1,0,0.8,0,0,0,0,1,0,0,1,1,0,1,0,4
vp_130778_case_001,1,10,20,33.33333333333333,중반,1,1,3,1,0,2,0,0.7,0,0,0,1,1,0,1,0,0,0,0,0,3
vp_130778_case_001,6,15,25,51.85185185185185,중반,0,0,1,1,0,2,0,0.7,0,0,0,0,1,0,1,0,0,0,0,0,2
vp_130778_case_001,11,20,28,70.37037037037037,후반,0,0,0,0,0,0,2,0.6,0,0,0,0,0,1,0,0,0,0,0,0,1
vp_130778_case_001,16,25,28,88.88888888888889,후반,1,1,1,1,0,0,2,0.6,0,0,0,1,0,1,1,0,0,0,0,0,3
vp_130780_case_001,1,10,20,9.090909090909092,초반,0,0,5,3,0,0,0,0.6,0,0,0,0,0,0,1,1,0,0,0,0,2
vp_130780_case_001,6,15,25,14.14141414141414,초반,0,0,4,3,0,0,0,0.5,0,0,0,0,0,0,0,1,0,0,1,0,2
vp_130780_case_001,11,20,30,19.19191919191919,초반,0,0,3,2,0,0,0,0.5,0,0,0,0,0,0,0,0,0,0,1,0,1
vp_130780_case_001,16,25,35,24.242424242424242,초반,0,0,4,2,0,1,0,0.5,0,1,1,0,1,0,0,0,0,0,1,0,2
vp_130780_case_001,21,30,40,29.292929292929294,초반,3,3,6,4,0,1,0,0.6,0,1,1,1,1,0,1,1,0,0,1,0,5
vp_130780_case_001,26,35,45,34.34343434343434,중반,4,4,6,3,1,0,0,0.9,1,0,0,1,0,0,1,1,0,0,1,0,4
vp_130780_case_001,31,40,50,39.39393939393939,중반,1,1,2,1,1,0,0,0.8,1,0,0,1,0,0,0,0,0,0,1,0,2
vp_130780_case_001,36,45,55,44.44444444444444,중반,0,0,1,1,0,0,0,0.6,0,0,0,0,0,0,0,0,0,0,1,0,1
vp_130780_case_001,41,50,60,49.494949494949495,중반,2,2,1,1,0,0,0,0.7,0,2,1,1,0,0,0,0,0,0,1,0,2
vp_130780_case_001,46,55,65,54.54545454545454,중반,3,3,6,5,0,0,0,0.9,0,2,1,1,0,0,1,1,1,0,1,0,5
vp_130780_case_001,51,60,70,59.59595959595959,중반,2,1,8,6,2,0,0,1.0,2,0,0,1,0,0,1,1,1,0,1,1,6
vp_130780_case_001,56,65,75,64.64646464646465,중반,1,1,6,3,2,0,0,1.0,2,0,0,1,0,0,0,1,0,0,1,1,4
vp_130780_case_001,61,70,80,69.6969696969697,후반,0,0,6,3,0,0,0,1.0,0,0,0,0,0,0,0,1,0,0,1,1,3
vp_130780_case_001,66,75,85,74.74747474747475,후반,0,0,3,3,0,0,1,0.9,0,0,0,0,0,1,1,0,0,0,1,1,4
vp_130780_case_001,71,80,90,79.7979797979798,후반,2,2,3,1,0,0,1,0.9,0,0,0,1,0,1,1,0,0,0,0,0,3
vp_130780_case_001,76,85,95,84.84848484848484,후반,2,2,2,1,0,0,3,0.7,0,0,0,1,0,1,1,0,0,0,0,0,3
vp_130780_case_001,81,90,100,89.8989898989899,후반,0,0,0,0,0,1,4,0.4,0,0,0,0,1,1,0,0,0,0,0,0,2
vp_130780_case_001,86,95,100,94.94949494949495,후반,0,0,5,2,0,1,1,0.5,0,0,0,0,1,1,0,1,0,0,1,0,4
vp_130781_case_001,2,15,20,75.0,후반,1,1,4,2,0,0,0,1.0,0,0,0,1,0,0,1,1,0,0,0,0,3
vp_130783_case_001,1,10,20,26.47058823529412,초반,1,1,2,2,0,0,0,0.8,0,2,1,1,0,0,1,0,0,0,1,0,3
vp_130783_case_001,6,15,25,41.17647058823529,중반,1,1,2,2,2,0,0,0.8,2,0,0,1,0,0,1,0,0,0,0,1,3
vp_130783_case_001,11,20,30,55.88235294117647,중반,0,0,8,4,2,0,0,1.0,2,0,0,0,0,0,0,1,1,1,0,1,4
vp_130783_case_001,16,25,35,70.58823529411765,후반,0,0,9,4,0,0,0,0.9,0,0,0,0,0,0,0,1,1,1,1,0,4
vp_130783_case_001,21,30,35,85.29411764705883,후반,2,1,4,3,0,0,1,0.8,0,0,0,1,0,1,1,0,1,0,1,0,5
vp_130784_case_001,1,10,20,12.857142857142856,초반,1,1,9,4,0,0,0,0.9,0,0,0,1,0,0,1,1,1,1,0,0,5
vp_130784_case_001,6,15,25,20.0,초반,1,1,7,3,0,0,0,0.8,0,0,0,1,0,0,1,1,1,0,0,0,4
vp_130784_case_001,11,20,30,27.142857142857142,초반,0,0,3,1,0,0,0,0.8,0,2,1,0,0,0,0,0,1,0,0,0,1
vp_130784_case_001,16,25,35,34.285714285714285,중반,1,1,2,2,0,0,0,0.7,0,2,1,1,0,0,1,0,1,0,0,0,3
vp_130784_case_001,21,30,40,41.42857142857143,중반,3,2,3,3,3,0,0,0.6,2,0,0,1,0,0,1,0,0,0,0,1,3
vp_130784_case_001,26,35,45,48.57142857142857,중반,2,1,2,2,3,0,0,0.4,2,0,0,1,0,0,0,0,0,0,0,1,2
vp_130784_case_001,31,40,50,55.714285714285715,중반,0,0,0,0,0,0,0,0.3,0,0,0,0,0,0,0,0,0,0,0,0,0
vp_130784_case_001,36,45,55,62.857142857142854,중반,0,0,0,0,0,0,0,0.7,0,0,0,0,0,0,0,0,0,0,0,0,0
vp_130784_case_001,41,50,60,70.0,후반,1,1,3,2,0,0,0,0.8,0,0,0,1,0,0,1,1,0,0,0,0,3
vp_130784_case_001,46,55,65,77.14285714285715,후반,1,1,3,2,0,0,0,0.5,0,0,0,1,0,0,1,1,0,0,0,0,3
vp_130784_case_001,51,60,70,84.28571428571429,후반,0,0,0,0,0,0,1,0.5,0,0,0,0,0,1,0,0,0,0,0,0,1
vp_130784_case_001,56,65,71,91.42857142857143,후반,1,1,2,2,0,0,1,0.5,0,0,0,1,0,1,1,0,1,0,0,0,4
vp_130784_case_001,61,70,71,98.57142857142858,후반,1,1,2,2,0,0,0,0.4,0,0,0,1,0,0,1,0,1,0,0,0,3
vp_130785_case_001,1,10,20,29.03225806451613,초반,1,1,10,3,0,1,0,0.7,0,0,0,1,1,0,0,1,1,1,0,0,5
vp_130785_case_001,6,15,25,45.16129032258064,중반,1,1,7,2,0,2,1,0.7,0,0,0,1,1,1,0,1,1,0,0,0,5
vp_130785_case_001,11,20,30,61.29032258064516,중반,3,2,5,3,0,4,1,0.5,0,0,0,1,1,1,1,1,0,1,0,0,6
vp_130785_case_001,16,25,32,77.41935483870968,후반,3,2,6,3,0,4,1,0.4,0,0,0,1,1,1,1,1,0,1,0,0,6
vp_130785_case_001,21,30,32,93.54838709677419,후반,1,1,6,2,0,1,1,0.5,0,0,0,1,1,1,1,1,0,0,0,0,5
vp_18243_case_001,1,17,41,19.565217391304348,초반,3,3,3,3,0,0,0,1.0,0,0,0,1,0,0,1,1,1,0,0,0,4
vp_18243_case_001,11,30,51,30.434782608695656,초반,3,3,4,3,0,0,0,1.0,0,0,0,1,0,0,1,1,1,0,0,0,4
vp_18243_case_001,20,41,64,41.30434782608695,중반,1,1,4,3,0,0,0,1.0,0,0,0,1,0,0,1,1,1,0,0,0,4
vp_18243_case_001,32,51,71,52.17391304347826,중반,1,1,2,2,0,0,0,1.0,0,0,0,1,0,0,1,1,0,0,0,0,3
vp_18243_case_001,42,64,79,63.04347826086957,중반,1,1,1,1,0,0,0,1.0,0,0,0,1,0,0,1,0,0,0,0,0,2
vp_18243_case_001,53,71,92,73.91304347826086,후반,1,1,2,1,0,0,0,1.0,0,0,0,1,0,0,1,0,0,0,0,0,2
vp_18243_case_001,67,79,94,84.78260869565217,후반,1,1,2,1,0,0,0,1.0,0,0,0,1,0,0,1,0,0,0,0,0,2
vp_18243_case_001,72,92,94,95.65217391304348,후반,0,0,0,0,0,0,0,1.0,0,0,0,0,0,0,0,0,0,0,0,0,0
vp_18244_case_001,1,10,11,90.0,후반,0,0,2,1,1,1,0,0.5,1,0,0,0,1,0,0,1,0,0,0,0,2
vp_18245_case_001,1,10,20,39.130434782608695,중반,1,1,3,2,0,0,0,0.6,0,1,1,1,0,0,1,0,1,0,0,0,3
vp_18245_case_001,6,15,24,60.86956521739131,중반,1,1,2,2,0,0,0,0.5,0,1,1,1,0,0,1,0,1,0,0,0,3
vp_18245_case_001,11,20,24,82.6086956521739,후반,3,3,6,3,1,1,0,0.6,1,0,0,1,1,0,1,1,1,0,0,0,5
vp_18246_case_001,1,10,20,47.368421052631575,중반,0,0,0,0,0,0,3,0.7,0,0,0,0,0,1,0,0,0,0,0,0,1
vp_18246_case_001,6,15,20,73.68421052631578,후반,1,1,2,1,0,0,3,0.7,0,0,0,1,0,1,1,0,0,0,0,0,3
vp_18247_case_001,1,10,20,10.588235294117647,초반,5,3,6,1,0,0,1,0.9,0,0,0,1,0,1,1,0,0,0,0,0,3
vp_18247_case_001,6,15,25,16.470588235294116,초반,3,2,4,1,0,0,0,1.0,0,0,0,1,0,0,1,0,0,0,0,0,2
vp_18247_case_001,11,20,30,22.35294117647059,초반,1,1,1,1,0,0,0,0.8,0,3,1,1,0,0,1,0,0,0,0,0,2
vp_18247_case_001,16,25,35,28.235294117647058,초반,0,0,0,0,0,0,0,0.8,0,3,1,0,0,0,0,0,0,0,0,0,0
vp_18247_case_001,21,30,40,34.11764705882353,중반,0,0,2,2,4,0,0,1.0,3,0,0,0,0,0,0,0,0,0,0,1,1
vp_18247_case_001,26,35,45,40.0,중반,0,0,2,2,4,1,0,0.9,3,0,0,0,1,0,0,0,0,0,0,1,2
vp_18247_case_001,31,40,50,45.88235294117647,중반,0,0,1,1,0,2,0,0.7,0,0,0,0,1,0,1,0,0,0,0,0,2
vp_18247_case_001,36,45,55,51.76470588235295,중반,0,0,1,1,0,1,0,0.6,0,0,0,0,1,0,1,0,0,0,0,0,2
vp_18247_case_001,41,50,60,57.647058823529406,중반,0,0,0,0,0,0,0,0.7,0,0,0,0,0,0,0,0,0,0,0,0,0
vp_18247_case_001,46,55,65,63.52941176470588,중반,0,0,0,0,0,0,0,0.8,0,0,0,0,0,0,0,0,0,0,0,0,0
vp_18247_case_001,51,60,70,69.41176470588235,후반,0,0,1,1,0,0,0,0.8,0,0,0,0,0,0,0,1,0,0,0,0,1
vp_18247_case_001,56,65,75,75.29411764705883,후반,0,0,2,1,0,1,0,0.8,0,0,0,0,1,0,0,1,0,0,0,0,2
vp_18247_case_001,61,70,80,81.17647058823529,후반,0,0,2,1,0,1,1,0.7,0,0,0,0,1,1,0,1,0,0,0,0,3
vp_18247_case_001,66,75,85,87.05882352941177,후반,0,0,3,3,0,0,2,0.7,0,0,0,0,0,1,1,1,0,0,1,0,4
vp_18247_case_001,71,80,86,92.94117647058823,후반,0,0,3,2,0,1,3,0.6,0,0,0,0,1,1,1,0,0,0,1,0,4
vp_18247_case_001,76,85,86,98.82352941176471,후반,0,0,1,1,0,1,3,0.6,0,0,0,0,1,1,0,0,0,0,1,0,3
vp_18248_case_001,6,105,154,40.909090909090914,중반,0,0,7,2,0,0,0,1.0,0,0,0,0,0,0,0,1,0,0,1,0,2
vp_18248_case_001,90,121,179,63.63636363636363,중반,0,0,7,4,0,0,0,1.0,0,0,0,0,0,0,1,1,0,0,1,0,3
vp_18248_case_001,108,154,179,86.36363636363636,후반,0,0,3,3,0,0,0,1.0,0,0,0,0,0,0,1,1,0,0,0,0,2
vp_18249_case_001,1,16,38,24.324324324324326,초반,0,0,9,2,0,0,0,1.0,0,0,0,0,0,0,0,1,0,0,1,0,2
vp_18249_case_001,10,22,49,37.83783783783784,중반,0,0,8,2,0,0,0,1.0,0,0,0,0,0,0,0,1,0,0,1,0,2
vp_18249_case_001,17,38,55,51.35135135135135,중반,0,0,2,1,0,0,0,1.0,0,0,0,0,0,0,0,1,0,0,0,0,1
vp_18249_case_001,25,49,65,64.86486486486487,중반,0,0,2,1,0,0,0,1.0,0,0,0,0,0,0,0,1,0,0,0,0,1
vp_18249_case_001,39,55,70,78.37837837837837,후반,0,0,3,2,0,0,0,1.0,0,0,0,0,0,0,0,1,0,0,1,0,2
vp_18249_case_001,50,65,70,91.8918918918919,후반,0,0,1,1,0,0,0,1.0,0,0,0,0,0,0,0,0,0,0,1,0,1
vp_18250_case_001,1,11,23,23.076923076923077,초반,0,0,10,3,0,0,0,1.0,0,0,0,0,0,0,1,1,0,0,1,0,3
vp_18250_case_001,6,17,31,35.8974358974359,중반,0,0,8,3,0,0,0,1.0,0,0,0,0,0,0,1,1,0,0,1,0,3
vp_18250_case_001,12,23,38,48.717948717948715,중반,0,0,7,2,0,0,0,1.0,0,0,0,0,0,0,0,1,0,0,1,0,2
vp_18250_case_001,19,31,43,61.53846153846154,중반,0,0,6,1,0,0,0,1.0,0,0,0,0,0,0,0,1,0,0,0,0,1
vp_18250_case_001,25,38,48,74.35897435897436,후반,0,0,4,1,0,0,0,1.0,0,0,0,0,0,0,0,1,0,0,0,0,1
vp_18250_case_001,32,43,48,87.17948717948718,후반,0,0,3,1,0,0,0,1.0,0,0,0,0,0,0,0,1,0,0,0,0,1
vp_18252_case_001,1,10,17,56.25,중반,0,0,4,3,0,0,0,0.9,0,0,0,0,0,0,0,1,1,0,1,0,3
vp_18252_case_001,6,15,17,87.5,후반,0,0,5,3,0,0,0,1.0,0,0,0,0,0,0,0,1,1,0,1,0,3
vp_18252_case_002,1,10,17,56.25,중반,1,1,2,2,0,0,0,1.0,0,1,1,1,0,0,1,0,1,0,0,0,3
vp_18252_case_002,6,15,17,87.5,후반,1,1,2,2,1,0,0,1.0,1,0,0,1,0,0,1,0,1,0,0,0,3
vp_18253_case_001,3,14,20,69.23076923076923,후반,1,1,2,2,0,0,0,1.0,0,0,0,1,0,0,1,0,1,0,0,0,3
vp_18254_case_002,1,10,27,37.5,중반,3,1,10,2,0,0,0,1.0,0,0,0,1,0,0,1,0,1,0,0,0,3
vp_18254_case_002,6,20,35,58.333333333333336,중반,3,1,6,2,0,0,0,1.0,0,0,0,1,0,0,1,0,1,0,0,0,3
vp_18254_case_002,13,27,35,79.16666666666666,후반,2,1,3,2,0,0,0,1.0,0,0,0,1,0,0,1,0,1,0,0,0,3
vp_18255_case_002,1,10,20,42.857142857142854,중반,0,0,5,3,0,0,0,1.0,0,0,0,0,0,0,0,1,1,0,0,1,3
vp_18255_case_002,6,15,22,66.66666666666666,후반,1,1,4,2,0,0,0,0.9,0,0,0,1,0,0,0,1,1,0,0,0,3
vp_18255_case_002,11,20,22,90.47619047619048,후반,1,1,4,3,0,0,0,0.9,0,0,0,1,0,0,0,1,1,1,0,0,4
vp_18257_case_001,1,14,27,45.0,중반,0,0,3,3,0,0,0,1.0,0,0,0,0,0,0,0,1,1,0,1,0,3
vp_18257_case_001,10,20,28,70.0,후반,0,0,1,1,0,0,0,1.0,0,0,0,0,0,0,0,0,1,0,0,0,1
vp_18257_case_001,15,27,28,95.0,후반,1,1,3,2,0,0,0,1.0,0,0,0,1,0,0,1,1,0,0,0,0,3
vp_18257_case_002,2,20,26,69.23076923076923,후반,2,1,4,3,0,0,0,1.0,0,0,0,1,0,0,1,1,1,0,0,0,4
vp_18259_case_003,1,12,22,56.25,중반,1,1,5,4,1,0,0,1.0,0,0,0,1,0,0,1,1,0,0,1,1,5
vp_18259_case_003,7,20,22,87.5,후반,0,0,2,1,0,0,0,1.0,0,0,0,0,0,0,1,0,0,0,0,0,1
vp_18260_case_002,1,15,27,36.0,중반,0,0,4,2,0,0,0,1.0,0,0,0,0,0,0,0,1,0,0,0,1,2
vp_18260_case_002,8,21,34,56.00000000000001,중반,0,0,2,2,0,0,0,1.0,0,0,0,0,0,0,0,1,0,0,0,1,2
vp_18260_case_002,17,27,36,76.0,후반,1,1,3,3,0,0,0,1.0,0,0,0,1,0,0,1,1,1,0,0,0,4
vp_18260_case_002,22,34,36,96.0,후반,1,1,5,3,0,0,0,1.0,0,0,0,1,0,0,1,1,1,0,0,0,4
vp_18261_case_001,1,10,20,25.71428571428571,초반,3,2,3,1,1,2,0,0.7,1,1,1,1,1,0,0,0,0,0,1,0,3
vp_18261_case_001,6,15,25,40.0,중반,1,1,5,4,2,2,0,0.8,1,0,0,1,1,0,0,1,0,0,1,1,5
vp_18261_case_001,11,20,30,54.285714285714285,중반,0,0,9,4,2,3,0,0.6,1,0,0,0,1,0,0,1,0,0,1,1,4
vp_18261_case_001,16,25,35,68.57142857142857,후반,0,0,5,3,0,2,0,0.6,0,0,0,0,1,0,0,0,0,0,1,1,3
vp_18261_case_001,21,30,36,82.85714285714286,후반,1,1,1,1,0,0,0,0.8,0,0,0,1,0,0,0,1,0,0,0,0,2
vp_18261_case_001,26,35,36,97.14285714285714,후반,2,2,2,2,0,0,0,0.8,0,0,0,1,0,0,0,1,0,0,1,0,3
vp_18262_case_001,1,10,20,6.164383561643835,초반,0,0,0,0,0,0,2,0.6,0,0,0,0,0,1,0,0,0,0,0,0,1
vp_18262_case_001,6,15,25,9.58904109589041,초반,0,0,1,1,0,0,1,0.6,0,0,0,0,0,1,0,1,0,0,0,0,2
vp_18262_case_001,11,20,30,13.013698630136986,초반,0,0,1,1,0,1,1,0.6,0,0,0,0,1,1,0,1,0,0,0,0,3
vp_18262_case_001,16,25,35,16.43835616438356,초반,0,0,0,0,0,1,1,0.7,0,0,0,0,1,1,0,0,0,0,0,0,2
vp_18262_case_001,21,30,40,19.863013698630137,초반,0,0,0,0,0,1,0,0.7,0,0,0,0,1,0,0,0,0,0,0,0,1
vp_18262_case_001,26,35,45,23.28767123287671,초반,0,0,1,1,0,2,0,0.7,0,1,1,0,1,0,0,1,0,0,0,0,2
vp_18262_case_001,31,40,50,26.71232876712329,초반,0,0,1,1,0,1,0,0.8,0,1,1,0,1,0,0,1,0,0,0,0,2
vp_18262_case_001,36,45,55,30.136986301369863,초반,0,0,1,1,1,0,0,0.9,1,0,0,0,0,0,0,0,0,0,1,0,1
vp_18262_case_001,41,50,60,33.56164383561644,중반,0,0,1,1,1,1,0,0.8,1,0,0,0,1,0,0,0,0,0,1,0,2
vp_18262_case_001,46,55,65,36.986301369863014,중반,0,0,1,1,0,1,0,0.7,0,0,0,0,1,0,0,0,0,0,1,0,2
vp_18262_case_001,51,60,70,40.41095890410959,중반,0,0,1,1,0,0,0,0.9,0,0,0,0,0,0,0,0,0,0,1,0,1
vp_18262_case_001,56,65,75,43.83561643835616,중반,0,0,0,0,0,2,0,0.8,0,0,0,0,1,0,0,0,0,0,0,0,1
vp_18262_case_001,61,70,80,47.26027397260274,중반,0,0,1,1,0,2,0,0.7,0,0,0,0,1,0,0,1,0,0,0,0,2
vp_18262_case_001,66,75,85,50.68493150684932,중반,0,0,1,1,0,0,0,0.9,0,0,0,0,0,0,0,1,0,0,0,0,1
vp_18262_case_001,71,80,90,54.109589041095894,중반,0,0,0,0,0,0,0,1.0,0,1,1,0,0,0,0,0,0,0,0,0,0
vp_18262_case_001,76,85,95,57.534246575342465,중반,0,0,1,1,0,0,0,1.0,0,1,1,0,0,0,0,1,0,0,0,0,1
vp_18262_case_001,81,90,100,60.95890410958904,중반,0,0,1,1,1,1,0,0.9,1,0,0,0,1,0,0,1,0,0,0,0,2
vp_18262_case_001,86,95,105,64.38356164383562,중반,0,0,0,0,1,2,0,0.7,1,0,0,0,1,0,0,0,0,0,0,0,1
vp_18262_case_001,91,100,110,67.8082191780822,후반,0,0,1,1,0,1,0,0.8,0,0,0,0,1,0,0,1,0,0,0,0,2
vp_18262_case_001,96,105,115,71.23287671232876,후반,0,0,1,1,0,0,0,1.0,0,0,0,0,0,0,0,1,0,0,0,0,1
vp_18262_case_001,101,110,120,74.65753424657534,후반,0,0,0,0,0,3,0,0.6,0,0,0,0,1,0,0,0,0,0,0,0,1
vp_18262_case_001,106,115,125,78.08219178082192,후반,0,0,1,1,0,4,0,0.5,0,0,0,0,1,0,0,1,0,0,0,0,2
vp_18262_case_001,111,120,130,81.5068493150685,후반,0,0,2,1,0,1,0,0.9,0,0,0,0,1,0,0,1,0,0,0,0,2
vp_18262_case_001,116,125,135,84.93150684931507,후반,0,0,1,1,0,1,0,0.9,0,1,1,0,1,0,0,1,0,0,0,0,2
vp_18262_case_001,121,130,140,88.35616438356165,후반,0,0,0,0,0,1,0,0.9,0,1,1,0,1,0,0,0,0,0,0,0,1
vp_18262_case_001,126,135,145,91.78082191780823,후반,0,0,1,1,1,0,0,1.0,1,0,0,0,0,0,0,0,0,0,1,0,1
vp_18262_case_001,131,140,147,95.2054794520548,후반,0,0,2,1,1,0,0,1.0,1,0,0,0,0,0,0,0,0,0,1,0,1
vp_18262_case_001,136,145,147,98.63013698630137,후반,0,0,1,1,0,0,0,1.0,0,0,0,0,0,0,0,0,0,0,1,0,1
vp_18263_case_001,1,14,28,42.857142857142854,중반,0,0,2,1,0,0,0,1.0,0,1,1,0,0,0,0,0,0,0,1,0,1
vp_18263_case_001,10,20,31,66.66666666666666,후반,0,0,2,2,1,0,0,1.0,1,0,0,0,0,0,0,1,0,0,1,0,2
vp_18263_case_001,15,28,31,90.47619047619048,후반,0,0,2,2,1,0,0,1.0,1,0,0,0,0,0,0,1,0,0,1,0,2
vp_18264_case_003,2,15,20,69.23076923076923,후반,0,0,2,2,0,0,0,1.0,0,0,0,0,0,0,0,1,0,0,1,0,2
vp_18265_case_001,1,10,20,25.71428571428571,초반,2,2,3,2,0,2,0,0.7,0,0,0,1,1,0,1,1,0,0,0,0,4
vp_18265_case_001,6,15,25,40.0,중반,0,0,3,3,0,2,0,0.7,0,0,0,0,1,0,1,1,0,0,1,0,4
vp_18265_case_001,11,20,30,54.285714285714285,중반,0,0,2,1,0,1,0,0.7,0,1,1,0,1,0,0,0,0,0,1,0,2
vp_18265_case_001,16,25,35,68.57142857142857,후반,0,0,2,2,0,0,0,0.6,0,1,1,0,0,0,1,0,0,0,1,0,2
vp_18265_case_001,21,30,36,82.85714285714286,후반,0,0,2,1,1,0,0,0.7,1,0,0,0,0,0,1,0,0,0,0,0,1
vp_18265_case_001,26,35,36,97.14285714285714,후반,0,0,3,2,1,1,0,0.8,1,0,0,0,1,0,1,1,0,0,0,0,3
vp_18267_case_001,1,11,23,14.0625,초반,0,0,3,3,1,0,0,1.0,1,0,0,0,0,0,0,1,0,0,1,0,2
vp_18267_case_001,6,17,29,21.875,초반,1,1,4,2,1,0,0,1.0,1,0,0,1,0,0,0,0,0,0,1,0,2
vp_18267_case_001,12,23,34,29.6875,초반,3,3,4,3,0,0,0,1.0,0,0,0,1,0,0,1,0,1,0,1,0,4
vp_18267_case_001,18,29,39,37.5,중반,2,2,4,3,0,0,0,1.0,0,0,0,1,0,0,1,0,1,0,1,0,4
vp_18267_case_001,24,34,44,45.3125,중반,0,0,2,2,0,0,0,1.0,0,0,0,0,0,0,0,0,1,0,1,0,2
vp_18267_case_001,30,39,49,53.125,중반,0,0,1,1,0,0,0,1.0,0,0,0,0,0,0,0,0,0,0,1,0,1
vp_18267_case_001,35,44,54,60.9375,중반,0,0,3,3,0,0,0,1.0,0,0,0,0,0,0,1,1,0,0,1,0,3
vp_18267_case_001,40,49,59,68.75,후반,0,0,4,3,0,0,0,1.0,0,0,0,0,0,0,1,1,0,0,0,0,2
vp_18267_case_001,45,54,66,76.5625,후반,0,0,8,4,0,0,0,1.0,0,0,0,0,0,0,1,1,0,0,1,0,3
vp_18267_case_001,50,59,71,84.375,후반,0,0,6,3,0,0,0,1.0,0,0,0,0,0,0,1,1,0,0,1,0,3
vp_18267_case_001,55,66,71,92.1875,후반,0,0,1,1,0,0,0,1.0,0,0,0,0,0,0,0,0,0,0,1,0,1
vp_18268_case_001,1,10,20,25.0,초반,1,1,3,2,1,0,0,1.0,1,0,0,1,0,0,0,0,1,0,1,0,3
vp_18268_case_001,6,15,25,38.88888888888889,중반,1,1,5,3,1,0,0,1.0,1,0,0,1,0,0,0,0,1,0,1,0,3
vp_18268_case_001,11,20,30,52.77777777777778,중반,0,0,4,2,0,0,0,1.0,0,0,0,0,0,0,1,0,0,0,0,0,1
vp_18268_case_001,16,25,35,66.66666666666666,후반,0,0,5,3,0,0,0,1.0,0,0,0,0,0,0,1,1,0,0,1,0,3
vp_18268_case_001,21,30,37,80.55555555555556,후반,0,0,5,3,0,0,0,1.0,0,0,0,0,0,0,1,1,0,0,1,0,3
vp_18268_case_001,26,35,37,94.44444444444444,후반,0,0,3,2,0,0,0,1.0,0,0,0,0,0,0,1,1,0,0,0,0,2
vp_18270_case_001,1,10,19,50.0,중반,1,1,3,3,0,1,0,0.5,0,1,1,1,1,0,1,1,1,0,0,0,5
vp_18270_case_001,6,15,19,77.77777777777779,후반,0,0,0,0,0,1,0,0.5,0,1,1,0,1,0,0,0,0,0,0,0,1
vp_18270_case_002,1,10,20,42.857142857142854,중반,1,1,2,2,0,0,0,0.6,0,1,1,1,0,0,0,1,1,0,0,0,3
vp_18270_case_002,6,15,22,66.66666666666666,후반,0,0,0,0,0,1,0,0.5,0,1,1,0,1,0,0,0,0,0,0,0,1
vp_18270_case_002,11,20,22,90.47619047619048,후반,1,1,2,2,1,1,0,0.6,1,0,0,1,1,0,0,1,1,0,0,0,4
vp_18271_case_002,1,32,60,37.5,중반,0,0,1,1,0,0,0,1.0,0,0,0,0,0,0,0,0,1,0,0,0,1
vp_18271_case_002,25,41,65,58.333333333333336,중반,2,2,0,0,0,0,0,1.0,0,0,0,1,0,0,0,0,0,0,0,0,1
vp_18271_case_002,33,60,65,79.16666666666666,후반,2,2,0,0,0,0,0,1.0,0,0,0,1,0,0,0,0,0,0,0,0,1
vp_18272_case_002,18,30,37,56.25,중반,0,0,3,2,0,0,0,1.0,0,0,0,0,0,0,0,0,1,0,1,0,2
vp_18272_case_002,23,35,37,87.5,후반,0,0,5,2,0,0,0,1.0,0,0,0,0,0,0,0,0,1,0,1,0,2
vp_18272_case_003,1,13,25,40.909090909090914,중반,0,0,1,1,0,0,0,1.0,0,0,0,0,0,0,0,0,1,0,0,0,1
vp_18272_case_003,8,19,28,63.63636363636363,중반,1,1,3,3,0,0,0,1.0,0,0,0,1,0,0,1,1,1,0,0,0,4
vp_18272_case_003,14,25,28,86.36363636363636,후반,1,1,2,2,0,0,0,1.0,0,0,0,1,0,0,1,1,0,0,0,0,3
vp_18273_case_001,3,13,22,50.0,중반,1,1,8,4,0,0,0,1.0,0,0,0,1,0,0,1,1,1,0,1,0,5
vp_18273_case_001,9,18,22,77.77777777777779,후반,0,0,7,2,0,0,0,1.0,0,0,0,0,0,0,0,1,1,0,0,0,2
vp_18273_case_003,47,56,58,81.81818181818183,후반,2,2,8,3,0,0,0,1.0,0,0,0,1,0,0,1,1,1,0,0,0,4
vp_18274_case_001,1,12,23,40.909090909090914,중반,4,3,7,3,0,0,0,1.0,0,0,0,1,0,0,1,1,1,0,0,0,4
vp_18274_case_001,6,17,28,63.63636363636363,중반,1,1,6,3,0,0,0,1.0,0,1,1,1,0,0,1,1,1,0,0,0,4
vp_18274_case_001,13,23,28,86.36363636363636,후반,0,0,2,1,0,0,0,1.0,0,1,1,0,0,0,0,0,1,0,0,0,1
vp_18274_case_003,1,14,27,40.909090909090914,중반,3,3,2,1,0,0,0,1.0,0,0,0,1,0,0,1,0,0,0,0,0,2
vp_18274_case_003,7,19,30,63.63636363636363,중반,3,2,3,1,0,0,0,1.0,0,0,0,1,0,0,1,0,0,0,0,0,2
vp_18274_case_003,15,27,30,86.36363636363636,후반,1,1,2,1,0,0,0,1.0,0,0,0,1,0,0,1,0,0,0,0,0,2
vp_18275_case_001,4,16,26,16.666666666666664,초반,0,0,4,2,0,0,0,1.0,0,0,0,0,0,0,0,0,1,0,1,0,2
vp_18275_case_001,11,21,31,25.925925925925924,초반,0,0,5,2,0,0,0,1.0,0,0,0,0,0,0,0,0,1,0,1,0,2
vp_18275_case_001,17,26,38,35.18518518518518,중반,0,0,4,2,0,0,0,1.0,0,0,0,0,0,0,0,0,1,0,1,0,2
vp_18275_case_001,22,31,43,44.44444444444444,중반,0,0,6,2,0,0,0,1.0,0,0,0,0,0,0,0,0,1,0,1,0,2
vp_18275_case_001,27,38,51,53.70370370370371,중반,1,1,13,4,0,0,0,1.0,0,0,0,1,0,0,1,1,1,0,1,0,5
vp_18275_case_001,34,43,56,62.96296296296296,중반,1,1,13,4,0,0,0,1.0,0,0,0,1,0,0,1,1,1,0,1,0,5
vp_18275_case_001,39,51,61,72.22222222222221,후반,0,0,5,2,0,0,0,1.0,0,0,0,0,0,0,0,1,1,0,0,0,2
vp_18275_case_001,47,56,68,81.48148148148148,후반,1,1,4,3,0,0,0,1.0,0,0,0,1,0,0,1,1,0,1,0,0,4
vp_18275_case_001,52,61,68,90.74074074074075,후반,3,1,7,2,0,0,0,1.0,0,0,0,1,0,0,1,0,0,1,0,0,3
vp_18275_case_002,2,15,17,90.0,후반,0,0,4,3,0,0,0,1.0,0,0,0,0,0,0,0,0,1,0,0,1,2
vp_18275_case_003,3,12,25,20.930232558139537,초반,1,1,3,3,0,0,0,1.0,0,0,0,1,0,0,1,1,1,0,0,0,4
vp_18275_case_003,8,19,30,32.55813953488372,초반,0,0,2,2,0,0,0,1.0,0,0,0,0,0,0,0,1,1,0,0,0,2
vp_18275_case_003,13,25,36,44.18604651162791,중반,0,0,1,1,0,0,0,1.0,0,0,0,0,0,0,0,1,0,0,0,0,1
vp_18275_case_003,21,30,41,55.81395348837209,중반,2,2,3,3,0,0,0,1.0,0,2,1,1,0,0,1,1,1,0,0,0,4
vp_18275_case_003,26,36,46,67.44186046511628,후반,2,2,3,2,0,0,0,1.0,0,2,1,1,0,0,1,0,1,0,0,0,3
vp_18275_case_003,31,41,50,79.06976744186046,후반,0,0,3,3,2,0,0,1.0,2,0,0,0,0,0,1,1,0,0,0,1,3
vp_18275_case_003,37,46,50,90.69767441860465,후반,0,0,2,2,2,0,0,1.0,2,0,0,0,0,0,0,1,0,0,0,1,2
vp_18276_case_001,1,10,11,90.0,후반,1,1,6,3,0,1,0,0.8,0,0,0,1,1,0,1,0,1,1,0,0,5
vp_18276_case_002,3,19,28,64.28571428571429,중반,3,3,3,2,0,0,0,1.0,0,0,0,1,0,0,1,0,1,0,0,0,3
vp_18276_case_004,1,10,20,47.368421052631575,중반,1,1,5,3,0,0,0,0.8,0,0,0,1,0,0,1,0,1,0,0,1,4
vp_18276_case_004,6,15,20,73.68421052631578,후반,1,1,6,3,0,0,0,0.8,0,0,0,1,0,0,1,0,1,1,0,0,4
vp_18278_case_001,1,10,20,15.254237288135593,초반,0,0,0,0,0,0,0,1.0,0,0,0,0,0,0,0,0,0,0,0,0,0
vp_18278_case_001,6,15,25,23.728813559322035,초반,1,1,6,3,0,0,0,1.0,0,0,0,1,0,0,1,1,1,0,0,0,4
vp_18278_case_001,11,20,30,32.20338983050847,초반,1,1,7,3,0,0,0,1.0,0,0,0,1,0,0,1,1,1,0,0,0,4
vp_18278_case_001,16,25,35,40.67796610169492,중반,0,0,3,2,0,1,0,0.8,0,0,0,0,1,0,0,0,1,1,0,0,3
vp_18278_case_001,21,30,40,49.152542372881356,중반,0,0,3,2,0,1,0,0.8,0,0,0,0,1,0,0,0,1,1,0,0,3
vp_18278_case_001,26,35,45,57.6271186440678,중반,0,0,2,2,0,1,0,0.9,0,0,0,0,1,0,0,1,0,1,0,0,3
vp_18278_case_001,31,40,50,66.10169491525424,중반,0,0,1,1,0,1,0,0.7,0,0,0,0,1,0,0,1,0,0,0,0,2
vp_18278_case_001,36,45,55,74.57627118644068,후반,1,1,0,0,0,0,0,0.8,0,0,0,1,0,0,0,0,0,0,0,0,1
vp_18278_case_001,41,50,60,83.05084745762711,후반,2,2,1,1,0,1,0,0.9,0,0,0,1,1,0,1,0,0,0,0,0,3
vp_18278_case_001,46,55,60,91.52542372881356,후반,3,1,5,3,0,1,0,0.9,0,0,0,1,1,0,1,0,1,0,0,0,4
vp_18278_case_002,1,10,20,20.930232558139537,초반,1,1,2,2,0,0,0,0.9,0,0,0,1,0,0,0,1,1,0,0,0,3
vp_18278_case_002,6,15,25,32.55813953488372,초반,2,2,1,1,0,0,0,1.0,0,0,0,1,0,0,0,0,1,0,0,0,2
vp_18278_case_002,11,20,30,44.18604651162791,중반,1,1,0,0,0,0,0,1.0,0,0,0,1,0,0,0,0,0,0,0,0,1
vp_18278_case_002,16,25,35,55.81395348837209,중반,0,0,0,0,0,0,0,1.0,0,0,0,0,0,0,0,0,0,0,0,0,0
vp_18278_case_002,21,30,40,67.44186046511628,후반,1,1,2,2,0,0,0,0.9,0,0,0,1,0,0,1,1,0,0,0,0,3
vp_18278_case_002,26,35,44,79.06976744186046,후반,1,1,4,3,0,0,0,0.9,0,0,0,1,0,0,1,1,1,0,0,0,4
vp_18278_case_002,31,40,44,90.69767441860465,후반,0,0,2,2,0,0,0,0.7,0,0,0,0,0,0,1,0,1,0,0,0,2
vp_18280_case_002,1,10,20,21.951219512195124,초반,2,1,2,1,1,1,0,0.8,1,0,0,1,1,0,1,0,0,0,0,0,3
vp_18280_case_002,6,15,25,34.146341463414636,중반,5,2,6,3,0,1,0,0.8,0,0,0,1,1,0,1,0,1,0,1,0,5
vp_18280_case_002,11,20,30,46.34146341463415,중반,5,3,6,3,0,3,0,0.7,0,0,0,1,1,0,1,0,1,0,1,0,5
vp_18280_case_002,16,25,35,58.536585365853654,중반,1,1,5,4,0,3,0,0.7,0,0,0,1,1,0,1,1,1,0,0,0,5
vp_18280_case_002,21,30,40,70.73170731707317,후반,2,2,7,4,0,1,0,0.9,0,0,0,1,1,0,1,1,1,0,0,0,5
vp_18280_case_002,26,35,42,82.92682926829268,후반,2,2,3,2,0,0,0,1.0,0,0,0,1,0,0,1,0,1,0,0,0,3
vp_18280_case_002,31,40,42,95.1219512195122,후반,0,0,2,2,0,0,0,1.0,0,0,0,0,0,0,1,0,0,0,0,1,2
vp_18280_case_003,1,10,20,26.47058823529412,초반,2,2,5,3,0,0,0,0.9,0,0,0,1,0,0,1,1,1,0,0,0,4
vp_18280_case_003,6,15,25,41.17647058823529,중반,1,1,3,3,0,0,0,1.0,0,0,0,1,0,0,1,1,0,0,0,1,4
vp_18280_case_003,11,20,30,55.88235294117647,중반,1,1,2,2,0,0,0,1.0,0,0,0,1,0,0,1,0,0,0,0,1,3
vp_18280_case_003,16,25,35,70.58823529411765,후반,1,1,1,1,0,0,0,1.0,0,0,0,1,0,0,1,0,0,0,0,0,2
vp_18280_case_003,21,30,35,85.29411764705883,후반,0,0,2,2,0,0,0,1.0,0,0,0,0,0,0,0,1,0,0,1,0,2
vp_18281_case_001,1,12,27,13.636363636363635,초반,2,1,8,4,0,0,0,1.0,0,0,0,1,0,0,1,1,1,0,1,0,5
vp_18281_case_001,7,18,32,21.21212121212121,초반,2,2,13,5,0,0,0,1.0,0,0,0,1,0,0,1,1,1,1,1,0,6
vp_18281_case_001,13,27,37,28.78787878787879,초반,2,1,12,4,0,0,0,1.0,0,0,0,1,0,0,1,1,1,1,0,0,5
vp_18281_case_001,19,32,43,36.36363636363637,중반,1,1,6,4,0,0,0,1.0,0,0,0,1,0,0,1,1,1,1,0,0,5
vp_18281_case_001,28,37,48,43.93939393939394,중반,0,0,5,3,0,0,0,1.0,0,0,0,0,0,0,1,1,1,0,0,0,3
vp_18281_case_001,33,43,53,51.515151515151516,중반,0,0,7,4,0,0,0,1.0,0,0,0,0,0,0,1,1,1,1,0,0,4
vp_18281_case_001,39,48,58,59.09090909090909,중반,0,0,8,3,0,0,0,1.0,0,0,0,0,0,0,0,1,1,1,0,0,3
vp_18281_case_001,44,53,63,66.66666666666666,후반,1,1,5,3,0,0,0,1.0,0,0,0,1,0,0,1,1,0,1,0,0,4
vp_18281_case_001,49,58,68,74.24242424242425,후반,1,1,2,1,0,0,0,1.0,0,0,0,1,0,0,1,0,0,0,0,0,2
vp_18281_case_001,54,63,73,81.81818181818183,후반,0,0,2,2,0,0,0,1.0,0,0,0,0,0,0,1,1,0,0,0,0,2
vp_18281_case_001,59,68,75,89.39393939393939,후반,0,0,1,1,0,0,0,1.0,0,0,0,0,0,0,0,1,0,0,0,0,1
vp_18281_case_001,64,73,75,96.96969696969697,후반,0,0,4,2,0,0,0,1.0,0,0,0,0,0,0,0,1,0,0,1,0,2
vp_18281_case_002,1,10,11,90.0,후반,2,2,4,2,0,0,0,1.0,0,0,0,1,0,0,1,1,0,0,0,0,3
vp_18281_case_003,1,10,11,90.0,후반,1,1,10,4,0,0,0,0.9,0,0,0,1,0,0,1,1,1,1,0,0,5
vp_18282_case_001,1,10,22,34.61538461538461,중반,2,1,7,5,0,0,0,1.0,0,0,0,1,0,0,1,1,1,0,1,0,5
vp_18282_case_001,6,16,27,53.84615384615385,중반,0,0,9,3,0,0,0,1.0,0,0,0,0,0,0,0,1,1,0,1,0,3
vp_18282_case_001,11,22,29,73.07692307692307,후반,2,2,7,3,0,0,0,1.0,0,0,0,1,0,0,0,0,1,0,1,1,4
vp_18282_case_001,17,27,29,92.3076923076923,후반,2,2,2,2,0,0,0,1.0,0,0,0,1,0,0,0,1,0,0,0,1,3
vp_18282_case_002,1,10,20,24.324324324324326,초반,2,2,5,3,0,0,0,1.0,0,0,0,1,0,0,1,1,1,0,0,0,4
vp_18282_case_002,6,15,25,37.83783783783784,중반,3,3,5,2,0,0,0,1.0,0,0,0,1,0,0,1,0,1,0,0,0,3
vp_18282_case_002,11,20,30,51.35135135135135,중반,1,1,4,3,0,0,0,1.0,0,0,0,1,0,0,1,0,1,0,0,0,3
vp_18282_case_002,16,25,35,64.86486486486487,중반,0,0,3,3,0,0,0,1.0,0,0,0,0,0,0,0,0,1,0,1,0,2
vp_18282_case_002,21,30,38,78.37837837837837,후반,0,0,6,3,0,0,0,1.0,0,0,0,0,0,0,0,1,1,0,1,0,3
vp_18282_case_002,26,35,38,91.8918918918919,후반,0,0,10,3,0,0,0,1.0,0,0,0,0,0,0,0,1,1,0,1,0,3
vp_18282_case_003,1,10,20,16.071428571428573,초반,0,0,1,1,0,0,0,1.0,0,0,0,0,0,0,0,0,1,0,0,0,1
vp_18282_case_003,6,15,25,25.0,초반,0,0,2,2,0,0,0,1.0,0,0,0,0,0,0,0,1,1,0,0,0,2
vp_18282_case_003,11,20,30,33.92857142857143,중반,0,0,2,1,0,0,0,1.0,0,0,0,0,0,0,0,1,0,0,0,0,1
vp_18282_case_003,16,25,35,42.857142857142854,중반,1,1,1,1,0,0,0,1.0,0,0,0,1,0,0,0,1,0,0,0,0,2
vp_18282_case_003,21,30,40,51.78571428571429,중반,2,2,2,2,0,0,0,1.0,0,1,1,1,0,0,1,1,0,0,0,0,3
vp_18282_case_003,26,35,45,60.71428571428571,중반,1,1,2,2,0,0,0,1.0,0,1,1,1,0,0,1,1,0,0,0,0,3
vp_18282_case_003,31,40,50,69.64285714285714,후반,0,0,0,0,1,0,0,1.0,1,0,0,0,0,0,0,0,0,0,0,0,0
vp_18282_case_003,36,45,55,78.57142857142857,후반,0,0,0,0,1,0,0,1.0,1,0,0,0,0,0,0,0,0,0,0,0,0
vp_18282_case_003,41,50,57,87.5,후반,0,0,1,1,0,0,0,1.0,0,0,0,0,0,0,0,1,0,0,0,0,1
vp_18282_case_003,46,55,57,96.42857142857143,후반,0,0,2,1,0,0,0,1.0,0,0,0,0,0,0,0,1,0,0,0,0,1
vp_18283_case_001,1,10,12,81.81818181818183,후반,2,2,4,3,0,0,0,1.0,0,0,0,1,0,0,1,1,1,0,0,0,4
vp_18283_case_003,1,11,15,75.0,후반,2,2,1,1,0,0,0,1.0,0,0,0,1,0,0,1,0,0,0,0,0,2
vp_18284_case_001,1,10,21,20.930232558139537,초반,2,2,5,3,0,0,0,1.0,0,0,0,1,0,0,1,0,1,0,0,0,3
vp_18284_case_001,6,15,26,32.55813953488372,초반,3,3,4,2,0,0,0,1.0,0,1,1,1,0,0,1,0,1,0,0,0,3
vp_18284_case_001,11,21,33,44.18604651162791,중반,3,3,2,1,0,0,0,1.0,0,1,1,1,0,0,1,0,0,0,0,0,2
vp_18284_case_001,16,26,38,55.81395348837209,중반,3,3,3,2,1,0,0,1.0,1,0,0,1,0,0,1,0,0,0,0,1,3
vp_18284_case_001,22,33,43,67.44186046511628,후반,2,2,4,3,1,0,0,1.0,1,0,0,1,0,0,1,0,1,0,0,1,4
vp_18284_case_001,27,38,48,79.06976744186046,후반,1,1,2,2,0,0,0,1.0,0,0,0,1,0,0,1,0,1,0,0,0,3
vp_18284_case_001,34,43,48,90.69767441860465,후반,1,1,0,0,0,0,0,1.0,0,0,0,1,0,0,0,0,0,0,0,0,1
vp_18284_case_002,1,10,20,36.0,중반,0,0,2,2,0,0,0,0.9,0,0,0,0,0,0,0,1,0,1,0,0,2
vp_18284_case_002,6,15,25,56.00000000000001,중반,0,0,1,1,0,0,0,0.7,0,1,1,0,0,0,0,0,1,0,0,0,1
vp_18284_case_002,11,20,26,76.0,후반,0,0,1,1,0,0,1,0.6,0,1,1,0,0,1,0,0,1,0,0,0,2
vp_18284_case_002,16,25,26,96.0,후반,3,3,4,2,1,0,1,0.8,1,0,0,1,0,1,1,0,1,0,0,0,4
vp_18284_case_003,1,10,15,64.28571428571429,중반,2,2,4,2,1,0,0,1.0,1,0,0,1,0,0,1,0,1,0,0,0,3
vp_18285_case_002,1,10,14,69.23076923076923,후반,1,1,5,3,0,0,0,0.9,0,0,0,1,0,0,1,0,0,1,1,0,4
vp_18286_case_001,12,27,33,75.0,후반,4,3,9,4,4,0,0,1.0,3,0,0,1,0,0,1,0,1,0,0,1,4
vp_18286_case_002,1,10,34,52.94117647058824,중반,1,1,1,1,0,0,0,1.0,0,0,0,1,0,0,0,0,0,0,1,0,2
vp_18286_case_002,6,16,34,82.35294117647058,후반,2,1,1,1,0,0,0,1.0,0,0,0,1,0,0,0,0,0,0,1,0,2
vp_18287_case_001,1,10,20,31.03448275862069,초반,1,1,2,2,0,2,0,0.7,0,0,0,1,1,0,1,0,0,0,1,0,4
vp_18287_case_001,6,15,25,48.275862068965516,중반,1,1,4,2,0,2,0,0.6,0,0,0,1,1,0,1,1,0,0,0,0,4
vp_18287_case_001,11,20,30,65.51724137931035,중반,0,0,4,2,0,1,0,0.8,0,1,1,0,1,0,1,1,0,0,0,0,3
vp_18287_case_001,16,25,30,82.75862068965517,후반,0,0,2,1,0,2,0,0.8,0,1,1,0,1,0,0,1,0,0,0,0,2
vp_18287_case_002,1,13,24,34.61538461538461,중반,0,0,4,3,1,0,0,1.0,1,0,0,0,0,0,1,1,0,0,1,0,3
vp_18287_case_002,7,19,29,53.84615384615385,중반,0,0,4,2,1,0,0,1.0,1,0,0,0,0,0,0,1,0,0,1,0,2
vp_18287_case_002,14,24,31,73.07692307692307,후반,4,4,3,2,0,0,0,1.0,0,0,0,1,0,0,1,0,0,0,1,0,3
vp_18287_case_002,20,29,31,92.3076923076923,후반,4,4,1,1,0,0,0,1.0,0,0,0,1,0,0,1,0,0,0,0,0,2
vp_18287_case_003,1,10,18,52.94117647058824,중반,1,1,2,1,0,0,0,1.0,0,0,0,1,0,0,1,0,0,0,0,0,2
vp_18287_case_003,6,15,18,82.35294117647058,후반,1,1,1,1,0,0,0,1.0,0,0,0,1,0,0,0,0,0,0,1,0,2
vp_18288_case_004,1,15,18,81.81818181818183,후반,0,0,7,2,0,0,0,1.0,0,0,0,0,0,0,0,1,0,1,0,0,2
vp_18289_case_001,14,24,37,18.367346938775512,초반,5,4,2,1,0,0,0,1.0,0,0,0,1,0,0,1,0,0,0,0,0,2
vp_18289_case_001,20,30,44,28.57142857142857,초반,3,2,3,2,0,0,0,1.0,0,0,0,1,0,0,1,0,1,0,0,0,3
vp_18289_case_001,25,37,49,38.775510204081634,중반,0,0,1,1,0,0,0,1.0,0,0,0,0,0,0,0,0,1,0,0,0,1
vp_18289_case_001,31,44,55,48.97959183673469,중반,1,1,3,3,0,0,0,1.0,0,0,0,1,0,0,1,1,0,1,0,0,4
vp_18289_case_001,38,49,85,59.183673469387756,중반,1,1,5,3,0,0,0,1.0,0,0,0,1,0,0,1,1,0,1,0,0,4
vp_18289_case_001,45,55,90,69.38775510204081,후반,0,0,2,2,0,0,0,1.0,0,0,0,0,0,0,0,1,0,1,0,0,2
vp_18289_case_001,50,85,95,79.59183673469387,후반,1,1,2,2,0,0,0,1.0,0,0,0,1,0,0,0,1,0,1,0,0,3
vp_18289_case_001,57,90,95,89.79591836734694,후반,1,1,6,2,0,0,0,1.0,0,0,0,1,0,0,0,1,0,1,0,0,3
vp_18290_case_001,4,23,36,50.0,중반,1,1,2,2,0,0,0,1.0,0,0,0,1,0,0,1,1,0,0,0,0,3
vp_18290_case_001,17,32,36,77.77777777777779,후반,2,1,5,3,0,0,0,1.0,0,0,0,1,0,0,1,1,1,0,0,0,4
vp_18290_case_003,1,12,13,90.0,후반,2,2,3,2,0,0,0,1.0,0,0,0,1,0,0,1,0,0,1,0,0,3
vp_18291_case_002,1,10,20,37.5,중반,1,1,4,2,0,0,0,0.9,0,0,0,1,0,0,1,0,1,0,0,0,3
vp_18291_case_002,6,15,25,58.333333333333336,중반,1,1,3,2,0,0,0,0.9,0,0,0,1,0,0,1,0,1,0,0,0,3
vp_18291_case_002,11,20,25,79.16666666666666,후반,2,2,5,2,0,0,0,1.0,0,0,0,1,0,0,1,0,1,0,0,0,3
vp_18291_case_003,1,10,20,33.33333333333333,중반,2,2,4,3,0,0,0,0.8,0,0,0,1,0,0,1,0,1,0,0,1,4
vp_18291_case_003,6,15,25,51.85185185185185,중반,3,1,5,3,0,0,0,1.0,0,0,0,1,0,0,1,0,1,0,0,1,4
vp_18291_case_003,11,20,28,70.37037037037037,후반,2,1,3,2,0,0,0,1.0,0,0,0,1,0,0,1,0,1,0,0,0,3
vp_18291_case_003,16,25,28,88.88888888888889,후반,0,0,1,1,0,0,0,0.9,0,0,0,0,0,0,0,0,1,0,0,0,1
vp_18292_case_005,1,10,18,52.94117647058824,중반,1,1,2,1,0,0,0,1.0,0,0,0,1,0,0,0,0,1,0,0,0,2
vp_18292_case_005,6,15,18,82.35294117647058,후반,0,0,5,2,0,0,0,1.0,0,0,0,0,0,0,0,1,1,0,0,0,2
vp_18293_case_001,1,10,11,90.0,후반,3,3,5,3,1,0,0,1.0,1,0,0,1,0,0,1,0,1,0,0,1,4
vp_18293_case_002,1,10,20,37.5,중반,2,1,3,1,0,0,0,1.0,0,0,0,1,0,0,1,0,0,0,0,0,2
vp_18293_case_002,6,15,25,58.333333333333336,중반,0,0,1,1,0,0,0,1.0,0,0,0,0,0,0,1,0,0,0,0,0,1
vp_18293_case_002,11,20,25,79.16666666666666,후반,0,0,1,1,0,1,0,0.9,0,0,0,0,1,0,1,0,0,0,0,0,2
vp_18294_case_001,1,15,16,90.0,후반,2,2,5,2,0,0,0,1.0,0,0,0,1,0,0,1,0,1,0,0,0,3
vp_18294_case_002,1,14,35,50.0,중반,1,1,5,2,0,0,0,1.0,0,1,1,1,0,0,1,0,1,0,0,0,3
vp_18294_case_002,8,21,35,77.77777777777779,후반,0,0,5,3,1,0,0,1.0,1,0,0,0,0,0,1,1,0,0,1,0,3
vp_18295_case_001,3,20,22,90.0,후반,2,2,5,3,0,0,0,1.0,0,0,0,1,0,0,1,1,1,0,0,0,4
vp_18295_case_002,1,17,36,32.142857142857146,초반,1,1,6,3,1,0,0,1.0,0,0,0,1,0,0,1,1,0,1,0,0,4
vp_18295_case_002,9,26,41,50.0,중반,1,1,6,3,1,0,0,1.0,0,0,0,1,0,0,1,1,0,1,0,0,4
vp_18295_case_002,19,36,45,67.85714285714286,후반,0,0,2,2,0,0,0,1.0,0,2,1,0,0,0,1,1,0,0,0,0,2
vp_18295_case_002,27,41,45,85.71428571428571,후반,0,0,0,0,0,0,0,1.0,0,2,1,0,0,0,0,0,0,0,0,0,0
vp_18295_case_003,2,21,31,30.0,초반,1,1,3,3,0,0,0,1.0,0,0,0,1,0,0,1,0,1,0,0,1,4
vp_18295_case_003,14,26,37,46.666666666666664,중반,0,0,2,2,0,0,0,1.0,0,0,0,0,0,0,0,0,1,0,0,1,2
vp_18295_case_003,22,31,42,63.33333333333333,중반,0,0,2,2,0,0,0,1.0,0,0,0,0,0,0,0,1,1,0,0,0,2
vp_18295_case_003,27,37,43,80.0,후반,1,1,5,3,0,0,0,1.0,0,0,0,1,0,0,1,1,1,0,0,0,4
vp_18295_case_003,32,42,43,96.66666666666667,후반,1,1,5,2,0,0,0,1.0,0,0,0,1,0,0,1,1,0,0,0,0,3
vp_18296_case_001,1,16,32,52.94117647058824,중반,1,1,6,3,0,0,0,1.0,0,0,0,1,0,0,0,1,1,0,0,1,4
vp_18296_case_001,11,28,32,82.35294117647058,후반,1,1,6,3,0,0,0,1.0,0,0,0,1,0,0,1,0,1,1,0,0,4
vp_18296_case_002,2,18,38,50.0,중반,1,1,3,2,0,0,0,1.0,0,0,0,1,0,0,1,0,1,0,0,0,3
vp_18296_case_002,13,29,38,77.77777777777779,후반,1,1,2,1,0,0,0,1.0,0,0,0,1,0,0,1,0,0,0,0,0,2
vp_18296_case_003,1,18,30,30.0,초반,1,1,3,2,0,0,0,1.0,0,0,0,1,0,0,1,1,0,0,0,0,3
vp_18296_case_003,11,25,37,46.666666666666664,중반,2,1,4,2,0,0,0,1.0,0,0,0,1,0,0,1,0,0,0,1,0,3
vp_18296_case_003,19,30,43,63.33333333333333,중반,2,1,4,3,0,0,0,1.0,0,0,0,1,0,0,1,1,0,0,1,0,4
vp_18296_case_003,26,37,44,80.0,후반,2,2,4,2,0,0,0,1.0,0,0,0,1,0,0,1,1,0,0,0,0,3
vp_18296_case_003,31,43,44,96.66666666666667,후반,1,1,3,2,0,0,0,1.0,0,0,0,1,0,0,1,1,0,0,0,0,3
vp_18296_case_004,2,26,37,39.130434782608695,중반,1,1,3,3,0,0,0,1.0,0,0,0,1,0,0,1,1,1,0,0,0,4
vp_18296_case_004,20,31,43,60.86956521739131,중반,1,1,1,1,0,0,0,1.0,0,0,0,1,0,0,1,0,0,0,0,0,2
vp_18296_case_004,27,37,43,82.6086956521739,후반,0,0,1,1,0,0,0,1.0,0,0,0,0,0,0,1,0,0,0,0,0,1
vp_18297_case_001,1,10,11,90.0,후반,1,1,4,3,0,0,0,0.9,0,0,0,1,0,0,1,0,1,0,0,1,4
vp_18297_case_002,2,12,23,31.03448275862069,초반,3,2,3,3,0,0,0,1.0,0,1,1,1,0,0,1,0,1,0,0,1,4
vp_18297_case_002,8,17,28,48.275862068965516,중반,3,2,5,4,1,0,0,1.0,1,0,0,1,0,0,1,1,1,0,0,1,5
vp_18297_case_002,13,23,33,65.51724137931035,중반,2,2,6,4,1,0,0,1.0,1,0,0,1,0,0,1,1,1,0,1,0,5
vp_18297_case_002,19,28,33,82.75862068965517,후반,0,0,5,3,0,0,0,1.0,0,0,0,0,0,0,1,0,1,0,1,0,3
vp_18297_case_003,1,10,20,47.368421052631575,중반,1,1,4,2,0,0,0,1.0,0,0,0,1,0,0,1,0,0,1,0,0,3
vp_18297_case_003,6,15,20,73.68421052631578,후반,2,2,6,4,0,0,0,1.0,0,0,0,1,0,0,1,1,1,1,0,0,5
vp_18298_case_001,2,11,19,52.94117647058824,중반,2,2,8,3,0,0,0,1.0,0,0,0,1,0,0,1,1,1,0,0,0,4
vp_18298_case_001,7,16,19,82.35294117647058,후반,2,2,8,4,0,0,0,1.0,0,0,0,1,0,0,1,1,1,1,0,0,5
vp_18298_case_002,2,18,29,6.474820143884892,초반,2,2,3,2,1,0,0,1.0,1,0,0,1,0,0,1,0,1,0,0,0,3
vp_18298_case_002,14,24,34,10.071942446043165,초반,1,1,1,1,0,0,0,1.0,0,0,0,1,0,0,1,0,0,0,0,0,2
vp_18298_case_002,19,29,39,13.66906474820144,초반,1,1,1,1,0,0,0,1.0,0,0,0,1,0,0,1,0,0,0,0,0,2
vp_18298_case_002,25,34,44,17.26618705035971,초반,0,0,1,1,0,0,0,1.0,0,0,0,0,0,0,0,1,0,0,0,0,1
vp_18298_case_002,30,39,49,20.863309352517987,초반,0,0,2,1,0,0,0,1.0,0,0,0,0,0,0,0,1,0,0,0,0,1
vp_18298_case_002,35,44,54,24.46043165467626,초반,0,0,2,2,0,0,0,1.0,0,0,0,0,0,0,0,1,0,0,0,0,1
vp_18298_case_002,40,49,70,28.05755395683453,초반,0,0,3,2,0,0,0,1.0,0,0,0,0,0,0,0,0,1,0,0,0,1
vp_18298_case_002,45,54,75,31.654676258992804,초반,0,0,3,1,0,0,0,1.0,0,0,0,0,0,0,0,0,1,0,0,0,1
vp_18298_case_002,50,70,80,35.25179856115108,중반,0,0,2,1,0,0,0,1.0,0,0,0,0,0,0,0,0,1,0,0,0,1
vp_18298_case_002,55,75,85,38.84892086330935,중반,2,2,2,2,0,0,0,1.0,0,0,0,1,0,0,1,0,1,0,0,0,3
vp_18298_case_002,71,80,90,42.44604316546763,중반,2,2,2,1,0,0,0,1.0,0,0,0,1,0,0,1,0,0,0,0,0,2
vp_18298_case_002,76,85,95,46.043165467625904,중반,0,0,3,2,0,0,0,1.0,0,0,0,0,0,0,1,0,1,0,0,0,2
vp_18298_case_002,81,90,100,49.64028776978417,중반,0,0,2,2,0,0,0,1.0,0,0,0,0,0,0,1,0,1,0,0,0,2
vp_18298_case_002,86,95,105,53.23741007194245,중반,0,0,0,0,0,0,0,1.0,0,0,0,0,0,0,0,0,0,0,0,0,0
vp_18298_case_002,91,100,110,56.83453237410072,중반,0,0,0,0,0,0,0,1.0,0,0,0,0,0,0,0,0,0,0,0,0,0
vp_18298_case_002,96,105,120,60.431654676258994,중반,0,0,0,0,0,0,0,1.0,0,1,1,0,0,0,0,0,0,0,0,0,0
vp_18298_case_002,101,110,132,64.02877697841727,중반,1,1,3,3,0,0,0,1.0,0,1,1,1,0,0,1,0,1,1,0,0,4
vp_18298_case_002,106,120,137,67.62589928057554,후반,1,1,5,5,1,0,0,1.0,1,0,0,1,0,0,1,0,1,1,0,1,5
vp_18298_case_002,111,132,142,71.22302158273382,후반,0,0,2,2,1,0,0,1.0,1,0,0,0,0,0,0,0,0,0,0,1,1
vp_18298_case_002,121,137,147,74.82014388489209,후반,0,0,0,0,0,0,0,1.0,0,0,0,0,0,0,0,0,0,0,0,0,0
vp_18298_case_002,133,142,154,78.41726618705036,후반,0,0,0,0,0,0,0,1.0,0,0,0,0,0,0,0,0,0,0,0,0,0
vp_18298_case_002,138,147,159,82.01438848920863,후반,0,0,1,1,0,0,0,1.0,0,0,0,0,0,0,0,0,1,0,0,0,1
vp_18298_case_002,143,154,164,85.61151079136691,후반,0,0,1,1,0,0,0,1.0,0,0,0,0,0,0,0,0,1,0,0,0,1
vp_18298_case_002,150,159,169,89.20863309352518,후반,0,0,0,0,0,0,0,1.0,0,0,0,0,0,0,0,0,0,0,0,0,0
vp_18298_case_002,155,164,174,92.80575539568345,후반,1,1,1,1,0,0,0,1.0,0,0,0,1,0,0,1,0,0,0,0,0,2
vp_18298_case_002,160,169,174,96.40287769784173,후반,1,1,2,2,0,0,0,1.0,0,0,0,1,0,0,1,0,1,0,0,0,3
vp_18299_case_001,2,14,22,60.0,중반,3,1,6,3,0,0,0,1.0,0,0,0,1,0,0,1,0,1,0,1,0,4
vp_18299_case_001,7,21,22,93.33333333333333,후반,4,2,8,3,0,0,0,1.0,0,0,0,1,0,0,1,1,1,0,0,0,4
vp_18299_case_002,1,10,21,13.23529411764706,초반,2,2,5,3,0,0,0,1.0,0,0,0,1,0,0,1,1,1,0,0,0,4
vp_18299_case_002,6,16,26,20.588235294117645,초반,2,1,3,2,0,0,0,1.0,0,0,0,1,0,0,1,0,1,0,0,0,3
vp_18299_case_002,11,21,31,27.941176470588236,초반,2,2,2,1,0,0,0,1.0,0,0,0,1,0,0,1,0,0,0,0,0,2
vp_18299_case_002,17,26,36,35.294117647058826,중반,2,2,2,2,0,0,0,1.0,0,0,0,1,0,0,1,1,0,0,0,0,3
vp_18299_case_002,22,31,41,42.64705882352941,중반,2,2,1,1,0,0,0,1.0,0,0,0,1,0,0,0,1,0,0,0,0,2
vp_18299_case_002,27,36,48,50.0,중반,4,3,4,2,0,0,0,1.0,0,0,0,1,0,0,1,0,1,0,0,0,3
vp_18299_case_002,32,41,54,57.35294117647059,중반,3,2,5,2,0,0,0,1.0,0,0,0,1,0,0,1,0,1,0,0,0,3
vp_18299_case_002,37,48,59,64.70588235294117,중반,0,0,2,2,0,0,0,1.0,0,0,0,0,0,0,1,0,0,0,0,1,2
vp_18299_case_002,42,54,66,72.05882352941177,후반,1,1,4,4,0,0,0,1.0,0,0,0,1,0,0,1,1,0,0,1,1,5
vp_18299_case_002,49,59,71,79.41176470588235,후반,1,1,5,4,0,0,0,1.0,0,0,0,1,0,0,1,1,1,0,1,0,5
vp_18299_case_002,55,66,75,86.76470588235294,후반,0,0,5,2,0,0,0,1.0,0,0,0,0,0,0,0,1,1,0,0,0,2
vp_18299_case_002,62,71,75,94.11764705882352,후반,0,0,6,2,0,0,0,1.0,0,0,0,0,0,0,0,0,1,1,0,0,2
vp_18300_case_001,1,12,20,52.94117647058824,중반,0,0,0,0,0,0,0,1.0,0,1,1,0,0,0,0,0,0,0,0,0,0
vp_18300_case_001,8,17,20,82.35294117647058,후반,0,0,4,2,1,0,0,1.0,1,0,0,0,0,0,0,0,1,0,1,0,2
vp_18300_case_002,2,13,21,60.0,중반,4,3,6,2,0,0,0,1.0,0,0,0,1,0,0,1,0,1,0,0,0,3
vp_18300_case_002,8,20,21,93.33333333333333,후반,2,1,3,1,0,0,0,1.0,0,0,0,1,0,0,1,0,0,0,0,0,2
vp_18300_case_004,1,16,33,31.03448275862069,초반,3,2,5,2,0,0,0,1.0,0,0,0,1,0,0,1,0,1,0,0,0,3
vp_18300_case_004,10,25,41,48.275862068965516,중반,2,1,4,1,0,0,0,1.0,0,0,0,1,0,0,1,0,0,0,0,0,2
vp_18300_case_004,18,33,48,65.51724137931035,중반,2,2,4,1,0,0,0,1.0,0,0,0,1,0,0,1,0,0,0,0,0,2
vp_18300_case_004,27,41,48,82.75862068965517,후반,1,1,2,1,0,0,0,1.0,0,0,0,1,0,0,1,0,0,0,0,0,2
vp_18300_case_005,4,15,28,60.0,중반,0,0,1,1,0,0,0,1.0,0,0,0,0,0,0,0,0,1,0,0,0,1
vp_18300_case_005,9,26,28,93.33333333333333,후반,1,1,2,2,0,0,0,1.0,0,0,0,1,0,0,1,0,1,0,0,0,3
vp_18301_case_002,1,15,30,20.0,초반,3,3,8,3,1,0,0,1.0,1,0,0,1,0,0,1,1,1,0,0,0,4
vp_18301_case_002,9,24,37,31.11111111111111,초반,1,1,9,3,0,0,0,1.0,0,0,0,1,0,0,1,1,1,0,0,0,4
vp_18301_case_002,16,30,45,42.22222222222222,중반,0,0,11,3,0,0,0,1.0,0,0,0,0,0,0,1,1,1,0,0,0,3
vp_18301_case_002,26,37,52,53.333333333333336,중반,1,1,10,3,0,0,0,1.0,0,0,0,1,0,0,1,1,1,0,0,0,4
vp_18301_case_002,32,45,57,64.44444444444444,중반,2,2,5,2,0,0,0,1.0,0,0,0,1,0,0,1,0,1,0,0,0,3
vp_18301_case_002,38,52,62,75.55555555555556,후반,4,3,10,4,0,0,0,1.0,0,0,0,1,0,0,1,1,1,1,0,0,5
vp_18301_case_002,47,57,63,86.66666666666667,후반,3,3,10,4,0,0,0,1.0,0,0,0,1,0,0,1,1,1,1,0,0,5
vp_18301_case_002,53,62,63,97.77777777777777,후반,0,0,6,3,0,0,0,1.0,0,0,0,0,0,0,1,1,1,0,0,0,3
vp_18302_case_001,1,10,20,12.162162162162163,초반,2,2,8,3,0,0,0,1.0,0,0,0,1,0,0,1,0,1,1,0,0,4
vp_18302_case_001,6,15,25,18.91891891891892,초반,0,0,5,3,0,0,0,1.0,0,2,1,0,0,0,0,1,1,1,0,0,3
vp_18302_case_001,11,20,30,25.675675675675674,초반,1,1,3,3,0,0,0,1.0,0,2,1,1,0,0,0,1,1,1,0,0,4
vp_18302_case_001,16,25,35,32.432432432432435,초반,5,4,7,3,2,0,0,1.0,2,0,0,1,0,0,1,0,1,0,0,1,4
vp_18302_case_001,21,30,40,39.189189189189186,중반,4,3,6,3,2,0,0,1.0,2,0,0,1,0,0,1,0,1,0,0,1,4
vp_18302_case_001,26,35,45,45.94594594594595,중반,0,0,2,2,0,0,0,1.0,0,0,0,0,0,0,1,0,1,0,0,0,2
vp_18302_case_001,31,40,50,52.702702702702695,중반,2,2,6,2,0,0,0,1.0,0,0,0,1,0,0,1,0,1,0,0,0,3
vp_18302_case_001,36,45,55,59.45945945945946,중반,2,2,5,3,0,0,0,1.0,0,0,0,1,0,0,1,1,1,0,0,0,4
vp_18302_case_001,41,50,60,66.21621621621621,중반,0,0,3,2,0,0,0,1.0,0,0,0,0,0,0,0,1,1,0,0,0,2
vp_18302_case_001,46,55,65,72.97297297297297,후반,2,1,7,3,0,0,0,1.0,0,0,0,1,0,0,1,0,1,1,0,0,4
vp_18302_case_001,51,60,70,79.72972972972973,후반,2,1,9,4,0,0,0,1.0,0,0,0,1,0,0,1,1,1,1,0,0,5
vp_18302_case_001,56,65,75,86.48648648648648,후반,0,0,8,4,0,0,0,1.0,0,0,0,0,0,0,1,1,1,1,0,0,4
vp_18302_case_001,61,70,75,93.24324324324324,후반,0,0,4,3,0,0,0,1.0,0,0,0,0,0,0,1,0,1,1,0,0,3
vp_18302_case_002,1,10,14,69.23076923076923,후반,1,1,1,1,0,0,0,0.9,0,0,0,1,0,0,1,0,0,0,0,0,2
vp_18303_case_002,1,10,20,42.857142857142854,중반,0,0,7,2,0,0,0,1.0,0,0,0,0,0,0,0,0,1,0,1,0,2
vp_18303_case_002,6,15,22,66.66666666666666,후반,0,0,10,3,0,0,0,1.0,0,0,0,0,0,0,0,0,1,1,1,0,3
vp_18303_case_002,11,20,22,90.47619047619048,후반,1,1,8,2,0,0,0,1.0,0,0,0,1,0,0,0,0,1,1,0,0,3
vp_18303_case_004,1,10,20,42.857142857142854,중반,3,2,5,2,0,0,0,1.0,0,0,0,1,0,0,1,0,1,0,0,0,3
vp_18303_case_004,6,15,22,66.66666666666666,후반,0,0,1,1,0,0,0,1.0,0,0,0,0,0,0,0,0,1,0,0,0,1
vp_18303_case_004,11,20,22,90.47619047619048,후반,0,0,5,2,0,0,0,1.0,0,0,0,0,0,0,0,0,1,0,1,0,2
vp_18305_case_002,1,14,15,90.0,후반,3,3,8,5,0,0,0,1.0,0,0,0,1,0,0,1,1,1,0,1,1,6
vp_18305_case_003,1,10,12,81.81818181818183,후반,1,1,5,4,1,0,0,0.7,1,0,0,1,0,0,1,0,1,0,0,1,4
vp_18305_case_004,1,16,26,39.130434782608695,중반,2,1,2,1,0,0,0,1.0,0,0,0,1,0,0,1,0,0,0,0,0,2
vp_18305_case_004,10,21,30,60.86956521739131,중반,1,1,3,3,0,0,0,1.0,0,0,0,1,0,0,1,1,0,0,0,0,3
vp_18305_case_004,17,26,30,82.6086956521739,후반,4,4,7,5,0,0,0,1.0,0,0,0,1,0,0,1,1,1,0,0,1,5
vp_18306_case_002,19,30,43,40.909090909090914,중반,1,1,5,2,0,0,0,1.0,0,0,0,1,0,0,1,0,1,0,0,0,3
vp_18306_case_002,24,38,46,63.63636363636363,중반,0,0,2,2,0,0,0,1.0,0,0,0,0,0,0,1,0,1,0,0,0,2
vp_18306_case_002,32,43,46,86.36363636363636,후반,0,0,0,0,0,0,0,1.0,0,0,0,0,0,0,0,0,0,0,0,0,0
vp_18306_case_003,1,10,20,23.684210526315788,초반,0,0,0,0,0,0,1,0.9,0,0,0,0,0,1,0,0,0,0,0,0,1
vp_18306_case_003,6,15,25,36.84210526315789,중반,1,1,3,2,0,0,0,1.0,0,0,0,1,0,0,1,0,1,0,0,0,3
vp_18306_case_003,11,20,30,50.0,중반,1,1,4,2,0,1,0,0.7,0,0,0,1,1,0,1,0,1,0,0,0,4
vp_18306_case_003,16,25,35,63.1578947368421,중반,0,0,1,1,0,2,1,0.5,0,0,0,0,1,1,0,0,1,0,0,0,3
vp_18306_case_003,21,30,39,76.31578947368422,후반,0,0,0,0,0,1,1,0.5,0,0,0,0,1,1,0,0,0,0,0,0,2
vp_18306_case_003,26,35,39,89.47368421052632,후반,0,0,1,1,0,0,0,0.6,0,0,0,0,0,0,0,0,1,0,0,0,1
vp_18306_case_004,1,10,20,40.909090909090914,중반,0,0,5,2,0,0,0,1.0,0,0,0,0,0,0,0,0,1,0,1,0,2
vp_18306_case_004,6,15,23,63.63636363636363,중반,0,0,5,2,0,0,0,0.9,0,0,0,0,0,0,0,0,1,0,1,0,2
vp_18306_case_004,11,20,23,86.36363636363636,후반,1,1,6,3,0,0,0,0.9,0,0,0,1,0,0,1,0,1,0,1,0,4
vp_18307_case_001,2,11,36,17.307692307692307,초반,2,2,5,3,0,0,0,1.0,0,0,0,1,0,0,1,1,1,0,0,0,4
vp_18307_case_001,7,16,41,26.923076923076923,초반,2,2,6,4,0,0,0,1.0,0,0,0,1,0,0,1,1,1,1,0,0,5
vp_18307_case_001,12,36,46,36.53846153846153,중반,0,0,3,2,0,0,0,1.0,0,0,0,0,0,0,0,1,0,1,0,0,2
vp_18307_case_001,17,41,51,46.15384615384615,중반,0,0,4,3,0,0,0,1.0,0,0,0,0,0,0,0,1,1,0,1,0,3
vp_18307_case_001,37,46,58,55.769230769230774,중반,0,0,7,4,0,0,0,1.0,0,0,0,0,0,0,0,1,1,1,1,0,4
vp_18307_case_001,42,51,69,65.38461538461539,중반,0,0,4,3,0,0,0,1.0,0,0,0,0,0,0,0,1,1,1,0,0,3
vp_18307_case_001,47,58,74,75.0,후반,0,0,1,1,0,0,0,1.0,0,0,0,0,0,0,0,0,0,0,0,1,1
vp_18307_case_001,52,69,77,84.61538461538461,후반,1,1,3,3,0,0,0,1.0,0,0,0,1,0,0,0,0,1,0,1,1,4
vp_18307_case_001,59,74,77,94.23076923076923,후반,1,1,2,2,0,0,0,1.0,0,0,0,1,0,0,0,0,1,0,1,0,3
vp_18307_case_002,1,10,15,64.28571428571429,중반,3,2,5,2,0,0,0,1.0,0,0,0,1,0,0,1,0,1,0,0,0,3
vp_18308_case_001,1,10,20,31.03448275862069,초반,3,2,7,3,1,0,0,1.0,1,0,0,1,0,0,1,1,0,0,0,1,4
vp_18308_case_001,6,15,25,48.275862068965516,중반,1,1,4,3,0,0,0,1.0,0,0,0,1,0,0,1,1,1,0,0,0,4
vp_18308_case_001,11,20,30,65.51724137931035,중반,1,1,6,4,0,0,0,1.0,0,0,0,1,0,0,1,1,1,1,0,0,5
vp_18308_case_001,16,25,30,82.75862068965517,후반,4,4,5,3,0,1,0,0.9,0,0,0,1,1,0,1,0,1,1,0,0,5
vp_18309_case_001,1,10,20,26.47058823529412,초반,2,2,3,3,0,0,1,0.6,0,2,1,1,0,1,1,1,0,0,1,0,5
vp_18309_case_001,6,15,25,41.17647058823529,중반,2,1,7,6,3,0,0,0.8,2,0,0,1,0,0,1,1,1,0,1,1,6
vp_18309_case_001,11,20,30,55.88235294117647,중반,4,2,9,5,3,0,0,0.9,2,0,0,1,0,0,1,1,1,0,0,1,5
vp_18309_case_001,16,25,35,70.58823529411765,후반,2,1,3,2,0,0,1,0.6,0,0,0,1,0,1,1,1,0,0,0,0,4
vp_18309_case_001,21,30,35,85.29411764705883,후반,1,1,2,2,0,0,1,0.6,0,0,0,1,0,1,1,1,0,0,0,0,4
vp_18310_case_001,1,10,20,34.61538461538461,중반,0,0,0,0,0,0,0,0.0,0,0,0,0,0,0,0,0,0,0,0,0,0
vp_18310_case_001,6,15,25,53.84615384615385,중반,0,0,5,3,0,0,0,0.4,0,0,0,0,0,0,0,1,0,1,1,0,3
vp_18310_case_001,11,20,27,73.07692307692307,후반,0,0,8,3,0,0,0,0.7,0,0,0,0,0,0,0,1,0,1,1,0,3
vp_18310_case_001,16,25,27,92.3076923076923,후반,0,0,7,4,0,0,0,0.7,0,0,0,0,0,0,0,1,0,1,1,0,3
vp_18311_case_001,1,10,20,16.666666666666664,초반,2,2,3,2,0,0,0,1.0,0,0,0,1,0,0,1,0,0,0,1,0,3
vp_18311_case_001,6,15,25,25.925925925925924,초반,1,1,2,1,0,0,0,1.0,0,0,0,1,0,0,0,0,0,0,1,0,2
vp_18311_case_001,11,20,30,35.18518518518518,중반,1,1,2,2,0,2,0,0.8,0,0,0,1,1,0,1,0,0,0,1,0,4
vp_18311_case_001,16,25,35,44.44444444444444,중반,1,1,3,2,0,2,0,0.6,0,0,0,1,1,0,1,1,0,0,0,0,4
vp_18311_case_001,21,30,40,53.70370370370371,중반,0,0,4,2,0,1,0,0.7,0,0,0,0,1,0,1,1,0,0,0,0,3
vp_18311_case_001,26,35,45,62.96296296296296,중반,0,0,3,1,0,1,0,0.9,0,1,1,0,1,0,0,1,0,0,0,0,2
vp_18311_case_001,31,40,50,72.22222222222221,후반,0,0,3,2,0,1,0,0.9,0,1,1,0,1,0,0,1,0,0,1,0,3
vp_18311_case_001,36,45,55,81.48148148148148,후반,0,0,4,2,1,1,0,0.8,1,0,0,0,1,0,1,0,0,0,1,0,3
vp_18311_case_001,41,50,55,90.74074074074075,후반,0,0,4,3,1,0,0,0.8,1,0,0,0,0,0,1,1,0,0,1,0,3
vp_18312_case_001,1,10,14,69.23076923076923,후반,1,1,6,3,0,0,0,1.0,0,0,0,1,0,0,1,0,1,1,0,0,4
vp_18313_case_001,2,17,32,45.0,중반,1,1,3,2,1,0,0,1.0,1,0,0,1,0,0,0,1,0,0,1,0,3
vp_18313_case_001,11,25,34,70.0,후반,1,1,2,2,0,0,0,1.0,0,0,0,1,0,0,0,0,1,1,0,0,3
vp_18313_case_001,19,32,34,95.0,후반,1,1,6,3,0,0,0,1.0,0,0,0,1,0,0,1,0,1,1,0,0,4
vp_18314_case_001,1,10,20,13.846153846153847,초반,0,0,1,1,0,0,0,0.7,0,0,0,0,0,0,0,0,1,0,0,0,1
vp_18314_case_001,6,15,25,21.53846153846154,초반,1,1,2,2,0,1,0,0.8,0,0,0,1,1,0,1,0,1,0,0,0,4
vp_18314_case_001,11,20,30,29.230769230769234,초반,1,1,2,2,0,1,0,0.8,0,0,0,1,1,0,1,1,0,0,0,0,4
vp_18314_case_001,16,25,35,36.92307692307693,중반,0,0,3,2,0,0,0,0.9,0,0,0,0,0,0,0,1,1,0,0,0,2
vp_18314_case_001,21,30,40,44.61538461538462,중반,0,0,6,3,0,0,0,1.0,0,0,0,0,0,0,0,1,1,0,1,0,3
vp_18314_case_001,26,35,45,52.307692307692314,중반,0,0,6,3,0,0,0,1.0,0,0,0,0,0,0,0,1,1,0,1,0,3
vp_18314_case_001,31,40,50,60.0,중반,0,0,5,3,0,0,0,0.9,0,0,0,0,0,0,0,1,1,1,0,0,3
vp_18314_case_001,36,45,55,67.6923076923077,후반,0,0,3,2,0,0,0,0.9,0,0,0,0,0,0,0,0,1,1,0,0,2
vp_18314_case_001,41,50,60,75.38461538461539,후반,0,0,0,0,0,0,0,0.8,0,0,0,0,0,0,0,0,0,0,0,0,0
vp_18314_case_001,46,55,65,83.07692307692308,후반,0,0,1,1,0,0,0,0.7,0,0,0,0,0,0,0,1,0,0,0,0,1
vp_18314_case_001,51,60,66,90.76923076923077,후반,0,0,1,1,0,0,0,0.9,0,0,0,0,0,0,0,1,0,0,0,0,1
vp_18314_case_001,56,65,66,98.46153846153847,후반,0,0,0,0,0,0,0,0.9,0,0,0,0,0,0,0,0,0,0,0,0,0
vp_18315_case_001,1,10,20,18.367346938775512,초반,0,0,6,2,0,1,0,0.9,0,0,0,0,1,0,0,0,1,1,0,0,3
vp_18315_case_001,6,15,25,28.57142857142857,초반,0,0,3,1,0,1,0,0.9,0,0,0,0,1,0,0,0,0,1,0,0,2
vp_18315_case_001,11,20,30,38.775510204081634,중반,0,0,1,1,0,0,1,0.7,0,0,0,0,0,1,0,0,0,1,0,0,2
vp_18315_case_001,16,25,35,48.97959183673469,중반,1,1,2,2,0,0,1,0.5,0,1,1,1,0,1,1,0,1,0,0,0,4
vp_18315_case_001,21,30,40,59.183673469387756,중반,1,1,2,2,0,1,0,0.6,0,1,1,1,1,0,1,0,1,0,0,0,4
vp_18315_case_001,26,35,45,69.38775510204081,후반,2,1,2,1,1,1,0,0.6,1,0,0,1,1,0,1,0,0,0,0,0,3
vp_18315_case_001,31,40,50,79.59183673469387,후반,3,2,4,1,1,0,0,0.6,1,0,0,1,0,0,1,0,0,0,0,0,2
vp_18315_case_001,36,45,50,89.79591836734694,후반,1,1,6,4,0,0,0,0.6,0,0,0,1,0,0,1,0,1,0,1,0,4
vp_18316_case_001,1,11,26,24.324324324324326,초반,2,2,6,4,1,0,0,1.0,1,0,0,1,0,0,1,1,1,1,0,0,5
vp_18316_case_001,6,21,31,37.83783783783784,중반,2,2,5,4,0,0,0,1.0,0,0,0,1,0,0,1,1,0,1,0,0,4
vp_18316_case_001,16,26,36,51.35135135135135,중반,3,1,4,3,0,0,0,1.0,0,0,0,1,0,0,1,1,0,0,0,0,3
vp_18316_case_001,22,31,41,64.86486486486487,중반,2,1,5,4,0,0,0,1.0,0,0,0,1,0,0,1,0,1,1,0,0,4
vp_18316_case_001,27,36,44,78.37837837837837,후반,1,1,3,3,0,0,0,1.0,0,0,0,1,0,0,0,0,1,1,0,0,3
vp_18316_case_001,32,41,44,91.8918918918919,후반,3,3,2,1,0,0,0,1.0,0,0,0,1,0,0,1,0,0,0,0,0,2
vp_18317_case_001,4,21,35,69.23076923076923,후반,0,0,2,2,0,0,0,1.0,0,0,0,0,0,0,0,1,0,1,0,0,2
vp_18318_case_001,1,10,20,20.454545454545457,초반,0,0,0,0,0,5,0,0.1,0,0,0,0,1,0,0,0,0,0,0,0,1
vp_18318_case_001,6,15,25,31.818181818181817,초반,0,0,3,2,0,2,0,0.5,0,0,0,0,1,0,0,0,1,1,0,0,3
vp_18318_case_001,11,20,30,43.18181818181818,중반,0,0,4,3,0,0,0,0.8,0,0,0,0,0,0,0,1,1,1,0,0,3
vp_18318_case_001,16,25,35,54.54545454545454,중반,0,0,1,1,0,0,0,0.6,0,0,0,0,0,0,0,1,0,0,0,0,1
vp_18318_case_001,21,30,40,65.9090909090909,중반,0,0,0,0,0,0,0,0.6,0,0,0,0,0,0,0,0,0,0,0,0,0
vp_18318_case_001,26,35,45,77.27272727272727,후반,0,0,0,0,0,0,0,0.6,0,0,0,0,0,0,0,0,0,0,0,0,0
vp_18318_case_001,31,40,45,88.63636363636364,후반,1,1,5,4,0,0,0,0.5,0,0,0,1,0,0,1,1,1,1,0,0,5
vp_18319_case_001,8,21,32,47.368421052631575,중반,2,1,3,2,1,0,0,1.0,1,0,0,1,0,0,1,1,0,0,0,0,3
vp_18319_case_001,15,27,32,73.68421052631578,후반,2,2,10,4,0,0,0,1.0,0,0,0,1,0,0,1,1,1,0,0,0,4
vp_18320_case_001,1,10,20,24.324324324324326,초반,3,2,8,5,4,0,0,0.6,3,0,0,1,0,0,1,0,1,1,0,1,5
vp_18320_case_001,6,15,25,37.83783783783784,중반,0,0,1,1,0,1,1,0.1,0,0,0,0,1,1,0,0,0,0,0,1,3
vp_18320_case_001,11,20,30,51.35135135135135,중반,0,0,0,0,0,1,2,0.0,0,0,0,0,1,1,0,0,0,0,0,0,2
vp_18320_case_001,16,25,35,64.86486486486487,중반,0,0,0,0,0,0,1,0.1,0,0,0,0,0,1,0,0,0,0,0,0,1
vp_18320_case_001,21,30,38,78.37837837837837,후반,1,1,1,1,0,0,0,0.5,0,0,0,1,0,0,1,0,0,0,0,0,2
vp_18320_case_001,26,35,38,91.8918918918919,후반,1,1,3,2,0,0,0,0.7,0,0,0,1,0,0,1,0,1,0,0,0,3
vp_18321_case_001,1,10,14,69.23076923076923,후반,3,3,6,3,0,1,0,0.6,0,0,0,1,1,0,1,1,1,0,0,0,5
vp_18321_case_002,1,10,14,69.23076923076923,후반,1,1,2,1,0,0,0,0.7,0,0,0,1,0,0,0,0,1,0,0,0,2
vp_18322_case_002,1,10,20,24.324324324324326,초반,0,0,0,0,0,0,0,0.6,0,2,1,0,0,0,0,0,0,0,0,0,0
vp_18322_case_002,6,15,25,37.83783783783784,중반,0,0,3,3,3,0,0,0.7,2,0,0,0,0,0,0,1,0,0,0,1,2
vp_18322_case_002,11,20,30,51.35135135135135,중반,0,0,3,3,3,0,0,0.8,2,0,0,0,0,0,0,1,0,0,0,1,2
vp_18322_case_002,16,25,35,64.86486486486487,중반,1,1,2,2,0,0,0,0.9,0,0,0,1,0,0,1,0,1,0,0,0,3
vp_18322_case_002,21,30,38,78.37837837837837,후반,1,1,2,2,0,0,0,0.8,0,0,0,1,0,0,1,0,1,0,0,0,3
vp_18322_case_002,26,35,38,91.8918918918919,후반,0,0,0,0,0,0,0,0.7,0,0,0,0,0,0,0,0,0,0,0,0,0
vp_18323_case_001,16,28,37,50.0,중반,0,0,2,2,0,0,0,1.0,0,0,0,0,0,0,0,1,1,0,0,0,2
vp_18323_case_001,22,33,37,77.77777777777779,후반,0,0,2,1,0,0,0,1.0,0,0,0,0,0,0,0,0,1,0,0,0,1
vp_18324_case_001,8,21,30,50.0,중반,2,1,3,2,1,0,0,1.0,1,0,0,1,0,0,1,1,0,0,0,0,3
vp_18324_case_001,15,26,30,77.77777777777779,후반,1,1,9,4,0,0,0,1.0,0,0,0,1,0,0,1,1,1,0,0,0,4
vp_217128_case_001,1,10,20,13.846153846153847,초반,2,1,1,1,0,0,0,0.7,0,0,0,1,0,0,1,0,0,0,0,0,2
vp_217128_case_001,6,15,25,21.53846153846154,초반,0,0,1,1,0,0,0,0.7,0,0,0,0,0,0,0,0,1,0,0,0,1
vp_217128_case_001,11,20,30,29.230769230769234,초반,1,1,2,2,0,2,0,0.7,0,0,0,1,1,0,1,0,1,0,0,0,4
vp_217128_case_001,16,25,35,36.92307692307693,중반,1,1,3,1,0,2,0,0.8,0,0,0,1,1,0,1,0,0,0,0,0,3
vp_217128_case_001,21,30,40,44.61538461538462,중반,0,0,4,3,0,0,0,0.9,0,0,0,0,0,0,1,1,1,0,0,0,3
vp_217128_case_001,26,35,45,52.307692307692314,중반,1,1,3,3,0,0,0,0.6,0,0,0,1,0,0,1,1,1,0,0,0,4
vp_217128_case_001,31,40,50,60.0,중반,1,1,1,1,0,0,0,0.6,0,0,0,1,0,0,1,0,0,0,0,0,2
vp_217128_case_001,36,45,55,67.6923076923077,후반,0,0,2,1,0,0,0,0.8,0,0,0,0,0,0,0,0,1,0,0,0,1
vp_217128_case_001,41,50,60,75.38461538461539,후반,0,0,2,1,0,0,0,0.9,0,0,0,0,0,0,0,0,1,0,0,0,1
vp_217128_case_001,46,55,65,83.07692307692308,후반,0,0,1,1,0,0,1,0.9,0,0,0,0,0,1,0,1,0,0,0,0,2
vp_217128_case_001,51,60,66,90.76923076923077,후반,0,0,1,1,0,0,1,0.6,0,0,0,0,0,1,0,1,0,0,0,0,2
vp_217128_case_001,56,65,66,98.46153846153847,후반,0,0,0,0,0,0,0,0.3,0,0,0,0,0,0,0,0,0,0,0,0,0
vp_217129_case_001,1,10,20,39.130434782608695,중반,2,1,5,2,0,0,0,0.9,0,0,0,1,0,0,1,1,0,0,0,0,3
vp_217129_case_001,6,15,24,60.86956521739131,중반,1,1,4,2,0,0,0,0.9,0,0,0,1,0,0,0,1,0,0,0,1,3
vp_217129_case_001,11,20,24,82.6086956521739,후반,0,0,8,4,0,0,0,0.9,0,0,0,0,0,0,0,1,1,1,0,1,4
vp_217130_case_001,1,10,20,11.538461538461538,초반,1,1,1,1,0,0,1,0.7,0,0,0,1,0,1,1,0,0,0,0,0,3
vp_217130_case_001,6,15,25,17.94871794871795,초반,0,0,1,1,0,0,1,0.7,0,0,0,0,0,1,0,0,1,0,0,0,2
vp_217130_case_001,11,20,30,24.358974358974358,초반,0,0,3,2,0,0,0,0.9,0,0,0,0,0,0,0,0,1,0,0,1,2
vp_217130_case_001,16,25,35,30.76923076923077,초반,1,1,3,3,0,0,0,0.8,0,0,0,1,0,0,1,0,1,0,0,1,4
vp_217130_case_001,21,30,40,37.17948717948718,중반,1,1,1,1,0,0,0,0.6,0,0,0,1,0,0,1,0,0,0,0,0,2
vp_217130_case_001,26,35,45,43.58974358974359,중반,0,0,1,1,0,1,0,0.6,0,0,0,0,1,0,1,0,0,0,0,0,2
vp_217130_case_001,31,40,50,50.0,중반,0,0,2,1,0,1,0,0.6,0,0,0,0,1,0,1,0,0,0,0,0,2
vp_217130_case_001,36,45,55,56.41025641025641,중반,0,0,1,1,0,1,0,0.6,0,0,0,0,1,0,1,0,0,0,0,0,2
vp_217130_case_001,41,50,60,62.82051282051282,중반,0,0,2,1,0,1,0,0.7,0,0,0,0,1,0,0,1,0,0,0,0,2
vp_217130_case_001,46,55,65,69.23076923076923,후반,1,1,7,3,0,0,0,0.8,0,0,0,1,0,0,1,1,1,0,0,0,4
vp_217130_case_001,51,60,70,75.64102564102564,후반,1,1,6,4,0,0,0,0.9,0,0,0,1,0,0,1,1,1,1,0,0,5
vp_217130_case_001,56,65,75,82.05128205128204,후반,0,0,5,3,0,0,0,0.9,0,0,0,0,0,0,0,1,1,1,0,0,3
vp_217130_case_001,61,70,79,88.46153846153845,후반,1,1,5,3,0,0,1,0.7,0,0,0,1,0,1,1,1,1,0,0,0,5
vp_217130_case_001,66,75,79,94.87179487179486,후반,1,1,2,2,0,1,2,0.5,0,0,0,1,1,1,1,1,0,0,0,0,5
vp_217131_case_001,1,10,20,34.61538461538461,중반,0,0,1,1,1,0,0,0.7,1,0,0,0,0,0,0,0,0,0,0,1,1
vp_217131_case_001,6,15,25,53.84615384615385,중반,0,0,2,2,1,0,0,0.7,1,1,1,0,0,0,0,0,0,0,1,1,2
vp_217131_case_001,11,20,27,73.07692307692307,후반,1,1,3,2,1,0,0,0.8,0,1,1,1,0,0,1,0,0,0,1,0,3
vp_217131_case_001,16,25,27,92.3076923076923,후반,1,1,4,2,2,0,0,0.8,1,0,0,1,0,0,1,0,0,0,1,0,3
vp_217131_case_002,1,10,21,31.03448275862069,초반,1,1,5,4,0,0,0,1.0,0,1,1,1,0,0,1,1,1,0,1,0,5
vp_217131_case_002,6,15,26,48.275862068965516,중반,0,0,5,3,0,0,0,1.0,0,1,1,0,0,0,0,1,1,0,1,0,3
vp_217131_case_002,11,21,31,65.51724137931035,중반,0,0,4,2,1,0,0,1.0,1,0,0,0,0,0,0,0,1,0,1,0,2
vp_217131_case_002,16,26,31,82.75862068965517,후반,0,0,4,2,1,0,0,1.0,1,0,0,0,0,0,0,0,1,0,1,0,2
vp_217132_case_001,1,10,20,15.0,초반,0,0,8,5,0,0,0,1.0,0,0,0,0,0,0,0,1,1,1,1,1,5
vp_217132_case_001,6,15,25,23.333333333333332,초반,1,1,5,4,0,0,0,1.0,0,0,0,1,0,0,1,1,1,1,0,0,5
vp_217132_case_001,11,20,30,31.666666666666664,초반,2,2,4,3,0,0,0,1.0,0,0,0,1,0,0,1,0,1,1,0,0,4
vp_217132_case_001,16,25,35,40.0,중반,1,1,4,3,0,0,0,1.0,0,0,0,1,0,0,1,0,1,1,0,0,4
vp_217132_case_001,21,30,40,48.333333333333336,중반,1,1,3,3,0,0,0,1.0,0,0,0,1,0,0,0,0,1,1,0,1,4
vp_217132_case_001,26,35,45,56.666666666666664,중반,1,1,1,1,0,0,0,1.0,0,0,0,1,0,0,0,0,0,0,0,1,2
vp_217132_case_001,31,40,50,65.0,중반,0,0,0,0,0,0,0,0.9,0,0,0,0,0,0,0,0,0,0,0,0,0
vp_217132_case_001,36,45,55,73.33333333333333,후반,0,0,0,0,0,0,0,0.8,0,0,0,0,0,0,0,0,0,0,0,0,0
vp_217132_case_001,41,50,60,81.66666666666667,후반,1,1,3,2,0,0,0,0.9,0,2,1,1,0,0,1,0,1,0,0,0,3
vp_217132_case_001,46,55,61,90.0,후반,3,2,5,2,0,0,0,1.0,0,2,1,1,0,0,1,0,1,0,0,0,3
vp_217132_case_001,51,60,61,98.33333333333333,후반,2,2,4,3,2,0,0,1.0,2,0,0,1,0,0,1,0,1,0,0,1,4
vp_217132_case_002,1,10,20,16.666666666666664,초반,1,1,3,2,1,0,1,0.9,1,0,0,1,0,1,1,0,0,0,1,0,4
vp_217132_case_002,6,15,25,25.925925925925924,초반,0,0,2,2,0,0,1,0.9,0,0,0,0,0,1,1,0,0,0,1,0,3
vp_217132_case_002,11,20,30,35.18518518518518,중반,0,0,1,1,0,0,0,1.0,0,0,0,0,0,0,1,0,0,0,0,0,1
vp_217132_case_002,16,25,35,44.44444444444444,중반,0,0,1,1,0,0,0,1.0,0,0,0,0,0,0,1,0,0,0,0,0,1
vp_217132_case_002,21,30,40,53.70370370370371,중반,0,0,2,1,0,0,0,0.9,0,0,0,0,0,0,1,0,0,0,0,0,1
vp_217132_case_002,26,35,45,62.96296296296296,중반,0,0,2,1,0,0,0,0.9,0,0,0,0,0,0,1,0,0,0,0,0,1
vp_217132_case_002,31,40,50,72.22222222222221,후반,0,0,1,1,0,0,0,0.7,0,0,0,0,0,0,0,1,0,0,0,0,1
vp_217132_case_002,36,45,55,81.48148148148148,후반,0,0,1,1,0,0,0,0.6,0,0,0,0,0,0,0,1,0,0,0,0,1
vp_217132_case_002,41,50,55,90.74074074074075,후반,0,0,0,0,0,0,0,0.9,0,0,0,0,0,0,0,0,0,0,0,0,0
vp_217133_case_001,1,10,20,32.142857142857146,초반,0,0,2,2,0,0,0,0.8,0,2,1,0,0,0,0,1,0,1,0,0,2
vp_217133_case_001,6,15,25,50.0,중반,0,0,4,2,2,0,0,0.9,2,0,0,0,0,0,0,0,0,1,0,1,2
vp_217133_case_001,11,20,29,67.85714285714286,후반,1,1,7,3,2,0,0,1.0,2,0,0,1,0,0,1,0,0,1,0,1,4
vp_217133_case_001,16,25,29,85.71428571428571,후반,2,2,8,4,0,0,0,1.0,0,0,0,1,0,0,1,1,1,1,0,0,5
vp_217133_case_002,1,10,20,21.951219512195124,초반,0,0,1,1,0,1,1,0.5,0,0,0,0,1,1,0,1,0,0,0,0,3
vp_217133_case_002,6,15,25,34.146341463414636,중반,0,0,0,0,0,1,0,0.6,0,0,0,0,1,0,0,0,0,0,0,0,1
vp_217133_case_002,11,20,30,46.34146341463415,중반,0,0,0,0,0,0,0,0.9,0,0,0,0,0,0,0,0,0,0,0,0,0
vp_217133_case_002,16,25,35,58.536585365853654,중반,0,0,0,0,0,1,0,0.7,0,0,0,0,1,0,0,0,0,0,0,0,1
vp_217133_case_002,21,30,40,70.73170731707317,후반,0,0,3,2,0,1,0,0.8,0,0,0,0,1,0,0,1,1,0,0,0,3
vp_217133_case_002,26,35,42,82.92682926829268,후반,0,0,3,2,0,0,0,0.8,0,0,0,0,0,0,0,1,1,0,0,0,2
vp_217133_case_002,31,40,42,95.1219512195122,후반,0,0,1,1,0,0,0,0.7,0,0,0,0,0,0,0,1,0,0,0,0,1
vp_217134_case_001,1,10,20,22.5,초반,1,1,3,3,0,2,0,0.7,0,0,0,1,1,0,1,1,0,1,0,0,5
vp_217134_case_001,6,15,25,35.0,중반,0,0,2,1,0,0,0,0.7,0,0,0,0,0,0,0,1,0,0,0,0,1
vp_217134_case_001,11,20,30,47.5,중반,1,1,2,2,0,0,0,0.6,0,0,0,1,0,0,1,1,0,0,0,0,3
vp_217134_case_001,16,25,35,60.0,중반,1,1,1,1,0,0,0,0.6,0,0,0,1,0,0,1,0,0,0,0,0,2
vp_217134_case_001,21,30,40,72.5,후반,0,0,0,0,0,0,0,0.6,0,0,0,0,0,0,0,0,0,0,0,0,0
vp_217134_case_001,26,35,41,85.0,후반,0,0,2,1,0,0,0,0.6,0,0,0,0,0,0,0,0,0,1,0,0,1
vp_217134_case_001,31,40,41,97.5,후반,1,1,3,1,0,0,1,0.6,0,0,0,1,0,1,0,0,0,1,0,0,3
vp_36334_case_001,1,10,11,90.0,후반,0,0,4,2,0,0,0,0.8,0,0,0,0,0,0,0,1,1,0,0,0,2
vp_36334_case_002,1,13,28,13.636363636363635,초반,0,0,4,2,0,0,0,1.0,0,0,0,0,0,0,0,1,1,0,0,0,2
vp_36334_case_002,7,20,38,21.21212121212121,초반,0,0,4,3,0,0,0,1.0,0,0,0,0,0,0,1,1,1,0,0,0,3
vp_36334_case_002,14,28,44,28.78787878787879,초반,0,0,3,2,0,0,0,1.0,0,0,0,0,0,0,1,1,0,0,0,0,2
vp_36334_case_002,21,38,50,36.36363636363637,중반,0,0,1,1,0,0,0,1.0,0,0,0,0,0,0,0,1,0,0,0,0,1
vp_36334_case_002,29,44,56,43.93939393939394,중반,1,1,2,1,0,0,0,1.0,0,0,0,1,0,0,1,0,0,0,0,0,2
vp_36334_case_002,39,50,65,51.515151515151516,중반,1,1,3,1,0,0,0,1.0,0,0,0,1,0,0,1,0,0,0,0,0,2
vp_36334_case_002,45,56,72,59.09090909090909,중반,1,1,2,1,0,0,0,1.0,0,0,0,1,0,0,1,0,0,0,0,0,2
vp_36334_case_002,51,65,81,66.66666666666666,후반,1,1,4,2,0,0,0,1.0,0,0,0,1,0,0,1,0,0,0,1,0,3
vp_36334_case_002,58,72,90,74.24242424242425,후반,0,0,4,2,0,0,0,1.0,0,0,0,0,0,0,1,0,0,0,1,0,2
vp_36334_case_002,67,81,99,81.81818181818183,후반,0,0,1,1,0,0,0,1.0,0,0,0,0,0,0,0,0,0,0,1,0,1
vp_36334_case_002,74,90,102,89.39393939393939,후반,0,0,3,3,0,0,0,1.0,0,0,0,0,0,0,0,1,0,1,0,0,2
vp_36334_case_002,85,99,102,96.96969696969697,후반,0,0,6,5,0,0,0,1.0,0,0,0,0,0,0,1,1,1,1,0,0,4
vp_36334_case_004,1,20,37,12.676056338028168,초반,0,0,4,2,0,0,0,1.0,0,0,0,0,0,0,1,0,0,1,0,0,2
vp_36334_case_004,11,29,47,19.718309859154928,초반,1,1,2,2,0,0,0,1.0,0,0,0,1,0,0,1,0,1,0,0,0,3
vp_36334_case_004,21,37,53,26.76056338028169,초반,1,1,4,2,0,0,0,1.0,0,0,0,1,0,0,1,0,1,0,0,0,3
vp_36334_case_004,31,47,61,33.80281690140845,중반,0,0,3,3,0,0,0,1.0,0,0,0,0,0,0,1,1,1,0,0,0,3
vp_36334_case_004,39,53,71,40.845070422535215,중반,0,0,3,2,0,0,0,1.0,0,0,0,0,0,0,0,1,0,0,0,1,2
vp_36334_case_004,48,61,77,47.88732394366197,중반,0,0,2,2,0,0,0,1.0,0,0,0,0,0,0,0,1,0,0,0,1,2
vp_36334_case_004,54,71,85,54.929577464788736,중반,2,2,5,2,0,0,0,1.0,0,0,0,1,0,0,1,1,0,0,0,0,3
vp_36334_case_004,62,77,91,61.97183098591549,중반,2,2,8,2,0,0,0,1.0,0,0,0,1,0,0,1,1,0,0,0,0,3
vp_36334_case_004,72,85,97,69.01408450704226,후반,1,1,6,2,0,0,0,1.0,0,0,0,1,0,0,1,1,0,0,0,0,3
vp_36334_case_004,79,91,105,76.05633802816901,후반,1,1,5,2,0,0,0,1.0,0,0,0,1,0,0,1,1,0,0,0,0,3
vp_36334_case_004,86,97,113,83.09859154929578,후반,0,0,3,1,0,0,0,1.0,0,0,0,0,0,0,0,1,0,0,0,0,1
vp_36334_case_004,92,105,115,90.14084507042254,후반,0,0,4,2,0,0,0,1.0,0,0,0,0,0,0,1,1,0,0,0,0,2
vp_36334_case_004,98,113,115,97.1830985915493,후반,2,2,4,2,0,0,0,1.0,0,0,0,1,0,0,1,1,0,0,0,0,3
vp_36335_case_001,1,10,20,12.676056338028168,초반,0,0,0,0,0,1,0,0.5,0,0,0,0,1,0,0,0,0,0,0,0,1
vp_36335_case_001,6,15,25,19.718309859154928,초반,0,0,1,1,0,1,0,0.7,0,0,0,0,1,0,0,0,1,0,0,0,2
vp_36335_case_001,11,20,30,26.76056338028169,초반,2,2,4,3,0,1,0,0.8,0,0,0,1,1,0,1,1,1,0,0,0,5
vp_36335_case_001,16,25,35,33.80281690140845,중반,2,2,5,3,0,3,0,0.6,0,0,0,1,1,0,1,1,1,0,0,0,5
vp_36335_case_001,21,30,40,40.845070422535215,중반,1,1,4,2,0,2,0,0.7,0,0,0,1,1,0,1,0,0,1,0,0,4
vp_36335_case_001,26,35,45,47.88732394366197,중반,1,1,2,2,0,0,0,0.8,0,0,0,1,0,0,1,0,0,1,0,0,3
vp_36335_case_001,31,40,50,54.929577464788736,중반,0,0,0,0,0,2,0,0.7,0,0,0,0,1,0,0,0,0,0,0,0,1
vp_36335_case_001,36,45,55,61.97183098591549,중반,0,0,0,0,0,2,0,0.6,0,0,0,0,1,0,0,0,0,0,0,0,1
vp_36335_case_001,41,50,60,69.01408450704226,후반,0,0,2,2,0,0,0,0.8,0,0,0,0,0,0,0,1,1,0,0,0,2
vp_36335_case_001,46,55,65,76.05633802816901,후반,0,0,2,2,0,0,0,1.0,0,0,0,0,0,0,0,1,1,0,0,0,2
vp_36335_case_001,51,60,70,83.09859154929578,후반,0,0,1,1,0,0,0,1.0,0,0,0,0,0,0,0,0,1,0,0,0,1
vp_36335_case_001,56,65,72,90.14084507042254,후반,0,0,1,1,0,0,0,0.8,0,0,0,0,0,0,0,0,1,0,0,0,1
vp_36335_case_001,61,70,72,97.1830985915493,후반,0,0,0,0,0,0,0,0.7,0,0,0,0,0,0,0,0,0,0,0,0,0
vp_36337_case_001,1,10,20,36.0,중반,6,3,10,2,0,0,0,1.0,0,1,1,1,0,0,1,1,0,0,0,0,3
vp_36337_case_001,6,15,25,56.00000000000001,중반,2,2,9,4,1,0,0,1.0,1,0,0,1,0,0,1,1,0,0,1,1,5
vp_36337_case_001,11,20,26,76.0,후반,0,0,7,4,1,0,0,1.0,1,0,0,0,0,0,0,1,0,0,1,1,3
vp_36337_case_001,16,25,26,96.0,후반,0,0,5,2,0,0,0,1.0,0,0,0,0,0,0,0,1,0,0,0,0,1
vp_36338_case_001,1,14,49,42.857142857142854,중반,0,0,0,0,0,0,0,1.0,0,1,1,0,0,0,0,0,0,0,0,0,0
vp_36338_case_001,10,22,54,66.66666666666666,후반,0,0,0,0,0,0,0,1.0,0,1,1,0,0,0,0,0,0,0,0,0,0
vp_36338_case_001,16,49,54,90.47619047619048,후반,0,0,0,0,1,0,0,1.0,1,0,0,0,0,0,0,0,0,0,0,0,0
vp_36339_case_004,1,11,13,90.0,후반,0,0,6,2,0,0,0,1.0,0,0,0,0,0,0,0,0,1,1,0,0,2
vp_36339_case_005,1,14,17,75.0,후반,1,1,2,2,1,0,0,1.0,1,0,0,1,0,0,1,0,0,0,0,1,3
vp_36340_case_001,1,10,20,25.0,초반,3,2,5,2,1,0,0,1.0,1,0,0,1,0,0,1,0,1,0,0,0,3
vp_36340_case_001,6,15,25,38.88888888888889,중반,1,1,2,2,0,0,0,1.0,0,0,0,1,0,0,1,0,1,0,0,0,3
vp_36340_case_001,11,20,30,52.77777777777778,중반,0,0,2,1,0,0,0,1.0,0,0,0,0,0,0,0,0,1,0,0,0,1
vp_36340_case_001,16,25,35,66.66666666666666,후반,0,0,2,1,0,0,0,1.0,0,0,0,0,0,0,0,0,1,0,0,0,1
vp_36340_case_001,21,30,37,80.55555555555556,후반,0,0,5,3,0,0,0,1.0,0,0,0,0,0,0,0,1,1,1,0,0,3
vp_36340_case_001,26,35,37,94.44444444444444,후반,0,0,5,3,0,1,0,0.8,0,0,0,0,1,0,0,1,1,1,0,0,4
vp_36341_case_001,1,16,18,90.0,후반,3,3,12,3,0,0,0,1.0,0,0,0,1,0,0,1,1,1,0,0,0,4
vp_36342_case_001,1,16,31,47.368421052631575,중반,3,3,5,3,0,0,0,1.0,0,0,0,1,0,0,1,1,1,0,0,0,4
vp_36342_case_001,12,23,31,73.68421052631578,후반,3,2,5,2,0,0,0,1.0,0,0,0,1,0,0,1,1,0,0,0,0,3
vp_36342_case_004,1,13,31,25.0,초반,0,0,3,2,0,0,0,1.0,0,0,0,0,0,0,0,1,0,0,1,0,2
vp_36342_case_004,8,22,37,38.88888888888889,중반,0,0,3,1,0,0,0,1.0,0,0,0,0,0,0,0,1,0,0,0,0,1
vp_36342_case_004,15,31,43,52.77777777777778,중반,1,1,3,2,0,0,0,1.0,0,0,0,1,0,0,1,1,0,0,0,0,3
vp_36342_case_004,23,37,51,66.66666666666666,후반,1,1,4,3,0,0,0,1.0,0,0,0,1,0,0,1,1,1,0,0,0,4
vp_36342_case_004,32,43,54,80.55555555555556,후반,0,0,2,2,0,0,0,1.0,0,0,0,0,0,0,0,1,1,0,0,0,2
vp_36342_case_004,38,51,54,94.44444444444444,후반,0,0,1,1,0,0,0,1.0,0,0,0,0,0,0,0,1,0,0,0,0,1
vp_36343_case_001,1,18,32,12.5,초반,2,1,8,3,0,0,0,1.0,0,0,0,1,0,0,1,1,1,0,0,0,4
vp_36343_case_001,11,26,40,19.444444444444446,초반,1,1,5,2,0,0,0,1.0,0,0,0,1,0,0,1,1,0,0,0,0,3
vp_36343_case_001,19,32,47,26.38888888888889,초반,0,0,5,3,0,0,0,1.0,0,1,1,0,0,0,0,1,1,0,1,0,3
vp_36343_case_001,27,40,55,33.33333333333333,중반,0,0,4,3,0,0,0,1.0,0,1,1,0,0,0,0,1,1,0,1,0,3
vp_36343_case_001,34,47,64,40.27777777777778,중반,0,0,1,1,1,0,0,1.0,1,1,1,0,0,0,0,1,0,0,0,0,1
vp_36343_case_001,42,55,69,47.22222222222222,중반,0,0,2,1,1,0,0,1.0,1,1,1,0,0,0,0,1,0,0,0,0,1
vp_36343_case_001,49,64,76,54.166666666666664,중반,0,0,3,3,1,0,0,1.0,1,0,0,0,0,0,1,1,0,0,0,1,3
vp_36343_case_001,57,69,85,61.111111111111114,중반,1,1,4,2,2,0,0,1.0,1,0,0,1,0,0,1,0,0,0,0,1,3
vp_36343_case_001,65,76,93,68.05555555555556,후반,2,2,7,4,1,0,0,1.0,0,0,0,1,0,0,1,1,1,0,1,0,5
vp_36343_case_001,71,85,101,75.0,후반,1,1,7,5,0,0,0,1.0,0,0,0,1,0,0,1,1,1,1,1,0,6
vp_36343_case_001,78,93,108,81.94444444444444,후반,1,1,4,4,0,0,0,1.0,0,0,0,1,0,0,1,1,1,1,0,0,5
vp_36343_case_001,86,101,112,88.88888888888889,후반,1,1,2,2,0,0,0,1.0,0,0,0,1,0,0,1,1,0,0,0,0,3
vp_36343_case_001,94,108,112,95.83333333333334,후반,0,0,0,0,0,0,0,1.0,0,0,0,0,0,0,0,0,0,0,0,0,0
vp_36344_case_001,1,11,22,19.565217391304348,초반,1,1,2,1,0,0,0,1.0,0,1,1,1,0,0,0,1,0,0,0,0,2
vp_36344_case_001,7,16,27,30.434782608695656,초반,0,0,1,1,0,0,0,1.0,0,1,1,0,0,0,0,1,0,0,0,0,1
vp_36344_case_001,12,22,32,41.30434782608695,중반,0,0,0,0,1,0,0,1.0,1,0,0,0,0,0,0,0,0,0,0,0,0
vp_36344_case_001,18,27,38,52.17391304347826,중반,0,0,3,1,1,0,0,1.0,1,0,0,0,0,0,0,1,0,0,0,0,1
vp_36344_case_001,23,32,45,63.04347826086957,중반,2,2,4,2,0,0,0,1.0,0,0,0,1,0,0,1,1,0,0,0,0,3
vp_36344_case_001,28,38,52,73.91304347826086,후반,3,2,1,1,0,0,0,1.0,0,0,0,1,0,0,1,0,0,0,0,0,2
vp_36344_case_001,33,45,54,84.78260869565217,후반,2,2,2,1,0,0,0,1.0,0,0,0,1,0,0,0,1,0,0,0,0,2
vp_36344_case_001,40,52,54,95.65217391304348,후반,1,1,3,2,0,0,0,1.0,0,0,0,1,0,0,0,1,0,0,0,0,2
vp_36345_case_001,1,17,30,19.148936170212767,초반,3,3,9,3,0,0,0,1.0,0,0,0,1,0,0,1,1,1,0,0,0,4
vp_36345_case_001,10,24,40,29.78723404255319,초반,1,1,5,3,0,0,0,1.0,0,0,0,1,0,0,1,1,1,0,0,0,4
vp_36345_case_001,18,30,48,40.42553191489361,중반,0,0,5,3,0,0,0,1.0,0,0,0,0,0,0,1,1,1,0,0,0,3
vp_36345_case_001,25,40,55,51.06382978723404,중반,3,2,7,4,0,0,0,1.0,0,0,0,1,0,0,1,1,1,0,1,0,5
vp_36345_case_001,32,48,64,61.702127659574465,중반,3,2,6,5,0,0,0,1.0,0,0,0,1,0,0,1,1,1,1,1,0,6
vp_36345_case_001,42,55,77,72.3404255319149,후반,2,1,6,4,0,0,0,1.0,0,1,1,1,0,0,1,1,1,1,0,0,5
vp_36345_case_001,49,64,81,82.97872340425532,후반,2,1,5,4,0,0,0,1.0,0,1,1,1,0,0,1,1,1,1,0,0,5
vp_36345_case_001,57,77,81,93.61702127659575,후반,0,0,3,3,1,0,0,1.0,1,0,0,0,0,0,0,1,0,1,0,1,3
vp_36346_case_001,4,16,29,10.975609756097562,초반,3,3,4,3,0,0,0,1.0,0,0,0,1,0,0,1,1,1,0,0,0,4
vp_36346_case_001,11,23,36,17.073170731707318,초반,3,3,4,3,0,0,0,1.0,0,0,0,1,0,0,1,1,1,0,0,0,4
vp_36346_case_001,17,29,41,23.170731707317074,초반,1,1,3,1,0,0,0,1.0,0,0,0,1,0,0,1,0,0,0,0,0,2
vp_36346_case_001,24,36,47,29.268292682926827,초반,1,1,2,1,0,0,0,1.0,0,0,0,1,0,0,1,0,0,0,0,0,2
vp_36346_case_001,31,41,52,35.36585365853659,중반,0,0,2,1,0,0,0,1.0,0,0,0,0,0,0,0,1,0,0,0,0,1
vp_36346_case_001,37,47,57,41.46341463414634,중반,0,0,5,2,0,0,0,1.0,0,0,0,0,0,0,0,1,1,0,0,0,2
vp_36346_case_001,42,52,62,47.5609756097561,중반,0,0,4,2,0,0,0,1.0,0,0,0,0,0,0,0,1,1,0,0,0,2
vp_36346_case_001,48,57,67,53.65853658536586,중반,0,0,3,2,0,0,0,1.0,0,0,0,0,0,0,0,1,1,0,0,0,2
vp_36346_case_001,53,62,72,59.756097560975604,중반,0,0,4,2,0,0,0,1.0,0,0,0,0,0,0,1,1,0,0,0,0,2
vp_36346_case_001,58,67,79,65.85365853658537,중반,0,0,3,3,0,0,0,1.0,0,0,0,0,0,0,1,1,0,1,0,0,3
vp_36346_case_001,63,72,87,71.95121951219512,후반,0,0,1,1,0,0,0,1.0,0,0,0,0,0,0,0,0,0,1,0,0,1
vp_36346_case_001,68,79,93,78.04878048780488,후반,1,1,0,0,0,0,0,1.0,0,0,0,1,0,0,0,0,0,0,0,0,1
vp_36346_case_001,73,87,103,84.14634146341463,후반,1,1,0,0,0,0,0,1.0,0,0,0,1,0,0,0,0,0,0,0,0,1
vp_36346_case_001,81,93,112,90.2439024390244,후반,1,1,3,1,0,0,0,1.0,0,0,0,1,0,0,1,0,0,0,0,0,2
vp_36346_case_001,88,103,112,96.34146341463415,후반,2,1,6,1,0,0,0,1.0,0,0,0,1,0,0,1,0,0,0,0,0,2
vp_36347_case_001,1,14,33,15.789473684210526,초반,4,3,5,2,0,0,0,1.0,0,0,0,1,0,0,1,0,1,0,0,0,3
vp_36347_case_001,8,23,40,24.561403508771928,초반,1,1,5,4,0,0,0,1.0,0,0,0,1,0,0,1,1,1,0,0,1,5
vp_36347_case_001,15,33,49,33.33333333333333,중반,2,1,5,4,0,0,0,1.0,0,0,0,1,0,0,1,1,1,0,0,1,5
vp_36347_case_001,25,40,64,42.10526315789473,중반,2,1,4,2,0,0,0,1.0,0,0,0,1,0,0,1,0,1,0,0,0,3
vp_36347_case_001,34,49,77,50.877192982456144,중반,0,0,4,2,0,0,0,1.0,0,0,0,0,0,0,0,0,1,0,0,0,1
vp_36347_case_001,42,64,84,59.64912280701754,중반,0,0,3,3,0,0,0,1.0,0,0,0,0,0,0,1,0,1,0,0,0,2
vp_36347_case_001,54,77,95,68.42105263157895,후반,0,0,1,1,0,0,0,1.0,0,0,0,0,0,0,1,0,0,0,0,0,1
vp_36347_case_001,71,84,106,77.19298245614034,후반,0,0,2,2,0,0,0,1.0,0,0,0,0,0,0,1,0,1,0,0,0,2
vp_36347_case_001,78,95,110,85.96491228070175,후반,0,0,2,2,0,0,0,1.0,0,0,0,0,0,0,1,0,1,0,0,0,2
vp_36347_case_001,90,106,110,94.73684210526315,후반,0,0,0,0,0,0,0,1.0,0,0,0,0,0,0,0,0,0,0,0,0,0
vp_36348_case_001,2,14,28,10.975609756097562,초반,2,2,3,2,1,0,0,1.0,1,0,0,1,0,0,1,0,1,0,0,0,3
vp_36348_case_001,8,21,33,17.073170731707318,초반,2,2,4,3,1,0,0,1.0,1,0,0,1,0,0,1,1,1,0,0,0,4
vp_36348_case_001,15,28,39,23.170731707317074,초반,1,1,4,2,0,0,0,1.0,0,0,0,1,0,0,1,1,0,0,0,0,3
vp_36348_case_001,22,33,45,29.268292682926827,초반,0,0,1,1,0,0,0,1.0,0,0,0,0,0,0,1,0,0,0,0,0,1
vp_36348_case_001,29,39,53,35.36585365853659,중반,0,0,1,1,0,0,0,1.0,0,0,0,0,0,0,0,0,1,0,0,0,1
vp_36348_case_001,35,45,61,41.46341463414634,중반,0,0,1,1,0,0,0,1.0,0,0,0,0,0,0,0,0,1,0,0,0,1
vp_36348_case_001,40,53,68,47.5609756097561,중반,0,0,0,0,0,0,0,1.0,0,0,0,0,0,0,0,0,0,0,0,0,0
vp_36348_case_001,47,61,75,53.65853658536586,중반,0,0,0,0,0,0,0,1.0,0,0,0,0,0,0,0,0,0,0,0,0,0
vp_36348_case_001,54,68,82,59.756097560975604,중반,1,1,1,1,0,0,0,1.0,0,1,1,1,0,0,0,1,0,0,0,0,2
vp_36348_case_001,62,75,90,65.85365853658537,중반,1,1,1,1,0,0,0,1.0,0,1,1,1,0,0,0,1,0,0,0,0,2
vp_36348_case_001,69,82,98,71.95121951219512,후반,0,0,1,1,1,0,0,1.0,1,0,0,0,0,0,0,0,1,0,0,0,1
vp_36348_case_001,77,90,104,78.04878048780488,후반,0,0,2,2,1,0,0,1.0,1,0,0,0,0,0,0,1,1,0,0,0,2
vp_36348_case_001,84,98,114,84.14634146341463,후반,0,0,2,1,0,0,0,1.0,0,0,0,0,0,0,0,1,0,0,0,0,1
vp_36348_case_001,92,104,121,90.2439024390244,후반,1,1,2,2,0,0,0,1.0,0,0,0,1,0,0,1,1,0,0,0,0,3
vp_36348_case_001,99,114,121,96.34146341463415,후반,1,1,2,2,0,0,0,1.0,0,0,0,1,0,0,1,1,0,0,0,0,3
vp_36349_case_001,1,16,31,27.27272727272727,초반,3,2,4,2,0,0,0,1.0,0,0,0,1,0,0,1,0,1,0,0,0,3
vp_36349_case_001,10,26,36,42.42424242424242,중반,2,2,1,1,0,0,0,1.0,0,0,0,1,0,0,1,0,0,0,0,0,2
vp_36349_case_001,17,31,42,57.57575757575758,중반,0,0,0,0,0,0,0,1.0,0,0,0,0,0,0,0,0,0,0,0,0,0
vp_36349_case_001,27,36,46,72.72727272727273,후반,0,0,1,1,0,0,0,1.0,0,0,0,0,0,0,0,0,0,0,1,0,1
vp_36349_case_001,32,42,46,87.87878787878788,후반,0,0,5,2,0,0,0,1.0,0,0,0,0,0,0,0,1,0,0,1,0,2
vp_36349_case_002,1,16,36,9.782608695652174,초반,0,0,1,1,0,0,0,1.0,0,0,0,0,0,0,0,0,0,0,1,0,1
vp_36349_case_002,8,28,43,15.217391304347828,초반,0,0,2,2,0,0,0,1.0,0,0,0,0,0,0,0,1,0,0,1,0,2
vp_36349_case_002,17,36,52,20.652173913043477,초반,1,1,3,3,0,0,0,1.0,0,0,0,1,0,0,1,1,0,0,1,0,4
vp_36349_case_002,31,43,57,26.08695652173913,초반,1,1,1,1,0,0,0,1.0,0,0,0,1,0,0,1,0,0,0,0,0,2
vp_36349_case_002,38,52,64,31.521739130434785,초반,0,0,0,0,0,0,0,1.0,0,0,0,0,0,0,0,0,0,0,0,0,0
vp_36349_case_002,44,57,77,36.95652173913043,중반,0,0,0,0,0,0,0,1.0,0,0,0,0,0,0,0,0,0,0,0,0,0
vp_36349_case_002,53,64,89,42.391304347826086,중반,0,0,1,1,0,0,0,1.0,0,0,0,0,0,0,0,0,1,0,0,0,1
vp_36349_case_002,58,77,94,47.82608695652174,중반,0,0,2,2,0,0,0,1.0,0,0,0,0,0,0,0,1,1,0,0,0,2
vp_36349_case_002,65,89,99,53.2608695652174,중반,0,0,1,1,0,0,0,1.0,0,0,0,0,0,0,0,1,0,0,0,0,1
vp_36349_case_002,78,94,104,58.69565217391305,중반,0,0,0,0,0,0,0,1.0,0,0,0,0,0,0,0,0,0,0,0,0,0
vp_36349_case_002,90,99,112,64.13043478260869,중반,1,1,2,2,0,0,0,1.0,0,0,0,1,0,0,1,0,1,0,0,0,3
vp_36349_case_002,95,104,118,69.56521739130434,후반,1,1,3,2,0,0,0,1.0,0,0,0,1,0,0,1,0,1,0,0,0,3
vp_36349_case_002,100,112,129,75.0,후반,0,0,2,1,0,0,0,1.0,0,0,0,0,0,0,1,0,0,0,0,0,1
vp_36349_case_002,105,118,134,80.43478260869566,후반,0,0,3,1,0,0,0,1.0,0,0,0,0,0,0,1,0,0,0,0,0,1
vp_36349_case_002,113,129,146,85.86956521739131,후반,0,0,3,1,0,0,0,1.0,0,0,0,0,0,0,1,0,0,0,0,0,1
vp_36349_case_002,122,134,149,91.30434782608695,후반,0,0,1,1,0,0,0,1.0,0,0,0,0,0,0,1,0,0,0,0,0,1
vp_36349_case_002,130,146,149,96.73913043478261,후반,0,0,1,1,0,0,0,1.0,0,0,0,0,0,0,1,0,0,0,0,0,1
vp_36350_case_001,1,11,28,15.0,초반,3,1,11,3,0,0,0,1.0,0,0,0,1,0,0,1,1,1,0,0,0,4
vp_36350_case_001,6,21,39,23.333333333333332,초반,1,1,7,4,0,0,0,1.0,0,0,0,1,0,0,1,1,1,1,0,0,5
vp_36350_case_001,13,28,47,31.666666666666664,초반,1,1,3,3,0,0,0,1.0,0,0,0,1,0,0,1,0,1,1,0,0,4
vp_36350_case_001,22,39,56,40.0,중반,2,1,3,2,0,0,0,1.0,0,0,0,1,0,0,1,0,1,0,0,0,3
vp_36350_case_001,31,47,65,48.333333333333336,중반,2,1,3,1,0,0,0,1.0,0,0,0,1,0,0,1,0,0,0,0,0,2
vp_36350_case_001,41,56,73,56.666666666666664,중반,1,1,2,1,0,0,0,1.0,0,0,0,1,0,0,1,0,0,0,0,0,2
vp_36350_case_001,49,65,82,65.0,중반,0,0,1,1,0,0,0,1.0,0,0,0,0,0,0,0,1,0,0,0,0,1
vp_36350_case_001,58,73,91,73.33333333333333,후반,0,0,1,1,0,0,0,1.0,0,0,0,0,0,0,0,1,0,0,0,0,1
vp_36350_case_001,67,82,102,81.66666666666667,후반,0,0,0,0,0,0,0,1.0,0,0,0,0,0,0,0,0,0,0,0,0,0
vp_36350_case_001,75,91,104,90.0,후반,0,0,0,0,0,0,0,1.0,0,0,0,0,0,0,0,0,0,0,0,0,0
vp_36350_case_001,83,102,104,98.33333333333333,후반,1,1,2,2,0,0,0,1.0,0,0,0,1,0,0,1,0,1,0,0,0,3
vp_36351_case_001,1,10,20,26.47058823529412,초반,3,2,4,3,0,0,0,0.6,0,0,0,1,0,0,1,0,1,0,0,1,4
vp_36351_case_001,6,15,25,41.17647058823529,중반,2,1,5,3,0,2,0,0.6,0,0,0,1,1,0,1,0,1,0,1,0,5
vp_36351_case_001,11,20,30,55.88235294117647,중반,1,1,4,3,0,3,0,0.6,0,0,0,1,1,0,1,0,1,0,1,0,5
vp_36351_case_001,16,25,35,70.58823529411765,후반,0,0,2,2,0,1,0,0.4,0,0,0,0,1,0,0,1,0,0,1,0,3
vp_36351_case_001,21,30,35,85.29411764705883,후반,0,0,4,4,1,0,0,0.6,0,0,0,0,0,0,1,1,0,0,1,1,4
vp_36351_case_002,1,10,18,52.94117647058824,중반,2,2,4,2,0,1,0,0.5,0,0,0,1,1,0,1,1,0,0,0,0,4
vp_36351_case_002,6,15,18,82.35294117647058,후반,1,1,3,2,0,1,0,0.5,0,0,0,1,1,0,1,1,0,0,0,0,4
vp_36352_case_001,1,10,20,20.930232558139537,초반,0,0,3,3,0,0,0,0.7,0,0,0,0,0,0,0,1,1,1,0,0,3
vp_36352_case_001,6,15,25,32.55813953488372,초반,2,2,3,3,0,0,0,0.8,0,0,0,1,0,0,1,1,0,1,0,0,4
vp_36352_case_001,11,20,30,44.18604651162791,중반,2,2,2,2,0,0,0,0.8,0,0,0,1,0,0,1,1,0,0,0,0,3
vp_36352_case_001,16,25,35,55.81395348837209,중반,1,1,1,1,0,0,0,0.7,0,0,0,1,0,0,1,0,0,0,0,0,2
vp_36352_case_001,21,30,40,67.44186046511628,후반,1,1,2,2,0,0,0,0.5,0,0,0,1,0,0,1,0,1,0,0,0,3
vp_36352_case_001,26,35,44,79.06976744186046,후반,2,1,4,2,0,0,0,0.5,0,0,0,1,0,0,1,0,1,0,0,0,3
vp_36352_case_001,31,40,44,90.69767441860465,후반,3,1,4,1,0,0,0,0.7,0,0,0,1,0,0,1,0,0,0,0,0,2
vp_36352_case_003,1,10,20,22.5,초반,1,1,1,1,0,0,0,0.5,0,0,0,1,0,0,1,0,0,0,0,0,2
vp_36352_case_003,6,15,25,35.0,중반,2,1,2,1,0,0,0,0.6,0,0,0,1,0,0,1,0,0,0,0,0,2
vp_36352_case_003,11,20,30,47.5,중반,2,1,2,1,0,0,0,0.6,0,0,0,1,0,0,1,0,0,0,0,0,2
vp_36352_case_003,16,25,35,60.0,중반,1,1,1,1,0,0,0,0.5,0,0,0,1,0,0,1,0,0,0,0,0,2
vp_36352_case_003,21,30,40,72.5,후반,0,0,1,1,0,0,0,0.6,0,0,0,0,0,0,1,0,0,0,0,0,1
vp_36352_case_003,26,35,41,85.0,후반,0,0,1,1,0,3,0,0.4,0,0,0,0,1,0,1,0,0,0,0,0,2
vp_36352_case_003,31,40,41,97.5,후반,0,0,0,0,0,3,0,0.2,0,0,0,0,1,0,0,0,0,0,0,0,1
vp_36353_case_001,1,10,20,13.846153846153847,초반,0,0,0,0,0,0,0,0.5,0,0,0,0,0,0,0,0,0,0,0,0,0
vp_36353_case_001,6,15,25,21.53846153846154,초반,2,2,2,2,0,0,0,0.7,0,0,0,1,0,0,1,0,1,0,0,0,3
vp_36353_case_001,11,20,30,29.230769230769234,초반,3,3,2,2,0,0,0,0.5,0,0,0,1,0,0,1,0,1,0,0,0,3
vp_36353_case_001,16,25,35,36.92307692307693,중반,2,2,3,3,0,1,0,0.5,0,0,0,1,1,0,1,0,1,0,1,0,5
vp_36353_case_001,21,30,40,44.61538461538462,중반,1,1,3,3,0,1,0,0.6,0,0,0,1,1,0,1,0,1,0,1,0,5
vp_36353_case_001,26,35,45,52.307692307692314,중반,0,0,1,1,0,0,0,0.5,0,0,0,0,0,0,1,0,0,0,0,0,1
vp_36353_case_001,31,40,50,60.0,중반,0,0,1,1,0,0,0,0.4,0,0,0,0,0,0,1,0,0,0,0,0,1
vp_36353_case_001,36,45,55,67.6923076923077,후반,0,0,0,0,0,1,0,0.5,0,0,0,0,1,0,0,0,0,0,0,0,1
vp_36353_case_001,41,50,60,75.38461538461539,후반,0,0,1,1,0,1,0,0.6,0,0,0,0,1,0,0,1,0,0,0,0,2
vp_36353_case_001,46,55,65,83.07692307692308,후반,0,0,2,2,0,0,0,0.6,0,0,0,0,0,0,0,1,0,0,1,0,2
vp_36353_case_001,51,60,66,90.76923076923077,후반,0,0,3,3,1,0,0,0.6,0,0,0,0,0,0,1,0,0,0,1,1,3
vp_36353_case_001,56,65,66,98.46153846153847,후반,0,0,2,2,1,0,0,0.6,0,0,0,0,0,0,1,0,0,0,0,1,2
vp_36353_case_002,1,10,20,5.232558139534884,초반,0,0,2,2,0,1,0,0.4,0,0,0,0,1,0,0,1,0,0,1,0,3
vp_36353_case_002,6,15,25,8.13953488372093,초반,0,0,2,2,0,0,1,0.4,0,0,0,0,0,1,0,1,0,0,1,0,3
vp_36353_case_002,11,20,30,11.046511627906977,초반,0,0,1,1,0,0,1,0.6,0,0,0,0,0,1,0,0,1,0,0,0,2
vp_36353_case_002,16,25,35,13.953488372093023,초반,0,0,2,2,0,0,0,0.7,0,0,0,0,0,0,0,1,1,0,0,0,2
vp_36353_case_002,21,30,40,16.86046511627907,초반,1,1,2,2,0,0,0,0.7,0,0,0,1,0,0,1,1,0,0,0,0,3
vp_36353_case_002,26,35,45,19.767441860465116,초반,1,1,2,2,0,0,0,0.6,0,0,0,1,0,0,1,1,0,0,0,0,3
vp_36353_case_002,31,40,50,22.674418604651162,초반,0,0,1,1,0,1,0,0.5,0,0,0,0,1,0,0,1,0,0,0,0,2
vp_36353_case_002,36,45,55,25.581395348837212,초반,0,0,0,0,0,2,0,0.5,0,0,0,0,1,0,0,0,0,0,0,0,1
vp_36353_case_002,41,50,60,28.488372093023255,초반,0,0,0,0,0,1,0,0.5,0,0,0,0,1,0,0,0,0,0,0,0,1
vp_36353_case_002,46,55,65,31.3953488372093,초반,0,0,0,0,0,0,0,0.5,0,0,0,0,0,0,0,0,0,0,0,0,0
vp_36353_case_002,51,60,70,34.30232558139535,중반,0,0,0,0,0,0,0,0.3,0,0,0,0,0,0,0,0,0,0,0,0,0
vp_36353_case_002,56,65,75,37.2093023255814,중반,0,0,0,0,0,0,0,0.3,0,0,0,0,0,0,0,0,0,0,0,0,0
vp_36353_case_002,61,70,80,40.116279069767444,중반,0,0,0,0,0,0,0,0.5,0,0,0,0,0,0,0,0,0,0,0,0,0
vp_36353_case_002,66,75,85,43.02325581395349,중반,0,0,1,1,0,0,0,0.6,0,0,0,0,0,0,0,0,1,0,0,0,1
vp_36353_case_002,71,80,90,45.93023255813954,중반,0,0,2,2,0,0,0,0.6,0,0,0,0,0,0,0,0,1,1,0,0,2
vp_36353_case_002,76,85,95,48.837209302325576,중반,0,0,1,1,0,0,0,0.6,0,0,0,0,0,0,0,0,0,1,0,0,1
vp_36353_case_002,81,90,100,51.74418604651163,중반,0,0,1,1,0,0,0,0.7,0,0,0,0,0,0,0,0,0,1,0,0,1
vp_36353_case_002,86,95,105,54.65116279069767,중반,2,2,2,2,0,0,0,0.7,0,0,0,1,0,0,1,0,0,1,0,0,3
vp_36353_case_002,91,100,110,57.55813953488372,중반,2,2,2,2,0,0,0,0.8,0,0,0,1,0,0,1,1,0,0,0,0,3
vp_36353_case_002,96,105,115,60.46511627906976,중반,1,1,2,2,0,0,0,0.8,0,0,0,1,0,0,1,1,0,0,0,0,3
vp_36353_case_002,101,110,120,63.372093023255815,중반,1,1,2,2,0,0,0,0.6,0,0,0,1,0,0,1,0,1,0,0,0,3
vp_36353_case_002,106,115,125,66.27906976744185,중반,0,0,3,3,0,0,0,0.6,0,0,0,0,0,0,1,0,1,0,0,1,3
vp_36353_case_002,111,120,130,69.18604651162791,후반,0,0,2,2,0,1,0,0.5,0,0,0,0,1,0,1,0,0,0,0,1,3
vp_36353_case_002,116,125,135,72.09302325581395,후반,0,0,0,0,0,1,0,0.6,0,0,0,0,1,0,0,0,0,0,0,0,1
vp_36353_case_002,121,130,140,75.0,후반,0,0,0,0,0,0,0,0.7,0,0,0,0,0,0,0,0,0,0,0,0,0
vp_36353_case_002,126,135,145,77.90697674418605,후반,0,0,0,0,0,0,0,0.6,0,0,0,0,0,0,0,0,0,0,0,0,0
vp_36353_case_002,131,140,150,80.81395348837209,후반,1,1,1,1,0,0,0,0.7,0,0,0,1,0,0,1,0,0,0,0,0,2
vp_36353_case_002,136,145,155,83.72093023255815,후반,1,1,2,1,0,1,0,0.5,0,0,0,1,1,0,1,0,0,0,0,0,3
vp_36353_case_002,141,150,160,86.62790697674419,후반,2,1,4,1,0,1,0,0.4,0,0,0,1,1,0,1,0,0,0,0,0,3
vp_36353_case_002,146,155,165,89.53488372093024,후반,2,1,3,1,0,0,0,0.5,0,0,0,1,0,0,1,0,0,0,0,0,2
vp_36353_case_002,151,160,170,92.44186046511628,후반,0,0,2,1,0,0,0,0.5,0,0,0,0,0,0,1,0,0,0,0,0,1
vp_36353_case_002,156,165,173,95.34883720930233,후반,0,0,3,1,0,0,0,0.5,0,0,0,0,0,0,1,0,0,0,0,0,1
vp_36353_case_002,161,170,173,98.25581395348837,후반,0,0,1,1,0,0,0,0.3,0,0,0,0,0,0,1,0,0,0,0,0,1
vp_36354_case_001,1,10,20,25.71428571428571,초반,1,1,1,1,0,1,2,0.6,0,0,0,1,1,1,1,0,0,0,0,0,4
vp_36354_case_001,6,15,25,40.0,중반,1,1,1,1,0,0,2,0.5,0,1,1,1,0,1,1,0,0,0,0,0,3
vp_36354_case_001,11,20,30,54.285714285714285,중반,1,1,5,4,0,1,0,0.7,0,1,1,1,1,0,1,1,1,0,1,0,6
vp_36354_case_001,16,25,35,68.57142857142857,후반,1,1,9,4,1,1,1,0.7,1,0,0,1,1,1,1,1,1,0,1,0,7
vp_36354_case_001,21,30,36,82.85714285714286,후반,0,0,7,3,1,1,2,0.6,1,0,0,0,1,1,0,1,1,0,1,0,5
vp_36354_case_001,26,35,36,97.14285714285714,후반,0,0,4,3,0,2,1,0.5,0,0,0,0,1,1,0,1,1,0,1,0,5
vp_36355_case_001,1,10,20,10.843373493975903,초반,4,3,6,2,0,0,0,0.9,0,0,0,1,0,0,1,0,1,0,0,0,3
vp_36355_case_001,6,15,25,16.867469879518072,초반,2,1,4,2,0,0,0,0.8,0,0,0,1,0,0,1,0,1,0,0,0,3
vp_36355_case_001,11,20,30,22.89156626506024,초반,1,1,7,3,0,0,0,0.9,0,0,0,1,0,0,1,1,1,0,0,0,4
vp_36355_case_001,16,25,35,28.915662650602407,초반,2,1,8,3,0,0,1,0.9,0,0,0,1,0,1,1,1,1,0,0,0,5
vp_36355_case_001,21,30,40,34.93975903614458,중반,2,1,5,3,0,0,1,0.8,0,0,0,1,0,1,1,1,1,0,0,0,5
vp_36355_case_001,26,35,45,40.963855421686745,중반,0,0,1,1,0,0,0,0.9,0,0,0,0,0,0,0,1,0,0,0,0,1
vp_36355_case_001,31,40,50,46.98795180722892,중반,0,0,0,0,0,1,0,0.8,0,0,0,0,1,0,0,0,0,0,0,0,1
vp_36355_case_001,36,45,55,53.01204819277109,중반,0,0,5,3,0,1,0,0.7,0,0,0,0,1,0,0,1,1,0,1,0,4
vp_36355_case_001,41,50,60,59.036144578313255,중반,0,0,6,3,0,0,0,0.7,0,0,0,0,0,0,0,1,1,0,1,0,3
vp_36355_case_001,46,55,65,65.06024096385542,중반,4,4,7,3,0,0,0,0.8,0,0,0,1,0,0,1,1,1,0,0,0,4
vp_36355_case_001,51,60,70,71.08433734939759,후반,5,4,9,4,0,0,0,0.9,0,0,0,1,0,0,1,1,1,0,0,0,4
vp_36355_case_001,56,65,75,77.10843373493977,후반,1,1,5,3,0,1,0,0.8,0,0,0,1,1,0,1,1,0,0,0,0,4
vp_36355_case_001,61,70,80,83.13253012048193,후반,0,0,2,2,0,2,0,0.6,0,0,0,0,1,0,1,0,0,0,0,0,2
vp_36355_case_001,66,75,84,89.1566265060241,후반,0,0,0,0,0,1,0,0.4,0,0,0,0,1,0,0,0,0,0,0,0,1
vp_36355_case_001,71,80,84,95.18072289156626,후반,0,0,1,1,0,0,0,0.6,0,0,0,0,0,0,0,0,0,0,0,0,0
vp_36356_case_001,1,14,25,30.0,초반,0,0,1,1,0,0,0,1.0,0,0,0,0,0,0,0,0,0,0,1,0,1
vp_36356_case_001,8,20,30,46.666666666666664,중반,1,1,2,2,1,0,0,1.0,0,0,0,1,0,0,1,0,0,0,1,0,3
vp_36356_case_001,15,25,37,63.33333333333333,중반,1,1,1,1,1,0,0,1.0,0,0,0,1,0,0,1,0,0,0,0,0,2
vp_36356_case_001,21,30,38,80.0,후반,0,0,2,2,0,0,0,1.0,0,0,0,0,0,0,0,1,0,0,1,0,2
vp_36356_case_001,26,37,38,96.66666666666667,후반,1,1,5,4,0,0,0,1.0,0,0,0,1,0,0,1,1,1,0,1,0,5
vp_36357_case_001,1,10,20,11.11111111111111,초반,2,2,3,3,0,1,0,0.6,0,0,0,1,1,0,1,1,0,0,0,1,5
vp_36357_case_001,6,15,25,17.28395061728395,초반,3,3,3,3,0,0,0,0.7,0,0,0,1,0,0,1,0,1,0,0,1,4
vp_36357_case_001,11,20,30,23.456790123456788,초반,4,3,3,2,0,0,0,0.5,0,0,0,1,0,0,1,0,1,0,0,0,3
vp_36357_case_001,16,25,35,29.629629629629626,초반,1,1,1,1,0,1,0,0.4,0,0,0,1,1,0,1,0,0,0,0,0,3
vp_36357_case_001,21,30,40,35.80246913580247,중반,0,0,1,1,0,2,0,0.5,0,0,0,0,1,0,1,0,0,0,0,0,2
vp_36357_case_001,26,35,45,41.9753086419753,중반,0,0,1,1,0,2,0,0.6,0,0,0,0,1,0,1,0,0,0,0,0,2
vp_36357_case_001,31,40,50,48.148148148148145,중반,0,0,2,2,1,1,0,0.6,0,0,0,0,1,0,1,0,0,0,0,1,3
vp_36357_case_001,36,45,55,54.32098765432099,중반,0,0,3,2,1,1,0,0.5,0,0,0,0,1,0,1,0,0,0,0,1,3
vp_36357_case_001,41,50,60,60.49382716049383,중반,0,0,1,1,0,1,0,0.7,0,0,0,0,1,0,1,0,0,0,0,0,2
vp_36357_case_001,46,55,65,66.66666666666666,후반,0,0,2,2,0,1,0,0.9,0,0,0,0,1,0,0,1,0,0,1,0,3
vp_36357_case_001,51,60,70,72.8395061728395,후반,0,0,2,2,0,2,0,0.7,0,0,0,0,1,0,0,1,0,0,1,0,3
vp_36357_case_001,56,65,75,79.01234567901234,후반,0,0,1,1,0,1,0,0.7,0,0,0,0,1,0,0,1,0,0,0,0,2
vp_36357_case_001,61,70,80,85.18518518518519,후반,1,1,3,3,0,0,0,0.8,0,0,0,1,0,0,1,1,1,0,0,0,4
vp_36357_case_001,66,75,82,91.35802469135803,후반,1,1,3,3,0,2,0,0.6,0,0,0,1,1,0,1,1,1,0,0,0,5
vp_36357_case_001,71,80,82,97.53086419753086,후반,0,0,1,1,0,3,0,0.4,0,0,0,0,1,0,0,1,0,0,0,0,2
vp_36358_case_001,1,10,11,90.0,후반,3,3,4,3,0,0,0,1.0,0,0,0,1,0,0,1,0,1,0,0,1,4
vp_36359_case_001,1,10,20,45.0,중반,1,1,0,0,0,0,0,0.8,0,0,0,1,0,0,0,0,0,0,0,0,1
vp_36359_case_001,6,15,21,70.0,후반,2,2,4,2,0,1,0,0.8,0,0,0,1,1,0,1,0,1,0,0,0,4
vp_36359_case_001,11,20,21,95.0,후반,2,2,4,2,0,1,2,0.6,0,0,0,1,1,1,1,0,1,0,0,0,5
vp_36360_case_001,1,10,17,56.25,중반,2,2,3,3,0,0,0,0.5,0,0,0,1,0,0,1,0,1,0,0,1,4
vp_36360_case_001,6,15,17,87.5,후반,4,3,4,2,0,0,0,0.6,0,0,0,1,0,0,1,0,1,0,0,0,3
vp_36361_case_001,1,10,14,69.23076923076923,후반,1,1,4,3,0,0,0,1.0,0,0,0,1,0,0,1,1,1,0,0,0,4
vp_36362_case_002,1,10,20,18.0,초반,3,2,7,4,0,0,0,1.0,0,0,0,1,0,0,0,1,1,0,1,1,5
vp_36362_case_002,6,15,26,28.000000000000004,초반,2,2,11,3,0,0,0,1.0,0,0,0,1,0,0,0,1,1,0,1,0,4
vp_36362_case_002,11,20,35,38.0,중반,0,0,9,3,0,0,0,1.0,0,0,0,0,0,0,0,0,1,1,1,0,3
vp_36362_case_002,16,26,43,48.0,중반,1,1,6,3,0,0,0,1.0,0,0,0,1,0,0,1,0,0,1,0,1,4
vp_36362_case_002,21,35,50,57.99999999999999,중반,1,1,3,2,0,0,0,1.0,0,0,0,1,0,0,1,0,0,0,0,1,3
vp_36362_case_002,28,43,60,68.0,후반,0,0,2,2,0,0,0,1.0,0,0,0,0,0,0,1,1,0,0,0,0,2
vp_36362_case_002,36,50,65,78.0,후반,0,0,2,2,0,0,0,1.0,0,0,0,0,0,0,0,1,1,0,0,0,2
vp_36362_case_002,44,60,66,88.0,후반,0,0,4,3,0,0,0,1.0,0,0,0,0,0,0,0,1,1,1,0,0,3
vp_36362_case_002,51,65,66,98.0,후반,0,0,4,2,0,0,0,1.0,0,0,0,0,0,0,0,1,0,1,0,0,2
vp_36362_case_004,1,10,20,12.857142857142856,초반,0,0,6,3,0,1,0,0.7,0,2,1,0,1,0,0,1,1,0,0,1,4
vp_36362_case_004,6,15,25,20.0,초반,1,1,12,6,1,0,0,0.9,1,1,1,1,0,0,1,1,1,0,1,1,6
vp_36362_case_004,11,20,30,27.142857142857142,초반,1,1,6,5,2,1,0,0.8,2,0,0,1,1,0,1,0,1,0,1,1,6
vp_36362_case_004,16,25,35,34.285714285714285,중반,0,0,0,0,1,2,0,0.8,1,0,0,0,1,0,0,0,0,0,0,0,1
vp_36362_case_004,21,30,40,41.42857142857143,중반,0,0,1,1,0,1,0,0.9,0,0,0,0,1,0,0,1,0,0,0,0,2
vp_36362_case_004,26,35,45,48.57142857142857,중반,0,0,4,3,0,0,0,0.9,0,0,0,0,0,0,0,1,1,0,0,1,3
vp_36362_case_004,31,40,50,55.714285714285715,중반,0,0,10,5,0,0,0,0.9,0,0,0,0,0,0,1,1,1,0,1,1,5
vp_36362_case_004,36,45,55,62.857142857142854,중반,2,2,13,4,1,0,0,1.0,0,0,0,1,0,0,1,1,1,0,1,0,5
vp_36362_case_004,41,50,60,70.0,후반,2,2,6,2,1,0,0,0.9,0,0,0,1,0,0,1,0,1,0,0,0,3
vp_36362_case_004,46,55,65,77.14285714285715,후반,0,0,4,3,0,0,0,0.8,0,0,0,0,0,0,1,1,1,0,0,0,3
vp_36362_case_004,51,60,70,84.28571428571429,후반,0,0,5,3,0,0,0,0.8,0,0,0,0,0,0,1,1,1,0,0,0,3
vp_36362_case_004,56,65,71,91.42857142857143,후반,0,0,2,2,0,3,0,0.6,0,0,0,0,1,0,1,0,0,1,0,0,3
vp_36362_case_004,61,70,71,98.57142857142858,후반,0,0,1,1,0,3,1,0.5,0,0,0,0,1,1,0,0,0,1,0,0,3
vp_36363_case_001,1,10,20,7.6923076923076925,초반,4,2,4,1,0,2,1,0.6,0,0,0,1,1,1,1,0,0,0,0,0,4
vp_36363_case_001,6,15,25,11.965811965811966,초반,4,2,5,2,0,2,1,0.7,0,0,0,1,1,1,1,1,0,0,0,0,5
vp_36363_case_001,11,20,30,16.23931623931624,초반,1,1,2,2,0,2,1,0.7,0,0,0,1,1,1,1,1,0,0,0,0,5
vp_36363_case_001,16,25,35,20.51282051282051,초반,0,0,0,0,0,1,1,0.6,0,0,0,0,1,1,0,0,0,0,0,0,2
vp_36363_case_001,21,30,40,24.786324786324787,초반,2,2,1,1,0,0,1,0.6,0,0,0,1,0,1,0,0,1,0,0,0,3
vp_36363_case_001,26,35,45,29.059829059829063,초반,2,2,1,1,0,1,0,0.7,0,0,0,1,1,0,0,0,1,0,0,0,3
vp_36363_case_001,31,40,50,33.33333333333333,중반,0,0,2,2,0,2,1,0.6,0,0,0,0,1,1,0,1,1,0,0,0,4
vp_36363_case_001,36,45,55,37.60683760683761,중반,1,1,3,3,0,2,2,0.6,0,0,0,1,1,1,1,1,1,0,0,0,6
vp_36363_case_001,41,50,60,41.88034188034188,중반,1,1,2,2,0,3,1,0.5,0,0,0,1,1,1,1,1,0,0,0,0,5
vp_36363_case_001,46,55,65,46.15384615384615,중반,0,0,1,1,0,4,0,0.4,0,0,0,0,1,0,0,1,0,0,0,0,2
vp_36363_case_001,51,60,70,50.427350427350426,중반,0,0,0,0,0,3,0,0.5,0,0,0,0,1,0,0,0,0,0,0,0,1
vp_36363_case_001,56,65,75,54.700854700854705,중반,0,0,0,0,0,2,0,0.5,0,0,0,0,1,0,0,0,0,0,0,0,1
vp_36363_case_001,61,70,80,58.97435897435898,중반,0,0,1,1,0,1,0,0.5,0,0,0,0,1,0,1,0,0,0,0,0,2
vp_36363_case_001,66,75,85,63.24786324786324,중반,0,0,1,1,0,0,1,0.5,0,0,0,0,0,1,1,0,0,0,0,0,2
vp_36363_case_001,71,80,90,67.52136752136752,후반,0,0,0,0,0,0,3,0.3,0,0,0,0,0,1,0,0,0,0,0,0,1
vp_36363_case_001,76,85,95,71.7948717948718,후반,1,1,2,1,0,0,4,0.4,0,0,0,1,0,1,1,0,0,0,0,0,3
vp_36363_case_001,81,90,100,76.06837606837607,후반,1,1,3,1,0,0,3,0.7,0,0,0,1,0,1,1,0,0,0,0,0,3
vp_36363_case_001,86,95,105,80.34188034188034,후반,0,0,1,1,0,0,1,0.7,0,0,0,0,0,1,1,0,0,0,0,0,2
vp_36363_case_001,91,100,110,84.61538461538461,후반,0,0,0,0,0,1,1,0.5,0,0,0,0,1,1,0,0,0,0,0,0,2
vp_36363_case_001,96,105,115,88.88888888888889,후반,0,0,0,0,0,1,1,0.3,0,0,0,0,1,1,0,0,0,0,0,0,2
vp_36363_case_001,101,110,118,93.16239316239316,후반,0,0,0,0,0,0,0,0.2,0,0,0,0,0,0,0,0,0,0,0,0,0
vp_36363_case_001,106,115,118,97.43589743589743,후반,0,0,0,0,0,0,0,0.4,0,0,0,0,0,0,0,0,0,0,0,0,0
vp_36364_case_001,1,10,20,14.0625,초반,3,2,5,2,1,0,2,0.7,1,0,0,1,0,1,1,0,0,0,0,1,4
vp_36364_case_001,6,15,25,21.875,초반,2,2,4,2,0,0,3,0.5,0,0,0,1,0,1,1,0,1,0,0,0,4
vp_36364_case_001,11,20,30,29.6875,초반,2,2,6,2,0,0,3,0.6,0,0,0,1,0,1,1,0,1,0,0,0,4
vp_36364_case_001,16,25,35,37.5,중반,3,2,6,2,0,0,2,0.7,0,0,0,1,0,1,1,0,1,0,0,0,4
vp_36364_case_001,21,30,40,45.3125,중반,1,1,3,2,0,1,1,0.5,0,0,0,1,1,1,1,0,1,0,0,0,5
vp_36364_case_001,26,35,45,53.125,중반,0,0,1,1,0,1,0,0.4,0,0,0,0,1,0,1,0,0,0,0,0,2
vp_36364_case_001,31,40,50,60.9375,중반,0,0,0,0,0,1,0,0.4,0,0,0,0,1,0,0,0,0,0,0,0,1
vp_36364_case_001,36,45,55,68.75,후반,1,1,0,0,0,1,0,0.5,0,0,0,1,1,0,0,0,0,0,0,0,2
vp_36364_case_001,41,50,60,76.5625,후반,1,1,1,1,0,0,0,0.6,0,0,0,1,0,0,0,1,0,0,0,0,2
vp_36364_case_001,46,55,65,84.375,후반,0,0,3,2,0,0,0,0.4,0,0,0,0,0,0,0,1,1,0,0,0,2
vp_36364_case_001,51,60,65,92.1875,후반,0,0,3,2,0,0,0,0.3,0,0,0,0,0,0,0,1,1,0,0,0,2
vp_36365_case_001,1,10,20,11.11111111111111,초반,0,0,2,2,0,2,0,0.5,0,0,0,0,1,0,0,1,1,0,0,0,3
vp_36365_case_001,6,15,25,17.28395061728395,초반,2,2,6,3,0,1,0,0.9,0,0,0,1,1,0,1,1,1,0,0,0,5
vp_36365_case_001,11,20,30,23.456790123456788,초반,3,2,7,4,0,0,0,1.0,0,0,0,1,0,0,1,1,1,1,0,0,5
vp_36365_case_001,16,25,35,29.629629629629626,초반,1,1,6,3,0,0,0,0.9,0,0,0,1,0,0,1,1,0,1,0,0,4
vp_36365_case_001,21,30,40,35.80246913580247,중반,0,0,3,3,0,1,0,0.8,0,0,0,0,1,0,1,1,0,1,0,0,4
vp_36365_case_001,26,35,45,41.9753086419753,중반,0,0,1,1,0,2,0,0.8,0,0,0,0,1,0,0,1,0,0,0,0,2
vp_36365_case_001,31,40,50,48.148148148148145,중반,0,0,1,1,0,1,0,0.7,0,0,0,0,1,0,0,1,0,0,0,0,2
vp_36365_case_001,36,45,55,54.32098765432099,중반,0,0,0,0,0,0,0,0.8,0,0,0,0,0,0,0,0,0,0,0,0,0
vp_36365_case_001,41,50,60,60.49382716049383,중반,0,0,2,2,0,0,0,1.0,0,0,0,0,0,0,0,1,1,0,0,0,2
vp_36365_case_001,46,55,65,66.66666666666666,후반,0,0,3,2,0,0,0,1.0,0,0,0,0,0,0,0,1,1,0,0,0,2
vp_36365_case_001,51,60,70,72.8395061728395,후반,0,0,5,4,0,0,0,1.0,0,0,0,0,0,0,0,1,1,1,1,0,4
vp_36365_case_001,56,65,75,79.01234567901234,후반,0,0,5,4,0,0,0,1.0,0,0,0,0,0,0,0,1,1,1,1,0,4
vp_36365_case_001,61,70,80,85.18518518518519,후반,0,0,4,3,0,0,0,1.0,0,0,0,0,0,0,0,1,1,0,1,0,3
vp_36365_case_001,66,75,82,91.35802469135803,후반,0,0,7,2,0,0,0,1.0,0,0,0,0,0,0,0,1,1,0,0,0,2
vp_36365_case_001,71,80,82,97.53086419753086,후반,0,0,7,2,0,0,0,1.0,0,0,0,0,0,0,0,1,1,0,0,0,2
vp_36365_case_002,1,10,20,36.0,중반,1,1,5,3,0,0,0,0.8,0,1,1,1,0,0,1,1,1,0,0,0,4
vp_36365_case_002,6,15,25,56.00000000000001,중반,0,0,3,3,0,0,0,0.9,0,1,1,0,0,0,1,1,1,0,0,0,3
vp_36365_case_002,11,20,26,76.0,후반,0,0,3,3,1,0,0,0.9,1,0,0,0,0,0,1,1,0,0,1,0,3
vp_36365_case_002,16,25,26,96.0,후반,0,0,1,1,2,0,0,0.7,1,0,0,0,0,0,0,0,0,0,1,0,1
vp_36367_case_002,1,10,20,45.0,중반,3,2,9,3,3,1,0,0.8,2,1,1,1,1,0,1,0,0,0,0,1,4
vp_36367_case_002,6,15,21,70.0,후반,2,2,12,5,3,1,0,0.8,2,0,0,1,1,0,1,1,0,0,1,1,6
vp_36367_case_002,11,20,21,95.0,후반,3,2,9,5,1,2,0,0.6,1,0,0,1,1,0,1,1,0,0,1,1,6
vp_36367_case_004,2,19,32,7.758620689655173,초반,3,3,3,2,2,0,0,1.0,2,0,0,1,0,0,1,1,0,0,0,0,3
vp_36367_case_004,13,26,38,12.068965517241379,초반,5,4,6,2,1,0,0,1.0,1,0,0,1,0,0,1,1,0,0,0,0,3
vp_36367_case_004,20,32,43,16.379310344827587,초반,3,3,4,3,0,0,0,1.0,0,0,0,1,0,0,1,1,1,0,0,0,4
vp_36367_case_004,27,38,48,20.689655172413794,초반,0,0,7,4,0,0,0,1.0,0,0,0,0,0,0,1,1,1,0,1,0,4
vp_36367_case_004,34,43,53,25.0,초반,4,3,10,3,0,0,0,1.0,0,0,0,1,0,0,1,1,0,0,1,0,4
vp_36367_case_004,39,48,59,29.310344827586203,초반,4,3,7,4,0,0,0,1.0,0,0,0,1,0,0,1,1,1,0,1,0,5
vp_36367_case_004,44,53,64,33.62068965517241,중반,2,2,8,4,0,0,0,1.0,0,0,0,1,0,0,1,1,1,0,0,0,4
vp_36367_case_004,49,59,71,37.93103448275862,중반,2,2,6,4,0,0,0,1.0,0,0,0,1,0,0,1,1,1,0,0,0,4
vp_36367_case_004,55,64,77,42.241379310344826,중반,0,0,2,2,0,0,0,1.0,0,1,1,0,0,0,0,1,0,1,0,0,2
vp_36367_case_004,60,71,82,46.55172413793103,중반,0,0,2,2,0,0,0,1.0,0,1,1,0,0,0,0,0,0,1,1,0,2
vp_36367_case_004,65,77,90,50.86206896551724,중반,0,0,5,3,1,0,0,1.0,1,0,0,0,0,0,1,1,0,0,1,0,3
vp_36367_case_004,72,82,96,55.172413793103445,중반,1,1,8,3,1,0,0,1.0,1,0,0,1,0,0,1,1,0,0,1,0,4
vp_36367_case_004,78,90,103,59.48275862068966,중반,1,1,9,3,0,0,0,1.0,0,0,0,1,0,0,1,1,0,0,1,0,4
vp_36367_case_004,84,96,110,63.793103448275865,중반,0,0,10,3,1,0,0,1.0,0,0,0,0,0,0,1,1,0,0,1,0,3
vp_36367_case_004,91,103,116,68.10344827586206,후반,0,0,9,3,1,0,0,1.0,0,0,0,0,0,0,1,1,1,0,0,0,3
vp_36367_case_004,98,110,124,72.41379310344827,후반,0,0,6,3,0,0,0,1.0,0,0,0,0,0,0,1,1,1,0,0,0,3
vp_36367_case_004,104,116,130,76.72413793103449,후반,0,0,5,3,0,0,0,1.0,0,0,0,0,0,0,1,1,1,0,0,0,3
vp_36367_case_004,111,124,138,81.03448275862068,후반,0,0,8,2,0,0,0,1.0,0,0,0,0,0,0,1,1,0,0,0,0,2
vp_36367_case_004,118,130,144,85.34482758620689,후반,0,0,7,3,1,0,0,1.0,0,0,0,0,0,0,1,1,0,0,0,0,2
vp_36367_case_004,126,138,150,89.65517241379311,후반,0,0,3,2,1,0,0,1.0,0,0,0,0,0,0,0,1,0,0,0,0,1
vp_36367_case_004,131,144,152,93.96551724137932,후반,0,0,3,2,0,0,0,1.0,0,0,0,0,0,0,0,1,0,0,0,0,1
vp_36367_case_004,139,150,152,98.27586206896551,후반,0,0,4,3,0,0,0,1.0,0,0,0,0,0,0,1,1,0,0,0,0,2
vp_36368_case_001,1,10,20,9.89010989010989,초반,4,3,11,3,0,1,0,0.8,0,0,0,1,1,0,1,1,1,0,0,0,5
vp_36368_case_001,6,15,25,15.384615384615385,초반,3,2,7,3,0,1,0,0.6,0,0,0,1,1,0,1,1,1,0,0,0,5
vp_36368_case_001,11,20,30,20.87912087912088,초반,0,0,1,1,0,0,0,0.5,0,0,0,0,0,0,0,1,0,0,0,0,1
vp_36368_case_001,16,25,35,26.373626373626376,초반,0,0,1,1,0,0,1,0.5,0,0,0,0,0,1,0,1,0,0,0,0,2
vp_36368_case_001,21,30,40,31.868131868131865,초반,0,0,2,1,0,1,1,0.5,0,0,0,0,1,1,0,0,1,0,0,0,3
vp_36368_case_001,26,35,45,37.362637362637365,중반,0,0,4,2,0,1,1,0.5,0,0,0,0,1,1,0,1,1,0,0,0,4
vp_36368_case_001,31,40,50,42.857142857142854,중반,0,0,4,3,0,0,1,0.5,0,0,0,0,0,1,0,1,1,1,0,0,4
vp_36368_case_001,36,45,55,48.35164835164835,중반,0,0,4,2,0,0,0,0.5,0,0,0,0,0,0,0,1,0,1,0,0,2
vp_36368_case_001,41,50,60,53.84615384615385,중반,0,0,2,2,0,0,0,0.5,0,0,0,0,0,0,0,1,0,1,0,0,2
vp_36368_case_001,46,55,65,59.34065934065934,중반,0,0,0,0,0,1,0,0.5,0,0,0,0,1,0,0,0,0,0,0,0,1
vp_36368_case_001,51,60,70,64.83516483516483,중반,0,0,0,0,0,3,0,0.5,0,0,0,0,1,0,0,0,0,0,0,0,1
vp_36368_case_001,56,65,75,70.32967032967034,후반,0,0,0,0,0,3,0,0.5,0,0,0,0,1,0,0,0,0,0,0,0,1
vp_36368_case_001,61,70,80,75.82417582417582,후반,1,1,1,1,0,1,0,0.5,0,0,0,1,1,0,0,0,1,0,0,0,3
vp_36368_case_001,66,75,85,81.31868131868131,후반,1,1,2,1,0,0,0,0.5,0,0,0,1,0,0,0,0,1,0,0,0,2
vp_36368_case_001,71,80,90,86.81318681318682,후반,1,1,3,3,0,0,0,0.5,0,1,1,1,0,0,1,0,1,1,0,0,4
vp_36368_case_001,76,85,92,92.3076923076923,후반,1,1,4,3,0,0,0,0.6,0,1,1,1,0,0,1,1,0,1,0,0,4
vp_36368_case_001,81,90,92,97.8021978021978,후반,0,0,3,3,1,0,0,0.6,1,0,0,0,0,0,0,1,0,1,0,1,3
vp_36368_case_002,1,15,33,16.666666666666664,초반,2,1,5,3,0,0,0,1.0,0,0,0,1,0,0,1,1,1,0,0,0,4
vp_36368_case_002,9,23,45,25.925925925925924,초반,1,1,6,3,0,0,0,1.0,0,0,0,1,0,0,1,1,1,0,0,0,4
vp_36368_case_002,17,33,54,35.18518518518518,중반,1,1,3,3,0,0,0,1.0,0,0,0,1,0,0,1,1,0,0,1,0,4
vp_36368_case_002,25,45,62,44.44444444444444,중반,2,2,3,2,0,0,0,1.0,0,0,0,1,0,0,1,0,0,0,1,0,3
vp_36368_case_002,37,54,71,53.70370370370371,중반,1,1,5,2,0,0,0,1.0,0,1,1,1,0,0,1,1,0,0,0,0,3
vp_36368_case_002,47,62,82,62.96296296296296,중반,0,0,8,3,0,0,0,1.0,0,1,1,0,0,0,1,1,1,0,0,0,3
vp_36368_case_002,55,71,91,72.22222222222221,후반,0,0,5,3,1,0,0,1.0,1,0,0,0,0,0,1,1,1,0,0,0,3
vp_36368_case_002,64,82,99,81.48148148148148,후반,0,0,3,2,1,0,0,1.0,1,0,0,0,0,0,0,1,0,0,1,0,2
vp_36368_case_002,73,91,99,90.74074074074075,후반,0,0,5,3,0,0,0,1.0,0,0,0,0,0,0,1,1,0,0,1,0,3
vp_36369_case_001,1,10,21,25.0,초반,2,2,7,4,0,0,0,1.0,0,0,0,1,0,0,1,1,1,1,0,0,5
vp_36369_case_001,6,16,26,38.88888888888889,중반,2,2,4,4,0,0,0,1.0,0,0,0,1,0,0,1,1,1,1,0,0,5
vp_36369_case_001,11,21,42,52.77777777777778,중반,0,0,0,0,0,0,0,1.0,0,0,0,0,0,0,0,0,0,0,0,0,0
vp_36369_case_001,17,26,47,66.66666666666666,후반,0,0,0,0,0,0,0,1.0,0,0,0,0,0,0,0,0,0,0,0,0,0
vp_36369_case_001,22,42,49,80.55555555555556,후반,1,1,2,1,0,0,0,1.0,0,1,1,1,0,0,1,0,0,0,0,0,2
vp_36369_case_001,27,47,49,94.44444444444444,후반,1,1,3,1,0,0,0,1.0,0,1,1,1,0,0,1,0,0,0,0,0,2
vp_36369_case_002,1,10,20,36.0,중반,1,1,2,2,0,0,0,0.5,0,1,1,1,0,0,1,1,0,0,0,0,3
vp_36369_case_002,6,15,25,56.00000000000001,중반,2,2,5,2,0,0,0,0.5,0,2,1,1,0,0,1,1,0,0,0,0,3
vp_36369_case_002,11,20,26,76.0,후반,2,2,6,3,1,1,0,0.8,1,1,1,1,1,0,1,1,0,0,0,1,5
vp_36369_case_002,16,25,26,96.0,후반,0,0,3,2,3,1,0,0.4,2,0,0,0,1,0,0,0,0,0,0,1,2
vp_36369_case_004,1,10,17,56.25,중반,0,0,2,2,1,0,0,0.9,1,0,0,0,0,0,0,0,0,0,1,1,2
vp_36369_case_004,6,15,17,87.5,후반,0,0,4,4,1,0,0,0.9,1,0,0,0,0,0,0,1,0,1,1,1,4
vp_36369_case_005,1,11,21,37.5,중반,1,1,8,3,1,0,0,1.0,0,0,0,1,0,0,1,1,1,0,0,0,4
vp_36369_case_005,6,16,35,58.333333333333336,중반,0,0,3,3,0,0,0,1.0,0,0,0,0,0,0,1,1,1,0,0,0,3
vp_36369_case_005,12,21,35,79.16666666666666,후반,0,0,4,3,0,0,0,1.0,0,0,0,0,0,0,1,1,1,0,0,0,3
vp_36369_case_006,1,28,46,30.0,초반,1,1,3,2,0,0,0,1.0,0,2,1,1,0,0,0,1,1,0,0,0,3
vp_36369_case_006,19,36,53,46.666666666666664,중반,1,1,5,3,0,0,0,1.0,0,2,1,1,0,0,0,1,1,0,1,0,4
vp_36369_case_006,29,46,58,63.33333333333333,중반,1,1,8,6,3,0,0,1.0,2,0,0,1,0,0,1,1,1,0,1,1,6
vp_36369_case_006,37,53,69,80.0,후반,1,1,5,4,3,0,0,1.0,2,0,0,1,0,0,1,1,0,0,0,1,4
vp_36369_case_006,49,58,69,96.66666666666667,후반,0,0,2,2,0,0,0,1.0,0,0,0,0,0,0,0,1,1,0,0,0,2
vp_36370_case_002,1,10,20,26.47058823529412,초반,1,1,2,2,0,1,0,0.5,0,0,0,1,1,0,1,1,0,0,0,0,4
vp_36370_case_002,6,15,25,41.17647058823529,중반,1,1,8,4,0,0,0,0.9,0,0,0,1,0,0,1,1,1,0,1,0,5
vp_36370_case_002,11,20,30,55.88235294117647,중반,1,1,8,4,0,0,1,0.8,0,0,0,1,0,1,1,1,1,0,1,0,6
vp_36370_case_002,16,25,35,70.58823529411765,후반,2,1,4,2,0,0,1,0.7,0,0,0,1,0,1,1,0,1,0,0,0,4
vp_36370_case_002,21,30,35,85.29411764705883,후반,2,2,2,2,0,0,0,0.9,0,0,0,1,0,0,1,0,1,0,0,0,3
vp_36370_case_003,1,10,20,10.465116279069768,초반,1,1,3,2,0,0,0,1.0,0,0,0,1,0,0,1,0,1,0,0,0,3
vp_36370_case_003,6,15,25,16.27906976744186,초반,1,1,5,3,0,0,0,1.0,0,0,0,1,0,0,1,0,1,1,0,0,4
vp_36370_case_003,11,20,30,22.093023255813954,초반,0,0,2,1,0,0,0,0.9,0,0,0,0,0,0,0,0,0,1,0,0,1
vp_36370_case_003,16,25,35,27.906976744186046,초반,0,0,0,0,0,2,1,0.4,0,0,0,0,1,1,0,0,0,0,0,0,2
vp_36370_case_003,21,30,40,33.72093023255814,중반,0,0,0,0,0,3,2,0.2,0,0,0,0,1,1,0,0,0,0,0,0,2
vp_36370_case_003,26,35,45,39.53488372093023,중반,0,0,3,2,0,1,1,0.7,0,0,0,0,1,1,1,0,0,1,0,0,4
vp_36370_case_003,31,40,50,45.348837209302324,중반,0,0,5,2,0,0,1,0.9,0,0,0,0,0,1,1,0,0,1,0,0,3
vp_36370_case_003,36,45,55,51.162790697674424,중반,0,0,2,1,0,0,1,0.9,0,0,0,0,0,1,0,0,0,1,0,0,2
vp_36370_case_003,41,50,60,56.97674418604651,중반,0,0,0,0,0,0,0,0.8,0,0,0,0,0,0,0,0,0,0,0,0,0
vp_36370_case_003,46,55,65,62.7906976744186,중반,0,0,1,1,0,0,0,0.5,0,0,0,0,0,0,1,0,0,0,0,0,1
vp_36370_case_003,51,60,70,68.6046511627907,후반,1,1,4,1,0,0,0,0.6,0,0,0,1,0,0,1,0,0,0,0,0,2
vp_36370_case_003,56,65,75,74.4186046511628,후반,1,1,3,1,0,0,0,0.7,0,0,0,1,0,0,1,0,0,0,0,0,2
vp_36370_case_003,61,70,80,80.23255813953489,후반,0,0,2,1,0,0,0,0.8,0,0,0,0,0,0,0,0,1,0,0,0,1
vp_36370_case_003,66,75,85,86.04651162790698,후반,0,0,4,1,0,0,0,1.0,0,0,0,0,0,0,0,0,1,0,0,0,1
vp_36370_case_003,71,80,87,91.86046511627907,후반,0,0,4,2,0,0,0,1.0,0,0,0,0,0,0,0,0,1,1,0,0,2
vp_36370_case_003,76,85,87,97.67441860465115,후반,0,0,4,2,0,0,0,1.0,0,0,0,0,0,0,1,0,0,1,0,0,2
vp_36371_case_001,1,10,20,12.857142857142856,초반,2,1,3,2,0,0,0,0.7,0,0,0,1,0,0,1,0,1,0,0,0,3
vp_36371_case_001,6,15,25,20.0,초반,3,1,9,3,0,1,0,0.8,0,0,0,1,1,0,1,1,1,0,0,0,5
vp_36371_case_001,11,20,30,27.142857142857142,초반,1,1,10,5,0,2,0,0.8,0,0,0,1,1,0,1,1,1,0,1,0,6
vp_36371_case_001,16,25,35,34.285714285714285,중반,0,0,7,4,0,1,0,0.9,0,0,0,0,1,0,0,1,1,0,1,0,4
vp_36371_case_001,21,30,40,41.42857142857143,중반,1,1,10,4,0,0,0,1.0,0,0,0,1,0,0,1,1,1,0,1,0,5
vp_36371_case_001,26,35,45,48.57142857142857,중반,3,2,8,3,0,0,0,0.8,0,0,0,1,0,0,1,1,1,0,0,0,4
vp_36371_case_001,31,40,50,55.714285714285715,중반,2,2,3,2,0,0,0,0.7,0,0,0,1,0,0,1,1,0,0,0,0,3
vp_36371_case_001,36,45,55,62.857142857142854,중반,1,1,3,3,0,0,0,0.8,0,0,0,1,0,0,1,1,0,0,1,0,4
vp_36371_case_001,41,50,60,70.0,후반,1,1,2,2,0,0,0,0.6,0,0,0,1,0,0,1,0,0,0,1,0,3
vp_36371_case_001,46,55,65,77.14285714285715,후반,0,0,0,0,0,0,0,0.6,0,0,0,0,0,0,0,0,0,0,0,0,0
vp_36371_case_001,51,60,70,84.28571428571429,후반,1,1,1,1,0,1,0,0.8,0,0,0,1,1,0,0,0,1,0,0,0,3
vp_36371_case_001,56,65,71,91.42857142857143,후반,3,2,5,3,0,1,0,0.9,0,0,0,1,1,0,1,0,1,1,0,0,5
vp_36371_case_001,61,70,71,98.57142857142858,후반,2,1,8,4,1,0,0,1.0,0,0,0,1,0,0,1,1,1,1,0,0,5
vp_36371_case_002,1,20,38,10.0,초반,2,2,3,2,0,0,0,1.0,0,1,1,1,0,0,1,0,0,1,0,0,3
vp_36371_case_002,14,28,49,15.555555555555555,초반,2,2,3,3,1,0,0,1.0,1,0,0,1,0,0,1,1,0,0,0,1,4
vp_36371_case_002,21,38,58,21.11111111111111,초반,0,0,2,2,1,0,0,1.0,1,0,0,0,0,0,0,1,0,0,0,1,2
vp_36371_case_002,30,49,73,26.666666666666668,초반,0,0,0,0,0,0,0,1.0,0,0,0,0,0,0,0,0,0,0,0,0,0
vp_36371_case_002,39,58,80,32.22222222222222,초반,0,0,0,0,0,0,0,1.0,0,0,0,0,0,0,0,0,0,0,0,0,0
vp_36371_case_002,50,73,86,37.77777777777778,중반,1,1,2,2,0,0,0,1.0,0,0,0,1,0,0,1,1,0,0,0,0,3
vp_36371_case_002,59,80,93,43.333333333333336,중반,2,1,4,2,0,0,0,1.0,0,0,0,1,0,0,1,1,0,0,0,0,3
vp_36371_case_002,75,86,99,48.888888888888886,중반,1,1,3,2,0,0,0,1.0,0,0,0,1,0,0,1,1,0,0,0,0,3
vp_36371_case_002,82,93,105,54.44444444444444,중반,0,0,2,2,0,0,0,1.0,0,0,0,0,0,0,0,1,1,0,0,0,2
vp_36371_case_002,87,99,111,60.0,중반,1,1,3,2,0,0,0,1.0,0,0,0,1,0,0,0,0,1,0,1,0,3
vp_36371_case_002,94,105,119,65.55555555555556,중반,1,1,2,2,0,0,0,1.0,0,0,0,1,0,0,0,0,1,0,1,0,3
vp_36371_case_002,100,111,134,71.11111111111111,후반,0,0,1,1,0,0,0,1.0,0,0,0,0,0,0,0,0,0,0,1,0,1
vp_36371_case_002,106,119,141,76.66666666666667,후반,0,0,1,1,0,0,0,1.0,0,0,0,0,0,0,0,0,0,0,1,0,1
vp_36371_case_002,113,134,152,82.22222222222221,후반,1,1,3,3,0,0,0,1.0,0,0,0,1,0,0,1,1,0,0,1,0,4
vp_36371_case_002,120,141,157,87.77777777777777,후반,1,1,3,3,0,0,0,1.0,0,0,0,1,0,0,1,1,0,0,1,0,4
vp_36371_case_002,135,152,158,93.33333333333333,후반,0,0,0,0,0,0,0,1.0,0,0,0,0,0,0,0,0,0,0,0,0,0
vp_36371_case_002,142,157,158,98.88888888888889,후반,0,0,4,2,0,0,0,1.0,0,0,0,0,0,0,0,1,1,0,0,0,2
vp_36371_case_003,2,12,26,17.307692307692307,초반,0,0,1,1,0,0,0,1.0,0,0,0,0,0,0,0,0,1,0,0,0,1
vp_36371_case_003,7,18,35,26.923076923076923,초반,0,0,0,0,0,0,0,1.0,0,0,0,0,0,0,0,0,0,0,0,0,0
vp_36371_case_003,13,26,42,36.53846153846153,중반,0,0,0,0,0,0,0,1.0,0,0,0,0,0,0,0,0,0,0,0,0,0
vp_36371_case_003,19,35,57,46.15384615384615,중반,1,1,2,2,0,0,0,1.0,0,0,0,1,0,0,1,1,0,0,0,0,3
vp_36371_case_003,28,42,65,55.769230769230774,중반,2,1,3,2,0,0,0,1.0,0,0,0,1,0,0,1,1,0,0,0,0,3
vp_36371_case_003,36,57,72,65.38461538461539,중반,2,2,2,2,0,0,0,1.0,0,0,0,1,0,0,1,0,0,0,0,0,2
vp_36371_case_003,43,65,82,75.0,후반,1,1,2,2,0,0,0,1.0,0,0,0,1,0,0,0,0,0,1,0,0,2
vp_36371_case_003,59,72,86,84.61538461538461,후반,1,1,1,1,0,0,0,1.0,0,0,0,1,0,0,0,0,0,1,0,0,2
vp_36371_case_003,66,82,86,94.23076923076923,후반,1,1,1,1,0,0,0,1.0,0,0,0,1,0,0,1,0,0,0,0,0,2
vp_36371_case_009,2,16,32,5.202312138728324,초반,0,0,1,1,0,0,0,1.0,0,0,0,0,0,0,0,1,0,0,0,0,1
vp_36371_case_009,9,25,38,8.092485549132949,초반,0,0,1,1,0,0,0,1.0,0,0,0,0,0,0,0,0,0,0,1,0,1
vp_36371_case_009,18,32,46,10.982658959537572,초반,0,0,1,1,0,0,0,1.0,0,0,0,0,0,0,0,0,0,0,1,0,1
vp_36371_case_009,27,38,53,13.872832369942195,초반,0,0,0,0,0,0,0,1.0,0,0,0,0,0,0,0,0,0,0,0,0,0
vp_36371_case_009,33,46,59,16.76300578034682,초반,0,0,1,1,0,0,0,1.0,0,0,0,0,0,0,0,1,0,0,0,0,1
vp_36371_case_009,41,53,67,19.653179190751445,초반,0,0,1,1,0,0,0,1.0,0,0,0,0,0,0,0,1,0,0,0,0,1
vp_36371_case_009,48,59,77,22.54335260115607,초반,0,0,4,2,0,0,0,1.0,0,0,0,0,0,0,0,1,1,0,0,0,2
vp_36371_case_009,54,67,83,25.43352601156069,초반,0,0,6,2,0,0,0,1.0,0,0,0,0,0,0,0,1,1,0,0,0,2
vp_36371_case_009,60,77,89,28.32369942196532,초반,0,0,3,2,0,0,0,1.0,0,0,0,0,0,0,0,1,1,0,0,0,2
vp_36371_case_009,70,83,95,31.213872832369944,초반,0,0,1,1,0,0,0,1.0,0,1,1,0,0,0,0,0,1,0,0,0,1
vp_36371_case_009,79,89,101,34.104046242774565,중반,0,0,5,2,0,0,0,1.0,0,2,1,0,0,0,0,1,1,0,0,0,2
vp_36371_case_009,84,95,107,36.99421965317919,중반,0,0,5,2,1,0,0,1.0,1,1,1,0,0,0,0,1,1,0,0,0,2
vp_36371_case_009,90,101,112,39.884393063583815,중반,1,1,0,0,2,0,0,1.0,2,0,0,1,0,0,0,0,0,0,0,0,1
vp_36371_case_009,96,107,118,42.77456647398844,중반,3,2,2,2,1,0,0,1.0,1,0,0,1,0,0,1,0,1,0,0,0,3
vp_36371_case_009,102,112,125,45.664739884393065,중반,3,3,7,3,0,0,0,1.0,0,0,0,1,0,0,1,1,1,0,0,0,4
vp_36371_case_009,108,118,133,48.554913294797686,중반,1,1,5,3,0,0,0,1.0,0,0,0,1,0,0,1,1,1,0,0,0,4
vp_36371_case_009,113,125,138,51.445086705202314,중반,0,0,2,2,0,0,0,1.0,0,0,0,0,0,0,1,1,0,0,0,0,2
vp_36371_case_009,119,133,143,54.33526011560693,중반,0,0,5,3,0,0,0,1.0,0,0,0,0,0,0,1,1,1,0,0,0,3
vp_36371_case_009,126,138,151,57.22543352601156,중반,3,2,4,3,0,0,0,1.0,0,0,0,1,0,0,1,1,1,0,0,0,4
vp_36371_case_009,134,143,156,60.115606936416185,중반,4,2,2,2,0,0,0,1.0,0,0,0,1,0,0,1,0,0,0,1,0,3
vp_36371_case_009,139,151,163,63.005780346820806,중반,1,1,1,1,0,0,0,1.0,0,0,0,1,0,0,0,0,0,0,1,0,2
vp_36371_case_009,144,156,170,65.89595375722543,중반,0,0,2,2,0,0,0,1.0,0,0,0,0,0,0,0,0,1,0,1,0,2
vp_36371_case_009,152,163,178,68.78612716763006,후반,0,0,5,3,0,0,0,1.0,0,0,0,0,0,0,0,1,1,0,1,0,3
vp_36371_case_009,157,170,186,71.67630057803468,후반,0,0,3,2,0,0,0,1.0,0,0,0,0,0,0,0,1,1,0,0,0,2
vp_36371_case_009,164,178,191,74.56647398843931,후반,0,0,1,1,0,0,0,1.0,0,0,0,0,0,0,0,1,0,0,0,0,1
vp_36371_case_009,172,186,197,77.45664739884393,후반,1,1,2,2,0,0,0,1.0,0,0,0,1,0,0,1,1,0,0,0,0,3
vp_36371_case_009,179,191,204,80.34682080924856,후반,1,1,3,2,0,0,0,1.0,0,0,0,1,0,0,1,0,1,0,0,0,3
vp_36371_case_009,187,197,210,83.23699421965318,후반,0,0,4,2,0,0,0,1.0,0,1,1,0,0,0,1,0,1,0,0,0,2
vp_36371_case_009,192,204,215,86.1271676300578,후반,0,0,3,3,0,0,0,1.0,0,1,1,0,0,0,1,1,1,0,0,0,3
vp_36371_case_009,199,210,222,89.01734104046243,후반,1,1,5,2,1,0,0,1.0,1,0,0,1,0,0,1,1,0,0,0,0,3
vp_36371_case_009,206,215,230,91.90751445086705,후반,1,1,7,3,1,0,0,1.0,1,0,0,1,0,0,1,1,1,0,0,0,4
vp_36371_case_009,211,222,240,94.79768786127167,후반,0,0,5,3,0,0,0,1.0,0,0,0,0,0,0,0,1,1,1,0,0,3
vp_36371_case_009,217,230,240,97.6878612716763,후반,0,0,5,2,0,0,0,1.0,0,0,0,0,0,0,0,1,0,1,0,0,2
vp_36372_case_001,1,14,31,11.538461538461538,초반,1,1,10,6,0,0,0,1.0,0,0,0,1,0,0,1,1,1,1,1,1,7
vp_36372_case_001,6,23,39,17.94871794871795,초반,1,1,4,3,0,0,0,1.0,0,1,1,1,0,0,1,0,0,1,0,1,4
vp_36372_case_001,16,31,46,24.358974358974358,초반,0,0,4,1,0,0,0,1.0,0,1,1,0,0,0,1,0,0,0,0,0,1
vp_36372_case_001,24,39,53,30.76923076923077,초반,0,0,6,2,1,0,0,1.0,1,0,0,0,0,0,1,0,0,0,1,0,2
vp_36372_case_001,33,46,59,37.17948717948718,중반,0,0,7,4,1,0,0,1.0,1,0,0,0,0,0,1,1,1,0,1,0,4
vp_36372_case_001,41,53,64,43.58974358974359,중반,0,0,6,3,0,0,0,1.0,0,1,1,0,0,0,1,1,1,0,0,0,3
vp_36372_case_001,47,59,74,50.0,중반,0,0,4,2,0,0,0,1.0,0,1,1,0,0,0,0,0,1,0,1,0,2
vp_36372_case_001,54,64,81,56.41025641025641,중반,2,2,10,4,2,0,0,1.0,1,0,0,1,0,0,1,0,1,1,1,0,5
vp_36372_case_001,60,74,87,62.82051282051282,중반,3,3,10,3,2,0,0,1.0,1,0,0,1,0,0,1,0,1,1,0,0,4
vp_36372_case_001,66,81,92,69.23076923076923,후반,1,1,4,2,0,0,0,1.0,0,0,0,1,0,0,1,0,0,1,0,0,3
vp_36372_case_001,76,87,100,75.64102564102564,후반,0,0,9,3,0,0,0,1.0,0,0,0,0,0,0,1,0,1,1,0,0,3
vp_36372_case_001,82,92,109,82.05128205128204,후반,0,0,10,2,0,0,0,1.0,0,0,0,0,0,0,1,0,1,0,0,0,2
vp_36372_case_001,88,100,113,88.46153846153845,후반,0,0,4,1,0,0,0,1.0,0,0,0,0,0,0,1,0,0,0,0,0,1
vp_36372_case_001,94,109,113,94.87179487179486,후반,0,0,2,1,0,0,0,1.0,0,0,0,0,0,0,1,0,0,0,0,0,1
vp_36372_case_002,3,15,28,7.964601769911504,초반,3,2,4,3,1,0,0,1.0,1,0,0,1,0,0,1,0,0,0,1,0,3
vp_36372_case_002,9,22,35,12.389380530973451,초반,2,1,3,3,0,0,0,1.0,0,0,0,1,0,0,1,1,0,0,0,0,3
vp_36372_case_002,16,28,41,16.8141592920354,초반,1,1,1,1,0,0,0,1.0,0,0,0,1,0,0,0,1,0,0,0,0,2
vp_36372_case_002,23,35,50,21.238938053097346,초반,1,1,0,0,0,0,0,1.0,0,0,0,1,0,0,0,0,0,0,0,0,1
vp_36372_case_002,29,41,56,25.663716814159294,초반,0,0,0,0,0,0,0,1.0,0,0,0,0,0,0,0,0,0,0,0,0,0
vp_36372_case_002,36,50,72,30.08849557522124,초반,0,0,1,1,0,0,0,1.0,0,0,0,0,0,0,1,0,0,0,0,0,1
vp_36372_case_002,43,56,78,34.51327433628318,중반,0,0,1,1,0,0,0,1.0,0,0,0,0,0,0,1,0,0,0,0,0,1
vp_36372_case_002,51,72,89,38.93805309734513,중반,0,0,1,1,0,0,0,1.0,0,0,0,0,0,0,0,0,0,0,1,0,1
vp_36372_case_002,57,78,99,43.36283185840708,중반,0,0,1,1,0,0,0,1.0,0,0,0,0,0,0,0,0,0,0,1,0,1
vp_36372_case_002,73,89,104,47.78761061946903,중반,0,0,0,0,0,0,0,1.0,0,0,0,0,0,0,0,0,0,0,0,0,0
vp_36372_case_002,79,99,116,52.21238938053098,중반,0,0,1,1,0,0,0,1.0,0,0,0,0,0,0,0,0,0,0,1,0,1
vp_36372_case_002,90,104,122,56.63716814159292,중반,0,0,1,1,0,0,0,1.0,0,0,0,0,0,0,0,0,0,0,1,0,1
vp_36372_case_002,100,116,128,61.06194690265486,중반,0,0,0,0,0,0,0,1.0,0,0,0,0,0,0,0,0,0,0,0,0,0
vp_36372_case_002,106,122,135,65.48672566371681,중반,0,0,3,2,0,0,0,1.0,0,0,0,0,0,0,0,1,0,1,0,0,2
vp_36372_case_002,117,128,141,69.91150442477876,후반,0,0,4,2,0,0,0,1.0,0,0,0,0,0,0,0,1,0,1,0,0,2
vp_36372_case_002,124,135,147,74.33628318584071,후반,0,0,1,1,0,0,0,1.0,0,0,0,0,0,0,0,0,0,1,0,0,1
vp_36372_case_002,129,141,155,78.76106194690266,후반,0,0,0,0,0,0,0,1.0,0,0,0,0,0,0,0,0,0,0,0,0,0
vp_36372_case_002,136,147,163,83.1858407079646,후반,2,2,3,3,0,0,0,1.0,0,0,0,1,0,0,1,0,1,0,1,0,4
vp_36372_case_002,142,155,169,87.61061946902655,후반,3,3,4,3,0,0,0,1.0,0,0,0,1,0,0,1,0,1,0,1,0,4
vp_36372_case_002,149,163,176,92.03539823008849,후반,1,1,2,2,0,0,0,1.0,0,0,0,1,0,0,1,0,1,0,0,0,3
vp_36372_case_002,157,169,176,96.46017699115043,후반,0,0,5,3,1,0,0,1.0,0,0,0,0,0,0,0,1,1,1,0,0,3
vp_36372_case_003,1,10,19,50.0,중반,0,0,2,1,0,0,0,0.7,0,0,0,0,0,0,0,0,1,0,0,0,1
vp_36372_case_003,6,15,19,77.77777777777779,후반,0,0,2,2,0,0,0,0.7,0,0,0,0,0,0,0,1,1,0,0,0,2
vp_36372_case_006,1,14,31,45.0,중반,0,0,0,0,0,0,0,1.0,0,0,0,0,0,0,0,0,0,0,0,0,0
vp_36372_case_006,10,24,33,70.0,후반,2,1,4,2,0,0,0,1.0,0,0,0,1,0,0,1,1,0,0,0,0,3
vp_36372_case_006,16,31,33,95.0,후반,2,1,4,2,0,0,0,1.0,0,0,0,1,0,0,1,1,0,0,0,0,3
vp_36372_case_008,1,13,26,33.33333333333333,중반,0,0,0,0,0,0,0,1.0,0,0,0,0,0,0,0,0,0,0,0,0,0
vp_36372_case_008,7,20,33,51.85185185185185,중반,1,1,1,1,0,0,0,1.0,0,0,0,1,0,0,1,0,0,0,0,0,2
vp_36372_case_008,14,26,37,70.37037037037037,후반,2,1,2,1,0,0,0,1.0,0,0,0,1,0,0,1,0,0,0,0,0,2
vp_36372_case_008,21,33,37,88.88888888888889,후반,1,1,3,2,0,0,0,1.0,0,0,0,1,0,0,1,1,0,0,0,0,3
vp_36372_case_009,1,10,20,40.909090909090914,중반,1,1,3,2,0,0,0,0.5,0,0,0,1,0,0,1,1,0,0,0,0,3
vp_36372_case_009,6,15,23,63.63636363636363,중반,0,0,3,1,0,0,0,0.5,0,0,0,0,0,0,0,1,0,0,0,0,1
vp_36372_case_009,11,20,23,86.36363636363636,후반,0,0,3,1,0,0,0,0.8,0,0,0,0,0,0,0,1,0,0,0,0,1
vp_36373_case_001,1,10,20,28.125,초반,2,1,4,2,0,0,0,1.0,0,0,0,1,0,0,1,0,1,0,0,0,3
vp_36373_case_001,6,15,25,43.75,중반,0,0,7,3,0,0,0,1.0,0,0,0,0,0,0,0,1,1,1,0,0,3
vp_36373_case_001,11,20,30,59.375,중반,0,0,9,4,0,0,0,1.0,0,0,0,0,0,0,1,1,1,1,0,0,4
vp_36373_case_001,16,25,33,75.0,후반,0,0,4,4,0,0,0,1.0,0,0,0,0,0,0,1,1,1,1,0,0,4
vp_36373_case_001,21,30,33,90.625,후반,0,0,0,0,0,0,0,0.8,0,0,0,0,0,0,0,0,0,0,0,0,0
vp_36373_case_002,1,10,20,30.0,초반,1,1,6,3,0,0,2,0.8,0,0,0,1,0,1,1,1,0,0,1,0,5
vp_36373_case_002,6,15,25,46.666666666666664,중반,1,1,6,2,0,0,0,1.0,0,0,0,1,0,0,1,1,0,0,0,0,3
vp_36373_case_002,11,20,30,63.33333333333333,중반,1,1,4,2,0,1,1,0.7,0,0,0,1,1,1,1,1,0,0,0,0,5
vp_36373_case_002,16,25,31,80.0,후반,1,1,4,2,0,1,1,0.6,0,0,0,1,1,1,1,1,0,0,0,0,5
vp_36373_case_002,21,30,31,96.66666666666667,후반,0,0,2,1,0,0,0,0.5,0,0,0,0,0,0,0,1,0,0,0,0,1
vp_36374_case_001,1,10,20,40.909090909090914,중반,0,0,0,0,0,0,1,0.6,0,0,0,0,0,1,0,0,0,0,0,0,1
vp_36374_case_001,6,15,23,63.63636363636363,중반,0,0,0,0,0,0,1,0.5,0,0,0,0,0,1,0,0,0,0,0,0,1
vp_36374_case_001,11,20,23,86.36363636363636,후반,0,0,0,0,0,0,0,0.5,0,0,0,0,0,0,0,0,0,0,0,0,0
vp_36374_case_002,1,10,20,8.035714285714286,초반,0,0,3,2,0,0,0,0.8,0,0,0,0,0,0,0,1,0,1,0,0,2
vp_36374_case_002,6,15,25,12.5,초반,0,0,3,2,0,0,0,0.5,0,0,0,0,0,0,0,1,0,1,0,0,2
vp_36374_case_002,11,20,30,16.964285714285715,초반,0,0,0,0,0,0,1,0.6,0,0,0,0,0,1,0,0,0,0,0,0,1
vp_36374_case_002,16,25,35,21.428571428571427,초반,0,0,2,1,0,0,1,0.9,0,0,0,0,0,1,0,1,0,0,0,0,2
vp_36374_case_002,21,30,40,25.892857142857146,초반,0,0,2,1,0,1,0,0.5,0,0,0,0,1,0,0,1,0,0,0,0,2
vp_36374_case_002,26,35,45,30.357142857142854,초반,0,0,1,1,0,2,0,0.4,0,0,0,0,1,0,0,1,0,0,0,0,2
vp_36374_case_002,31,40,50,34.82142857142857,중반,1,1,5,2,0,1,0,0.9,0,0,0,1,1,0,1,1,0,0,0,0,4
vp_36374_case_002,36,45,55,39.285714285714285,중반,1,1,4,2,0,0,0,1.0,0,0,0,1,0,0,1,1,0,0,0,0,3
vp_36374_case_002,41,50,60,43.75,중반,0,0,2,1,0,0,0,1.0,0,0,0,0,0,0,0,1,0,0,0,0,1
vp_36374_case_002,46,55,65,48.214285714285715,중반,0,0,2,1,0,0,0,0.9,0,0,0,0,0,0,0,1,0,0,0,0,1
vp_36374_case_002,51,60,70,52.67857142857143,중반,0,0,0,0,0,0,0,0.8,0,0,0,0,0,0,0,0,0,0,0,0,0
vp_36374_case_002,56,65,75,57.14285714285714,중반,0,0,0,0,0,0,0,0.9,0,0,0,0,0,0,0,0,0,0,0,0,0
vp_36374_case_002,61,70,80,61.60714285714286,중반,0,0,0,0,0,0,0,0.7,0,0,0,0,0,0,0,0,0,0,0,0,0
vp_36374_case_002,66,75,85,66.07142857142857,중반,0,0,0,0,0,0,0,0.7,0,0,0,0,0,0,0,0,0,0,0,0,0
vp_36374_case_002,71,80,90,70.53571428571429,후반,0,0,0,0,0,0,1,0.7,0,0,0,0,0,1,0,0,0,0,0,0,1
vp_36374_case_002,76,85,95,75.0,후반,0,0,1,1,0,0,1,0.5,0,0,0,0,0,1,0,1,0,0,0,0,2
vp_36374_case_002,81,90,100,79.46428571428571,후반,0,0,1,1,0,0,0,0.4,0,0,0,0,0,0,0,1,0,0,0,0,1
vp_36374_case_002,86,95,105,83.92857142857143,후반,0,0,0,0,0,0,0,0.5,0,0,0,0,0,0,0,0,0,0,0,0,0
vp_36374_case_002,91,100,110,88.39285714285714,후반,0,0,0,0,0,0,0,0.7,0,0,0,0,0,0,0,0,0,0,0,0,0
vp_36374_case_002,96,105,113,92.85714285714286,후반,0,0,0,0,0,1,0,0.7,0,0,0,0,1,0,0,0,0,0,0,0,1
vp_36374_case_002,101,110,113,97.32142857142857,후반,0,0,0,0,0,1,0,0.9,0,0,0,0,1,0,0,0,0,0,0,0,1
vp_36375_case_002,1,10,20,17.647058823529413,초반,0,0,2,1,0,0,0,0.8,0,0,0,0,0,0,0,0,1,0,0,0,1
vp_36375_case_002,6,15,25,27.450980392156865,초반,0,0,2,1,0,0,0,0.8,0,0,0,0,0,0,0,0,1,0,0,0,1
vp_36375_case_002,11,20,30,37.254901960784316,중반,1,1,1,1,0,0,0,0.7,0,1,1,1,0,0,1,0,0,0,0,0,2
vp_36375_case_002,16,25,35,47.05882352941176,중반,1,1,1,1,0,0,0,0.6,0,1,1,1,0,0,1,0,0,0,0,0,2
vp_36375_case_002,21,30,40,56.86274509803921,중반,0,0,2,2,1,0,0,0.6,1,0,0,0,0,0,1,0,0,0,0,1,2
vp_36375_case_002,26,35,45,66.66666666666666,후반,0,0,2,2,1,1,1,0.4,1,0,0,0,1,1,1,0,0,0,0,1,4
vp_36375_case_002,31,40,50,76.47058823529412,후반,1,1,3,2,0,2,1,0.4,0,0,0,1,1,1,1,1,0,0,0,0,5
vp_36375_case_002,36,45,52,86.27450980392157,후반,1,1,4,2,0,2,0,0.6,0,0,0,1,1,0,1,1,0,0,0,0,4
vp_36375_case_002,41,50,52,96.07843137254902,후반,0,0,1,1,0,1,0,0.6,0,0,0,0,1,0,0,1,0,0,0,0,2
vp_36376_case_001,1,10,20,20.930232558139537,초반,1,1,2,2,0,1,1,0.4,0,0,0,1,1,1,1,0,1,0,0,0,5
vp_36376_case_001,6,15,25,32.55813953488372,초반,1,1,2,2,0,2,1,0.4,0,0,0,1,1,1,1,0,1,0,0,0,5
vp_36376_case_001,11,20,30,44.18604651162791,중반,0,0,1,1,0,2,0,0.5,0,0,0,0,1,0,1,0,0,0,0,0,2
vp_36376_case_001,16,25,35,55.81395348837209,중반,0,0,3,2,0,1,0,0.6,0,0,0,0,1,0,1,0,1,0,0,0,3
vp_36376_case_001,21,30,40,67.44186046511628,후반,0,0,2,1,0,0,0,0.5,0,0,0,0,0,0,0,0,1,0,0,0,1
vp_36376_case_001,26,35,44,79.06976744186046,후반,1,1,3,2,0,1,0,0.6,0,0,0,1,1,0,1,1,0,0,0,0,4
vp_36376_case_001,31,40,44,90.69767441860465,후반,1,1,4,3,0,1,0,0.7,0,0,0,1,1,0,1,1,1,0,0,0,5
vp_36377_case_001,1,12,32,6.976744186046512,초반,5,5,9,3,0,0,0,1.0,0,0,0,1,0,0,1,1,1,0,0,0,4
vp_36377_case_001,7,23,39,10.852713178294573,초반,3,3,8,3,0,0,0,1.0,0,0,0,1,0,0,1,1,1,0,0,0,4
vp_36377_case_001,15,32,45,14.728682170542637,초반,0,0,6,3,0,0,0,1.0,0,1,1,0,0,0,1,1,1,0,0,0,3
vp_36377_case_001,25,39,53,18.6046511627907,초반,1,1,9,4,0,0,0,1.0,0,1,1,1,0,0,1,1,1,0,1,0,5
vp_36377_case_001,33,45,58,22.48062015503876,초반,1,1,9,4,1,0,0,1.0,1,0,0,1,0,0,1,1,1,0,1,0,5
vp_36377_case_001,40,53,64,26.356589147286826,초반,0,0,5,4,1,0,0,1.0,1,0,0,0,0,0,0,1,1,1,1,0,4
vp_36377_case_001,47,58,71,30.23255813953488,초반,0,0,4,3,0,0,0,1.0,0,0,0,0,0,0,0,1,1,1,0,0,3
vp_36377_case_001,54,64,76,34.10852713178294,중반,1,1,7,4,0,0,0,1.0,0,0,0,1,0,0,1,1,1,1,0,0,5
vp_36377_case_001,59,71,81,37.98449612403101,중반,1,1,5,4,0,0,0,1.0,0,0,0,1,0,0,1,1,1,1,0,0,5
vp_36377_case_001,66,76,90,41.86046511627907,중반,0,0,1,1,0,0,0,1.0,0,0,0,0,0,0,1,0,0,0,0,0,1
vp_36377_case_001,72,81,97,45.73643410852713,중반,0,0,2,1,0,0,0,1.0,0,1,1,0,0,0,1,0,0,0,0,0,1
vp_36377_case_001,77,90,102,49.6124031007752,중반,0,0,2,1,0,0,0,1.0,0,1,1,0,0,0,1,0,0,0,0,0,1
vp_36377_case_001,83,97,107,53.48837209302325,중반,0,0,3,3,1,0,0,1.0,1,0,0,0,0,0,1,1,0,0,1,0,3
vp_36377_case_001,91,102,115,57.36434108527132,중반,0,0,4,2,1,0,0,1.0,1,0,0,0,0,0,0,1,0,0,1,0,2
vp_36377_case_001,98,107,128,61.240310077519375,중반,0,0,4,2,0,0,0,1.0,0,0,0,0,0,0,0,1,0,0,1,0,2
vp_36377_case_001,103,115,134,65.11627906976744,중반,0,0,5,3,0,0,0,1.0,0,0,0,0,0,0,0,1,1,0,1,0,3
vp_36377_case_001,109,128,139,68.9922480620155,후반,0,0,4,4,0,0,0,1.0,0,0,0,0,0,0,1,1,1,0,1,0,4
vp_36377_case_001,116,134,167,72.86821705426357,후반,0,0,4,3,0,0,0,1.0,0,0,0,0,0,0,1,1,1,0,0,0,3
vp_36377_case_001,129,139,206,76.74418604651163,후반,0,0,6,2,0,0,0,1.0,0,0,0,0,0,0,0,1,1,0,0,0,2
vp_36377_case_001,135,167,211,80.62015503875969,후반,0,0,3,2,0,0,0,1.0,0,0,0,0,0,0,0,1,1,0,0,0,2
vp_36377_case_001,140,206,216,84.49612403100775,후반,0,0,2,1,0,0,0,1.0,0,0,0,0,0,0,0,1,0,0,0,0,1
vp_36377_case_001,168,211,296,88.37209302325581,후반,0,0,3,1,0,0,0,1.0,0,0,0,0,0,0,0,1,0,0,0,0,1
vp_36377_case_001,207,216,301,92.24806201550388,후반,0,0,2,1,0,0,0,1.0,0,0,0,0,0,0,0,1,0,0,0,0,1
vp_36377_case_001,212,296,301,96.12403100775194,후반,1,1,2,2,0,0,0,1.0,0,0,0,1,0,0,1,1,0,0,0,0,3
vp_36377_case_002,14,23,33,13.432835820895523,초반,1,1,7,3,0,0,0,1.0,0,0,0,1,0,0,1,1,1,0,0,0,4
vp_36377_case_002,19,28,39,20.8955223880597,초반,0,0,4,3,0,0,0,1.0,0,0,0,0,0,0,1,1,1,0,0,0,3
vp_36377_case_002,24,33,47,28.35820895522388,초반,0,0,3,2,0,0,0,1.0,0,0,0,0,0,0,1,0,1,0,0,0,2
vp_36377_case_002,29,39,62,35.82089552238806,중반,2,1,4,2,0,0,0,1.0,0,0,0,1,0,0,1,0,1,0,0,0,3
vp_36377_case_002,34,47,73,43.28358208955223,중반,2,1,5,1,0,0,0,1.0,0,0,0,1,0,0,1,0,0,0,0,0,2
vp_36377_case_002,41,62,80,50.74626865671642,중반,0,0,3,1,0,0,0,1.0,0,0,0,0,0,0,1,0,0,0,0,0,1
vp_36377_case_002,49,73,91,58.2089552238806,중반,0,0,3,2,0,0,0,1.0,0,0,0,0,0,0,1,0,1,0,0,0,2
vp_36377_case_002,63,80,98,65.67164179104478,중반,0,0,4,2,0,0,0,1.0,0,0,0,0,0,0,1,0,1,0,0,0,2
vp_36377_case_002,74,91,103,73.13432835820896,후반,0,0,3,1,0,0,0,1.0,0,0,0,0,0,0,1,0,0,0,0,0,1
vp_36377_case_002,86,98,110,80.59701492537313,후반,0,0,5,2,0,0,0,1.0,0,0,0,0,0,0,1,1,0,0,0,0,2
vp_36377_case_002,92,103,117,88.05970149253731,후반,0,0,4,3,0,0,0,1.0,0,0,0,0,0,0,1,1,1,0,0,0,3
vp_36377_case_002,99,110,117,95.52238805970148,후반,0,0,4,2,0,0,0,1.0,0,0,0,0,0,0,0,1,1,0,0,0,2
vp_36377_case_003,1,10,17,56.25,중반,0,0,0,0,0,0,0,0.6,0,0,0,0,0,0,0,0,0,0,0,0,0
vp_36377_case_003,6,15,17,87.5,후반,3,2,5,2,0,0,0,0.7,0,0,0,1,0,0,1,0,1,0,0,0,3
vp_36377_case_004,1,10,16,60.0,중반,0,0,4,2,0,0,0,0.8,0,0,0,0,0,0,1,0,0,1,0,0,2
vp_36377_case_004,6,15,16,93.33333333333333,후반,0,0,2,2,0,0,0,0.9,0,0,0,0,0,0,1,0,0,1,0,0,2
vp_36377_case_005,1,14,26,22.5,초반,0,0,4,2,0,0,0,1.0,0,0,0,0,0,0,0,1,1,0,0,0,2
vp_36377_case_005,6,20,32,35.0,중반,0,0,5,2,0,0,0,1.0,0,0,0,0,0,0,0,1,1,0,0,0,2
vp_36377_case_005,15,26,42,47.5,중반,0,0,1,1,0,0,0,1.0,0,0,0,0,0,0,0,1,0,0,0,0,1
vp_36377_case_005,21,32,49,60.0,중반,2,2,2,1,0,0,0,1.0,0,1,1,1,0,0,1,0,0,0,0,0,2
vp_36377_case_005,27,42,60,72.5,후반,3,3,6,1,0,0,0,1.0,0,1,1,1,0,0,1,0,0,0,0,0,2
vp_36377_case_005,34,49,61,85.0,후반,1,1,4,1,1,0,0,1.0,1,0,0,1,0,0,1,0,0,0,0,0,2
vp_36377_case_005,44,60,61,97.5,후반,0,0,2,2,1,0,0,1.0,1,0,0,0,0,0,1,1,0,0,0,0,2
vp_36377_case_006,1,18,29,30.0,초반,2,2,3,3,0,0,0,1.0,0,0,0,1,0,0,1,1,0,0,0,0,3
vp_36377_case_006,11,24,34,46.666666666666664,중반,1,1,1,1,0,0,0,1.0,0,0,0,1,0,0,0,0,1,0,0,0,2
vp_36377_case_006,19,29,40,63.33333333333333,중반,0,0,3,2,0,0,0,1.0,0,0,0,0,0,0,0,1,1,0,0,0,2
vp_36377_case_006,25,34,41,80.0,후반,0,0,4,3,0,0,0,1.0,0,0,0,0,0,0,0,1,1,1,0,0,3
vp_36377_case_006,30,40,41,96.66666666666667,후반,0,0,2,2,0,0,0,1.0,0,0,0,0,0,0,0,1,0,1,0,0,2
vp_36377_case_007,1,10,20,47.368421052631575,중반,2,1,2,1,0,3,0,0.7,0,1,1,1,1,0,1,0,0,0,0,0,3
vp_36377_case_007,6,15,20,73.68421052631578,후반,1,1,0,0,0,2,0,0.8,0,1,1,1,1,0,0,0,0,0,0,0,2
vp_36377_case_016,1,12,25,17.307692307692307,초반,0,0,0,0,0,0,0,1.0,0,0,0,0,0,0,0,0,0,0,0,0,0
vp_36377_case_016,6,20,34,26.923076923076923,초반,0,0,0,0,0,0,0,1.0,0,0,0,0,0,0,0,0,0,0,0,0,0
vp_36377_case_016,13,25,42,36.53846153846153,중반,0,0,0,0,0,0,0,1.0,0,0,0,0,0,0,0,0,0,0,0,0,0
vp_36377_case_016,21,34,64,46.15384615384615,중반,0,0,0,0,0,0,0,1.0,0,0,0,0,0,0,0,0,0,0,0,0,0
vp_36377_case_016,26,42,94,55.769230769230774,중반,0,0,0,0,0,0,0,1.0,0,0,0,0,0,0,0,0,0,0,0,0,0
vp_36377_case_016,35,64,110,65.38461538461539,중반,0,0,0,0,0,0,0,1.0,0,0,0,0,0,0,0,0,0,0,0,0,0
vp_36377_case_016,43,94,119,75.0,후반,0,0,0,0,0,0,0,1.0,0,0,0,0,0,0,0,0,0,0,0,0,0
vp_36377_case_016,72,110,125,84.61538461538461,후반,0,0,1,1,0,0,0,1.0,0,0,0,0,0,0,0,1,0,0,0,0,1
vp_36377_case_016,99,119,125,94.23076923076923,후반,0,0,2,2,0,0,0,1.0,0,0,0,0,0,0,1,1,0,0,0,0,2
vp_36377_case_017,1,10,11,90.0,후반,0,0,0,0,0,1,0,0.6,0,0,0,0,1,0,0,0,0,0,0,0,1
vp_36378_case_001,1,10,20,28.125,초반,2,2,2,2,0,0,1,0.5,0,0,0,1,0,1,1,0,1,0,0,0,4
vp_36378_case_001,6,15,25,43.75,중반,2,2,2,2,0,0,0,0.7,0,0,0,1,0,0,1,0,1,0,0,0,3
vp_36378_case_001,11,20,30,59.375,중반,2,2,5,3,0,2,0,0.6,0,0,0,1,1,0,1,1,1,0,0,0,5
vp_36378_case_001,16,25,33,75.0,후반,2,2,6,3,0,2,0,0.6,0,0,0,1,1,0,1,1,1,0,0,0,5
vp_36378_case_001,21,30,33,90.625,후반,0,0,3,3,0,1,0,0.5,0,0,0,0,1,0,1,1,1,0,0,0,4
vp_36379_case_001,1,15,30,18.0,초반,2,2,7,4,1,0,0,1.0,1,0,0,1,0,0,1,1,1,0,1,0,5
vp_36379_case_001,11,21,35,28.000000000000004,초반,1,1,5,3,1,0,0,1.0,1,0,0,1,0,0,1,1,0,0,1,0,4
vp_36379_case_001,17,30,40,38.0,중반,1,1,1,1,0,0,0,1.0,0,0,0,1,0,0,1,0,0,0,0,0,2
vp_36379_case_001,24,35,57,48.0,중반,1,1,4,2,0,0,0,1.0,0,0,0,1,0,0,1,0,1,0,0,0,3
vp_36379_case_001,31,40,71,57.99999999999999,중반,0,0,6,3,0,0,0,1.0,0,0,0,0,0,0,1,1,1,0,0,0,3
vp_36379_case_001,36,57,80,68.0,후반,0,0,3,2,0,0,0,1.0,0,0,0,0,0,0,0,1,1,0,0,0,2
vp_36379_case_001,41,71,85,78.0,후반,0,0,0,0,0,0,0,1.0,0,0,0,0,0,0,0,0,0,0,0,0,0
vp_36379_case_001,58,80,86,88.0,후반,0,0,0,0,0,0,0,1.0,0,0,0,0,0,0,0,0,0,0,0,0,0
vp_36379_case_001,76,85,86,98.0,후반,0,0,0,0,0,0,0,1.0,0,0,0,0,0,0,0,0,0,0,0,0,0
vp_36379_case_002,1,10,20,7.142857142857142,초반,0,0,5,2,0,1,0,0.9,0,1,1,0,1,0,0,1,0,0,1,0,3
vp_36379_case_002,6,15,25,11.11111111111111,초반,1,1,6,4,1,2,0,0.8,1,0,0,1,1,0,1,1,0,0,1,1,6
vp_36379_case_002,11,20,30,15.079365079365079,초반,1,1,3,2,1,2,0,0.7,1,0,0,1,1,0,1,0,0,0,0,1,4
vp_36379_case_002,16,25,35,19.047619047619047,초반,0,0,1,1,0,2,0,0.5,0,0,0,0,1,0,1,0,0,0,0,0,2
vp_36379_case_002,21,30,40,23.015873015873016,초반,0,0,1,1,0,1,2,0.3,0,0,0,0,1,1,1,0,0,0,0,0,3
vp_36379_case_002,26,35,45,26.984126984126984,초반,1,1,4,3,0,2,2,0.3,0,0,0,1,1,1,1,1,0,1,0,0,6
vp_36379_case_002,31,40,50,30.952380952380953,초반,2,2,4,3,0,2,2,0.3,0,0,0,1,1,1,1,1,0,1,0,0,6
vp_36379_case_002,36,45,55,34.92063492063492,중반,1,1,1,1,0,1,2,0.2,0,0,0,1,1,1,0,1,0,0,0,0,4
vp_36379_case_002,41,50,60,38.88888888888889,중반,2,1,4,2,0,1,0,0.6,0,0,0,1,1,0,1,1,0,0,0,0,4
vp_36379_case_002,46,55,65,42.857142857142854,중반,2,1,4,2,0,0,0,0.5,0,0,0,1,0,0,1,1,0,0,0,0,3
vp_36379_case_002,51,60,70,46.82539682539682,중반,0,0,0,0,0,3,0,0.0,0,0,0,0,1,0,0,0,0,0,0,0,1
vp_36379_case_002,56,65,75,50.79365079365079,중반,0,0,0,0,0,3,0,0.3,0,0,0,0,1,0,0,0,0,0,0,0,1
vp_36379_case_002,61,70,80,54.761904761904766,중반,0,0,0,0,0,1,0,0.3,0,0,0,0,1,0,0,0,0,0,0,0,1
vp_36379_case_002,66,75,85,58.730158730158735,중반,0,0,0,0,0,1,0,0.2,0,0,0,0,1,0,0,0,0,0,0,0,1
vp_36379_case_002,71,80,90,62.698412698412696,중반,0,0,3,2,0,0,0,0.7,0,0,0,0,0,0,0,1,0,1,0,0,2
vp_36379_case_002,76,85,95,66.66666666666666,후반,0,0,4,3,0,0,0,0.6,0,0,0,0,0,0,1,1,0,1,0,0,3
vp_36379_case_002,81,90,100,70.63492063492063,후반,0,0,2,2,0,0,0,0.3,0,0,0,0,0,0,1,1,0,0,0,0,2
vp_36379_case_002,86,95,105,74.60317460317461,후반,0,0,2,1,0,1,0,0.5,0,0,0,0,1,0,0,1,0,0,0,0,2
vp_36379_case_002,91,100,110,78.57142857142857,후반,0,0,3,2,0,1,0,0.8,0,0,0,0,1,0,1,1,0,0,0,0,3
vp_36379_case_002,96,105,115,82.53968253968253,후반,0,0,2,2,0,0,0,0.8,0,0,0,0,0,0,1,1,0,0,0,0,2
vp_36379_case_002,101,110,120,86.5079365079365,후반,0,0,1,1,0,0,0,0.8,0,0,0,0,0,0,0,1,0,0,0,0,1
vp_36379_case_002,106,115,125,90.47619047619048,후반,0,0,2,2,0,0,0,0.7,0,0,0,0,0,0,1,1,0,0,0,0,2
vp_36379_case_002,111,120,127,94.44444444444444,후반,0,0,1,1,0,0,0,0.5,0,0,0,0,0,0,1,0,0,0,0,0,1
vp_36379_case_002,116,125,127,98.4126984126984,후반,0,0,0,0,0,0,0,0.8,0,0,0,0,0,0,0,0,0,0,0,0,0
vp_36380_case_001,1,10,20,4.615384615384616,초반,3,3,4,3,0,3,0,0.6,0,0,0,1,1,0,1,1,1,0,0,0,5
vp_36380_case_001,6,15,25,7.179487179487179,초반,2,1,3,2,0,3,0,0.7,0,0,0,1,1,0,1,1,0,0,0,0,4
vp_36380_case_001,11,20,30,9.743589743589745,초반,1,1,4,3,0,2,0,0.7,0,0,0,1,1,0,1,1,1,0,0,0,5
vp_36380_case_001,16,25,35,12.307692307692308,초반,0,0,5,3,0,2,0,0.7,0,0,0,0,1,0,1,1,1,0,0,0,4
vp_36380_case_001,21,30,40,14.871794871794872,초반,0,0,4,3,0,1,0,0.7,0,1,1,0,1,0,0,1,1,0,1,0,4
vp_36380_case_001,26,35,45,17.435897435897434,초반,0,0,5,3,0,0,0,0.7,0,1,1,0,0,0,0,1,1,0,1,0,3
vp_36380_case_001,31,40,50,20.0,초반,0,0,5,3,1,0,0,0.9,1,0,0,0,0,0,0,1,1,0,1,0,3
vp_36380_case_001,36,45,55,22.564102564102566,초반,0,0,4,2,1,1,0,0.9,1,0,0,0,1,0,0,1,0,0,1,0,3
vp_36380_case_001,41,50,60,25.128205128205128,초반,0,0,3,3,0,2,0,0.8,0,0,0,0,1,0,0,1,1,0,1,0,4
vp_36380_case_001,46,55,65,27.692307692307693,초반,0,0,4,1,0,2,0,0.8,0,0,0,0,1,0,0,0,1,0,0,0,2
vp_36380_case_001,51,60,70,30.256410256410255,초반,0,0,4,2,0,2,0,0.8,0,0,0,0,1,0,0,0,1,1,0,0,3
vp_36380_case_001,56,65,75,32.82051282051282,초반,0,0,2,2,0,1,1,0.8,0,0,0,0,1,1,0,1,0,1,0,0,4
vp_36380_case_001,61,70,80,35.38461538461539,중반,2,2,5,4,0,0,1,0.9,0,0,0,1,0,1,1,1,1,1,0,0,6
vp_36380_case_001,66,75,85,37.94871794871795,중반,2,2,4,3,0,1,1,0.8,0,0,0,1,1,1,1,0,1,1,0,0,6
vp_36380_case_001,71,80,90,40.51282051282051,중반,0,0,0,0,0,1,1,0.7,0,0,0,0,1,1,0,0,0,0,0,0,2
vp_36380_case_001,76,85,95,43.07692307692308,중반,1,1,1,1,0,1,0,0.6,0,0,0,1,1,0,1,0,0,0,0,0,3
vp_36380_case_001,81,90,100,45.64102564102564,중반,1,1,2,1,0,1,0,0.7,0,0,0,1,1,0,1,0,0,0,0,0,3
vp_36380_case_001,86,95,105,48.205128205128204,중반,0,0,1,1,0,0,0,1.0,0,0,0,0,0,0,1,0,0,0,0,0,1
vp_36380_case_001,91,100,110,50.76923076923077,중반,0,0,2,1,0,0,0,1.0,0,0,0,0,0,0,1,0,0,0,0,0,1
vp_36380_case_001,96,105,115,53.333333333333336,중반,0,0,3,1,0,0,0,0.9,0,0,0,0,0,0,1,0,0,0,0,0,1
vp_36380_case_001,101,110,120,55.8974358974359,중반,1,1,4,2,0,0,0,0.8,0,0,0,1,0,0,1,1,0,0,0,0,3
vp_36380_case_001,106,115,125,58.46153846153847,중반,1,1,7,4,0,0,0,0.7,0,0,0,1,0,0,1,1,1,0,1,0,5
vp_36380_case_001,111,120,130,61.02564102564103,중반,0,0,6,4,0,0,0,0.7,0,0,0,0,0,0,1,1,1,0,1,0,4
vp_36380_case_001,116,125,135,63.589743589743584,중반,0,0,4,2,0,0,0,0.6,0,0,0,0,0,0,1,1,0,0,0,0,2
vp_36380_case_001,121,130,140,66.15384615384615,중반,0,0,5,3,0,0,1,0.6,0,0,0,0,0,1,1,0,1,0,1,0,4
vp_36380_case_001,126,135,145,68.71794871794872,후반,0,0,5,4,0,0,2,0.5,0,0,0,0,0,1,1,1,1,0,1,0,5
vp_36380_case_001,131,140,150,71.28205128205128,후반,0,0,2,2,0,0,1,0.1,0,0,0,0,0,1,1,1,0,0,0,0,3
vp_36380_case_001,136,145,155,73.84615384615385,후반,0,0,1,1,0,0,0,0.3,0,0,0,0,0,0,0,0,1,0,0,0,1
vp_36380_case_001,141,150,160,76.41025641025641,후반,0,0,1,1,0,0,0,0.4,0,0,0,0,0,0,0,0,1,0,0,0,1
vp_36380_case_001,146,155,165,78.97435897435898,후반,0,0,4,3,0,0,0,0.3,0,0,0,0,0,0,1,1,1,0,0,0,3
vp_36380_case_001,151,160,170,81.53846153846153,후반,0,0,4,3,0,0,0,0.3,0,0,0,0,0,0,1,1,1,0,0,0,3
vp_36380_case_001,156,165,175,84.1025641025641,후반,0,0,0,0,0,0,0,0.1,0,0,0,0,0,0,0,0,0,0,0,0,0
vp_36380_case_001,161,170,180,86.66666666666667,후반,0,0,1,1,0,0,0,0.4,0,0,0,0,0,0,0,1,0,0,0,0,1
vp_36380_case_001,166,175,185,89.23076923076924,후반,0,0,1,1,0,0,0,0.4,0,0,0,0,0,0,0,1,0,0,0,0,1
vp_36380_case_001,171,180,190,91.7948717948718,후반,0,0,0,0,0,0,1,0.4,0,0,0,0,0,1,0,0,0,0,0,0,1
vp_36380_case_001,176,185,195,94.35897435897435,후반,0,0,0,0,0,0,1,0.8,0,0,0,0,0,1,0,0,0,0,0,0,1
vp_36380_case_001,181,190,196,96.92307692307692,후반,1,1,3,3,0,0,0,0.8,0,0,0,1,0,0,1,1,0,1,0,0,4
vp_36380_case_001,186,195,196,99.48717948717949,후반,1,1,3,3,0,0,0,0.7,0,0,0,1,0,0,1,1,0,1,0,0,4
vp_36381_case_001,1,10,20,5.88235294117647,초반,1,1,3,2,0,2,0,0.7,0,0,0,1,1,0,1,0,1,0,0,0,4
vp_36381_case_001,6,15,25,9.15032679738562,초반,0,0,1,1,0,2,0,0.6,0,0,0,0,1,0,0,0,1,0,0,0,2
vp_36381_case_001,11,20,30,12.418300653594772,초반,1,1,0,0,0,0,0,0.8,0,0,0,1,0,0,0,0,0,0,0,0,1
vp_36381_case_001,16,25,35,15.686274509803921,초반,3,3,2,2,0,0,0,0.8,0,0,0,1,0,0,1,0,1,0,0,0,3
vp_36381_case_001,21,30,40,18.954248366013072,초반,2,2,3,2,0,1,0,0.6,0,0,0,1,1,0,1,0,1,0,0,0,4
vp_36381_case_001,26,35,45,22.22222222222222,초반,1,1,2,1,0,2,0,0.5,0,0,0,1,1,0,1,0,0,0,0,0,3
vp_36381_case_001,31,40,50,25.49019607843137,초반,1,1,1,1,0,1,0,0.6,0,0,0,1,1,0,1,0,0,0,0,0,3
vp_36381_case_001,36,45,55,28.75816993464052,초반,1,1,2,2,0,0,0,0.6,0,0,0,1,0,0,0,1,1,0,0,0,3
vp_36381_case_001,41,50,60,32.02614379084967,초반,1,1,2,2,0,0,0,0.6,0,0,0,1,0,0,0,1,1,0,0,0,3
vp_36381_case_001,46,55,65,35.294117647058826,중반,2,2,2,2,0,0,0,0.6,0,0,0,1,0,0,1,0,0,0,1,0,3
vp_36381_case_001,51,60,70,38.56209150326798,중반,3,3,5,3,0,1,0,0.7,0,1,1,1,1,0,1,0,1,0,1,0,5
vp_36381_case_001,56,65,75,41.830065359477125,중반,1,1,5,4,0,2,0,0.8,0,1,1,1,1,0,1,1,1,0,1,0,6
vp_36381_case_001,61,70,80,45.09803921568628,중반,0,0,3,3,1,1,0,0.8,1,0,0,0,1,0,0,1,1,0,1,0,4
vp_36381_case_001,66,75,85,48.36601307189542,중반,0,0,1,1,1,0,0,0.9,1,0,0,0,0,0,0,0,0,0,1,0,1
vp_36381_case_001,71,80,90,51.633986928104584,중반,0,0,2,2,0,0,0,1.0,0,0,0,0,0,0,0,0,1,1,0,0,2
vp_36381_case_001,76,85,95,54.90196078431373,중반,0,0,3,2,0,0,0,0.7,0,0,0,0,0,0,0,0,1,1,0,0,2
vp_36381_case_001,81,90,100,58.16993464052288,중반,0,0,2,1,0,0,0,0.5,0,0,0,0,0,0,0,0,0,1,0,0,1
vp_36381_case_001,86,95,105,61.43790849673203,중반,0,0,5,4,0,0,0,0.6,0,0,0,0,0,0,1,1,1,1,0,0,4
vp_36381_case_001,91,100,110,64.70588235294117,중반,0,0,4,4,0,0,0,0.7,0,0,0,0,0,0,1,1,1,1,0,0,4
vp_36381_case_001,96,105,115,67.97385620915033,후반,0,0,1,1,0,0,1,0.7,0,0,0,0,0,1,1,0,0,0,0,0,2
vp_36381_case_001,101,110,120,71.24183006535948,후반,0,0,3,3,0,0,1,0.6,0,0,0,0,0,1,1,1,0,1,0,0,4
vp_36381_case_001,106,115,125,74.50980392156863,후반,0,0,3,3,0,0,0,0.6,0,0,0,0,0,0,1,1,0,1,0,0,3
vp_36381_case_001,111,120,130,77.77777777777779,후반,0,0,3,1,0,0,0,0.5,0,1,1,0,0,0,1,0,0,0,0,0,1
vp_36381_case_001,116,125,135,81.04575163398692,후반,2,2,3,1,0,0,0,0.5,0,1,1,1,0,0,1,0,0,0,0,0,2
vp_36381_case_001,121,130,140,84.31372549019608,후반,2,2,1,1,1,0,0,0.7,1,0,0,1,0,0,1,0,0,0,0,0,2
vp_36381_case_001,126,135,145,87.58169934640523,후반,0,0,0,0,1,0,0,0.7,1,0,0,0,0,0,0,0,0,0,0,0,0
vp_36381_case_001,131,140,150,90.84967320261438,후반,0,0,0,0,0,0,0,0.7,0,0,0,0,0,0,0,0,0,0,0,0,0
vp_36381_case_001,136,145,154,94.11764705882352,후반,0,0,3,3,0,0,0,0.9,0,0,0,0,0,0,1,1,1,0,0,0,3
vp_36381_case_001,141,150,154,97.38562091503267,후반,0,0,4,3,0,0,0,0.8,0,0,0,0,0,0,1,1,1,0,0,0,3
vp_36381_case_003,1,10,20,20.0,초반,1,1,4,2,1,0,0,0.8,1,0,0,1,0,0,0,1,0,0,1,0,3
vp_36381_case_003,6,15,25,31.11111111111111,초반,1,1,3,3,1,1,1,0.7,1,0,0,1,1,1,1,1,0,0,1,0,6
vp_36381_case_003,11,20,30,42.22222222222222,중반,1,1,1,1,0,1,1,0.4,0,0,0,1,1,1,1,0,0,0,0,0,4
vp_36381_case_003,16,25,35,53.333333333333336,중반,0,0,0,0,0,0,0,0.6,0,0,0,0,0,0,0,0,0,0,0,0,0
vp_36381_case_003,21,30,40,64.44444444444444,중반,0,0,1,1,0,1,0,0.7,0,0,0,0,1,0,0,0,0,0,0,1,2
vp_36381_case_003,26,35,45,75.55555555555556,후반,0,0,2,2,0,1,0,0.6,0,0,0,0,1,0,0,0,1,0,0,1,3
vp_36381_case_003,31,40,46,86.66666666666667,후반,0,0,1,1,0,1,0,0.7,0,0,0,0,1,0,0,0,1,0,0,0,2
vp_36381_case_003,36,45,46,97.77777777777777,후반,0,0,0,0,0,1,0,0.9,0,0,0,0,1,0,0,0,0,0,0,0,1
vp_36383_case_001,1,10,20,12.676056338028168,초반,1,1,2,2,0,0,0,0.5,0,0,0,1,0,0,1,0,1,0,0,0,3
vp_36383_case_001,6,15,25,19.718309859154928,초반,1,1,3,2,0,0,0,0.5,0,0,0,1,0,0,1,0,1,0,0,0,3
vp_36383_case_001,11,20,30,26.76056338028169,초반,0,0,1,1,0,0,0,0.5,0,0,0,0,0,0,0,0,1,0,0,0,1
vp_36383_case_001,16,25,35,33.80281690140845,중반,0,0,0,0,0,0,0,0.7,0,0,0,0,0,0,0,0,0,0,0,0,0
vp_36383_case_001,21,30,40,40.845070422535215,중반,0,0,0,0,0,0,0,0.8,0,0,0,0,0,0,0,0,0,0,0,0,0
vp_36383_case_001,26,35,45,47.88732394366197,중반,0,0,0,0,0,0,1,0.8,0,0,0,0,0,1,0,0,0,0,0,0,1
vp_36383_case_001,31,40,50,54.929577464788736,중반,0,0,0,0,0,0,1,0.7,0,0,0,0,0,1,0,0,0,0,0,0,1
vp_36383_case_001,36,45,55,61.97183098591549,중반,0,0,0,0,0,0,0,0.6,0,0,0,0,0,0,0,0,0,0,0,0,0
vp_36383_case_001,41,50,60,69.01408450704226,후반,2,2,2,2,0,0,0,0.8,0,0,0,1,0,0,1,0,1,0,0,0,3
vp_36383_case_001,46,55,65,76.05633802816901,후반,2,2,3,3,0,0,0,1.0,0,0,0,1,0,0,1,1,1,0,0,0,4
vp_36383_case_001,51,60,70,83.09859154929578,후반,0,0,1,1,0,0,0,0.9,0,0,0,0,0,0,0,1,0,0,0,0,1
vp_36383_case_001,56,65,72,90.14084507042254,후반,0,0,0,0,0,0,0,0.8,0,0,0,0,0,0,0,0,0,0,0,0,0
vp_36383_case_001,61,70,72,97.1830985915493,후반,0,0,0,0,0,1,0,0.6,0,0,0,0,1,0,0,0,0,0,0,0,1
vp_36384_case_001,1,10,20,11.538461538461538,초반,2,2,3,3,0,0,0,0.6,0,0,0,1,0,0,1,1,1,0,0,0,4
vp_36384_case_001,6,15,25,17.94871794871795,초반,2,2,4,2,0,0,0,0.7,0,0,0,1,0,0,0,1,1,0,0,0,3
vp_36384_case_001,11,20,30,24.358974358974358,초반,1,1,3,2,0,1,0,0.7,0,0,0,1,1,0,0,1,1,0,0,0,4
vp_36384_case_001,16,25,35,30.76923076923077,초반,1,1,9,4,0,1,0,0.7,0,0,0,1,1,0,1,1,1,0,1,0,6
vp_36384_case_001,21,30,40,37.17948717948718,중반,1,1,11,4,1,1,0,0.7,0,0,0,1,1,0,1,1,1,0,1,0,6
vp_36384_case_001,26,35,45,43.58974358974359,중반,0,0,6,3,1,1,0,0.7,0,0,0,0,1,0,1,1,0,0,1,0,4
vp_36384_case_001,31,40,50,50.0,중반,0,0,5,4,0,0,0,0.6,0,0,0,0,0,0,0,1,1,1,1,0,4
vp_36384_case_001,36,45,55,56.41025641025641,중반,2,2,6,4,0,0,0,0.5,0,0,0,1,0,0,1,1,1,1,0,0,5
vp_36384_case_001,41,50,60,62.82051282051282,중반,2,2,4,4,0,1,0,0.5,0,0,0,1,1,0,1,1,1,1,0,0,6
vp_36384_case_001,46,55,65,69.23076923076923,후반,0,0,1,1,0,1,0,0.4,0,0,0,0,1,0,0,1,0,0,0,0,2
vp_36384_case_001,51,60,70,75.64102564102564,후반,0,0,3,1,0,0,0,0.4,0,0,0,0,0,0,0,1,0,0,0,0,1
vp_36384_case_001,56,65,75,82.05128205128204,후반,0,0,4,1,0,0,0,0.5,0,0,0,0,0,0,0,1,0,0,0,0,1
vp_36384_case_001,61,70,79,88.46153846153845,후반,0,0,4,1,0,0,0,0.6,0,0,0,0,0,0,0,1,0,0,0,0,1
vp_36384_case_001,66,75,79,94.87179487179486,후반,0,0,2,1,0,0,0,0.6,0,0,0,0,0,0,0,1,0,0,0,0,1
vp_36385_case_001,1,10,20,5.056179775280898,초반,2,2,1,1,0,0,1,0.5,0,0,0,1,0,1,1,0,0,0,0,0,3
vp_36385_case_001,6,15,25,7.865168539325842,초반,1,1,3,2,0,0,1,0.6,0,0,0,1,0,1,0,1,1,0,0,0,4
vp_36385_case_001,11,20,30,10.674157303370785,초반,1,1,3,2,0,1,0,0.7,0,1,1,1,1,0,0,1,1,0,0,0,4
vp_36385_case_001,16,25,35,13.48314606741573,초반,0,0,0,0,0,2,1,0.5,0,1,1,0,1,1,0,0,0,0,0,0,2
vp_36385_case_001,21,30,40,16.292134831460675,초반,0,0,3,2,1,2,1,0.6,1,0,0,0,1,1,0,1,1,0,0,0,4
vp_36385_case_001,26,35,45,19.101123595505616,초반,1,1,4,3,1,2,0,0.6,1,0,0,1,1,0,1,1,1,0,0,0,5
vp_36385_case_001,31,40,50,21.910112359550563,초반,2,2,2,1,0,2,0,0.4,0,0,0,1,1,0,1,0,0,0,0,0,3
vp_36385_case_001,36,45,55,24.719101123595504,초반,1,1,4,3,0,2,1,0.5,0,0,0,1,1,1,1,1,1,0,0,0,6
vp_36385_case_001,41,50,60,27.52808988764045,초반,3,3,8,3,0,1,2,0.7,0,0,0,1,1,1,1,1,1,0,0,0,6
vp_36385_case_001,46,55,65,30.337078651685395,초반,3,3,5,3,0,0,3,0.7,0,0,0,1,0,1,1,1,1,0,0,0,5
vp_36385_case_001,51,60,70,33.146067415730336,초반,0,0,2,2,0,0,3,0.6,0,1,1,0,0,1,0,1,0,0,0,0,2
vp_36385_case_001,56,65,75,35.95505617977528,중반,0,0,2,2,0,0,1,0.6,0,1,1,0,0,1,0,1,0,0,0,0,2
vp_36385_case_001,61,70,80,38.764044943820224,중반,0,0,2,2,1,0,1,0.7,1,1,1,0,0,1,0,1,1,0,0,0,3
vp_36385_case_001,66,75,85,41.57303370786517,중반,0,0,2,2,1,0,1,0.6,1,1,1,0,0,1,0,1,1,0,0,0,3
vp_36385_case_001,71,80,90,44.38202247191011,중반,0,0,2,2,1,2,1,0.4,1,0,0,0,1,1,0,1,0,0,0,1,4
vp_36385_case_001,76,85,95,47.19101123595505,중반,0,0,6,3,1,3,1,0.6,1,0,0,0,1,1,0,1,0,1,0,1,5
vp_36385_case_001,81,90,100,50.0,중반,0,0,8,3,0,1,0,0.9,0,0,0,0,1,0,0,1,1,1,0,0,4
vp_36385_case_001,86,95,105,52.80898876404494,중반,0,0,4,2,0,0,0,1.0,0,0,0,0,0,0,0,0,1,1,0,0,2
vp_36385_case_001,91,100,110,55.61797752808989,중반,0,0,1,1,0,0,2,0.7,0,0,0,0,0,1,0,1,0,0,0,0,2
vp_36385_case_001,96,105,115,58.42696629213483,중반,2,2,5,3,0,0,2,0.6,0,0,0,1,0,1,1,1,1,0,0,0,5
vp_36385_case_001,101,110,120,61.23595505617978,중반,2,2,5,3,0,0,0,0.7,0,0,0,1,0,0,1,1,1,0,0,0,4
vp_36385_case_001,106,115,125,64.04494382022472,중반,0,0,1,1,0,2,0,0.6,0,0,0,0,1,0,0,1,0,0,0,0,2
vp_36385_case_001,111,120,130,66.85393258426966,후반,0,0,1,1,0,2,0,0.8,0,0,0,0,1,0,0,0,0,0,1,0,2
vp_36385_case_001,116,125,135,69.66292134831461,후반,0,0,4,3,0,0,0,0.9,0,0,0,0,0,0,0,1,1,0,1,0,3
vp_36385_case_001,121,130,140,72.47191011235955,후반,0,0,4,2,0,0,0,0.8,0,0,0,0,0,0,0,1,1,0,0,0,2
vp_36385_case_001,126,135,145,75.28089887640449,후반,0,0,6,4,0,0,0,0.8,0,0,0,0,0,0,1,1,1,1,0,0,4
vp_36385_case_001,131,140,150,78.08988764044943,후반,0,0,11,4,0,0,0,0.9,0,0,0,0,0,0,1,1,1,1,0,0,4
vp_36385_case_001,136,145,155,80.89887640449437,후반,0,0,7,4,0,0,0,0.8,0,0,0,0,0,0,1,1,1,1,0,0,4
vp_36385_case_001,141,150,160,83.70786516853933,후반,1,1,3,1,0,0,0,0.6,0,0,0,1,0,0,1,0,0,0,0,0,2
vp_36385_case_001,146,155,165,86.51685393258427,후반,1,1,2,1,0,1,0,0.7,0,1,1,1,1,0,1,0,0,0,0,0,3
vp_36385_case_001,151,160,170,89.32584269662921,후반,0,0,2,1,0,2,0,0.6,0,2,1,0,1,0,1,0,0,0,0,0,2
vp_36385_case_001,156,165,175,92.13483146067416,후반,0,0,3,1,1,1,0,0.4,1,1,1,0,1,0,1,0,0,0,0,0,2
vp_36385_case_001,161,170,179,94.9438202247191,후반,2,1,2,1,2,0,0,0.5,2,0,0,1,0,0,1,0,0,0,0,0,2
vp_36385_case_001,166,175,179,97.75280898876404,후반,2,1,3,2,1,0,0,0.7,1,0,0,1,0,0,1,0,0,0,1,0,3
vp_36385_case_002,1,10,20,47.368421052631575,중반,1,1,0,0,1,1,0,0.5,1,0,0,1,1,0,0,0,0,0,0,0,2
vp_36385_case_002,6,15,20,73.68421052631578,후반,0,0,2,2,0,1,0,0.6,0,0,0,0,1,0,0,1,1,0,0,0,3
vp_36385_case_003,1,10,20,7.086614173228346,초반,0,0,0,0,0,0,0,0.5,0,0,0,0,0,0,0,0,0,0,0,0,0
vp_36385_case_003,6,15,25,11.023622047244094,초반,2,2,1,1,0,0,0,0.6,0,1,1,1,0,0,1,0,0,0,0,0,2
vp_36385_case_003,11,20,30,14.960629921259844,초반,2,2,1,1,0,0,0,0.8,0,2,1,1,0,0,1,0,0,0,0,0,2
vp_36385_case_003,16,25,35,18.89763779527559,초반,1,1,0,0,1,0,0,0.8,1,1,1,1,0,0,0,0,0,0,0,0,1
vp_36385_case_003,21,30,40,22.83464566929134,초반,1,1,1,1,2,0,0,0.7,2,0,0,1,0,0,0,0,0,0,0,1,2
vp_36385_case_003,26,35,45,26.77165354330709,초반,0,0,2,2,1,0,0,0.7,1,0,0,0,0,0,0,0,1,0,0,1,2
vp_36385_case_003,31,40,50,30.708661417322837,초반,0,0,1,1,0,0,0,0.8,0,0,0,0,0,0,0,0,1,0,0,0,1
vp_36385_case_003,36,45,55,34.645669291338585,중반,0,0,0,0,0,0,0,0.7,0,0,0,0,0,0,0,0,0,0,0,0,0
vp_36385_case_003,41,50,60,38.582677165354326,중반,0,0,1,1,0,0,1,0.5,0,0,0,0,0,1,0,0,1,0,0,0,2
vp_36385_case_003,46,55,65,42.51968503937008,중반,0,0,4,2,0,0,1,0.7,0,0,0,0,0,1,0,1,1,0,0,0,3
vp_36385_case_003,51,60,70,46.45669291338583,중반,0,0,6,2,0,0,0,1.0,0,0,0,0,0,0,0,1,1,0,0,0,2
vp_36385_case_003,56,65,75,50.39370078740157,중반,0,0,3,2,0,2,0,0.7,0,0,0,0,1,0,0,1,1,0,0,0,3
vp_36385_case_003,61,70,80,54.330708661417326,중반,0,0,0,0,0,4,0,0.5,0,0,0,0,1,0,0,0,0,0,0,0,1
vp_36385_case_003,66,75,85,58.26771653543307,중반,0,0,2,1,0,3,0,0.7,0,0,0,0,1,0,0,1,0,0,0,0,2
vp_36385_case_003,71,80,90,62.20472440944882,중반,1,1,3,2,0,2,0,0.7,0,0,0,1,1,0,1,1,0,0,0,0,4
vp_36385_case_003,76,85,95,66.14173228346458,중반,1,1,2,2,0,1,0,0.7,0,0,0,1,1,0,1,1,0,0,0,0,4
vp_36385_case_003,81,90,100,70.07874015748031,후반,1,1,3,1,0,0,0,0.7,0,0,0,1,0,0,0,1,0,0,0,0,2
vp_36385_case_003,86,95,105,74.01574803149606,후반,1,1,3,1,0,0,0,0.6,0,0,0,1,0,0,0,1,0,0,0,0,2
vp_36385_case_003,91,100,110,77.95275590551181,후반,0,0,3,3,0,0,0,0.7,0,0,0,0,0,0,0,1,1,0,1,0,3
vp_36385_case_003,96,105,115,81.88976377952756,후반,0,0,2,2,0,1,0,0.6,0,0,0,0,1,0,0,0,1,0,1,0,3
vp_36385_case_003,101,110,120,85.8267716535433,후반,0,0,2,1,0,1,0,0.5,0,0,0,0,1,0,0,1,0,0,0,0,2
vp_36385_case_003,106,115,125,89.76377952755905,후반,0,0,2,1,0,0,0,0.6,0,0,0,0,0,0,0,1,0,0,0,0,1
vp_36385_case_003,111,120,128,93.7007874015748,후반,0,0,0,0,0,0,0,0.7,0,0,0,0,0,0,0,0,0,0,0,0,0
vp_36385_case_003,116,125,128,97.63779527559055,후반,0,0,0,0,0,0,0,0.8,0,0,0,0,0,0,0,0,0,0,0,0,0
vp_36385_case_004,1,10,20,9.782608695652174,초반,0,0,1,1,0,0,0,0.3,0,0,0,0,0,0,0,1,0,0,0,0,1
vp_36385_case_004,6,15,25,15.217391304347828,초반,0,0,2,2,0,0,0,0.4,0,0,0,0,0,0,0,1,1,0,0,0,2
vp_36385_case_004,11,20,30,20.652173913043477,초반,0,0,1,1,0,0,0,0.7,0,0,0,0,0,0,0,0,1,0,0,0,1
vp_36385_case_004,16,25,35,26.08695652173913,초반,1,1,2,2,0,0,1,0.7,0,0,0,1,0,1,1,1,0,0,0,0,4
vp_36385_case_004,21,30,40,31.521739130434785,초반,1,1,5,2,0,0,1,0.7,0,0,0,1,0,1,1,1,0,0,0,0,4
vp_36385_case_004,26,35,45,36.95652173913043,중반,1,1,3,1,0,0,1,0.8,0,0,0,1,0,1,0,1,0,0,0,0,3
vp_36385_case_004,31,40,50,42.391304347826086,중반,1,1,0,0,0,0,1,0.7,0,0,0,1,0,1,0,0,0,0,0,0,2
vp_36385_case_004,36,45,55,47.82608695652174,중반,0,0,2,1,0,0,0,0.7,0,0,0,0,0,0,0,0,1,0,0,0,1
vp_36385_case_004,41,50,60,53.2608695652174,중반,0,0,3,1,0,0,0,0.8,0,0,0,0,0,0,0,0,1,0,0,0,1
vp_36385_case_004,46,55,65,58.69565217391305,중반,0,0,2,1,0,0,0,0.8,0,0,0,0,0,0,0,0,1,0,0,0,1
vp_36385_case_004,51,60,70,64.13043478260869,중반,0,0,2,2,0,0,0,0.9,0,0,0,0,0,0,0,0,1,1,0,0,2
vp_36385_case_004,56,65,75,69.56521739130434,후반,0,0,1,1,0,0,0,0.8,0,0,0,0,0,0,0,0,0,1,0,0,1
vp_36385_case_004,61,70,80,75.0,후반,0,0,5,2,0,0,0,0.7,0,0,0,0,0,0,0,1,1,0,0,0,2
vp_36385_case_004,66,75,85,80.43478260869566,후반,0,0,6,2,0,0,0,0.8,0,0,0,0,0,0,0,1,1,0,0,0,2
vp_36385_case_004,71,80,90,85.86956521739131,후반,0,0,2,1,0,0,0,0.8,0,1,1,0,0,0,0,0,1,0,0,0,1
vp_36385_case_004,76,85,93,91.30434782608695,후반,0,0,2,1,0,0,0,0.9,0,2,1,0,0,0,0,0,1,0,0,0,1
vp_36385_case_004,81,90,93,96.73913043478261,후반,0,0,1,1,1,0,0,0.8,1,1,1,0,0,0,0,0,1,0,0,0,1
vp_36385_case_005,1,10,20,2.735562310030395,초반,0,0,0,0,0,0,0,0.5,0,0,0,0,0,0,0,0,0,0,0,0,0
vp_36385_case_005,6,15,25,4.25531914893617,초반,0,0,1,1,0,0,0,0.5,0,0,0,0,0,0,0,1,0,0,0,0,1
vp_36385_case_005,11,20,30,5.775075987841945,초반,0,0,2,1,0,0,0,0.4,0,0,0,0,0,0,0,1,0,0,0,0,1
vp_36385_case_005,16,25,35,7.29483282674772,초반,2,2,3,2,0,0,0,0.8,0,0,0,1,0,0,1,1,0,0,0,0,3
vp_36385_case_005,21,30,40,8.814589665653495,초반,3,3,4,2,0,0,0,0.9,0,0,0,1,0,0,1,1,0,0,0,0,3
vp_36385_case_005,26,35,45,10.33434650455927,초반,1,1,6,2,0,0,0,0.9,0,0,0,1,0,0,1,1,0,0,0,0,3
vp_36385_case_005,31,40,50,11.854103343465045,초반,1,1,5,2,0,0,0,1.0,0,0,0,1,0,0,1,1,0,0,0,0,3
vp_36385_case_005,36,45,55,13.37386018237082,초반,1,1,3,1,0,0,0,1.0,0,0,0,1,0,0,0,1,0,0,0,0,2
vp_36385_case_005,41,50,60,14.893617021276595,초반,0,0,3,1,0,0,0,0.9,0,0,0,0,0,0,0,1,0,0,0,0,1
vp_36385_case_005,46,55,65,16.41337386018237,초반,0,0,3,1,0,0,0,0.9,0,0,0,0,0,0,0,1,0,0,0,0,1
vp_36385_case_005,51,60,70,17.933130699088146,초반,0,0,3,2,0,0,0,0.9,0,0,0,0,0,0,1,1,0,0,0,0,2
vp_36385_case_005,56,65,75,19.45288753799392,초반,0,0,1,1,0,1,0,0.8,0,0,0,0,1,0,1,0,0,0,0,0,2
vp_36385_case_005,61,70,80,20.972644376899694,초반,0,0,2,2,0,1,0,0.9,0,0,0,0,1,0,0,1,1,0,0,0,3
vp_36385_case_005,66,75,85,22.492401215805472,초반,2,1,2,2,0,0,0,1.0,0,0,0,1,0,0,0,1,1,0,0,0,3
vp_36385_case_005,71,80,90,24.012158054711247,초반,2,1,0,0,0,0,0,0.9,0,0,0,1,0,0,0,0,0,0,0,0,1
vp_36385_case_005,76,85,95,25.53191489361702,초반,1,1,1,1,0,0,0,0.9,0,1,1,1,0,0,0,0,0,0,1,0,2
vp_36385_case_005,81,90,100,27.0516717325228,초반,1,1,2,2,0,0,0,1.0,0,1,1,1,0,0,0,0,1,0,1,0,3
vp_36385_case_005,86,95,105,28.57142857142857,초반,0,0,3,2,1,0,0,0.9,1,0,0,0,0,0,0,0,1,0,1,0,2
vp_36385_case_005,91,100,110,30.091185410334347,초반,0,0,2,1,1,0,0,0.8,1,0,0,0,0,0,0,0,0,0,1,0,1
vp_36385_case_005,96,105,115,31.61094224924012,초반,0,0,2,2,0,0,0,0.9,0,0,0,0,0,0,1,1,0,0,0,0,2
vp_36385_case_005,101,110,120,33.130699088145896,초반,0,0,2,2,0,0,0,1.0,0,0,0,0,0,0,1,1,0,0,0,0,2
vp_36385_case_005,106,115,125,34.650455927051674,중반,0,0,0,0,0,0,0,1.0,0,0,0,0,0,0,0,0,0,0,0,0,0
vp_36385_case_005,111,120,130,36.17021276595745,중반,0,0,0,0,0,0,0,1.0,0,0,0,0,0,0,0,0,0,0,0,0,0
vp_36385_case_005,116,125,135,37.68996960486322,중반,0,0,0,0,0,0,0,0.8,0,0,0,0,0,0,0,0,0,0,0,0,0
vp_36385_case_005,121,130,140,39.209726443769,중반,0,0,0,0,0,0,0,0.8,0,0,0,0,0,0,0,0,0,0,0,0,0
vp_36385_case_005,126,135,145,40.72948328267477,중반,0,0,1,1,0,0,0,0.9,0,0,0,0,0,0,0,1,0,0,0,0,1
vp_36385_case_005,131,140,150,42.24924012158054,중반,0,0,4,2,0,0,0,0.9,0,0,0,0,0,0,0,1,0,0,1,0,2
vp_36385_case_005,136,145,155,43.76899696048632,중반,0,0,4,2,0,0,0,1.0,0,0,0,0,0,0,0,1,0,0,1,0,2
vp_36385_case_005,141,150,160,45.2887537993921,중반,0,0,1,1,0,0,0,0.8,0,1,1,0,0,0,0,0,0,0,1,0,1
vp_36385_case_005,146,155,165,46.808510638297875,중반,0,0,2,2,0,0,0,0.6,0,1,1,0,0,0,0,1,0,0,0,0,1
vp_36385_case_005,151,160,170,48.328267477203646,중반,1,1,3,3,1,0,0,0.7,1,0,0,1,0,0,1,1,0,0,0,0,3
vp_36385_case_005,156,165,175,49.848024316109424,중반,1,1,2,1,1,0,0,0.9,1,0,0,1,0,0,1,0,0,0,0,0,2
vp_36385_case_005,161,170,180,51.3677811550152,중반,0,0,1,1,0,0,0,1.0,0,0,0,0,0,0,1,0,0,0,0,0,1
vp_36385_case_005,166,175,185,52.88753799392097,중반,0,0,2,2,0,0,0,1.0,0,0,0,0,0,0,0,0,1,0,0,0,1
vp_36385_case_005,171,180,190,54.40729483282675,중반,0,0,2,2,0,0,0,0.5,0,0,0,0,0,0,0,0,1,0,0,0,1
vp_36385_case_005,176,185,195,55.92705167173252,중반,0,0,2,1,0,0,0,0.5,0,0,0,0,0,0,0,1,0,0,0,0,1
vp_36385_case_005,181,190,200,57.446808510638306,중반,0,0,4,2,0,0,0,1.0,0,0,0,0,0,0,0,1,1,0,0,0,2
vp_36385_case_005,186,195,205,58.96656534954408,중반,0,0,2,2,0,0,0,1.0,0,0,0,0,0,0,0,1,1,0,0,0,2
vp_36385_case_005,191,200,210,60.48632218844985,중반,0,0,0,0,0,1,0,0.5,0,2,1,0,1,0,0,0,0,0,0,0,1
vp_36385_case_005,196,205,215,62.00607902735562,중반,0,0,0,0,0,1,0,0.4,0,2,1,0,1,0,0,0,0,0,0,0,1
vp_36385_case_005,201,210,220,63.525835866261396,중반,1,1,0,0,2,0,0,0.9,2,0,0,1,0,0,0,0,0,0,0,0,1
vp_36385_case_005,206,215,225,65.04559270516718,중반,1,1,0,0,2,0,0,1.0,2,0,0,1,0,0,0,0,0,0,0,0,1
vp_36385_case_005,211,220,230,66.56534954407294,중반,0,0,2,1,0,0,0,0.9,0,0,0,0,0,0,0,1,0,0,0,0,1
vp_36385_case_005,216,225,235,68.08510638297872,후반,0,0,4,2,0,0,0,0.9,0,0,0,0,0,0,0,1,1,0,0,0,2
vp_36385_case_005,221,230,240,69.6048632218845,후반,0,0,5,2,0,0,0,1.0,0,0,0,0,0,0,0,1,1,0,0,0,2
vp_36385_case_005,226,235,245,71.12462006079028,후반,0,0,4,2,0,0,0,1.0,0,0,0,0,0,0,0,1,1,0,0,0,2
vp_36385_case_005,231,240,250,72.64437689969606,후반,0,0,3,2,0,0,0,1.0,0,0,0,0,0,0,0,1,1,0,0,0,2
vp_36385_case_005,236,245,255,74.16413373860182,후반,0,0,3,2,0,0,0,1.0,0,0,0,0,0,0,0,1,1,0,0,0,2
vp_36385_case_005,241,250,260,75.6838905775076,후반,0,0,1,1,0,0,0,0.8,0,0,0,0,0,0,0,0,1,0,0,0,1
vp_36385_case_005,246,255,265,77.20364741641338,후반,0,0,1,1,0,0,0,0.8,0,0,0,0,0,0,0,1,0,0,0,0,1
vp_36385_case_005,251,260,270,78.72340425531915,후반,0,0,3,2,0,0,0,1.0,0,0,0,0,0,0,0,1,0,0,0,0,1
vp_36385_case_005,256,265,275,80.24316109422493,후반,0,0,3,2,0,0,0,1.0,0,0,0,0,0,0,0,1,0,0,0,0,1
vp_36385_case_005,261,270,280,81.7629179331307,후반,0,0,1,1,0,0,0,1.0,0,0,0,0,0,0,0,1,0,0,0,0,1
vp_36385_case_005,266,275,285,83.28267477203647,후반,0,0,0,0,0,0,0,0.9,0,0,0,0,0,0,0,0,0,0,0,0,0
vp_36385_case_005,271,280,290,84.80243161094225,후반,0,0,0,0,0,0,0,0.7,0,0,0,0,0,0,0,0,0,0,0,0,0
vp_36385_case_005,276,285,295,86.32218844984803,후반,0,0,0,0,0,0,0,0.4,0,0,0,0,0,0,0,0,0,0,0,0,0
vp_36385_case_005,281,290,300,87.84194528875379,후반,0,0,0,0,0,0,0,0.4,0,0,0,0,0,0,0,0,0,0,0,0,0
vp_36385_case_005,286,295,305,89.36170212765957,후반,0,0,1,1,0,0,0,0.5,0,0,0,0,0,0,0,1,0,0,0,0,1
vp_36385_case_005,291,300,310,90.88145896656535,후반,0,0,2,1,0,0,0,0.7,0,0,0,0,0,0,0,1,0,0,0,0,1
vp_36385_case_005,296,305,315,92.40121580547113,후반,1,1,2,2,0,0,0,1.0,0,0,0,1,0,0,1,1,0,0,0,0,3
vp_36385_case_005,301,310,320,93.9209726443769,후반,1,1,1,1,0,0,0,1.0,0,0,0,1,0,0,1,0,0,0,0,0,2
vp_36385_case_005,306,315,325,95.44072948328267,후반,0,0,3,2,0,0,0,1.0,0,0,0,0,0,0,1,1,0,0,0,0,2
vp_36385_case_005,311,320,330,96.96048632218846,후반,0,0,4,3,0,0,0,1.0,0,0,0,0,0,0,1,1,1,0,0,0,3
vp_36385_case_005,316,325,330,98.48024316109422,후반,0,0,3,1,0,0,0,1.0,0,0,0,0,0,0,0,0,1,0,0,0,1
vp_36388_case_001,1,10,20,9.782608695652174,초반,0,0,1,1,0,1,0,0.6,0,0,0,0,1,0,0,0,1,0,0,0,2
vp_36388_case_001,6,15,25,15.217391304347828,초반,1,1,3,2,0,2,0,0.7,0,0,0,1,1,0,1,0,1,0,0,0,4
vp_36388_case_001,11,20,30,20.652173913043477,초반,1,1,3,1,0,2,0,0.7,0,0,0,1,1,0,1,0,0,0,0,0,3
vp_36388_case_001,16,25,35,26.08695652173913,초반,1,1,2,1,0,1,0,0.6,0,1,1,1,1,0,1,0,0,0,0,0,3
vp_36388_case_001,21,30,40,31.521739130434785,초반,1,1,1,1,0,0,0,0.5,0,1,1,1,0,0,1,0,0,0,0,0,2
vp_36388_case_001,26,35,45,36.95652173913043,중반,1,1,2,2,1,0,0,0.6,1,0,0,1,0,0,1,0,0,0,1,0,3
vp_36388_case_001,31,40,50,42.391304347826086,중반,1,1,2,2,1,0,0,0.5,1,0,0,1,0,0,1,0,0,0,1,0,3
vp_36388_case_001,36,45,55,47.82608695652174,중반,0,0,0,0,0,0,0,0.6,0,0,0,0,0,0,0,0,0,0,0,0,0
vp_36388_case_001,41,50,60,53.2608695652174,중반,1,1,0,0,0,0,0,0.7,0,0,0,1,0,0,0,0,0,0,0,0,1
vp_36388_case_001,46,55,65,58.69565217391305,중반,1,1,0,0,0,0,0,0.4,0,0,0,1,0,0,0,0,0,0,0,0,1
vp_36388_case_001,51,60,70,64.13043478260869,중반,1,1,2,2,0,0,0,0.5,0,0,0,1,0,0,1,0,1,0,0,0,3
vp_36388_case_001,56,65,75,69.56521739130434,후반,1,1,4,2,0,0,0,0.7,0,0,0,1,0,0,1,0,1,0,0,0,3
vp_36388_case_001,61,70,80,75.0,후반,0,0,4,3,0,2,0,0.7,0,0,0,0,1,0,1,1,1,0,0,0,4
vp_36388_case_001,66,75,85,80.43478260869566,후반,0,0,2,2,0,5,0,0.5,0,0,0,0,1,0,1,1,0,0,0,0,3
vp_36388_case_001,71,80,90,85.86956521739131,후반,0,0,0,0,0,3,0,0.4,0,0,0,0,1,0,0,0,0,0,0,0,1
vp_36388_case_001,76,85,93,91.30434782608695,후반,1,1,2,2,0,0,0,0.6,0,0,0,1,0,0,1,0,1,0,0,0,3
vp_36388_case_001,81,90,93,96.73913043478261,후반,1,1,4,2,0,0,0,0.8,0,0,0,1,0,0,1,0,1,0,0,0,3
vp_36389_case_005,1,10,16,60.0,중반,1,1,0,0,0,0,0,0.6,0,0,0,1,0,0,0,0,0,0,0,0,1
vp_36389_case_005,6,15,16,93.33333333333333,후반,0,0,0,0,0,0,0,0.5,0,0,0,0,0,0,0,0,0,0,0,0,0
vp_36390_case_002,1,15,26,14.285714285714285,초반,0,0,2,2,0,0,0,1.0,0,0,0,0,0,0,0,1,1,0,0,0,2
vp_36390_case_002,7,21,32,22.22222222222222,초반,0,0,0,0,0,0,0,1.0,0,0,0,0,0,0,0,0,0,0,0,0,0
vp_36390_case_002,16,26,40,30.158730158730158,초반,1,1,1,1,0,0,0,1.0,0,0,0,1,0,0,1,0,0,0,0,0,2
vp_36390_case_002,22,32,46,38.095238095238095,중반,1,1,2,2,0,0,0,1.0,0,0,0,1,0,0,1,0,1,0,0,0,3
vp_36390_case_002,27,40,55,46.03174603174603,중반,2,1,4,2,0,0,0,1.0,0,0,0,1,0,0,1,0,1,0,0,0,3
vp_36390_case_002,33,46,60,53.96825396825397,중반,3,2,4,2,0,0,0,1.0,0,0,0,1,0,0,1,0,0,0,1,0,3
vp_36390_case_002,41,55,65,61.904761904761905,중반,2,2,3,2,0,0,0,1.0,0,1,1,1,0,0,1,0,0,0,1,0,3
vp_36390_case_002,49,60,70,69.84126984126983,후반,1,1,2,2,0,0,0,1.0,0,1,1,1,0,0,1,0,0,0,1,0,3
vp_36390_case_002,56,65,75,77.77777777777779,후반,0,0,1,1,1,0,0,1.0,1,0,0,0,0,0,0,0,0,0,1,0,1
vp_36390_case_002,61,70,80,85.71428571428571,후반,0,0,3,3,1,0,0,1.0,1,0,0,0,0,0,1,0,1,0,1,0,3
vp_36390_case_002,66,75,80,93.65079365079364,후반,0,0,4,3,0,0,0,1.0,0,0,0,0,0,0,1,0,1,1,0,0,3
vp_36390_case_003,1,13,28,24.324324324324326,초반,0,0,2,2,0,0,0,1.0,0,0,0,0,0,0,1,0,0,1,0,0,2
vp_36390_case_003,9,18,35,37.83783783783784,중반,0,0,0,0,0,0,0,1.0,0,0,0,0,0,0,0,0,0,0,0,0,0
vp_36390_case_003,14,28,40,51.35135135135135,중반,0,0,0,0,0,0,0,1.0,0,0,0,0,0,0,0,0,0,0,0,0,0
vp_36390_case_003,19,35,46,64.86486486486487,중반,0,0,2,2,0,0,0,1.0,0,0,0,0,0,0,0,1,1,0,0,0,2
vp_36390_case_003,29,40,50,78.37837837837837,후반,0,0,4,2,0,0,0,1.0,0,0,0,0,0,0,0,1,1,0,0,0,2
vp_36390_case_003,36,46,50,91.8918918918919,후반,0,0,3,2,0,0,0,1.0,0,0,0,0,0,0,0,1,1,0,0,0,2
vp_36390_case_005,1,10,20,11.842105263157894,초반,0,0,1,1,0,0,0,0.4,0,0,0,0,0,0,0,1,0,0,0,0,1
vp_36390_case_005,6,15,25,18.421052631578945,초반,1,1,2,2,0,0,0,0.4,0,0,0,1,0,0,1,1,0,0,0,0,3
vp_36390_case_005,11,20,30,25.0,초반,1,1,2,2,0,0,0,0.6,0,0,0,1,0,0,1,1,0,0,0,0,3
vp_36390_case_005,16,25,35,31.57894736842105,초반,0,0,2,2,0,0,0,0.6,0,0,0,0,0,0,1,1,0,0,0,0,2
vp_36390_case_005,21,30,40,38.15789473684211,중반,0,0,1,1,0,0,0,0.6,0,0,0,0,0,0,1,0,0,0,0,0,1
vp_36390_case_005,26,35,45,44.73684210526316,중반,0,0,0,0,0,1,0,0.6,0,0,0,0,1,0,0,0,0,0,0,0,1
vp_36390_case_005,31,40,50,51.31578947368421,중반,0,0,0,0,0,2,0,0.7,0,0,0,0,1,0,0,0,0,0,0,0,1
vp_36390_case_005,36,45,55,57.89473684210527,중반,0,0,7,3,0,1,0,0.7,0,0,0,0,1,0,1,1,0,1,0,0,4
vp_36390_case_005,41,50,60,64.47368421052632,중반,0,0,7,3,0,0,0,0.4,0,0,0,0,0,0,1,1,0,1,0,0,3
vp_36390_case_005,46,55,65,71.05263157894737,후반,0,0,1,1,0,1,0,0.4,0,0,0,0,1,0,0,0,1,0,0,0,2
vp_36390_case_005,51,60,70,77.63157894736842,후반,0,0,2,2,0,1,0,0.6,0,0,0,0,1,0,0,0,1,1,0,0,3
vp_36390_case_005,56,65,75,84.21052631578947,후반,0,0,2,2,0,0,0,0.7,0,0,0,0,0,0,0,1,0,1,0,0,2
vp_36390_case_005,61,70,77,90.78947368421053,후반,1,1,2,2,0,0,0,0.9,0,0,0,1,0,0,0,1,0,1,0,0,3
vp_36390_case_005,66,75,77,97.36842105263158,후반,2,1,2,2,0,1,0,0.9,0,0,0,1,1,0,1,0,0,1,0,0,4
vp_36391_case_001,1,10,20,42.857142857142854,중반,1,1,4,2,0,0,0,0.5,0,0,0,1,0,0,1,0,1,0,0,0,3
vp_36391_case_001,6,15,22,66.66666666666666,후반,1,1,4,3,0,1,0,0.6,0,0,0,1,1,0,1,0,1,0,1,0,5
vp_36391_case_001,11,20,22,90.47619047619048,후반,0,0,2,2,0,1,0,0.6,0,0,0,0,1,0,0,0,1,0,1,0,3
vp_36392_case_001,1,10,20,9.090909090909092,초반,2,2,10,3,1,2,0,0.7,1,0,0,1,1,0,1,1,1,0,0,0,5
vp_36392_case_001,6,15,25,14.14141414141414,초반,1,1,5,3,1,1,0,0.8,1,0,0,1,1,0,1,1,1,0,0,0,5
vp_36392_case_001,11,20,30,19.19191919191919,초반,0,0,2,2,0,1,0,0.9,0,0,0,0,1,0,0,1,0,0,0,1,3
vp_36392_case_001,16,25,35,24.242424242424242,초반,0,0,8,3,0,0,0,1.0,0,0,0,0,0,0,0,1,1,0,0,1,3
vp_36392_case_001,21,30,40,29.292929292929294,초반,0,0,14,4,0,0,0,0.9,0,0,0,0,0,0,1,1,1,0,1,0,4
vp_36392_case_001,26,35,45,34.34343434343434,중반,0,0,13,5,0,1,0,0.8,0,0,0,0,1,0,1,1,1,1,1,0,6
vp_36392_case_001,31,40,50,39.39393939393939,중반,0,0,7,4,0,1,1,0.7,0,0,0,0,1,1,1,1,0,1,1,0,6
vp_36392_case_001,36,45,55,44.44444444444444,중반,0,0,4,4,0,1,1,0.7,0,0,0,0,1,1,1,1,0,1,1,0,6
vp_36392_case_001,41,50,60,49.494949494949495,중반,0,0,2,2,0,2,0,0.6,0,0,0,0,1,0,1,0,0,1,0,0,3
vp_36392_case_001,46,55,65,54.54545454545454,중반,1,1,2,2,0,1,0,0.5,0,0,0,1,1,0,1,1,0,0,0,0,4
vp_36392_case_001,51,60,70,59.59595959595959,중반,1,1,7,3,0,0,0,0.6,0,0,0,1,0,0,1,1,1,0,0,0,4
vp_36392_case_001,56,65,75,64.64646464646465,중반,0,0,9,3,0,0,0,0.8,0,0,0,0,0,0,1,1,1,0,0,0,3
vp_36392_case_001,61,70,80,69.6969696969697,후반,1,1,6,2,0,1,0,0.9,0,0,0,1,1,0,1,0,1,0,0,0,4
vp_36392_case_001,66,75,85,74.74747474747475,후반,1,1,6,3,0,1,0,0.7,0,0,0,1,1,0,1,1,1,0,0,0,5
vp_36392_case_001,71,80,90,79.7979797979798,후반,0,0,4,3,0,0,0,0.8,0,0,0,0,0,0,1,1,1,0,0,0,3
vp_36392_case_001,76,85,95,84.84848484848484,후반,0,0,0,0,0,1,0,0.6,0,0,0,0,1,0,0,0,0,0,0,0,1
vp_36392_case_001,81,90,100,89.8989898989899,후반,1,1,2,2,0,1,0,0.3,0,0,0,1,1,0,1,1,0,0,0,0,4
vp_36392_case_001,86,95,100,94.94949494949495,후반,1,1,3,2,0,1,0,0.6,0,0,0,1,1,0,1,1,0,0,0,0,4
vp_36393_case_001,1,10,20,15.789473684210526,초반,1,1,3,2,0,0,0,0.7,0,0,0,1,0,0,1,0,1,0,0,0,3
vp_36393_case_001,6,15,25,24.561403508771928,초반,1,1,3,2,0,0,0,0.8,0,0,0,1,0,0,1,0,1,0,0,0,3
vp_36393_case_001,11,20,30,33.33333333333333,중반,0,0,0,0,0,0,0,0.9,0,0,0,0,0,0,0,0,0,0,0,0,0
vp_36393_case_001,16,25,35,42.10526315789473,중반,2,2,2,1,0,0,0,0.7,0,0,0,1,0,0,0,0,1,0,0,0,2
vp_36393_case_001,21,30,40,50.877192982456144,중반,3,3,5,3,0,0,0,0.6,0,0,0,1,0,0,1,1,1,0,0,0,4
vp_36393_case_001,26,35,45,59.64912280701754,중반,1,1,3,2,0,0,0,0.5,0,0,0,1,0,0,1,1,0,0,0,0,3
vp_36393_case_001,31,40,50,68.42105263157895,후반,1,1,2,2,0,0,0,0.5,0,0,0,1,0,0,1,1,0,0,0,0,3
vp_36393_case_001,36,45,55,77.19298245614034,후반,1,1,6,3,0,1,0,0.7,0,0,0,1,1,0,1,1,1,0,0,0,5
vp_36393_case_001,41,50,58,85.96491228070175,후반,0,0,8,3,0,1,0,0.9,0,0,0,0,1,0,0,1,1,0,1,0,4
vp_36393_case_001,46,55,58,94.73684210526315,후반,0,0,4,3,0,0,0,0.7,0,0,0,0,0,0,0,1,1,0,1,0,3
vp_36394_case_001,1,10,20,30.0,초반,3,3,2,2,0,0,0,0.9,0,0,0,1,0,0,1,0,1,0,0,0,3
vp_36394_case_001,6,15,25,46.666666666666664,중반,3,3,4,3,0,0,0,0.7,0,0,0,1,0,0,1,1,1,0,0,0,4
vp_36394_case_001,11,20,30,63.33333333333333,중반,2,2,4,3,0,1,0,0.5,0,0,0,1,1,0,1,1,1,0,0,0,5
vp_36394_case_001,16,25,31,80.0,후반,0,0,1,1,0,1,0,0.5,0,0,0,0,1,0,0,1,0,0,0,0,2
vp_36394_case_001,21,30,31,96.66666666666667,후반,0,0,1,1,0,1,0,0.6,0,0,0,0,1,0,0,1,0,0,0,0,2
vp_36394_case_002,1,10,20,19.148936170212767,초반,1,1,7,4,0,0,0,1.0,0,0,0,1,0,0,1,1,1,0,1,0,5
vp_36394_case_002,6,15,25,29.78723404255319,초반,1,1,3,3,0,0,0,1.0,0,0,0,1,0,0,1,1,0,0,1,0,4
vp_36394_case_002,11,20,30,40.42553191489361,중반,0,0,3,2,0,0,0,0.7,0,0,0,0,0,0,0,1,0,0,1,0,2
vp_36394_case_002,16,25,35,51.06382978723404,중반,0,0,5,3,0,0,0,0.5,0,0,0,0,0,0,0,1,1,0,1,0,3
vp_36394_case_002,21,30,40,61.702127659574465,중반,0,0,4,3,0,1,0,0.6,0,0,0,0,1,0,0,1,1,1,0,0,4
vp_36394_case_002,26,35,45,72.3404255319149,후반,0,0,4,3,0,1,0,0.7,0,0,0,0,1,0,0,1,1,1,0,0,4
vp_36394_case_002,31,40,48,82.97872340425532,후반,2,2,7,4,0,0,0,0.9,0,0,0,1,0,0,1,1,1,1,0,0,5
vp_36394_case_002,36,45,48,93.61702127659575,후반,2,2,5,4,0,0,0,1.0,0,0,0,1,0,0,1,1,1,1,0,0,5
vp_36394_case_003,1,10,20,13.432835820895523,초반,0,0,0,0,1,0,0,0.8,1,0,0,0,0,0,0,0,0,0,0,0,0
vp_36394_case_003,6,15,25,20.8955223880597,초반,2,1,2,1,0,0,0,0.8,0,0,0,1,0,0,1,0,0,0,0,0,2
vp_36394_case_003,11,20,30,28.35820895522388,초반,2,1,3,1,0,0,0,0.7,0,0,0,1,0,0,1,0,0,0,0,0,2
vp_36394_case_003,16,25,35,35.82089552238806,중반,0,0,1,1,0,2,0,0.7,0,0,0,0,1,0,1,0,0,0,0,0,2
vp_36394_case_003,21,30,40,43.28358208955223,중반,0,0,2,2,0,2,0,0.7,0,0,0,0,1,0,0,1,1,0,0,0,3
vp_36394_case_003,26,35,45,50.74626865671642,중반,1,1,5,3,0,0,0,0.8,0,0,0,1,0,0,1,1,1,0,0,0,4
vp_36394_case_003,31,40,50,58.2089552238806,중반,1,1,6,3,0,0,0,0.6,0,0,0,1,0,0,1,1,1,0,0,0,4
vp_36394_case_003,36,45,55,65.67164179104478,중반,0,0,5,2,0,0,0,0.5,0,0,0,0,0,0,0,1,1,0,0,0,2
vp_36394_case_003,41,50,60,73.13432835820896,후반,0,0,3,2,0,1,0,0.6,0,0,0,0,1,0,0,1,1,0,0,0,3
vp_36394_case_003,46,55,65,80.59701492537313,후반,0,0,3,1,0,1,0,0.8,0,0,0,0,1,0,0,1,0,0,0,0,2
vp_36394_case_003,51,60,68,88.05970149253731,후반,1,1,3,2,0,1,0,0.8,0,0,0,1,1,0,0,1,0,0,1,0,4
vp_36394_case_003,56,65,68,95.52238805970148,후반,1,1,4,2,0,1,0,0.7,0,0,0,1,1,0,0,1,0,0,1,0,4
vp_36395_case_001,1,10,20,9.375,초반,1,1,5,3,0,1,0,0.7,0,0,0,1,1,0,1,1,1,0,0,0,5
vp_36395_case_001,6,15,25,14.583333333333334,초반,1,1,4,3,0,1,0,0.8,0,0,0,1,1,0,1,1,1,0,0,0,5
vp_36395_case_001,11,20,30,19.791666666666664,초반,2,1,5,3,0,0,0,0.8,0,0,0,1,0,0,1,1,1,0,0,0,4
vp_36395_case_001,16,25,35,25.0,초반,1,1,9,4,0,0,0,0.8,0,0,0,1,0,0,1,1,1,0,1,0,5
vp_36395_case_001,21,30,40,30.208333333333332,초반,0,0,11,3,0,0,0,1.0,0,0,0,0,0,0,0,1,1,0,1,0,3
vp_36395_case_001,26,35,45,35.41666666666667,중반,1,1,6,2,0,0,0,1.0,0,0,0,1,0,0,0,1,1,0,0,0,3
vp_36395_case_001,31,40,50,40.625,중반,1,1,2,2,0,1,0,0.7,0,0,0,1,1,0,0,1,1,0,0,0,4
vp_36395_case_001,36,45,55,45.83333333333333,중반,0,0,4,2,0,1,0,0.7,0,0,0,0,1,0,0,1,1,0,0,0,3
vp_36395_case_001,41,50,60,51.041666666666664,중반,0,0,5,2,0,0,0,1.0,0,0,0,0,0,0,0,1,1,0,0,0,2
vp_36395_case_001,46,55,65,56.25,중반,0,0,3,2,0,1,1,0.8,0,0,0,0,1,1,1,1,0,0,0,0,4
vp_36395_case_001,51,60,70,61.458333333333336,중반,0,0,4,2,0,1,2,0.6,0,0,0,0,1,1,1,1,0,0,0,0,4
vp_36395_case_001,56,65,75,66.66666666666666,후반,0,0,3,1,0,0,1,0.5,0,0,0,0,0,1,0,1,0,0,0,0,2
vp_36395_case_001,61,70,80,71.875,후반,0,0,1,1,0,1,0,0.5,0,0,0,0,1,0,0,1,0,0,0,0,2
vp_36395_case_001,66,75,85,77.08333333333334,후반,1,1,3,2,0,1,0,0.8,0,0,0,1,1,0,1,0,1,0,0,0,4
vp_36395_case_001,71,80,90,82.29166666666666,후반,1,1,5,3,0,0,2,0.8,0,0,0,1,0,1,1,1,1,0,0,0,5
vp_36395_case_001,76,85,95,87.5,후반,0,0,4,3,0,0,4,0.6,0,0,0,0,0,1,1,1,1,0,0,0,4
vp_36395_case_001,81,90,97,92.70833333333334,후반,0,0,3,2,0,1,2,0.6,0,0,0,0,1,1,1,1,0,0,0,0,4
vp_36395_case_001,86,95,97,97.91666666666666,후반,0,0,1,1,0,1,0,0.6,0,0,0,0,1,0,0,1,0,0,0,0,2
vp_36396_case_001,1,15,30,8.571428571428571,초반,2,2,6,3,0,0,0,1.0,0,0,0,1,0,0,1,1,1,0,0,0,4
vp_36396_case_001,10,23,35,13.333333333333334,초반,2,2,5,3,0,0,0,1.0,0,0,0,1,0,0,1,1,1,0,0,0,4
vp_36396_case_001,17,30,40,18.095238095238095,초반,1,1,4,3,0,0,0,1.0,0,0,0,1,0,0,1,1,1,0,0,0,4
vp_36396_case_001,25,35,45,22.857142857142858,초반,1,1,3,3,0,0,0,1.0,0,0,0,1,0,0,1,1,1,0,0,0,4
vp_36396_case_001,31,40,51,27.61904761904762,초반,0,0,3,3,0,0,0,1.0,0,0,0,0,0,0,0,1,1,0,1,0,3
vp_36396_case_001,36,45,56,32.38095238095238,초반,1,1,4,3,0,0,0,1.0,0,0,0,1,0,0,1,0,1,0,1,0,4
vp_36396_case_001,41,51,61,37.142857142857146,중반,1,1,5,4,0,0,0,1.0,0,1,1,1,0,0,1,1,1,0,1,0,5
vp_36396_case_001,46,56,73,41.904761904761905,중반,0,0,4,3,0,0,0,1.0,0,1,1,0,0,0,0,1,1,0,1,0,3
vp_36396_case_001,52,61,80,46.666666666666664,중반,1,1,5,2,1,0,0,1.0,1,0,0,1,0,0,0,1,0,0,1,0,3
vp_36396_case_001,57,73,86,51.42857142857142,중반,2,2,7,5,1,0,0,1.0,1,0,0,1,0,0,1,1,1,1,1,0,6
vp_36396_case_001,66,80,92,56.19047619047619,중반,1,1,4,3,0,0,0,1.0,0,0,0,1,0,0,1,0,1,1,0,0,4
vp_36396_case_001,76,86,99,60.952380952380956,중반,0,0,3,3,0,0,0,1.0,0,0,0,0,0,0,0,1,1,1,0,0,3
vp_36396_case_001,82,92,107,65.71428571428571,중반,0,0,3,3,0,0,0,1.0,0,0,0,0,0,0,0,1,1,1,0,0,3
vp_36396_case_001,87,99,114,70.47619047619048,후반,0,0,7,4,0,0,0,1.0,0,0,0,0,0,0,1,1,1,1,0,0,4
vp_36396_case_001,93,107,121,75.23809523809524,후반,0,0,7,4,0,0,0,1.0,0,0,0,0,0,0,1,1,1,1,0,0,4
vp_36396_case_001,100,114,127,80.0,후반,0,0,2,2,0,0,0,1.0,0,0,0,0,0,0,1,0,1,0,0,0,2
vp_36396_case_001,108,121,135,84.76190476190476,후반,0,0,4,1,0,0,0,1.0,0,0,0,0,0,0,1,0,0,0,0,0,1
vp_36396_case_001,115,127,141,89.52380952380953,후반,0,0,4,1,0,0,0,1.0,0,0,0,0,0,0,1,0,0,0,0,0,1
vp_36396_case_001,122,135,142,94.28571428571428,후반,0,0,4,3,0,0,0,1.0,0,0,0,0,0,0,1,1,1,0,0,0,3
vp_36396_case_001,128,141,142,99.04761904761905,후반,0,0,3,2,0,0,0,1.0,0,0,0,0,0,0,0,1,1,0,0,0,2
vp_36396_case_012,3,14,15,90.0,후반,2,2,8,4,1,0,0,1.0,0,0,0,1,0,0,1,1,1,1,0,0,5
vp_36396_case_013,3,15,26,25.0,초반,1,1,4,3,0,0,0,1.0,0,0,0,1,0,0,1,1,0,1,0,0,4
vp_36396_case_013,10,21,33,38.88888888888889,중반,0,0,1,1,0,0,0,1.0,0,0,0,0,0,0,0,1,0,0,0,0,1
vp_36396_case_013,16,26,41,52.77777777777778,중반,0,0,1,1,0,0,0,1.0,0,0,0,0,0,0,0,1,0,0,0,0,1
vp_36396_case_013,22,33,51,66.66666666666666,후반,2,1,5,3,0,0,0,1.0,0,0,0,1,0,0,1,0,1,0,1,0,4
vp_36396_case_013,27,41,56,80.55555555555556,후반,2,1,5,3,0,0,0,1.0,0,0,0,1,0,0,1,0,1,0,1,0,4
vp_36396_case_013,34,51,56,94.44444444444444,후반,0,0,2,1,0,0,0,1.0,0,0,0,0,0,0,1,0,0,0,0,0,1
vp_36397_case_001,1,10,17,56.25,중반,1,1,5,4,0,0,0,1.0,0,0,0,1,0,0,1,1,1,0,0,1,5
vp_36397_case_001,6,15,17,87.5,후반,1,1,4,3,0,0,0,1.0,0,0,0,1,0,0,1,0,1,0,0,1,4
vp_36398_case_001,1,10,20,9.278350515463918,초반,1,1,0,0,0,3,0,0.5,0,0,0,1,1,0,0,0,0,0,0,0,2
vp_36398_case_001,6,15,25,14.432989690721648,초반,1,1,0,0,0,5,0,0.5,0,0,0,1,1,0,0,0,0,0,0,0,2
vp_36398_case_001,11,20,30,19.587628865979383,초반,1,1,0,0,0,2,2,0.6,0,0,0,1,1,1,0,0,0,0,0,0,3
vp_36398_case_001,16,25,35,24.742268041237114,초반,1,1,0,0,0,0,2,0.7,0,0,0,1,0,1,0,0,0,0,0,0,2
vp_36398_case_001,21,30,40,29.896907216494846,초반,0,0,0,0,0,0,1,0.6,0,0,0,0,0,1,0,0,0,0,0,0,1
vp_36398_case_001,26,35,45,35.051546391752574,중반,2,1,2,1,0,0,3,0.5,0,0,0,1,0,1,1,0,0,0,0,0,3
vp_36398_case_001,31,40,50,40.20618556701031,중반,2,1,2,1,0,0,3,0.6,0,0,0,1,0,1,1,0,0,0,0,0,3
vp_36398_case_001,36,45,55,45.36082474226804,중반,0,0,0,0,0,0,1,0.3,0,0,0,0,0,1,0,0,0,0,0,0,1
vp_36398_case_001,41,50,60,50.51546391752577,중반,0,0,0,0,0,0,0,0.0,0,0,0,0,0,0,0,0,0,0,0,0,0
vp_36398_case_001,46,55,65,55.670103092783506,중반,0,0,0,0,0,0,0,0.4,0,0,0,0,0,0,0,0,0,0,0,0,0
vp_36398_case_001,51,60,70,60.824742268041234,중반,1,1,1,1,0,0,0,0.7,0,0,0,1,0,0,1,0,0,0,0,0,2
vp_36398_case_001,56,65,75,65.97938144329896,중반,1,1,1,1,0,0,0,0.8,0,0,0,1,0,0,1,0,0,0,0,0,2
vp_36398_case_001,61,70,80,71.1340206185567,후반,0,0,1,1,0,1,0,0.8,0,0,0,0,1,0,0,0,0,0,0,0,1
vp_36398_case_001,66,75,85,76.28865979381443,후반,0,0,1,1,0,2,2,0.3,0,0,0,0,1,1,0,0,0,0,0,0,2
vp_36398_case_001,71,80,90,81.44329896907216,후반,0,0,0,0,0,2,2,0.1,0,0,0,0,1,1,0,0,0,0,0,0,2
vp_36398_case_001,76,85,95,86.5979381443299,후반,0,0,0,0,0,3,0,0.2,0,0,0,0,1,0,0,0,0,0,0,0,1
vp_36398_case_001,81,90,98,91.75257731958763,후반,0,0,0,0,0,2,0,0.2,0,0,0,0,1,0,0,0,0,0,0,0,1
vp_36398_case_001,86,95,98,96.90721649484536,후반,0,0,0,0,0,0,0,0.5,0,0,0,0,0,0,0,0,0,0,0,0,0
vp_36401_case_001,1,10,18,52.94117647058824,중반,1,1,1,1,0,2,0,0.6,0,0,0,1,1,0,0,1,0,0,0,0,3
vp_36401_case_001,6,15,18,82.35294117647058,후반,3,3,2,2,0,0,1,0.6,0,0,0,1,0,1,1,0,1,0,0,0,4
vp_36401_case_002,1,10,20,11.11111111111111,초반,0,0,1,1,0,0,0,0.7,0,0,0,0,0,0,0,1,0,0,0,0,1
vp_36401_case_002,6,15,25,17.28395061728395,초반,1,1,1,1,0,0,0,0.6,0,0,0,1,0,0,0,1,0,0,0,0,2
vp_36401_case_002,11,20,30,23.456790123456788,초반,2,2,1,1,0,1,0,0.5,0,0,0,1,1,0,0,0,1,0,0,0,3
vp_36401_case_002,16,25,35,29.629629629629626,초반,1,1,2,1,0,1,0,0.5,0,0,0,1,1,0,0,0,1,0,0,0,3
vp_36401_case_002,21,30,40,35.80246913580247,중반,0,0,1,1,0,0,0,0.6,0,0,0,0,0,0,0,0,1,0,0,0,1
vp_36401_case_002,26,35,45,41.9753086419753,중반,1,1,1,1,0,0,0,0.7,0,0,0,1,0,0,0,1,0,0,0,0,2
vp_36401_case_002,31,40,50,48.148148148148145,중반,1,1,1,1,0,1,0,0.6,0,0,0,1,1,0,0,1,0,0,0,0,3
vp_36401_case_002,36,45,55,54.32098765432099,중반,0,0,0,0,0,1,0,0.6,0,0,0,0,1,0,0,0,0,0,0,0,1
vp_36401_case_002,41,50,60,60.49382716049383,중반,0,0,0,0,0,0,0,0.5,0,0,0,0,0,0,0,0,0,0,0,0,0
vp_36401_case_002,46,55,65,66.66666666666666,후반,0,0,0,0,0,0,0,0.6,0,0,0,0,0,0,0,0,0,0,0,0,0
vp_36401_case_002,51,60,70,72.8395061728395,후반,0,0,0,0,0,0,0,0.9,0,0,0,0,0,0,0,0,0,0,0,0,0
vp_36401_case_002,56,65,75,79.01234567901234,후반,2,2,1,1,0,0,0,1.0,0,0,0,1,0,0,1,0,0,0,0,0,2
vp_36401_case_002,61,70,80,85.18518518518519,후반,2,2,1,1,0,1,0,0.8,0,0,0,1,1,0,1,0,0,0,0,0,3
vp_36401_case_002,66,75,82,91.35802469135803,후반,0,0,1,1,0,1,0,0.8,0,0,0,0,1,0,1,0,0,0,0,0,2
vp_36401_case_002,71,80,82,97.53086419753086,후반,0,0,1,1,0,0,0,0.9,0,0,0,0,0,0,1,0,0,0,0,0,1
vp_36401_case_003,1,10,20,8.181818181818182,초반,1,1,0,0,0,0,0,0.5,0,0,0,1,0,0,0,0,0,0,0,0,1
vp_36401_case_003,6,15,25,12.727272727272727,초반,1,1,0,0,0,0,0,0.6,0,0,0,1,0,0,0,0,0,0,0,0,1
vp_36401_case_003,11,20,30,17.272727272727273,초반,1,1,1,1,0,0,0,0.6,0,0,0,1,0,0,1,0,0,0,0,0,2
vp_36401_case_003,16,25,35,21.818181818181817,초반,3,2,1,1,0,0,0,0.4,0,0,0,1,0,0,1,0,0,0,0,0,2
vp_36401_case_003,21,30,40,26.36363636363636,초반,3,2,1,1,0,0,0,0.6,0,0,0,1,0,0,1,0,0,0,0,0,2
vp_36401_case_003,26,35,45,30.909090909090907,초반,1,1,1,1,0,0,0,0.5,0,0,0,1,0,0,1,0,0,0,0,0,2
vp_36401_case_003,31,40,50,35.45454545454545,중반,0,0,0,0,0,0,1,0.4,0,0,0,0,0,1,0,0,0,0,0,0,1
vp_36401_case_003,36,45,55,40.0,중반,0,0,0,0,0,1,1,0.7,0,0,0,0,1,1,0,0,0,0,0,0,2
vp_36401_case_003,41,50,60,44.54545454545455,중반,0,0,1,1,0,2,0,0.7,0,0,0,0,1,0,0,1,0,0,0,0,2
vp_36401_case_003,46,55,65,49.09090909090909,중반,0,0,1,1,0,1,0,0.6,0,0,0,0,1,0,0,1,0,0,0,0,2
vp_36401_case_003,51,60,70,53.63636363636364,중반,0,0,0,0,0,0,0,0.4,0,0,0,0,0,0,0,0,0,0,0,0,0
vp_36401_case_003,56,65,75,58.18181818181818,중반,0,0,0,0,0,0,0,0.4,0,0,0,0,0,0,0,0,0,0,0,0,0
vp_36401_case_003,61,70,80,62.727272727272734,중반,0,0,0,0,0,0,0,0.8,0,0,0,0,0,0,0,0,0,0,0,0,0
vp_36401_case_003,66,75,85,67.27272727272727,후반,0,0,0,0,0,0,0,1.0,0,0,0,0,0,0,0,0,0,0,0,0,0
vp_36401_case_003,71,80,90,71.81818181818181,후반,0,0,0,0,0,0,0,0.7,0,0,0,0,0,0,0,0,0,0,0,0,0
vp_36401_case_003,76,85,95,76.36363636363637,후반,0,0,0,0,0,0,0,0.7,0,0,0,0,0,0,0,0,0,0,0,0,0
vp_36401_case_003,81,90,100,80.9090909090909,후반,0,0,0,0,0,0,0,0.8,0,0,0,0,0,0,0,0,0,0,0,0,0
vp_36401_case_003,86,95,105,85.45454545454545,후반,0,0,0,0,0,0,0,0.4,0,0,0,0,0,0,0,0,0,0,0,0,0
vp_36401_case_003,91,100,110,90.0,후반,0,0,0,0,0,0,0,0.3,0,0,0,0,0,0,0,0,0,0,0,0,0
vp_36401_case_003,96,105,111,94.54545454545455,후반,0,0,0,0,0,1,0,0.3,0,0,0,0,1,0,0,0,0,0,0,0,1
vp_36401_case_003,101,110,111,99.0909090909091,후반,0,0,0,0,0,3,0,0.2,0,0,0,0,1,0,0,0,0,0,0,0,1
vp_36402_case_001,1,10,20,28.125,초반,0,0,0,0,0,0,0,1.0,0,0,0,0,0,0,0,0,0,0,0,0,0
vp_36402_case_001,6,15,25,43.75,중반,0,0,2,1,0,0,0,1.0,0,0,0,0,0,0,0,1,0,0,0,0,1
vp_36402_case_001,11,20,30,59.375,중반,1,1,3,2,0,0,0,1.0,0,1,1,1,0,0,1,1,0,0,0,0,3
vp_36402_case_001,16,25,33,75.0,후반,1,1,1,1,0,0,0,1.0,0,1,1,1,0,0,1,0,0,0,0,0,2
vp_36402_case_001,21,30,33,90.625,후반,0,0,0,0,1,0,0,1.0,1,0,0,0,0,0,0,0,0,0,0,0,0
vp_36403_case_001,1,10,20,8.035714285714286,초반,4,3,7,5,0,1,0,0.7,0,0,0,1,1,0,1,1,1,0,1,1,7
vp_36403_case_001,6,15,25,12.5,초반,2,2,6,4,0,1,0,0.7,0,1,1,1,1,0,1,1,1,0,1,0,6
vp_36403_case_001,11,20,30,16.964285714285715,초반,0,0,1,1,0,2,0,0.4,0,1,1,0,1,0,0,0,0,0,1,0,2
vp_36403_case_001,16,25,35,21.428571428571427,초반,0,0,3,3,1,4,0,0.3,1,0,0,0,1,0,1,1,0,0,0,1,4
vp_36403_case_001,21,30,40,25.892857142857146,초반,0,0,3,3,1,3,0,0.5,1,0,0,0,1,0,1,1,0,0,0,1,4
vp_36403_case_001,26,35,45,30.357142857142854,초반,0,0,0,0,0,2,0,0.5,0,0,0,0,1,0,0,0,0,0,0,0,1
vp_36403_case_001,31,40,50,34.82142857142857,중반,0,0,0,0,0,1,0,0.4,0,0,0,0,1,0,0,0,0,0,0,0,1
vp_36403_case_001,36,45,55,39.285714285714285,중반,0,0,0,0,0,1,2,0.3,0,0,0,0,1,1,0,0,0,0,0,0,2
vp_36403_case_001,41,50,60,43.75,중반,0,0,0,0,0,3,2,0.4,0,0,0,0,1,1,0,0,0,0,0,0,2
vp_36403_case_001,46,55,65,48.214285714285715,중반,2,1,2,1,0,5,0,0.5,0,0,0,1,1,0,1,0,0,0,0,0,3
vp_36403_case_001,51,60,70,52.67857142857143,중반,5,2,6,2,0,4,0,0.6,0,0,0,1,1,0,1,1,0,0,0,0,4
vp_36403_case_001,56,65,75,57.14285714285714,중반,3,2,5,2,0,2,0,0.8,0,0,0,1,1,0,1,1,0,0,0,0,4
vp_36403_case_001,61,70,80,61.60714285714286,중반,0,0,3,2,0,2,0,0.8,0,0,0,0,1,0,1,0,1,0,0,0,3
vp_36403_case_001,66,75,85,66.07142857142857,중반,0,0,2,1,0,2,0,0.5,0,0,0,0,1,0,0,0,1,0,0,0,2
vp_36403_case_001,71,80,90,70.53571428571429,후반,0,0,0,0,0,1,1,0.2,0,0,0,0,1,1,0,0,0,0,0,0,2
vp_36403_case_001,76,85,95,75.0,후반,0,0,0,0,0,0,1,0.3,0,0,0,0,0,1,0,0,0,0,0,0,1
vp_36403_case_001,81,90,100,79.46428571428571,후반,0,0,0,0,0,1,0,0.4,0,0,0,0,1,0,0,0,0,0,0,0,1
vp_36403_case_001,86,95,105,83.92857142857143,후반,0,0,0,0,0,1,1,0.3,0,0,0,0,1,1,0,0,0,0,0,0,2
vp_36403_case_001,91,100,110,88.39285714285714,후반,0,0,0,0,0,1,2,0.1,0,0,0,0,1,1,0,0,0,0,0,0,2
vp_36403_case_001,96,105,113,92.85714285714286,후반,0,0,0,0,0,1,3,0.0,0,0,0,0,1,1,0,0,0,0,0,0,2
vp_36403_case_001,101,110,113,97.32142857142857,후반,0,0,0,0,0,0,2,0.0,0,0,0,0,0,1,0,0,0,0,0,0,1
vp_36404_case_001,1,10,20,14.516129032258066,초반,1,1,7,5,0,0,0,0.7,0,0,0,1,0,0,1,1,1,0,1,1,6
vp_36404_case_001,6,15,25,22.58064516129032,초반,0,0,7,4,0,0,0,0.9,0,0,0,0,0,0,0,1,1,1,1,0,4
vp_36404_case_001,11,20,30,30.64516129032258,초반,0,0,7,2,0,0,0,0.9,0,0,0,0,0,0,0,0,1,1,0,0,2
vp_36404_case_001,16,25,35,38.70967741935484,중반,1,1,8,4,0,0,0,0.8,0,0,0,1,0,0,1,1,1,1,0,0,5
vp_36404_case_001,21,30,40,46.774193548387096,중반,2,2,5,4,0,0,0,0.8,0,0,0,1,0,0,1,1,1,1,0,0,5
vp_36404_case_001,26,35,45,54.83870967741935,중반,1,1,4,3,0,0,0,0.9,0,0,0,1,0,0,1,1,1,0,0,0,4
vp_36404_case_001,31,40,50,62.903225806451616,중반,2,2,7,3,0,0,0,0.9,0,0,0,1,0,0,1,1,1,0,0,0,4
vp_36404_case_001,36,45,55,70.96774193548387,후반,3,3,7,2,0,0,0,0.7,0,0,0,1,0,0,1,1,0,0,0,0,3
vp_36404_case_001,41,50,60,79.03225806451613,후반,1,1,3,2,0,0,0,0.8,0,0,0,1,0,0,1,1,0,0,0,0,3
vp_36404_case_001,46,55,63,87.09677419354838,후반,0,0,1,1,0,0,0,0.9,0,0,0,0,0,0,0,1,0,0,0,0,1
vp_36404_case_001,51,60,63,95.16129032258065,후반,0,0,4,2,0,0,0,0.7,0,0,0,0,0,0,0,1,0,0,0,0,1
vp_36405_case_001,1,10,20,1.4492753623188406,초반,0,0,0,0,0,4,0,0.1,0,0,0,0,1,0,0,0,0,0,0,0,1
vp_36405_case_001,6,15,25,2.254428341384863,초반,0,0,0,0,0,4,1,0.2,0,0,0,0,1,1,0,0,0,0,0,0,2
vp_36405_case_001,11,20,30,3.059581320450886,초반,0,0,0,0,0,2,1,0.6,0,0,0,0,1,1,0,0,0,0,0,0,2
vp_36405_case_001,16,25,35,3.864734299516908,초반,0,0,3,2,0,0,0,0.8,0,0,0,0,0,0,0,1,1,0,0,0,2
vp_36405_case_001,21,30,40,4.669887278582931,초반,0,0,3,2,0,1,0,0.6,0,0,0,0,1,0,0,1,1,0,0,0,3
vp_36405_case_001,26,35,45,5.475040257648954,초반,1,1,1,1,0,1,0,0.6,0,0,0,1,1,0,1,0,0,0,0,0,3
vp_36405_case_001,31,40,50,6.280193236714976,초반,1,1,3,2,0,1,0,0.6,0,0,0,1,1,0,1,1,0,0,0,0,4
vp_36405_case_001,36,45,55,7.085346215780998,초반,0,0,2,2,0,1,0,0.7,0,0,0,0,1,0,1,1,0,0,0,0,3
vp_36405_case_001,41,50,60,7.890499194847021,초반,0,0,0,0,0,0,0,0.8,0,0,0,0,0,0,0,0,0,0,0,0,0
vp_36405_case_001,46,55,65,8.695652173913043,초반,0,0,0,0,0,1,0,0.6,0,0,0,0,1,0,0,0,0,0,0,0,1
vp_36405_case_001,51,60,70,9.500805152979067,초반,0,0,0,0,0,1,0,0.5,0,0,0,0,1,0,0,0,0,0,0,0,1
vp_36405_case_001,56,65,75,10.305958132045088,초반,0,0,0,0,0,0,0,0.6,0,0,0,0,0,0,0,0,0,0,0,0,0
vp_36405_case_001,61,70,80,11.11111111111111,초반,1,1,2,2,0,0,0,0.5,0,0,0,1,0,0,1,1,0,0,0,0,3
vp_36405_case_001,66,75,85,11.916264090177133,초반,1,1,3,2,0,0,0,0.5,0,0,0,1,0,0,1,1,0,0,0,0,3
vp_36405_case_001,71,80,90,12.721417069243158,초반,0,0,1,1,0,0,0,0.5,0,0,0,0,0,0,0,1,0,0,0,0,1
vp_36405_case_001,76,85,95,13.526570048309178,초반,0,0,0,0,0,0,0,0.5,0,0,0,0,0,0,0,0,0,0,0,0,0
vp_36405_case_001,81,90,100,14.331723027375201,초반,0,0,0,0,0,0,0,0.6,0,0,0,0,0,0,0,0,0,0,0,0,0
vp_36405_case_001,86,95,105,15.136876006441224,초반,0,0,1,1,0,0,0,0.5,0,0,0,0,0,0,0,0,1,0,0,0,1
vp_36405_case_001,91,100,110,15.942028985507244,초반,0,0,2,2,0,0,0,0.5,0,0,0,0,0,0,0,1,1,0,0,0,2
vp_36405_case_001,96,105,115,16.74718196457327,초반,0,0,1,1,0,0,0,0.7,0,0,0,0,0,0,0,1,0,0,0,0,1
vp_36405_case_001,101,110,120,17.55233494363929,초반,0,0,0,0,0,0,0,0.9,0,0,0,0,0,0,0,0,0,0,0,0,0
vp_36405_case_001,106,115,125,18.357487922705314,초반,0,0,0,0,0,0,0,0.9,0,0,0,0,0,0,0,0,0,0,0,0,0
vp_36405_case_001,111,120,130,19.162640901771336,초반,0,0,2,2,0,0,0,0.6,0,0,0,0,0,0,0,1,0,0,1,0,2
vp_36405_case_001,116,125,135,19.96779388083736,초반,0,0,4,3,0,0,0,0.6,0,0,0,0,0,0,0,1,1,0,1,0,3
vp_36405_case_001,121,130,140,20.77294685990338,초반,0,0,3,2,0,0,0,0.7,0,0,0,0,0,0,0,0,1,0,1,0,2
vp_36405_case_001,126,135,145,21.578099838969404,초반,0,0,3,2,0,1,0,0.6,0,0,0,0,1,0,0,1,1,0,0,0,3
vp_36405_case_001,131,140,150,22.383252818035427,초반,0,0,2,2,0,2,0,0.4,0,0,0,0,1,0,0,1,1,0,0,0,3
vp_36405_case_001,136,145,155,23.18840579710145,초반,0,0,0,0,0,1,0,0.4,0,0,0,0,1,0,0,0,0,0,0,0,1
vp_36405_case_001,141,150,160,23.993558776167472,초반,0,0,0,0,0,0,0,0.5,0,0,0,0,0,0,0,0,0,0,0,0,0
vp_36405_case_001,146,155,165,24.798711755233494,초반,0,0,1,1,0,0,0,0.5,0,1,1,0,0,0,0,1,0,0,0,0,1
vp_36405_case_001,151,160,170,25.60386473429952,초반,0,0,1,1,0,0,0,0.6,0,1,1,0,0,0,0,1,0,0,0,0,1
vp_36405_case_001,156,165,175,26.40901771336554,초반,0,0,1,1,1,0,0,0.7,1,0,0,0,0,0,0,0,0,0,1,0,1
vp_36405_case_001,161,170,180,27.214170692431562,초반,0,0,1,1,1,0,0,0.6,1,0,0,0,0,0,0,0,0,0,1,0,1
vp_36405_case_001,166,175,185,28.019323671497588,초반,0,0,0,0,0,0,0,0.6,0,0,0,0,0,0,0,0,0,0,0,0,0
vp_36405_case_001,171,180,190,28.824476650563607,초반,1,1,2,2,0,0,0,0.6,0,0,0,1,0,0,1,1,0,0,0,0,3
vp_36405_case_001,176,185,195,29.629629629629626,초반,1,1,3,3,0,0,0,0.6,0,0,0,1,0,0,1,1,1,0,0,0,4
vp_36405_case_001,181,190,200,30.434782608695656,초반,1,1,2,2,0,0,0,0.7,0,0,0,1,0,0,1,0,1,0,0,0,3
vp_36405_case_001,186,195,205,31.239935587761675,초반,1,1,1,1,0,0,0,0.6,0,0,0,1,0,0,1,0,0,0,0,0,2
vp_36405_case_001,191,200,210,32.045088566827694,초반,0,0,0,0,0,0,0,0.7,0,0,0,0,0,0,0,0,0,0,0,0,0
vp_36405_case_001,196,205,215,32.850241545893724,초반,0,0,0,0,0,0,0,0.6,0,0,0,0,0,0,0,0,0,0,0,0,0
vp_36405_case_001,201,210,220,33.65539452495974,중반,0,0,2,2,0,0,0,0.4,0,0,0,0,0,0,1,0,0,1,0,0,2
vp_36405_case_001,206,215,225,34.46054750402576,중반,0,0,3,3,0,0,0,0.5,0,0,0,0,0,0,1,1,0,1,0,0,3
vp_36405_case_001,211,220,230,35.26570048309179,중반,0,0,3,2,0,0,0,0.6,0,0,0,0,0,0,0,1,0,1,0,0,2
vp_36405_case_001,216,225,235,36.07085346215781,중반,0,0,2,2,0,0,0,0.7,0,0,0,0,0,0,0,1,0,1,0,0,2
vp_36405_case_001,221,230,240,36.87600644122383,중반,0,0,1,1,0,0,0,0.7,0,0,0,0,0,0,0,1,0,0,0,0,1
vp_36405_case_001,226,235,245,37.68115942028986,중반,0,0,1,1,0,0,0,0.6,0,0,0,0,0,0,0,1,0,0,0,0,1
vp_36405_case_001,231,240,250,38.486312399355874,중반,0,0,1,1,0,0,0,0.5,0,0,0,0,0,0,0,1,0,0,0,0,1
vp_36405_case_001,236,245,255,39.291465378421904,중반,0,0,2,2,0,0,0,0.5,0,0,0,0,0,0,0,1,0,1,0,0,2
vp_36405_case_001,241,250,260,40.09661835748793,중반,0,0,1,1,0,0,0,0.7,0,0,0,0,0,0,0,0,0,1,0,0,1
vp_36405_case_001,246,255,265,40.90177133655394,중반,0,0,0,0,0,0,0,0.7,0,0,0,0,0,0,0,0,0,0,0,0,0
vp_36405_case_001,251,260,270,41.70692431561997,중반,0,0,0,0,0,0,0,0.6,0,0,0,0,0,0,0,0,0,0,0,0,0
vp_36405_case_001,256,265,275,42.51207729468599,중반,0,0,0,0,0,0,0,0.8,0,0,0,0,0,0,0,0,0,0,0,0,0
vp_36405_case_001,261,270,280,43.31723027375201,중반,0,0,0,0,0,0,0,0.8,0,0,0,0,0,0,0,0,0,0,0,0,0
vp_36405_case_001,266,275,285,44.12238325281804,중반,0,0,1,1,0,0,0,0.8,0,0,0,0,0,0,0,0,0,0,0,1,1
vp_36405_case_001,271,280,290,44.927536231884055,중반,1,1,2,2,0,1,0,0.9,0,0,0,1,1,0,1,0,0,0,0,1,4
vp_36405_case_001,276,285,295,45.73268921095008,중반,1,1,2,2,0,2,0,0.7,0,0,0,1,1,0,1,1,0,0,0,0,4
vp_36405_case_001,281,290,300,46.53784219001611,중반,0,0,1,1,0,1,0,0.4,0,0,0,0,1,0,0,1,0,0,0,0,2
vp_36405_case_001,286,295,305,47.34299516908212,중반,0,0,0,0,0,0,0,0.3,0,0,0,0,0,0,0,0,0,0,0,0,0
vp_36405_case_001,291,300,310,48.148148148148145,중반,0,0,2,1,0,1,0,0.5,0,0,0,0,1,0,0,1,0,0,0,0,2
vp_36405_case_001,296,305,315,48.953301127214175,중반,0,0,2,1,0,1,0,0.6,0,0,0,0,1,0,0,1,0,0,0,0,2
vp_36405_case_001,301,310,320,49.75845410628019,중반,0,0,1,1,0,1,0,0.5,0,0,0,0,1,0,0,0,0,1,0,0,2
vp_36405_case_001,306,315,325,50.56360708534622,중반,0,0,2,2,0,1,0,0.3,0,0,0,0,1,0,0,1,0,1,0,0,3
vp_36405_case_001,311,320,330,51.368760064412236,중반,0,0,1,1,0,0,0,0.5,0,0,0,0,0,0,0,1,0,0,0,0,1
vp_36405_case_001,316,325,335,52.17391304347826,중반,0,0,1,1,0,0,0,0.7,0,0,0,0,0,0,0,0,0,1,0,0,1
vp_36405_case_001,321,330,340,52.97906602254429,중반,0,0,3,3,0,1,0,0.7,0,0,0,0,1,0,0,1,1,1,0,0,4
vp_36405_case_001,326,335,345,53.7842190016103,중반,0,0,4,3,0,1,0,0.9,0,0,0,0,1,0,0,1,1,0,1,0,4
vp_36405_case_001,331,340,350,54.589371980676326,중반,0,0,4,2,0,0,0,0.8,0,0,0,0,0,0,0,0,1,0,1,0,2
vp_36405_case_001,336,345,355,55.394524959742355,중반,0,0,2,1,0,0,0,0.5,0,0,0,0,0,0,0,0,1,0,0,0,1
vp_36405_case_001,341,350,360,56.19967793880838,중반,0,0,1,1,0,0,0,0.7,0,0,0,0,0,0,0,0,1,0,0,0,1
vp_36405_case_001,346,355,365,57.00483091787439,중반,0,0,2,2,0,0,0,1.0,0,0,0,0,0,0,0,1,1,0,0,0,2
vp_36405_case_001,351,360,370,57.80998389694042,중반,0,0,1,1,0,1,0,0.7,0,0,0,0,1,0,0,1,0,0,0,0,2
vp_36405_case_001,356,365,375,58.615136876006446,중반,0,0,1,1,0,2,0,0.5,0,0,0,0,1,0,0,0,1,0,0,0,2
vp_36405_case_001,361,370,380,59.42028985507246,중반,0,0,1,1,0,1,0,0.7,0,0,0,0,1,0,0,0,1,0,0,0,2
vp_36405_case_001,366,375,385,60.22544283413849,중반,0,0,0,0,0,0,0,0.9,0,0,0,0,0,0,0,0,0,0,0,0,0
vp_36405_case_001,371,380,390,61.03059581320451,중반,0,0,0,0,0,0,0,0.8,0,0,0,0,0,0,0,0,0,0,0,0,0
vp_36405_case_001,376,385,395,61.83574879227053,중반,0,0,0,0,0,0,0,0.3,0,0,0,0,0,0,0,0,0,0,0,0,0
vp_36405_case_001,381,390,400,62.64090177133655,중반,0,0,0,0,0,0,0,0.3,0,0,0,0,0,0,0,0,0,0,0,0,0
vp_36405_case_001,386,395,405,63.44605475040258,중반,0,0,0,0,0,0,0,0.4,0,0,0,0,0,0,0,0,0,0,0,0,0
vp_36405_case_001,391,400,410,64.25120772946859,중반,0,0,2,2,0,0,0,0.4,0,0,0,0,0,0,0,1,0,1,0,0,2
vp_36405_case_001,396,405,415,65.05636070853463,중반,0,0,3,2,0,0,0,0.7,0,0,0,0,0,0,0,1,0,1,0,0,2
vp_36405_case_001,401,410,420,65.86151368760065,중반,0,0,1,1,0,0,0,0.6,0,0,0,0,0,0,0,0,0,1,0,0,1
vp_36405_case_001,406,415,425,66.66666666666666,후반,1,1,1,1,0,0,0,0.6,0,0,0,1,0,0,1,0,0,0,0,0,2
vp_36405_case_001,411,420,430,67.4718196457327,후반,1,1,1,1,0,0,0,0.5,0,0,0,1,0,0,1,0,0,0,0,0,2
vp_36405_case_001,416,425,435,68.27697262479872,후반,0,0,0,0,0,0,0,0.5,0,0,0,0,0,0,0,0,0,0,0,0,0
vp_36405_case_001,421,430,440,69.08212560386472,후반,0,0,1,1,0,0,0,0.8,0,0,0,0,0,0,0,0,0,0,0,1,1
vp_36405_case_001,426,435,445,69.88727858293076,후반,0,0,1,1,0,0,0,0.7,0,0,0,0,0,0,0,0,0,0,0,1,1
vp_36405_case_001,431,440,450,70.69243156199678,후반,0,0,0,0,0,0,0,0.7,0,0,0,0,0,0,0,0,0,0,0,0,0
vp_36405_case_001,436,445,455,71.49758454106279,후반,0,0,0,0,0,0,0,0.8,0,0,0,0,0,0,0,0,0,0,0,0,0
vp_36405_case_001,441,450,460,72.30273752012883,후반,0,0,1,1,0,0,0,0.8,0,0,0,0,0,0,1,0,0,0,0,0,1
vp_36405_case_001,446,455,465,73.10789049919485,후반,0,0,3,2,0,0,0,0.8,0,0,0,0,0,0,1,1,0,0,0,0,2
vp_36405_case_001,451,460,470,73.91304347826086,후반,0,0,2,2,0,0,0,0.9,0,0,0,0,0,0,1,1,0,0,0,0,2
vp_36405_case_001,456,465,475,74.7181964573269,후반,0,0,0,0,0,0,0,0.6,0,0,0,0,0,0,0,0,0,0,0,0,0
vp_36405_case_001,461,470,480,75.52334943639292,후반,1,1,1,1,0,0,0,0.3,0,0,0,1,0,0,1,0,0,0,0,0,2
vp_36405_case_001,466,475,485,76.32850241545893,후반,1,1,1,1,0,0,0,0.4,0,0,0,1,0,0,1,0,0,0,0,0,2
vp_36405_case_001,471,480,490,77.13365539452496,후반,0,0,2,2,0,0,0,0.6,0,0,0,0,0,0,1,0,0,0,1,0,2
vp_36405_case_001,476,485,495,77.93880837359099,후반,0,0,2,2,0,0,0,0.8,0,0,0,0,0,0,1,0,0,0,1,0,2
vp_36405_case_001,481,490,500,78.74396135265701,후반,0,0,0,0,0,0,0,0.7,0,0,0,0,0,0,0,0,0,0,0,0,0
vp_36405_case_001,486,495,505,79.54911433172302,후반,0,0,0,0,0,0,0,0.4,0,0,0,0,0,0,0,0,0,0,0,0,0
vp_36405_case_001,491,500,510,80.35426731078906,후반,0,0,0,0,0,0,0,0.3,0,0,0,0,0,0,0,0,0,0,0,0,0
vp_36405_case_001,496,505,515,81.15942028985508,후반,0,0,3,2,0,0,0,0.6,0,0,0,0,0,0,1,1,0,0,0,0,2
vp_36405_case_001,501,510,520,81.96457326892109,후반,2,1,6,3,0,0,0,0.9,0,0,0,1,0,0,1,1,0,0,1,0,4
vp_36405_case_001,506,515,525,82.76972624798712,후반,2,1,6,3,0,1,0,0.9,0,0,0,1,1,0,1,1,0,0,1,0,5
vp_36405_case_001,511,520,530,83.57487922705315,후반,0,0,5,3,0,3,0,0.5,0,0,0,0,1,0,0,1,0,1,1,0,4
vp_36405_case_001,516,525,535,84.38003220611915,후반,0,0,3,2,0,2,0,0.5,0,0,0,0,1,0,0,1,0,1,0,0,3
vp_36405_case_001,521,530,540,85.18518518518519,후반,0,0,1,1,0,0,0,0.8,0,0,0,0,0,0,0,0,0,1,0,0,1
vp_36405_case_001,526,535,545,85.99033816425121,후반,0,0,0,0,0,0,0,0.9,0,0,0,0,0,0,0,0,0,0,0,0,0
vp_36405_case_001,531,540,550,86.79549114331722,후반,0,0,0,0,0,1,0,0.8,0,0,0,0,1,0,0,0,0,0,0,0,1
vp_36405_case_001,536,545,555,87.60064412238326,후반,0,0,1,1,0,1,0,0.8,0,0,0,0,1,0,0,0,0,1,0,0,2
vp_36405_case_001,541,550,560,88.40579710144928,후반,0,0,2,1,0,1,0,0.9,0,0,0,0,1,0,0,0,0,1,0,0,2
vp_36405_case_001,546,555,565,89.21095008051529,후반,0,0,1,1,0,3,0,0.5,0,0,0,0,1,0,0,0,0,1,0,0,2
vp_36405_case_001,551,560,570,90.01610305958133,후반,0,0,0,0,0,2,0,0.3,0,0,0,0,1,0,0,0,0,0,0,0,1
vp_36405_case_001,556,565,575,90.82125603864735,후반,0,0,0,0,0,0,0,0.3,0,0,0,0,0,0,0,0,0,0,0,0,0
vp_36405_case_001,561,570,580,91.62640901771336,후반,0,0,0,0,0,0,0,0.3,0,0,0,0,0,0,0,0,0,0,0,0,0
vp_36405_case_001,566,575,585,92.4315619967794,후반,0,0,0,0,0,0,0,0.3,0,1,1,0,0,0,0,0,0,0,0,0,0
vp_36405_case_001,571,580,590,93.23671497584542,후반,0,0,0,0,0,1,0,0.2,0,1,1,0,1,0,0,0,0,0,0,0,1
vp_36405_case_001,576,585,595,94.04186795491142,후반,1,1,1,1,1,1,0,0.3,1,0,0,1,1,0,0,0,0,0,0,1,3
vp_36405_case_001,581,590,600,94.84702093397746,후반,1,1,1,1,1,1,0,0.4,1,0,0,1,1,0,0,0,0,0,0,1,3
vp_36405_case_001,586,595,605,95.65217391304348,후반,0,0,0,0,0,1,0,0.4,0,0,0,0,1,0,0,0,0,0,0,0,1
vp_36405_case_001,591,600,610,96.45732689210949,후반,0,0,0,0,0,0,0,0.4,0,0,0,0,0,0,0,0,0,0,0,0,0
vp_36405_case_001,596,605,615,97.26247987117553,후반,0,0,1,1,1,1,0,0.4,0,0,0,0,1,0,0,0,0,0,0,0,1
vp_36405_case_001,601,610,620,98.06763285024155,후반,0,0,1,1,1,1,0,0.6,0,0,0,0,1,0,0,0,0,0,0,0,1
vp_36405_case_001,606,615,622,98.87278582930756,후반,0,0,0,0,0,0,0,0.7,0,0,0,0,0,0,0,0,0,0,0,0,0
vp_36405_case_001,611,620,622,99.6779388083736,후반,0,0,1,1,0,0,0,0.7,0,0,0,0,0,0,0,1,0,0,0,0,1
vp_36406_case_001,1,10,20,4.245283018867925,초반,5,4,10,4,0,1,1,0.7,0,2,1,1,1,1,1,1,1,0,1,0,7
vp_36406_case_001,6,15,25,6.60377358490566,초반,2,1,9,4,2,0,1,0.9,2,0,0,1,0,1,1,1,1,0,1,0,6
vp_36406_case_001,11,20,30,8.962264150943396,초반,1,1,7,3,2,0,1,0.8,2,0,0,1,0,1,1,0,1,0,1,0,5
vp_36406_case_001,16,25,35,11.320754716981133,초반,0,0,4,3,0,0,1,0.8,0,0,0,0,0,1,0,1,1,0,1,0,4
vp_36406_case_001,21,30,40,13.679245283018867,초반,0,0,4,3,0,0,0,1.0,0,0,0,0,0,0,0,1,1,0,1,0,3
vp_36406_case_001,26,35,45,16.037735849056602,초반,1,1,4,3,0,0,0,1.0,0,0,0,1,0,0,0,1,1,0,1,0,4
vp_36406_case_001,31,40,50,18.39622641509434,초반,1,1,3,2,0,0,0,1.0,0,0,0,1,0,0,0,1,1,0,0,0,3
vp_36406_case_001,36,45,55,20.754716981132077,초반,0,0,3,2,0,0,0,1.0,0,0,0,0,0,0,0,1,1,0,0,0,2
vp_36406_case_001,41,50,60,23.11320754716981,초반,0,0,4,1,0,0,0,1.0,0,0,0,0,0,0,0,0,1,0,0,0,1
vp_36406_case_001,46,55,65,25.471698113207548,초반,0,0,4,3,0,0,0,1.0,0,0,0,0,0,0,0,1,1,1,0,0,3
vp_36406_case_001,51,60,70,27.830188679245282,초반,0,0,2,2,0,0,0,0.9,0,0,0,0,0,0,0,1,0,1,0,0,2
vp_36406_case_001,56,65,75,30.18867924528302,초반,1,1,3,3,0,0,0,0.9,0,0,0,1,0,0,1,1,0,1,0,0,4
vp_36406_case_001,61,70,80,32.54716981132076,초반,1,1,5,4,0,1,0,0.9,0,0,0,1,1,0,1,1,1,1,0,0,6
vp_36406_case_001,66,75,85,34.90566037735849,중반,0,0,3,3,0,1,0,0.9,0,1,1,0,1,0,1,0,1,1,0,0,4
vp_36406_case_001,71,80,90,37.264150943396224,중반,0,0,5,3,0,0,0,0.9,0,1,1,0,0,0,1,0,1,1,0,0,3
vp_36406_case_001,76,85,95,39.62264150943396,중반,1,1,5,3,2,0,0,0.8,1,0,0,1,0,0,1,0,1,1,0,0,4
vp_36406_case_001,81,90,100,41.9811320754717,중반,1,1,2,2,2,1,0,0.8,1,0,0,1,1,0,1,1,0,0,0,0,4
vp_36406_case_001,86,95,105,44.339622641509436,중반,0,0,3,2,0,1,0,0.8,0,0,0,0,1,0,0,1,1,0,0,0,3
vp_36406_case_001,91,100,110,46.69811320754717,중반,2,2,7,3,0,0,0,0.9,0,0,0,1,0,0,1,0,1,0,1,0,4
vp_36406_case_001,96,105,115,49.056603773584904,중반,2,2,7,3,0,0,0,0.8,0,0,0,1,0,0,1,0,1,0,1,0,4
vp_36406_case_001,101,110,120,51.41509433962265,중반,0,0,3,2,0,0,0,0.5,0,0,0,0,0,0,1,0,0,0,1,0,2
vp_36406_case_001,106,115,125,53.77358490566038,중반,0,0,2,2,0,0,0,0.5,0,0,0,0,0,0,1,0,0,0,0,0,1
vp_36406_case_001,111,120,130,56.132075471698116,중반,0,0,2,2,0,0,0,0.7,0,0,0,0,0,0,0,0,1,0,0,0,1
vp_36406_case_001,116,125,135,58.490566037735846,중반,0,0,3,2,0,0,0,0.9,0,0,0,0,0,0,1,0,1,0,0,0,2
vp_36406_case_001,121,130,140,60.84905660377359,중반,0,0,4,2,0,1,0,0.9,0,0,0,0,1,0,1,0,1,0,0,0,3
vp_36406_case_001,126,135,145,63.20754716981132,중반,0,0,4,1,0,2,0,0.8,0,0,0,0,1,0,0,0,1,0,0,0,2
vp_36406_case_001,131,140,150,65.56603773584906,중반,0,0,2,1,0,3,0,0.6,0,0,0,0,1,0,0,0,1,0,0,0,2
vp_36406_case_001,136,145,155,67.9245283018868,후반,0,0,2,1,0,2,0,0.7,0,0,0,0,1,0,0,0,1,0,0,0,2
vp_36406_case_001,141,150,160,70.28301886792453,후반,0,0,4,1,0,0,0,0.8,0,0,0,0,0,0,0,0,1,0,0,0,1
vp_36406_case_001,146,155,165,72.64150943396226,후반,0,0,6,2,0,0,0,0.8,0,0,0,0,0,0,0,0,1,0,1,0,2
vp_36406_case_001,151,160,170,75.0,후반,0,0,4,2,0,0,0,0.8,0,0,0,0,0,0,0,0,1,0,1,0,2
vp_36406_case_001,156,165,175,77.35849056603774,후반,0,0,1,1,0,1,0,0.7,0,0,0,0,1,0,0,1,0,0,0,0,2
vp_36406_case_001,161,170,180,79.71698113207547,후반,0,0,2,2,0,2,0,0.7,0,0,0,0,1,0,0,1,1,0,0,0,3
vp_36406_case_001,166,175,185,82.0754716981132,후반,0,0,1,1,0,1,0,0.7,0,0,0,0,1,0,0,0,1,0,0,0,2
vp_36406_case_001,171,180,190,84.43396226415094,후반,0,0,0,0,0,1,0,0.6,0,0,0,0,1,0,0,0,0,0,0,0,1
vp_36406_case_001,176,185,195,86.79245283018868,후반,0,0,0,0,0,1,0,0.3,0,0,0,0,1,0,0,0,0,0,0,0,1
vp_36406_case_001,181,190,200,89.15094339622641,후반,0,0,0,0,0,2,0,0.3,0,0,0,0,1,0,0,0,0,0,0,0,1
vp_36406_case_001,186,195,205,91.50943396226415,후반,0,0,0,0,0,4,0,0.4,0,0,0,0,1,0,0,0,0,0,0,0,1
vp_36406_case_001,191,200,210,93.86792452830188,후반,0,0,1,1,0,2,0,0.6,0,0,0,0,1,0,0,0,1,0,0,0,2
vp_36406_case_001,196,205,213,96.22641509433963,후반,0,0,1,1,0,0,0,0.8,0,0,0,0,0,0,0,0,1,0,0,0,1
vp_36406_case_001,201,210,213,98.58490566037736,후반,0,0,1,1,0,1,0,0.8,0,0,0,0,1,0,0,1,0,0,0,0,2
vp_36407_case_001,1,10,20,21.951219512195124,초반,1,1,2,2,0,2,0,0.6,0,0,0,1,1,0,0,0,1,0,0,1,4
vp_36407_case_001,6,15,25,34.146341463414636,중반,2,2,4,3,0,1,0,0.7,0,0,0,1,1,0,1,1,1,0,0,0,5
vp_36407_case_001,11,20,30,46.34146341463415,중반,1,1,4,4,0,0,1,0.7,0,0,0,1,0,1,1,1,1,0,1,0,6
vp_36407_case_001,16,25,35,58.536585365853654,중반,0,0,1,1,0,0,1,0.7,0,0,0,0,0,1,0,0,0,0,1,0,2
vp_36407_case_001,21,30,40,70.73170731707317,후반,0,0,0,0,0,0,0,0.7,0,0,0,0,0,0,0,0,0,0,0,0,0
vp_36407_case_001,26,35,42,82.92682926829268,후반,0,0,1,1,0,0,0,0.7,0,0,0,0,0,0,0,0,0,0,1,0,1
vp_36407_case_001,31,40,42,95.1219512195122,후반,0,0,3,2,0,0,0,0.7,0,0,0,0,0,0,0,1,0,0,1,0,2
vp_36407_case_002,1,10,20,23.076923076923077,초반,1,1,3,3,1,0,0,0.9,0,0,0,1,0,0,1,0,1,0,0,1,4
vp_36407_case_002,6,15,25,35.8974358974359,중반,1,1,3,3,1,0,0,0.9,0,0,0,1,0,0,1,0,1,0,0,1,4
vp_36407_case_002,11,20,30,48.717948717948715,중반,0,0,0,0,0,0,0,0.9,0,0,0,0,0,0,0,0,0,0,0,0,0
vp_36407_case_002,16,25,35,61.53846153846154,중반,4,4,4,4,0,0,0,0.9,0,0,0,1,0,0,1,1,1,0,0,1,5
vp_36407_case_002,21,30,40,74.35897435897436,후반,5,4,6,4,0,0,0,1.0,0,0,0,1,0,0,1,1,1,0,0,1,5
vp_36407_case_002,26,35,40,87.17948717948718,후반,1,1,6,2,0,0,0,1.0,0,0,0,1,0,0,0,1,1,0,0,0,3
vp_36407_case_003,1,10,20,23.076923076923077,초반,0,0,5,2,0,0,0,0.8,0,0,0,0,0,0,0,1,1,0,0,0,2
vp_36407_case_003,6,15,25,35.8974358974359,중반,0,0,2,1,0,0,0,0.9,0,0,0,0,0,0,0,0,1,0,0,0,1
vp_36407_case_003,11,20,30,48.717948717948715,중반,0,0,2,2,0,0,0,0.8,0,0,0,0,0,0,0,0,1,1,0,0,2
vp_36407_case_003,16,25,35,61.53846153846154,중반,0,0,3,2,0,0,0,0.7,0,0,0,0,0,0,0,0,1,1,0,0,2
vp_36407_case_003,21,30,40,74.35897435897436,후반,0,0,1,1,0,0,0,0.8,0,0,0,0,0,0,0,0,1,0,0,0,1
vp_36407_case_003,26,35,40,87.17948717948718,후반,0,0,1,1,0,0,0,0.6,0,0,0,0,0,0,0,1,0,0,0,0,1
vp_36407_case_005,1,10,15,64.28571428571429,중반,1,1,1,1,0,0,0,0.7,0,0,0,1,0,0,1,0,0,0,0,0,2
vp_36408_case_001,1,10,18,52.94117647058824,중반,0,0,0,0,0,0,0,0.6,0,0,0,0,0,0,0,0,0,0,0,0,0
vp_36408_case_001,6,15,18,82.35294117647058,후반,0,0,0,0,0,0,0,0.7,0,0,0,0,0,0,0,0,0,0,0,0,0
vp_36409_case_001,1,10,16,60.0,중반,2,2,5,3,0,0,0,1.0,0,0,0,1,0,0,1,1,1,0,0,0,4
vp_36409_case_001,6,15,16,93.33333333333333,후반,2,2,4,3,0,0,0,1.0,0,0,0,1,0,0,1,1,1,0,0,0,4
vp_36410_case_001,1,10,20,31.03448275862069,초반,4,4,7,3,0,0,0,1.0,0,0,0,1,0,0,1,1,1,0,0,0,4
vp_36410_case_001,6,15,25,48.275862068965516,중반,3,3,6,4,0,0,0,1.0,0,0,0,1,0,0,1,1,1,0,1,0,5
vp_36410_case_001,11,20,30,65.51724137931035,중반,1,1,4,2,0,1,0,0.8,0,0,0,1,1,0,1,0,0,0,1,0,4
vp_36410_case_001,16,25,30,82.75862068965517,후반,1,1,4,2,0,2,0,0.6,0,0,0,1,1,0,1,1,0,0,0,0,4
vp_36411_case_001,1,10,20,34.61538461538461,중반,0,0,0,0,0,0,0,1.0,0,0,0,0,0,0,0,0,0,0,0,0,0
vp_36411_case_001,6,15,25,53.84615384615385,중반,0,0,1,1,0,0,0,1.0,0,0,0,0,0,0,0,0,1,0,0,0,1
vp_36411_case_001,11,20,27,73.07692307692307,후반,1,1,4,2,0,0,0,1.0,0,0,0,1,0,0,0,1,1,0,0,0,3
vp_36411_case_001,16,25,27,92.3076923076923,후반,1,1,4,2,0,0,0,1.0,0,0,0,1,0,0,0,1,1,0,0,0,3
vp_36413_case_001,1,10,20,2.4456521739130435,초반,1,1,4,3,0,0,1,0.5,0,0,0,1,0,1,1,1,1,0,0,0,5
vp_36413_case_001,6,15,25,3.804347826086957,초반,0,0,2,2,0,0,1,0.6,0,0,0,0,0,1,0,1,1,0,0,0,3
vp_36413_case_001,11,20,30,5.163043478260869,초반,0,0,2,1,0,0,1,0.7,0,0,0,0,0,1,0,1,0,0,0,0,2
vp_36413_case_001,16,25,35,6.521739130434782,초반,0,0,4,2,0,0,0,0.7,0,0,0,0,0,0,0,1,0,1,0,0,2
vp_36413_case_001,21,30,40,7.880434782608696,초반,0,0,2,1,0,0,0,0.7,0,0,0,0,0,0,0,0,0,1,0,0,1
vp_36413_case_001,26,35,45,9.239130434782608,초반,0,0,1,1,0,0,0,0.6,0,0,0,0,0,0,0,1,0,0,0,0,1
vp_36413_case_001,31,40,50,10.597826086956522,초반,0,0,2,2,0,0,0,0.6,0,0,0,0,0,0,0,1,1,0,0,0,2
vp_36413_case_001,36,45,55,11.956521739130435,초반,1,1,2,2,0,1,0,0.6,0,0,0,1,1,0,1,0,1,0,0,0,4
vp_36413_case_001,41,50,60,13.31521739130435,초반,1,1,1,1,0,1,0,0.6,0,0,0,1,1,0,1,0,0,0,0,0,3
vp_36413_case_001,46,55,65,14.673913043478262,초반,0,0,1,1,0,0,0,0.6,0,0,0,0,0,0,0,1,0,0,0,0,1
vp_36413_case_001,51,60,70,16.032608695652172,초반,0,0,2,1,0,0,0,0.5,0,0,0,0,0,0,0,1,0,0,0,0,1
vp_36413_case_001,56,65,75,17.391304347826086,초반,1,1,2,2,0,0,0,0.6,0,0,0,1,0,0,1,1,0,0,0,0,3
vp_36413_case_001,61,70,80,18.75,초반,2,1,3,1,0,0,0,0.6,0,0,0,1,0,0,1,0,0,0,0,0,2
vp_36413_case_001,66,75,85,20.108695652173914,초반,1,1,2,1,0,0,0,0.3,0,0,0,1,0,0,1,0,0,0,0,0,2
vp_36413_case_001,71,80,90,21.467391304347828,초반,0,0,0,0,0,0,0,0.4,0,0,0,0,0,0,0,0,0,0,0,0,0
vp_36413_case_001,76,85,95,22.82608695652174,초반,1,1,1,1,0,0,0,0.9,0,0,0,1,0,0,1,0,0,0,0,0,2
vp_36413_case_001,81,90,100,24.184782608695652,초반,1,1,2,1,0,1,0,0.7,0,0,0,1,1,0,1,0,0,0,0,0,3
vp_36413_case_001,86,95,105,25.543478260869566,초반,0,0,2,2,0,1,0,0.6,0,0,0,0,1,0,1,0,0,0,1,0,3
vp_36413_case_001,91,100,110,26.902173913043477,초반,0,0,3,2,0,0,0,0.7,0,0,0,0,0,0,0,0,1,0,1,0,2
vp_36413_case_001,96,105,115,28.26086956521739,초반,2,2,4,3,0,0,0,0.7,0,0,0,1,0,0,1,1,1,0,0,0,4
vp_36413_case_001,101,110,120,29.6195652173913,초반,2,2,3,2,0,1,0,0.7,0,0,0,1,1,0,1,1,0,0,0,0,4
vp_36413_case_001,106,115,125,30.978260869565215,초반,0,0,1,1,0,2,0,0.7,0,0,0,0,1,0,0,1,0,0,0,0,2
vp_36413_case_001,111,120,130,32.33695652173913,초반,0,0,1,1,0,1,0,0.9,0,0,0,0,1,0,1,0,0,0,0,0,2
vp_36413_case_001,116,125,135,33.69565217391305,중반,1,1,2,1,0,0,0,0.9,0,0,0,1,0,0,1,0,0,0,0,0,2
vp_36413_case_001,121,130,140,35.05434782608695,중반,1,1,1,1,0,0,0,0.8,0,0,0,1,0,0,1,0,0,0,0,0,2
vp_36413_case_001,126,135,145,36.41304347826087,중반,0,0,0,0,0,0,0,0.6,0,0,0,0,0,0,0,0,0,0,0,0,0
vp_36413_case_001,131,140,150,37.77173913043478,중반,0,0,0,0,0,1,0,0.4,0,0,0,0,1,0,0,0,0,0,0,0,1
vp_36413_case_001,136,145,155,39.130434782608695,중반,0,0,0,0,0,1,0,0.4,0,0,0,0,1,0,0,0,0,0,0,0,1
vp_36413_case_001,141,150,160,40.48913043478261,중반,0,0,0,0,0,0,0,0.5,0,0,0,0,0,0,0,0,0,0,0,0,0
vp_36413_case_001,146,155,165,41.84782608695652,중반,1,1,1,1,0,0,0,0.7,0,0,0,1,0,0,1,0,0,0,0,0,2
vp_36413_case_001,151,160,170,43.20652173913043,중반,1,1,1,1,0,0,0,0.7,0,0,0,1,0,0,1,0,0,0,0,0,2
vp_36413_case_001,156,165,175,44.565217391304344,중반,0,0,1,1,0,0,0,0.6,0,0,0,0,0,0,0,0,0,0,1,0,1
vp_36413_case_001,161,170,180,45.92391304347826,중반,0,0,1,1,0,0,0,0.7,0,0,0,0,0,0,0,0,0,0,1,0,1
vp_36413_case_001,166,175,185,47.28260869565217,중반,0,0,1,1,0,0,0,0.6,0,0,0,0,0,0,1,0,0,0,0,0,1
vp_36413_case_001,171,180,190,48.641304347826086,중반,0,0,1,1,0,1,0,0.3,0,0,0,0,1,0,1,0,0,0,0,0,2
vp_36413_case_001,176,185,195,50.0,중반,0,0,0,0,0,1,0,0.2,0,1,1,0,1,0,0,0,0,0,0,0,1
vp_36413_case_001,181,190,200,51.358695652173914,중반,0,0,0,0,0,2,0,0.4,0,1,1,0,1,0,0,0,0,0,0,0,1
vp_36413_case_001,186,195,205,52.71739130434783,중반,0,0,1,1,1,3,0,0.7,1,0,0,0,1,0,0,0,0,0,1,0,2
vp_36413_case_001,191,200,210,54.07608695652174,중반,0,0,2,2,1,3,0,0.7,1,0,0,0,1,0,1,0,0,0,1,0,3
vp_36413_case_001,196,205,215,55.434782608695656,중반,0,0,2,1,0,3,0,0.5,0,0,0,0,1,0,1,0,0,0,0,0,2
vp_36413_case_001,201,210,220,56.79347826086957,중반,0,0,1,1,0,1,0,0.5,0,0,0,0,1,0,1,0,0,0,0,0,2
vp_36413_case_001,206,215,225,58.152173913043484,중반,0,0,0,0,0,1,0,0.6,0,0,0,0,1,0,0,0,0,0,0,0,1
vp_36413_case_001,211,220,230,59.5108695652174,중반,0,0,0,0,0,1,0,0.8,0,0,0,0,1,0,0,0,0,0,0,0,1
vp_36413_case_001,216,225,235,60.86956521739131,중반,0,0,0,0,0,1,0,0.5,0,0,0,0,1,0,0,0,0,0,0,0,1
vp_36413_case_001,221,230,240,62.22826086956522,중반,0,0,0,0,0,1,0,0.2,0,0,0,0,1,0,0,0,0,0,0,0,1
vp_36413_case_001,226,235,245,63.58695652173913,중반,0,0,0,0,0,0,0,0.4,0,0,0,0,0,0,0,0,0,0,0,0,0
vp_36413_case_001,231,240,250,64.94565217391305,중반,1,1,0,0,0,0,0,0.6,0,0,0,1,0,0,0,0,0,0,0,0,1
vp_36413_case_001,236,245,255,66.30434782608695,중반,1,1,0,0,0,0,0,0.5,0,0,0,1,0,0,0,0,0,0,0,0,1
vp_36413_case_001,241,250,260,67.66304347826086,후반,1,1,1,1,0,0,0,0.5,0,0,0,1,0,0,0,0,0,0,1,0,2
vp_36413_case_001,246,255,265,69.02173913043478,후반,1,1,1,1,0,2,0,0.6,0,0,0,1,1,0,0,0,0,0,1,0,3
vp_36413_case_001,251,260,270,70.38043478260869,후반,0,0,1,1,0,2,0,0.7,0,0,0,0,1,0,0,1,0,0,0,0,2
vp_36413_case_001,256,265,275,71.73913043478261,후반,0,0,2,1,0,0,0,0.8,0,0,0,0,0,0,0,1,0,0,0,0,1
vp_36413_case_001,261,270,280,73.09782608695652,후반,0,0,1,1,0,1,0,0.4,0,0,0,0,1,0,0,1,0,0,0,0,2
vp_36413_case_001,266,275,285,74.45652173913044,후반,0,0,0,0,0,3,0,0.1,0,0,0,0,1,0,0,0,0,0,0,0,1
vp_36413_case_001,271,280,290,75.81521739130434,후반,0,0,0,0,0,3,0,0.1,0,0,0,0,1,0,0,0,0,0,0,0,1
vp_36413_case_001,276,285,295,77.17391304347827,후반,0,0,0,0,0,1,0,0.4,0,0,0,0,1,0,0,0,0,0,0,0,1
vp_36413_case_001,281,290,300,78.53260869565217,후반,0,0,0,0,0,0,0,0.8,0,0,0,0,0,0,0,0,0,0,0,0,0
vp_36413_case_001,286,295,305,79.8913043478261,후반,0,0,0,0,0,0,0,0.8,0,0,0,0,0,0,0,0,0,0,0,0,0
vp_36413_case_001,291,300,310,81.25,후반,0,0,1,1,0,0,0,0.5,0,0,0,0,0,0,0,1,0,0,0,0,1
vp_36413_case_001,296,305,315,82.6086956521739,후반,0,0,2,1,0,0,0,0.6,0,0,0,0,0,0,0,1,0,0,0,0,1
vp_36413_case_001,301,310,320,83.96739130434783,후반,0,0,2,2,0,0,0,0.8,0,0,0,0,0,0,0,1,1,0,0,0,2
vp_36413_case_001,306,315,325,85.32608695652173,후반,0,0,1,1,0,1,0,0.7,0,0,0,0,1,0,0,0,1,0,0,0,2
vp_36413_case_001,311,320,330,86.68478260869566,후반,2,2,1,1,0,2,0,0.7,0,0,0,1,1,0,1,0,0,0,0,0,3
vp_36413_case_001,316,325,335,88.04347826086956,후반,2,2,1,1,0,1,0,0.7,0,0,0,1,1,0,1,0,0,0,0,0,3
vp_36413_case_001,321,330,340,89.40217391304348,후반,0,0,1,1,0,0,0,0.7,0,0,0,0,0,0,0,0,1,0,0,0,1
vp_36413_case_001,326,335,345,90.76086956521739,후반,0,0,2,2,0,0,0,0.9,0,0,0,0,0,0,0,1,1,0,0,0,2
vp_36413_case_001,331,340,350,92.11956521739131,후반,0,0,1,1,0,0,0,1.0,0,0,0,0,0,0,0,1,0,0,0,0,1
vp_36413_case_001,336,345,355,93.47826086956522,후반,0,0,1,1,0,0,0,0.9,0,0,0,0,0,0,0,1,0,0,0,0,1
vp_36413_case_001,341,350,360,94.83695652173914,후반,0,0,2,2,0,0,3,0.5,0,0,0,0,0,1,1,1,0,0,0,0,3
vp_36413_case_001,346,355,365,96.19565217391305,후반,1,1,2,1,0,0,3,0.5,0,0,0,1,0,1,1,0,0,0,0,0,3
vp_36413_case_001,351,360,369,97.55434782608695,후반,1,1,1,1,0,0,0,0.8,0,0,0,1,0,0,1,0,0,0,0,0,2
vp_36413_case_001,356,365,369,98.91304347826086,후반,0,0,0,0,0,0,0,0.5,0,0,0,0,0,0,0,0,0,0,0,0,0
vp_36414_case_001,1,10,20,23.684210526315788,초반,1,1,5,3,0,0,0,1.0,0,0,0,1,0,0,0,1,1,0,1,0,4
vp_36414_case_001,6,15,25,36.84210526315789,중반,0,0,9,3,0,0,0,1.0,0,0,0,0,0,0,0,1,1,0,1,0,3
vp_36414_case_001,11,20,30,50.0,중반,0,0,9,3,0,0,0,1.0,0,0,0,0,0,0,0,1,1,0,1,0,3
vp_36414_case_001,16,25,35,63.1578947368421,중반,1,1,6,4,0,0,0,0.8,0,0,0,1,0,0,1,1,1,0,1,0,5
vp_36414_case_001,21,30,39,76.31578947368422,후반,1,1,4,3,0,1,0,0.5,0,0,0,1,1,0,1,1,1,0,0,0,5
vp_36414_case_001,26,35,39,89.47368421052632,후반,0,0,3,1,0,1,0,0.4,0,0,0,0,1,0,0,1,0,0,0,0,2
vp_36415_case_001,1,10,20,29.03225806451613,초반,1,1,4,3,0,1,1,0.7,0,0,0,1,1,1,1,1,1,0,0,0,6
vp_36415_case_001,6,15,25,45.16129032258064,중반,1,1,3,1,0,1,0,0.9,0,0,0,1,1,0,0,1,0,0,0,0,3
vp_36415_case_001,11,20,30,61.29032258064516,중반,1,1,3,1,0,1,0,0.9,0,0,0,1,1,0,0,1,0,0,0,0,3
vp_36415_case_001,16,25,32,77.41935483870968,후반,0,0,2,1,0,1,0,0.6,0,0,0,0,1,0,0,1,0,0,0,0,2
vp_36415_case_001,21,30,32,93.54838709677419,후반,0,0,5,2,0,0,0,0.6,0,0,0,0,0,0,0,1,0,0,1,0,2
vp_36415_case_002,1,10,20,25.71428571428571,초반,0,0,1,1,0,0,1,0.8,0,0,0,0,0,1,0,1,0,0,0,0,2
vp_36415_case_002,6,15,25,40.0,중반,0,0,1,1,0,0,0,0.8,0,0,0,0,0,0,0,1,0,0,0,0,1
vp_36415_case_002,11,20,30,54.285714285714285,중반,1,1,0,0,0,0,0,0.7,0,0,0,1,0,0,0,0,0,0,0,0,1
vp_36415_case_002,16,25,35,68.57142857142857,후반,1,1,0,0,0,0,0,0.6,0,0,0,1,0,0,0,0,0,0,0,0,1
vp_36415_case_002,21,30,36,82.85714285714286,후반,0,0,0,0,0,0,0,0.6,0,0,0,0,0,0,0,0,0,0,0,0,0
vp_36415_case_002,26,35,36,97.14285714285714,후반,0,0,2,1,0,0,0,0.9,0,0,0,0,0,0,0,1,0,0,0,0,1
vp_36416_case_001,1,12,25,18.75,초반,1,1,6,2,0,0,0,1.0,0,0,0,1,0,0,1,0,1,0,0,0,3
vp_36416_case_001,6,18,34,29.166666666666668,초반,2,1,3,2,0,0,0,1.0,0,0,0,1,0,0,1,0,0,0,0,1,3
vp_36416_case_001,13,25,42,39.58333333333333,중반,1,1,4,3,0,0,0,1.0,0,0,0,1,0,0,1,0,1,0,0,1,4
vp_36416_case_001,20,34,52,50.0,중반,0,0,6,2,0,0,0,1.0,0,1,1,0,0,0,0,0,1,1,0,0,2
vp_36416_case_001,27,42,61,60.416666666666664,중반,0,0,5,2,0,0,0,1.0,0,1,1,0,0,0,0,0,1,1,0,0,2
vp_36416_case_001,35,52,66,70.83333333333334,후반,0,0,2,2,1,0,0,1.0,1,0,0,0,0,0,0,0,0,1,0,1,2
vp_36416_case_001,44,61,72,81.25,후반,0,0,2,2,1,0,0,1.0,1,0,0,0,0,0,0,1,0,0,0,1,2
vp_36416_case_001,55,66,72,91.66666666666666,후반,0,0,1,1,0,0,0,1.0,0,0,0,0,0,0,0,1,0,0,0,0,1
vp_36416_case_002,2,15,33,47.368421052631575,중반,1,1,5,3,0,0,0,1.0,0,2,1,1,0,0,1,1,1,0,0,0,4
vp_36416_case_002,7,22,33,73.68421052631578,후반,1,1,5,5,3,0,0,1.0,2,0,0,1,0,0,1,1,0,1,0,1,5
vp_36416_case_003,1,10,20,22.5,초반,0,0,0,0,0,1,0,0.3,0,0,0,0,1,0,0,0,0,0,0,0,1
vp_36416_case_003,6,15,25,35.0,중반,0,0,0,0,0,0,0,0.2,0,1,1,0,0,0,0,0,0,0,0,0,0
vp_36416_case_003,11,20,30,47.5,중반,0,0,0,0,0,0,0,0.5,0,1,1,0,0,0,0,0,0,0,0,0,0
vp_36416_case_003,16,25,35,60.0,중반,1,1,1,1,1,1,0,0.8,1,0,0,1,1,0,1,0,0,0,0,0,3
vp_36416_case_003,21,30,40,72.5,후반,1,1,2,2,1,2,0,0.7,1,0,0,1,1,0,1,0,0,0,1,0,4
vp_36416_case_003,26,35,41,85.0,후반,1,1,2,2,0,1,0,0.6,0,0,0,1,1,0,1,0,0,0,1,0,4
vp_36416_case_003,31,40,41,97.5,후반,1,1,1,1,0,0,0,0.6,0,0,0,1,0,0,1,0,0,0,0,0,2
vp_36416_case_004,1,24,70,18.367346938775512,초반,0,0,1,1,1,0,0,1.0,1,0,0,0,0,0,0,1,0,0,0,0,1
vp_36416_case_004,9,53,77,28.57142857142857,초반,0,0,1,1,1,0,0,1.0,1,0,0,0,0,0,0,1,0,0,0,0,1
vp_36416_case_004,30,70,85,38.775510204081634,중반,0,0,2,2,0,0,0,1.0,0,0,0,0,0,0,0,1,0,0,1,0,2
vp_36416_case_004,58,77,90,48.97959183673469,중반,0,0,1,1,0,0,0,1.0,0,0,0,0,0,0,0,0,0,0,1,0,1
vp_36416_case_004,72,85,95,59.183673469387756,중반,1,1,2,2,0,0,0,1.0,0,0,0,1,0,0,1,0,0,0,1,0,3
vp_36416_case_004,78,90,100,69.38775510204081,후반,2,2,5,4,0,0,0,1.0,0,0,0,1,0,0,1,1,1,0,1,0,5
vp_36416_case_004,86,95,114,79.59183673469387,후반,1,1,3,3,0,0,0,1.0,0,0,0,1,0,0,1,1,1,0,0,0,4
vp_36416_case_004,91,100,114,89.79591836734694,후반,0,0,0,0,0,0,0,1.0,0,0,0,0,0,0,0,0,0,0,0,0,0
vp_36416_case_006,1,10,20,32.142857142857146,초반,1,1,1,1,0,0,0,0.6,0,0,0,1,0,0,1,0,0,0,0,0,2
vp_36416_case_006,6,15,25,50.0,중반,2,1,2,1,0,0,0,0.6,0,0,0,1,0,0,1,0,0,0,0,0,2
vp_36416_case_006,11,20,29,67.85714285714286,후반,1,1,2,1,0,2,0,0.6,0,0,0,1,1,0,1,0,0,0,0,0,3
vp_36416_case_006,16,25,29,85.71428571428571,후반,0,0,2,1,0,2,0,0.4,0,0,0,0,1,0,1,0,0,0,0,0,2
vp_36416_case_007,1,14,29,42.857142857142854,중반,1,1,3,2,0,0,0,1.0,0,0,0,1,0,0,0,1,1,0,0,0,3
vp_36416_case_007,9,21,33,66.66666666666666,후반,1,1,6,2,0,0,0,1.0,0,0,0,1,0,0,0,1,1,0,0,0,3
vp_36416_case_007,16,29,33,90.47619047619048,후반,0,0,4,2,0,0,0,1.0,0,0,0,0,0,0,0,1,1,0,0,0,2
vp_36416_case_008,1,18,22,69.23076923076923,후반,2,2,3,2,0,0,0,1.0,0,0,0,1,0,0,1,1,0,0,0,0,3
vp_36416_case_009,1,28,38,39.130434782608695,중반,0,0,0,0,1,0,0,1.0,1,0,0,0,0,0,0,0,0,0,0,0,0
vp_36416_case_009,21,33,44,60.86956521739131,중반,0,0,5,3,1,0,0,1.0,1,0,0,0,0,0,0,1,1,1,0,0,3
vp_36416_case_009,29,38,44,82.6086956521739,후반,1,1,6,4,0,0,0,1.0,0,0,0,1,0,0,1,1,1,1,0,0,5
vp_36416_case_010,1,10,20,32.142857142857146,초반,0,0,3,2,0,2,0,0.7,0,0,0,0,1,0,0,1,0,0,1,0,3
vp_36416_case_010,6,15,25,50.0,중반,0,0,2,2,0,2,0,0.8,0,0,0,0,1,0,0,1,0,0,1,0,3
vp_36416_case_010,11,20,29,67.85714285714286,후반,0,0,3,2,0,2,0,0.8,0,0,0,0,1,0,0,1,0,0,1,0,3
vp_36416_case_010,16,25,29,85.71428571428571,후반,0,0,2,2,0,2,0,0.8,0,0,0,0,1,0,0,1,0,0,1,0,3
vp_36416_case_011,1,17,29,32.142857142857146,초반,0,0,3,2,0,0,0,1.0,0,0,0,0,0,0,0,1,0,0,1,0,2
vp_36416_case_011,11,22,36,50.0,중반,0,0,2,1,0,0,0,1.0,0,0,0,0,0,0,0,1,0,0,0,0,1
vp_36416_case_011,18,29,40,67.85714285714286,후반,0,0,0,0,0,0,0,1.0,0,0,0,0,0,0,0,0,0,0,0,0,0
vp_36416_case_011,23,36,40,85.71428571428571,후반,0,0,1,1,0,0,0,1.0,0,0,0,0,0,0,0,1,0,0,0,0,1
vp_36417_case_002,1,10,20,25.0,초반,0,0,0,0,0,0,0,1.0,0,0,0,0,0,0,0,0,0,0,0,0,0
vp_36417_case_002,6,15,25,38.88888888888889,중반,0,0,0,0,0,0,1,0.8,0,0,0,0,0,1,0,0,0,0,0,0,1
vp_36417_case_002,11,20,30,52.77777777777778,중반,0,0,0,0,0,0,1,0.8,0,0,0,0,0,1,0,0,0,0,0,0,1
vp_36417_case_002,16,25,35,66.66666666666666,후반,0,0,0,0,0,1,0,0.7,0,0,0,0,1,0,0,0,0,0,0,0,1
vp_36417_case_002,21,30,37,80.55555555555556,후반,1,1,1,1,0,2,0,0.3,0,0,0,1,1,0,1,0,0,0,0,0,3
vp_36417_case_002,26,35,37,94.44444444444444,후반,1,1,3,2,0,1,0,0.5,0,0,0,1,1,0,1,1,0,0,0,0,4
vp_36418_case_001,1,10,20,11.39240506329114,초반,1,1,3,1,1,0,0,0.8,1,0,0,1,0,0,0,0,1,0,0,0,2
vp_36418_case_001,6,15,25,17.72151898734177,초반,1,1,7,3,1,0,0,1.0,1,0,0,1,0,0,0,1,1,1,0,0,4
vp_36418_case_001,11,20,30,24.050632911392405,초반,0,0,7,3,0,0,0,1.0,0,0,0,0,0,0,0,1,1,1,0,0,3
vp_36418_case_001,16,25,35,30.37974683544304,초반,0,0,3,1,0,1,0,0.9,0,0,0,0,1,0,0,0,0,1,0,0,2
vp_36418_case_001,21,30,40,36.708860759493675,중반,1,1,2,2,0,1,0,0.9,0,0,0,1,1,0,1,0,0,1,0,0,4
vp_36418_case_001,26,35,45,43.037974683544306,중반,1,1,1,1,0,0,0,1.0,0,0,0,1,0,0,1,0,0,0,0,0,2
vp_36418_case_001,31,40,50,49.36708860759494,중반,0,0,0,0,0,0,0,0.8,0,0,0,0,0,0,0,0,0,0,0,0,0
vp_36418_case_001,36,45,55,55.69620253164557,중반,1,1,1,1,0,0,1,0.7,0,0,0,1,0,1,1,0,0,0,0,0,3
vp_36418_case_001,41,50,60,62.0253164556962,중반,1,1,1,1,0,0,1,0.9,0,0,0,1,0,1,1,0,0,0,0,0,3
vp_36418_case_001,46,55,65,68.35443037974683,후반,0,0,0,0,0,0,0,0.8,0,0,0,0,0,0,0,0,0,0,0,0,0
vp_36418_case_001,51,60,70,74.68354430379746,후반,0,0,2,1,0,2,0,0.6,0,0,0,0,1,0,1,0,0,0,0,0,2
vp_36418_case_001,56,65,75,81.0126582278481,후반,0,0,3,2,0,2,0,0.7,0,0,0,0,1,0,1,0,1,0,0,0,3
vp_36418_case_001,61,70,80,87.34177215189874,후반,0,0,2,2,0,1,0,0.7,0,0,0,0,1,0,1,0,1,0,0,0,3
vp_36418_case_001,66,75,80,93.67088607594937,후반,0,0,1,1,0,2,0,0.6,0,0,0,0,1,0,1,0,0,0,0,0,2
vp_36419_case_001,1,10,13,75.0,후반,2,1,4,2,0,0,0,1.0,0,0,0,1,0,0,0,1,1,0,0,0,3
vp_36428_case_001,1,10,20,21.951219512195124,초반,3,3,3,3,0,0,0,1.0,0,0,0,1,0,0,1,1,1,0,0,0,4
vp_36428_case_001,6,15,25,34.146341463414636,중반,4,3,5,3,0,0,0,1.0,0,0,0,1,0,0,1,1,1,0,0,0,4
vp_36428_case_001,11,20,30,46.34146341463415,중반,1,1,5,4,0,0,1,0.8,0,0,0,1,0,1,1,1,1,0,1,0,6
vp_36428_case_001,16,25,35,58.536585365853654,중반,1,1,3,3,0,2,1,0.5,0,0,0,1,1,1,1,1,0,0,1,0,6
vp_36428_case_001,21,30,40,70.73170731707317,후반,1,1,3,2,0,2,0,0.6,0,0,0,1,1,0,1,1,0,0,0,0,4
vp_36428_case_001,26,35,42,82.92682926829268,후반,0,0,2,2,0,1,0,0.6,0,0,0,0,1,0,1,1,0,0,0,0,3
vp_36428_case_001,31,40,42,95.1219512195122,후반,0,0,0,0,0,1,0,0.6,0,0,0,0,1,0,0,0,0,0,0,0,1
vp_36429_case_001,1,10,13,75.0,후반,4,3,4,3,1,0,0,1.0,1,0,0,1,0,0,1,0,1,0,0,1,4
vp_36432_case_001,1,10,11,90.0,후반,3,3,8,4,0,0,0,0.6,0,0,0,1,0,0,1,1,1,0,0,1,5
vp_36435_case_001,1,10,11,90.0,후반,1,1,5,2,0,0,2,0.6,0,0,0,1,0,1,0,0,1,0,1,0,4
vp_36435_case_002,1,10,11,90.0,후반,0,0,4,3,0,0,0,0.3,0,0,0,0,0,0,0,1,1,1,0,0,3
vp_36441_case_001,1,10,20,16.666666666666664,초반,2,2,5,3,0,0,0,1.0,0,0,0,1,0,0,1,1,1,0,0,0,4
vp_36441_case_001,6,15,25,25.925925925925924,초반,3,2,4,2,0,0,0,1.0,0,0,0,1,0,0,1,0,1,0,0,0,3
vp_36441_case_001,11,20,30,35.18518518518518,중반,2,2,1,1,0,0,2,0.8,0,0,0,1,0,1,1,0,0,0,0,0,3
vp_36441_case_001,16,25,35,44.44444444444444,중반,1,1,0,0,0,0,2,0.5,0,0,0,1,0,1,0,0,0,0,0,0,2
vp_36441_case_001,21,30,40,53.70370370370371,중반,1,1,2,2,0,0,0,0.7,0,0,0,1,0,0,1,0,1,0,0,0,3
vp_36441_case_001,26,35,45,62.96296296296296,중반,1,1,3,3,0,0,0,0.7,0,0,0,1,0,0,1,0,1,0,0,1,4
vp_36441_case_001,31,40,50,72.22222222222221,후반,0,0,1,1,0,0,0,0.3,0,0,0,0,0,0,0,0,0,0,0,1,1
vp_36441_case_001,36,45,55,81.48148148148148,후반,0,0,0,0,0,0,0,0.2,0,0,0,0,0,0,0,0,0,0,0,0,0
vp_36441_case_001,41,50,55,90.74074074074075,후반,0,0,0,0,0,0,0,0.5,0,0,0,0,0,0,0,0,0,0,0,0,0
vp_36442_case_001,1,10,20,36.0,중반,2,1,4,2,0,0,0,1.0,0,0,0,1,0,0,1,0,1,0,0,0,3
vp_36442_case_001,6,15,25,56.00000000000001,중반,1,1,1,1,0,0,0,1.0,0,0,0,1,0,0,0,0,1,0,0,0,2
vp_36442_case_001,11,20,26,76.0,후반,0,0,0,0,0,0,0,1.0,0,0,0,0,0,0,0,0,0,0,0,0,0
vp_36442_case_001,16,25,26,96.0,후반,0,0,1,1,0,0,0,1.0,0,0,0,0,0,0,0,1,0,0,0,0,1
vp_36443_case_001,1,10,20,27.27272727272727,초반,1,1,3,2,0,0,0,1.0,0,0,0,1,0,0,1,0,1,0,0,0,3
vp_36443_case_001,6,15,25,42.42424242424242,중반,1,1,3,1,0,0,0,1.0,0,0,0,1,0,0,0,0,1,0,0,0,2
vp_36443_case_001,11,20,30,57.57575757575758,중반,1,1,3,1,0,0,0,1.0,0,0,0,1,0,0,0,0,1,0,0,0,2
vp_36443_case_001,16,25,34,72.72727272727273,후반,0,0,0,0,0,0,0,1.0,0,0,0,0,0,0,0,0,0,0,0,0,0
vp_36443_case_001,21,30,34,87.87878787878788,후반,0,0,1,1,0,0,0,1.0,0,0,0,0,0,0,0,0,0,0,0,1,1
vp_36444_case_001,1,13,28,52.94117647058824,중반,1,1,4,1,0,0,0,1.0,0,0,0,1,0,0,0,0,1,0,0,0,2
vp_36444_case_001,7,21,28,82.35294117647058,후반,1,1,4,1,0,0,0,1.0,0,0,0,1,0,0,0,0,1,0,0,0,2
vp_36445_case_001,1,10,16,60.0,중반,1,1,4,3,0,1,0,0.7,0,0,0,1,1,0,0,1,1,0,1,0,5
vp_36445_case_001,6,15,16,93.33333333333333,후반,0,0,3,3,0,1,1,0.7,0,0,0,0,1,1,0,1,1,0,1,0,5
vp_36448_case_001,1,10,20,23.684210526315788,초반,2,1,2,2,0,0,0,0.8,0,0,0,1,0,0,1,0,1,0,0,0,3
vp_36448_case_001,6,15,25,36.84210526315789,중반,0,0,0,0,0,0,1,0.5,0,0,0,0,0,1,0,0,0,0,0,0,1
vp_36448_case_001,11,20,30,50.0,중반,0,0,1,1,0,0,1,0.5,0,0,0,0,0,1,0,1,0,0,0,0,2
vp_36448_case_001,16,25,35,63.1578947368421,중반,0,0,1,1,0,0,0,0.4,0,0,0,0,0,0,0,1,0,0,0,0,1
vp_36448_case_001,21,30,39,76.31578947368422,후반,0,0,0,0,0,0,0,0.1,0,0,0,0,0,0,0,0,0,0,0,0,0
vp_36448_case_001,26,35,39,89.47368421052632,후반,0,0,0,0,0,0,0,0.4,0,0,0,0,0,0,0,0,0,0,0,0,0
vp_36449_case_001,1,10,20,22.5,초반,2,2,6,3,0,1,0,0.7,0,0,0,1,1,0,1,1,1,0,0,0,5
vp_36449_case_001,6,15,25,35.0,중반,3,2,7,3,0,1,0,0.6,0,0,0,1,1,0,1,1,1,0,0,0,5
vp_36449_case_001,11,20,30,47.5,중반,1,1,2,2,0,0,0,0.6,0,0,0,1,0,0,1,1,0,0,0,0,3
vp_36449_case_001,16,25,35,60.0,중반,1,1,0,0,0,1,2,0.5,0,0,0,1,1,1,0,0,0,0,0,0,3
vp_36449_case_001,21,30,40,72.5,후반,2,1,1,1,0,3,2,0.4,0,0,0,1,1,1,1,0,0,0,0,0,4
vp_36449_case_001,26,35,41,85.0,후반,1,1,1,1,0,2,0,0.4,0,0,0,1,1,0,1,0,0,0,0,0,3
vp_36449_case_001,31,40,41,97.5,후반,0,0,0,0,0,0,0,0.5,0,0,0,0,0,0,0,0,0,0,0,0,0
vp_36454_case_001,1,10,18,52.94117647058824,중반,2,2,3,3,0,1,0,0.8,0,0,0,1,1,0,1,1,1,0,0,0,5
vp_36454_case_001,6,15,18,82.35294117647058,후반,2,2,3,2,0,0,0,0.9,0,0,0,1,0,0,1,1,0,0,0,0,3
vp_36457_case_001,1,10,20,37.5,중반,0,0,0,0,0,0,0,0.7,0,0,0,0,0,0,0,0,0,0,0,0,0
vp_36457_case_001,6,15,25,58.333333333333336,중반,0,0,2,1,0,0,0,0.5,0,0,0,0,0,0,0,0,1,0,0,0,1
vp_36457_case_001,11,20,25,79.16666666666666,후반,0,0,2,1,0,2,0,0.4,0,0,0,0,1,0,0,0,1,0,0,0,2
vp_36463_case_001,1,15,28,21.951219512195124,초반,0,0,0,0,0,0,0,1.0,0,1,1,0,0,0,0,0,0,0,0,0,0
vp_36463_case_001,7,23,37,34.146341463414636,중반,0,0,2,2,1,0,0,1.0,1,0,0,0,0,0,0,1,0,0,1,0,2
vp_36463_case_001,17,28,49,46.34146341463415,중반,0,0,4,2,1,0,0,1.0,1,0,0,0,0,0,0,1,0,0,1,0,2
vp_36463_case_001,24,37,54,58.536585365853654,중반,1,1,5,3,0,0,0,1.0,0,0,0,1,0,0,1,1,0,0,1,0,4
vp_36463_case_001,29,49,64,70.73170731707317,후반,1,1,4,2,0,0,0,1.0,0,0,0,1,0,0,1,1,0,0,0,0,3
vp_36463_case_001,38,54,67,82.92682926829268,후반,0,0,1,1,0,0,0,1.0,0,0,0,0,0,0,0,1,0,0,0,0,1
vp_36463_case_001,50,64,67,95.1219512195122,후반,0,0,0,0,0,0,0,1.0,0,0,0,0,0,0,0,0,0,0,0,0,0
vp_36463_case_002,1,10,19,50.0,중반,0,0,4,2,1,0,0,1.0,1,0,0,0,0,0,0,1,0,0,0,1,2
vp_36463_case_002,6,15,19,77.77777777777779,후반,1,1,4,3,1,1,0,0.8,1,0,0,1,1,0,1,1,0,0,0,1,5
vp_36463_case_003,1,16,34,25.0,초반,2,1,3,2,0,0,0,1.0,0,0,0,1,0,0,1,1,0,0,0,0,3
vp_36463_case_003,10,25,47,38.88888888888889,중반,2,1,3,2,0,0,0,1.0,0,0,0,1,0,0,1,1,0,0,0,0,3
vp_36463_case_003,17,34,53,52.77777777777778,중반,0,0,3,1,0,0,0,1.0,0,1,1,0,0,0,0,1,0,0,0,0,1
vp_36463_case_003,27,47,62,66.66666666666666,후반,0,0,4,2,0,0,0,1.0,0,1,1,0,0,0,0,1,0,0,1,0,2
vp_36463_case_003,36,53,68,80.55555555555556,후반,0,0,5,1,1,0,0,1.0,1,0,0,0,0,0,0,0,0,0,1,0,1
vp_36463_case_003,48,62,68,94.44444444444444,후반,0,0,4,1,1,0,0,1.0,1,0,0,0,0,0,0,0,0,0,1,0,1
vp_36467_case_001,1,10,20,31.03448275862069,초반,2,2,4,2,1,0,0,0.7,1,1,1,1,0,0,1,1,0,0,0,0,3
vp_36467_case_001,6,15,25,48.275862068965516,중반,1,1,8,2,3,0,0,0.9,2,0,0,1,0,0,1,1,0,0,0,0,3
vp_36467_case_001,11,20,30,65.51724137931035,중반,0,0,7,2,2,2,0,0.6,1,0,0,0,1,0,1,1,0,0,0,0,3
vp_36467_case_001,16,25,30,82.75862068965517,후반,0,0,4,2,0,2,0,0.5,0,0,0,0,1,0,1,1,0,0,0,0,3
vp_36478_case_001,1,12,18,69.23076923076923,후반,5,4,7,3,0,0,0,1.0,0,0,0,1,0,0,1,0,1,0,1,0,4
vp_36486_case_001,1,10,18,52.94117647058824,중반,0,0,4,2,0,0,0,1.0,0,0,0,0,0,0,0,0,1,1,0,0,2
vp_36486_case_001,6,15,18,82.35294117647058,후반,0,0,2,1,0,0,0,0.7,0,0,0,0,0,0,0,0,0,1,0,0,1
vp_36491_case_001,1,10,20,16.363636363636363,초반,2,2,6,4,1,0,0,0.8,1,0,0,1,0,0,1,1,1,0,0,1,5
vp_36491_case_001,6,15,25,25.454545454545453,초반,2,2,8,4,1,0,0,0.9,1,0,0,1,0,0,1,1,1,0,0,1,5
vp_36491_case_001,11,20,30,34.54545454545455,중반,0,0,9,2,0,0,0,0.8,0,0,0,0,0,0,0,1,1,0,0,0,2
vp_36491_case_001,16,25,35,43.63636363636363,중반,0,0,7,2,0,1,0,0.5,0,0,0,0,1,0,0,1,1,0,0,0,3
vp_36491_case_001,21,30,40,52.72727272727272,중반,0,0,1,1,0,1,0,0.3,0,0,0,0,1,0,0,1,0,0,0,0,2
vp_36491_case_001,26,35,45,61.81818181818181,중반,0,0,4,3,0,0,0,0.6,0,0,0,0,0,0,0,1,1,1,0,0,3
vp_36491_case_001,31,40,50,70.9090909090909,후반,0,0,5,2,0,0,0,0.9,0,0,0,0,0,0,0,0,1,1,0,0,2
vp_36491_case_001,36,45,55,80.0,후반,0,0,3,1,0,0,0,0.9,0,0,0,0,0,0,0,0,0,1,0,0,1
vp_36491_case_001,41,50,56,89.0909090909091,후반,0,0,2,2,0,0,0,0.7,0,0,0,0,0,0,0,1,0,1,0,0,2
vp_36491_case_001,46,55,56,98.18181818181819,후반,0,0,1,1,0,0,0,0.8,0,0,0,0,0,0,0,1,0,0,0,0,1
vp_36492_case_001,1,10,20,21.951219512195124,초반,1,1,2,2,0,0,0,1.0,0,1,1,1,0,0,1,0,1,0,0,0,3
vp_36492_case_001,6,15,25,34.146341463414636,중반,0,0,0,0,0,0,0,1.0,0,1,1,0,0,0,0,0,0,0,0,0,0
vp_36492_case_001,11,20,30,46.34146341463415,중반,1,1,4,3,1,0,0,1.0,1,0,0,1,0,0,1,0,1,0,0,1,4
vp_36492_case_001,16,25,35,58.536585365853654,중반,1,1,5,4,1,0,0,1.0,1,0,0,1,0,0,1,0,1,0,1,1,5
vp_36492_case_001,21,30,40,70.73170731707317,후반,1,1,2,2,0,0,0,1.0,0,0,0,1,0,0,1,0,0,0,1,0,3
vp_36492_case_001,26,35,42,82.92682926829268,후반,1,1,2,1,0,0,0,1.0,0,0,0,1,0,0,1,0,0,0,0,0,2
vp_36492_case_001,31,40,42,95.1219512195122,후반,0,0,1,1,0,0,0,1.0,0,0,0,0,0,0,1,0,0,0,0,0,1
vp_36495_case_001,1,10,19,50.0,중반,2,2,5,4,0,0,0,1.0,0,0,0,1,0,0,1,1,1,0,0,1,5
vp_36495_case_001,6,15,19,77.77777777777779,후반,0,0,2,2,0,0,0,1.0,0,0,0,0,0,0,0,1,1,0,0,0,2
vp_36503_case_001,1,10,20,39.130434782608695,중반,1,1,6,3,0,1,0,0.8,0,0,0,1,1,0,1,1,1,0,0,0,5
vp_36503_case_001,6,15,24,60.86956521739131,중반,2,1,7,3,0,1,0,0.8,0,0,0,1,1,0,1,1,1,0,0,0,5
vp_36503_case_001,11,20,24,82.6086956521739,후반,1,1,8,3,0,0,0,0.9,0,0,0,1,0,0,1,1,1,0,0,0,4
vp_36504_case_001,1,10,20,28.125,초반,1,1,7,3,1,0,0,1.0,1,0,0,1,0,0,1,1,0,0,0,0,3
vp_36504_case_001,6,15,25,43.75,중반,0,0,2,1,0,0,0,1.0,0,0,0,0,0,0,0,1,0,0,0,0,1
vp_36504_case_001,11,20,30,59.375,중반,0,0,0,0,0,0,0,1.0,0,0,0,0,0,0,0,0,0,0,0,0,0
vp_36504_case_001,16,25,33,75.0,후반,0,0,1,1,0,0,0,1.0,0,0,0,0,0,0,0,1,0,0,0,0,1
vp_36504_case_001,21,30,33,90.625,후반,0,0,2,2,1,0,0,1.0,0,0,0,0,0,0,0,1,0,0,0,0,1
vp_36505_case_001,1,10,20,11.538461538461538,초반,0,0,3,1,0,1,0,0.7,0,0,0,0,1,0,0,1,0,0,0,0,2
vp_36505_case_001,6,15,25,17.94871794871795,초반,0,0,4,1,0,1,0,0.8,0,0,0,0,1,0,0,1,0,0,0,0,2
vp_36505_case_001,11,20,30,24.358974358974358,초반,0,0,1,1,0,0,0,0.8,0,0,0,0,0,0,0,1,0,0,0,0,1
vp_36505_case_001,16,25,35,30.76923076923077,초반,0,0,0,0,0,0,0,0.5,0,0,0,0,0,0,0,0,0,0,0,0,0
vp_36505_case_001,21,30,40,37.17948717948718,중반,0,0,0,0,0,0,0,0.3,0,0,0,0,0,0,0,0,0,0,0,0,0
vp_36505_case_001,26,35,45,43.58974358974359,중반,0,0,0,0,0,0,0,0.5,0,0,0,0,0,0,0,0,0,0,0,0,0
vp_36505_case_001,31,40,50,50.0,중반,0,0,0,0,0,0,0,0.3,0,0,0,0,0,0,0,0,0,0,0,0,0
vp_36505_case_001,36,45,55,56.41025641025641,중반,0,0,0,0,0,0,0,0.1,0,0,0,0,0,0,0,0,0,0,0,0,0
vp_36505_case_001,41,50,60,62.82051282051282,중반,0,0,0,0,0,1,0,0.3,0,0,0,0,1,0,0,0,0,0,0,0,1
vp_36505_case_001,46,55,65,69.23076923076923,후반,0,0,0,0,0,2,0,0.2,0,0,0,0,1,0,0,0,0,0,0,0,1
vp_36505_case_001,51,60,70,75.64102564102564,후반,0,0,0,0,0,2,0,0.0,0,0,0,0,1,0,0,0,0,0,0,0,1
vp_36505_case_001,56,65,75,82.05128205128204,후반,0,0,0,0,0,1,0,0.5,0,0,0,0,1,0,0,0,0,0,0,0,1
vp_36505_case_001,61,70,79,88.46153846153845,후반,0,0,1,1,0,0,0,0.8,0,0,0,0,0,0,0,1,0,0,0,0,1
vp_36505_case_001,66,75,79,94.87179487179486,후반,0,0,1,1,0,1,0,0.3,0,0,0,0,1,0,0,1,0,0,0,0,2
vp_36505_case_002,1,10,13,75.0,후반,0,0,0,0,0,0,0,0.9,0,0,0,0,0,0,0,0,0,0,0,0,0
vp_36506_case_001,1,10,20,5.454545454545454,초반,0,0,0,0,0,0,0,0.6,0,0,0,0,0,0,0,0,0,0,0,0,0
vp_36506_case_001,6,15,25,8.484848484848486,초반,0,0,1,1,0,0,0,0.5,0,0,0,0,0,0,0,0,0,0,1,0,1
vp_36506_case_001,11,20,30,11.515151515151516,초반,0,0,1,1,0,0,0,0.1,0,0,0,0,0,0,0,0,0,0,1,0,1
vp_36506_case_001,16,25,35,14.545454545454545,초반,0,0,0,0,0,0,0,0.2,0,0,0,0,0,0,0,0,0,0,0,0,0
vp_36506_case_001,21,30,40,17.575757575757574,초반,0,0,1,1,0,0,0,0.4,0,0,0,0,0,0,0,1,0,0,0,0,1
vp_36506_case_001,26,35,45,20.606060606060606,초반,0,0,1,1,0,0,0,0.4,0,0,0,0,0,0,0,1,0,0,0,0,1
vp_36506_case_001,31,40,50,23.636363636363637,초반,1,1,1,1,0,0,0,0.4,0,0,0,1,0,0,1,0,0,0,0,0,2
vp_36506_case_001,36,45,55,26.666666666666668,초반,2,2,1,1,0,1,0,0.5,0,0,0,1,1,0,1,0,0,0,0,0,3
vp_36506_case_001,41,50,60,29.6969696969697,초반,1,1,0,0,0,1,0,0.7,0,0,0,1,1,0,0,0,0,0,0,0,2
vp_36506_case_001,46,55,65,32.72727272727273,초반,1,1,1,1,0,3,0,0.5,0,0,0,1,1,0,1,0,0,0,0,0,3
vp_36506_case_001,51,60,70,35.75757575757576,중반,1,1,1,1,0,4,0,0.4,0,0,0,1,1,0,1,0,0,0,0,0,3
vp_36506_case_001,56,65,75,38.78787878787879,중반,0,0,0,0,0,2,0,0.3,0,0,0,0,1,0,0,0,0,0,0,0,1
vp_36506_case_001,61,70,80,41.81818181818181,중반,0,0,1,1,0,2,0,0.3,0,0,0,0,1,0,0,1,0,0,0,0,2
vp_36506_case_001,66,75,85,44.84848484848485,중반,0,0,1,1,0,1,0,0.8,0,0,0,0,1,0,0,1,0,0,0,0,2
vp_36506_case_001,71,80,90,47.878787878787875,중반,0,0,0,0,0,0,0,0.9,0,0,0,0,0,0,0,0,0,0,0,0,0
vp_36506_case_001,76,85,95,50.90909090909091,중반,1,1,0,0,0,0,0,0.8,0,0,0,1,0,0,0,0,0,0,0,0,1
vp_36506_case_001,81,90,100,53.939393939393945,중반,2,1,0,0,0,0,0,0.6,0,0,0,1,0,0,0,0,0,0,0,0,1
vp_36506_case_001,86,95,105,56.96969696969697,중반,1,1,1,1,0,0,0,0.4,0,0,0,1,0,0,1,0,0,0,0,0,2
vp_36506_case_001,91,100,110,60.0,중반,0,0,2,1,0,0,0,0.7,0,0,0,0,0,0,1,0,0,0,0,0,1
vp_36506_case_001,96,105,115,63.030303030303024,중반,0,0,2,1,0,0,0,1.0,0,0,0,0,0,0,1,0,0,0,0,0,1
vp_36506_case_001,101,110,120,66.06060606060606,중반,1,1,2,1,0,0,0,0.8,0,0,0,1,0,0,1,0,0,0,0,0,2
vp_36506_case_001,106,115,125,69.0909090909091,후반,1,1,2,1,0,0,0,0.6,0,0,0,1,0,0,1,0,0,0,0,0,2
vp_36506_case_001,111,120,130,72.12121212121212,후반,0,0,1,1,0,1,0,0.5,0,0,0,0,1,0,1,0,0,0,0,0,2
vp_36506_case_001,116,125,135,75.15151515151514,후반,0,0,0,0,0,2,0,0.6,0,0,0,0,1,0,0,0,0,0,0,0,1
vp_36506_case_001,121,130,140,78.18181818181819,후반,0,0,0,0,0,1,0,0.6,0,0,0,0,1,0,0,0,0,0,0,0,1
vp_36506_case_001,126,135,145,81.21212121212122,후반,0,0,0,0,0,0,0,0.4,0,0,0,0,0,0,0,0,0,0,0,0,0
vp_36506_case_001,131,140,150,84.24242424242424,후반,0,0,0,0,0,0,0,0.2,0,0,0,0,0,0,0,0,0,0,0,0,0
vp_36506_case_001,136,145,155,87.27272727272727,후반,0,0,0,0,0,0,0,0.0,0,0,0,0,0,0,0,0,0,0,0,0,0
vp_36506_case_001,141,150,160,90.30303030303031,후반,0,0,1,1,0,0,0,0.3,0,0,0,0,0,0,0,1,0,0,0,0,1
vp_36506_case_001,146,155,165,93.33333333333333,후반,0,0,2,2,0,0,0,0.8,0,0,0,0,0,0,1,1,0,0,0,0,2
vp_36506_case_001,151,160,166,96.36363636363636,후반,0,0,1,1,0,0,0,0.7,0,0,0,0,0,0,1,0,0,0,0,0,1
vp_36506_case_001,156,165,166,99.39393939393939,후반,0,0,0,0,0,0,0,0.5,0,0,0,0,0,0,0,0,0,0,0,0,0
vp_36506_case_002,7,32,53,10.975609756097562,초반,1,1,6,4,0,0,0,1.0,0,1,1,1,0,0,1,1,0,0,1,0,4
vp_36506_case_002,25,44,69,17.073170731707318,초반,2,2,4,3,1,0,0,1.0,0,1,1,1,0,0,1,1,0,0,1,0,4
vp_36506_case_002,34,53,77,23.170731707317074,초반,1,1,8,4,2,0,0,1.0,1,0,0,1,0,0,1,1,0,0,1,0,4
vp_36506_case_002,45,69,97,29.268292682926827,초반,0,0,8,4,1,0,0,1.0,1,0,0,0,0,0,1,1,0,0,1,0,3
vp_36506_case_002,56,77,104,35.36585365853659,중반,0,0,3,2,0,0,0,1.0,0,0,0,0,0,0,0,1,0,0,0,0,1
vp_36506_case_002,70,97,112,41.46341463414634,중반,0,0,3,1,0,0,0,1.0,0,0,0,0,0,0,0,1,0,0,0,0,1
vp_36506_case_002,79,104,118,47.5609756097561,중반,0,0,3,2,0,0,0,1.0,0,0,0,0,0,0,1,1,0,0,0,0,2
vp_36506_case_002,98,112,138,53.65853658536586,중반,0,0,4,2,0,0,0,1.0,0,0,0,0,0,0,1,1,0,0,0,0,2
vp_36506_case_002,105,118,161,59.756097560975604,중반,0,0,2,2,0,0,0,1.0,0,0,0,0,0,0,1,1,0,0,0,0,2
vp_36506_case_002,113,138,178,65.85365853658537,중반,0,0,0,0,0,0,0,1.0,0,0,0,0,0,0,0,0,0,0,0,0,0
vp_36506_case_002,119,161,205,71.95121951219512,후반,0,0,5,2,0,0,0,1.0,0,0,0,0,0,0,0,0,0,0,1,0,1
vp_36506_case_002,144,178,227,78.04878048780488,후반,0,0,7,2,0,0,0,1.0,0,0,0,0,0,0,0,0,0,0,1,0,1
vp_36506_case_002,174,205,238,84.14634146341463,후반,0,0,2,2,0,0,0,1.0,0,0,0,0,0,0,0,0,0,0,1,0,1
vp_36506_case_002,179,227,245,90.2439024390244,후반,0,0,0,0,0,0,0,1.0,0,0,0,0,0,0,0,0,0,0,0,0,0
vp_36506_case_002,206,238,245,96.34146341463415,후반,0,0,2,2,0,0,0,1.0,0,0,0,0,0,0,0,1,0,0,1,0,2
vp_36506_case_003,3,21,31,21.428571428571427,초반,0,0,1,1,0,0,0,1.0,0,0,0,0,0,0,0,0,0,0,1,0,1
vp_36506_case_003,17,26,36,33.33333333333333,중반,0,0,1,1,0,0,0,1.0,0,0,0,0,0,0,0,0,0,0,1,0,1
vp_36506_case_003,22,31,41,45.23809523809524,중반,0,0,0,0,0,0,0,1.0,0,0,0,0,0,0,0,0,0,0,0,0,0
vp_36506_case_003,27,36,46,57.14285714285714,중반,1,1,0,0,0,0,0,1.0,0,0,0,1,0,0,0,0,0,0,0,0,1
vp_36506_case_003,32,41,53,69.04761904761905,후반,1,1,2,1,0,0,0,1.0,0,1,1,1,0,0,0,0,0,0,1,0,2
vp_36506_case_003,37,46,57,80.95238095238095,후반,0,0,2,1,0,0,0,1.0,0,2,1,0,0,0,0,0,0,0,1,0,1
vp_36506_case_003,42,53,57,92.85714285714286,후반,0,0,1,1,1,0,0,1.0,1,1,1,0,0,0,0,0,0,0,1,0,1
vp_36506_case_005,1,10,20,17.647058823529413,초반,0,0,1,1,2,0,0,0.7,2,0,0,0,0,0,0,0,0,0,1,0,1
vp_36506_case_005,6,15,25,27.450980392156865,초반,0,0,1,1,2,0,0,0.5,2,0,0,0,0,0,0,0,0,0,1,0,1
vp_36506_case_005,11,20,30,37.254901960784316,중반,0,0,0,0,0,0,0,0.7,0,0,0,0,0,0,0,0,0,0,0,0,0
vp_36506_case_005,16,25,35,47.05882352941176,중반,0,0,0,0,0,0,0,0.8,0,0,0,0,0,0,0,0,0,0,0,0,0
vp_36506_case_005,21,30,40,56.86274509803921,중반,1,1,0,0,0,0,0,0.8,0,0,0,1,0,0,0,0,0,0,0,0,1
vp_36506_case_005,26,35,45,66.66666666666666,후반,1,1,0,0,0,0,0,0.5,0,0,0,1,0,0,0,0,0,0,0,0,1
vp_36506_case_005,31,40,50,76.47058823529412,후반,0,0,0,0,0,0,0,0.5,0,0,0,0,0,0,0,0,0,0,0,0,0
vp_36506_case_005,36,45,52,86.27450980392157,후반,1,1,1,1,0,0,0,0.8,0,0,0,1,0,0,1,0,0,0,0,0,2
vp_36506_case_005,41,50,52,96.07843137254902,후반,1,1,2,1,0,2,0,0.7,0,0,0,1,1,0,1,0,0,0,0,0,3
vp_36507_case_001,1,10,15,64.28571428571429,중반,0,0,2,1,0,2,0,0.5,0,0,0,0,1,0,0,0,0,0,1,0,2
vp_36508_case_001,1,10,20,39.130434782608695,중반,0,0,0,0,2,0,0,0.6,2,0,0,0,0,0,0,0,0,0,0,0,0
vp_36508_case_001,6,15,24,60.86956521739131,중반,0,0,0,0,2,0,1,0.6,2,0,0,0,0,1,0,0,0,0,0,0,1
vp_36508_case_001,11,20,24,82.6086956521739,후반,0,0,0,0,0,1,1,0.6,0,0,0,0,1,1,0,0,0,0,0,0,2
vp_36509_case_001,1,10,20,9.473684210526317,초반,0,0,4,4,0,0,0,0.8,0,0,0,0,0,0,0,1,1,0,1,0,3
vp_36509_case_001,6,15,25,14.736842105263156,초반,0,0,2,2,0,0,0,0.9,0,0,0,0,0,0,0,1,1,0,0,0,2
vp_36509_case_001,11,20,30,20.0,초반,1,1,1,1,0,0,0,0.7,0,0,0,1,0,0,1,0,0,0,0,0,2
vp_36509_case_001,16,25,35,25.263157894736842,초반,1,1,2,2,0,0,0,0.7,0,0,0,1,0,0,1,0,0,0,0,0,2
vp_36509_case_001,21,30,40,30.526315789473685,초반,0,0,2,2,0,0,0,0.9,0,0,0,0,0,0,0,0,0,0,1,0,1
vp_36509_case_001,26,35,45,35.78947368421053,중반,0,0,1,1,0,0,0,0.8,0,0,0,0,0,0,0,0,0,0,1,0,1
vp_36509_case_001,31,40,50,41.05263157894737,중반,1,1,2,2,0,0,0,0.6,0,0,0,1,0,0,1,1,0,0,0,0,3
vp_36509_case_001,36,45,55,46.31578947368421,중반,1,1,2,2,0,0,0,0.6,0,0,0,1,0,0,1,1,0,0,0,0,3
vp_36509_case_001,41,50,60,51.578947368421055,중반,2,2,1,1,0,0,0,0.5,0,0,0,1,0,0,1,0,0,0,0,0,2
vp_36509_case_001,46,55,65,56.84210526315789,중반,2,2,2,2,0,0,0,0.5,0,0,0,1,0,0,1,0,0,0,1,0,3
vp_36509_case_001,51,60,70,62.10526315789474,중반,0,0,1,1,0,0,0,0.7,0,0,0,0,0,0,0,0,0,0,1,0,1
vp_36509_case_001,56,65,75,67.36842105263158,후반,0,0,4,2,0,0,0,0.9,0,0,0,0,0,0,0,1,0,0,1,0,2
vp_36509_case_001,61,70,80,72.63157894736842,후반,0,0,4,2,0,2,0,0.7,0,0,0,0,1,0,0,1,0,0,1,0,3
vp_36509_case_001,66,75,85,77.89473684210526,후반,0,0,0,0,0,3,0,0.5,0,0,0,0,1,0,0,0,0,0,0,0,1
vp_36509_case_001,71,80,90,83.15789473684211,후반,0,0,0,0,0,2,0,0.7,0,0,0,0,1,0,0,0,0,0,0,0,1
vp_36509_case_001,76,85,95,88.42105263157895,후반,0,0,0,0,0,3,0,0.6,0,0,0,0,1,0,0,0,0,0,0,0,1
vp_36509_case_001,81,90,96,93.6842105263158,후반,0,0,1,1,0,3,0,0.5,0,0,0,0,1,0,0,0,0,0,1,0,2
vp_36509_case_001,86,95,96,98.94736842105263,후반,0,0,2,2,0,1,0,0.6,0,0,0,0,1,0,0,0,0,0,1,0,2
vp_36510_case_001,2,11,21,13.846153846153847,초반,0,0,0,0,0,0,0,1.0,0,0,0,0,0,0,0,0,0,0,0,0,0
vp_36510_case_001,7,16,26,21.53846153846154,초반,0,0,4,2,0,0,0,1.0,0,0,0,0,0,0,1,1,0,0,0,0,2
vp_36510_case_001,12,21,33,29.230769230769234,초반,0,0,5,2,0,0,0,1.0,0,0,0,0,0,0,1,1,0,0,0,0,2
vp_36510_case_001,17,26,38,36.92307692307693,중반,0,0,8,3,0,0,0,1.0,0,0,0,0,0,0,1,1,0,0,1,0,3
vp_36510_case_001,22,33,44,44.61538461538462,중반,0,0,8,3,0,0,0,1.0,0,0,0,0,0,0,1,1,0,0,1,0,3
vp_36510_case_001,27,38,53,52.307692307692314,중반,0,0,5,1,0,0,0,1.0,0,0,0,0,0,0,0,1,0,0,0,0,1
vp_36510_case_001,34,44,58,60.0,중반,0,0,6,1,0,0,0,1.0,0,0,0,0,0,0,0,1,0,0,0,0,1
vp_36510_case_001,40,53,63,67.6923076923077,후반,0,0,4,1,0,0,0,1.0,0,0,0,0,0,0,0,1,0,0,0,0,1
vp_36510_case_001,47,58,68,75.38461538461539,후반,0,0,3,1,0,0,0,1.0,0,0,0,0,0,0,0,1,0,0,0,0,1
vp_36510_case_001,54,63,74,83.07692307692308,후반,0,0,2,1,0,0,0,1.0,0,0,0,0,0,0,0,1,0,0,0,0,1
vp_36510_case_001,59,68,75,90.76923076923077,후반,0,0,3,1,0,0,0,1.0,0,0,0,0,0,0,0,1,0,0,0,0,1
vp_36510_case_001,64,74,75,98.46153846153847,후반,0,0,4,1,0,0,0,1.0,0,0,0,0,0,0,0,1,0,0,0,0,1
vp_36511_case_001,1,10,20,11.842105263157894,초반,0,0,3,1,0,0,0,0.5,0,0,0,0,0,0,0,1,0,0,0,0,1
vp_36511_case_001,6,15,25,18.421052631578945,초반,0,0,6,2,0,0,0,0.6,0,0,0,0,0,0,0,1,0,0,1,0,2
vp_36511_case_001,11,20,30,25.0,초반,0,0,6,2,0,1,0,0.7,0,0,0,0,1,0,0,1,0,0,1,0,3
vp_36511_case_001,16,25,35,31.57894736842105,초반,0,0,2,1,0,1,0,0.5,0,0,0,0,1,0,0,1,0,0,0,0,2
vp_36511_case_001,21,30,40,38.15789473684211,중반,0,0,1,1,0,1,0,0.6,0,0,0,0,1,0,0,1,0,0,0,0,2
vp_36511_case_001,26,35,45,44.73684210526316,중반,0,0,0,0,0,1,0,0.5,0,0,0,0,1,0,0,0,0,0,0,0,1
vp_36511_case_001,31,40,50,51.31578947368421,중반,0,0,1,1,0,0,0,0.3,0,0,0,0,0,0,0,1,0,0,0,0,1
vp_36511_case_001,36,45,55,57.89473684210527,중반,0,0,2,1,0,0,0,0.4,0,0,0,0,0,0,0,1,0,0,0,0,1
vp_36511_case_001,41,50,60,64.47368421052632,중반,0,0,1,1,0,0,0,0.5,0,0,0,0,0,0,0,1,0,0,0,0,1
vp_36511_case_001,46,55,65,71.05263157894737,후반,0,0,1,1,0,0,0,0.5,0,0,0,0,0,0,0,0,0,0,1,0,1
vp_36511_case_001,51,60,70,77.63157894736842,후반,0,0,1,1,0,0,0,0.4,0,0,0,0,0,0,0,0,0,0,1,0,1
vp_36511_case_001,56,65,75,84.21052631578947,후반,0,0,0,0,0,0,0,0.4,0,0,0,0,0,0,0,0,0,0,0,0,0
vp_36511_case_001,61,70,77,90.78947368421053,후반,0,0,3,2,0,0,0,0.6,0,0,0,0,0,0,0,1,0,0,1,0,2
vp_36511_case_001,66,75,77,97.36842105263158,후반,0,0,3,2,0,0,0,0.6,0,0,0,0,0,0,0,1,0,0,1,0,2
vp_36512_case_002,1,10,20,13.846153846153847,초반,0,0,3,3,0,2,0,0.6,0,0,0,0,1,0,0,1,0,0,1,0,3
vp_36512_case_002,6,15,25,21.53846153846154,초반,0,0,6,3,0,0,0,0.8,0,2,1,0,0,0,0,1,0,0,1,0,2
vp_36512_case_002,11,20,30,29.230769230769234,초반,0,0,7,3,0,0,0,1.0,0,2,1,0,0,0,0,1,0,0,1,0,2
vp_36512_case_002,16,25,35,36.92307692307693,중반,0,0,8,2,2,0,0,1.0,2,0,0,0,0,0,0,1,0,0,1,0,2
vp_36512_case_002,21,30,40,44.61538461538462,중반,0,0,6,2,2,1,0,0.9,2,0,0,0,1,0,0,1,0,0,1,0,3
vp_36512_case_002,26,35,45,52.307692307692314,중반,0,0,3,2,0,1,0,0.8,0,0,0,0,1,0,0,1,0,0,1,0,3
vp_36512_case_002,31,40,50,60.0,중반,0,0,6,3,0,0,0,0.8,0,0,0,0,0,0,0,1,0,0,1,0,2
vp_36512_case_002,36,45,55,67.6923076923077,후반,1,1,7,3,0,0,0,0.8,0,0,0,1,0,0,0,1,0,0,1,0,3
vp_36512_case_002,41,50,60,75.38461538461539,후반,1,1,4,2,0,0,0,0.8,0,0,0,1,0,0,0,1,0,0,1,0,3
vp_36512_case_002,46,55,65,83.07692307692308,후반,0,0,2,2,0,0,0,0.9,0,0,0,0,0,0,0,0,0,1,1,0,2
vp_36512_case_002,51,60,66,90.76923076923077,후반,0,0,3,3,0,0,0,1.0,0,0,0,0,0,0,0,1,0,1,1,0,3
vp_36512_case_002,56,65,66,98.46153846153847,후반,1,1,3,2,0,0,0,0.7,0,0,0,1,0,0,0,1,0,0,1,0,3
vp_36513_case_001,1,10,20,12.0,초반,0,0,1,1,0,0,0,1.0,0,0,0,0,0,0,0,0,1,0,0,0,1
vp_36513_case_001,6,15,25,18.666666666666668,초반,0,0,0,0,0,0,0,1.0,0,0,0,0,0,0,0,0,0,0,0,0,0
vp_36513_case_001,11,20,30,25.333333333333336,초반,1,1,1,1,0,0,0,1.0,0,0,0,1,0,0,1,0,0,0,0,0,2
vp_36513_case_001,16,25,35,32.0,초반,1,1,1,1,0,0,0,1.0,0,0,0,1,0,0,1,0,0,0,0,0,2
vp_36513_case_001,21,30,40,38.666666666666664,중반,0,0,0,0,0,0,0,1.0,0,0,0,0,0,0,0,0,0,0,0,0,0
vp_36513_case_001,26,35,45,45.33333333333333,중반,0,0,0,0,0,0,0,1.0,0,0,0,0,0,0,0,0,0,0,0,0,0
vp_36513_case_001,31,40,50,52.0,중반,0,0,0,0,0,0,0,1.0,0,0,0,0,0,0,0,0,0,0,0,0,0
vp_36513_case_001,36,45,55,58.666666666666664,중반,0,0,2,2,0,0,0,1.0,0,0,0,0,0,0,1,0,1,0,0,0,2
vp_36513_case_001,41,50,60,65.33333333333333,중반,0,0,4,3,0,0,0,1.0,0,0,0,0,0,0,1,1,1,0,0,0,3
vp_36513_case_001,46,55,65,72.0,후반,0,0,4,3,1,0,0,1.0,0,0,0,0,0,0,1,1,1,0,0,0,3
vp_36513_case_001,51,60,70,78.66666666666666,후반,0,0,3,2,1,0,0,1.0,0,0,0,0,0,0,1,0,1,0,0,0,2
vp_36513_case_001,56,65,75,85.33333333333334,후반,0,0,2,2,0,0,0,1.0,0,0,0,0,0,0,0,1,1,0,0,0,2
vp_36513_case_001,61,70,76,92.0,후반,0,0,2,1,0,0,0,1.0,0,0,0,0,0,0,0,1,0,0,0,0,1
vp_36513_case_001,66,75,76,98.66666666666667,후반,0,0,2,2,0,0,0,1.0,0,0,0,0,0,0,0,1,1,0,0,0,2
vp_36514_case_001,1,10,20,33.33333333333333,중반,1,1,1,1,0,1,1,0.8,0,0,0,1,1,1,1,0,0,0,0,0,4
vp_36514_case_001,6,15,25,51.85185185185185,중반,1,1,1,1,0,1,3,0.6,0,0,0,1,1,1,1,0,0,0,0,0,4
vp_36514_case_001,11,20,28,70.37037037037037,후반,0,0,0,0,0,0,4,0.5,0,0,0,0,0,1,0,0,0,0,0,0,1
vp_36514_case_001,16,25,28,88.88888888888889,후반,0,0,1,1,0,0,2,0.7,0,0,0,0,0,1,0,1,0,0,0,0,2
vp_36515_case_001,1,10,20,11.39240506329114,초반,2,1,2,1,1,2,0,0.6,1,1,1,1,1,0,0,0,0,0,1,0,3
vp_36515_case_001,6,15,25,17.72151898734177,초반,2,2,3,2,1,2,0,0.8,1,1,1,1,1,0,0,1,0,0,1,0,4
vp_36515_case_001,11,20,30,24.050632911392405,초반,1,1,10,4,2,2,0,0.8,1,0,0,1,1,0,0,1,0,0,1,1,5
vp_36515_case_001,16,25,35,30.37974683544304,초반,0,0,8,4,2,2,0,0.7,1,0,0,0,1,0,0,1,0,0,1,1,4
vp_36515_case_001,21,30,40,36.708860759493675,중반,0,0,0,0,0,1,0,0.7,0,0,0,0,1,0,0,0,0,0,0,0,1
vp_36515_case_001,26,35,45,43.037974683544306,중반,1,1,2,2,0,1,0,0.7,0,0,0,1,1,0,0,1,0,0,1,0,4
vp_36515_case_001,31,40,50,49.36708860759494,중반,2,2,2,2,0,1,0,0.7,0,0,0,1,1,0,0,1,0,0,1,0,4
vp_36515_case_001,36,45,55,55.69620253164557,중반,1,1,0,0,0,0,0,0.6,0,0,0,1,0,0,0,0,0,0,0,0,1
vp_36515_case_001,41,50,60,62.0253164556962,중반,0,0,0,0,0,2,0,0.5,0,0,0,0,1,0,0,0,0,0,0,0,1
vp_36515_case_001,46,55,65,68.35443037974683,후반,0,0,1,1,0,2,0,0.8,0,2,1,0,1,0,0,1,0,0,0,0,2
vp_36515_case_001,51,60,70,74.68354430379746,후반,0,0,1,1,0,0,0,0.8,0,2,1,0,0,0,0,1,0,0,0,0,1
vp_36515_case_001,56,65,75,81.0126582278481,후반,0,0,1,1,2,1,0,0.6,2,0,0,0,1,0,0,0,0,0,0,1,2
vp_36515_case_001,61,70,80,87.34177215189874,후반,0,0,2,1,2,1,0,0.5,2,0,0,0,1,0,0,0,0,0,0,1,2
vp_36515_case_001,66,75,80,93.67088607594937,후반,0,0,2,1,0,0,0,0.4,0,0,0,0,0,0,0,0,0,0,0,1,1
vp_36516_case_001,1,10,20,7.627118644067797,초반,0,0,0,0,0,0,2,0.8,0,0,0,0,0,1,0,0,0,0,0,0,1
vp_36516_case_001,6,15,25,11.864406779661017,초반,0,0,1,1,0,0,2,0.7,0,0,0,0,0,1,0,1,0,0,0,0,2
vp_36516_case_001,11,20,30,16.101694915254235,초반,0,0,1,1,0,0,0,0.6,0,0,0,0,0,0,0,1,0,0,0,0,1
vp_36516_case_001,16,25,35,20.33898305084746,초반,0,0,0,0,0,1,1,0.5,0,0,0,0,1,1,0,0,0,0,0,0,2
vp_36516_case_001,21,30,40,24.576271186440678,초반,0,0,0,0,0,1,1,0.6,0,0,0,0,1,1,0,0,0,0,0,0,2
vp_36516_case_001,26,35,45,28.8135593220339,초반,0,0,0,0,0,1,0,0.6,0,0,0,0,1,0,0,0,0,0,0,0,1
vp_36516_case_001,31,40,50,33.05084745762712,초반,0,0,1,1,0,2,0,0.7,0,1,1,0,1,0,0,1,0,0,0,0,2
vp_36516_case_001,36,45,55,37.28813559322034,중반,0,0,1,1,0,1,0,0.8,0,1,1,0,1,0,0,1,0,0,0,0,2
vp_36516_case_001,41,50,60,41.52542372881356,중반,0,0,1,1,1,0,0,0.9,1,0,0,0,0,0,0,0,0,0,1,0,1
vp_36516_case_001,46,55,65,45.76271186440678,중반,0,0,1,1,1,0,0,0.8,1,0,0,0,0,0,0,0,0,0,1,0,1
vp_36516_case_001,51,60,70,50.0,중반,0,0,0,0,0,0,0,0.6,0,0,0,0,0,0,0,0,0,0,0,0,0
vp_36516_case_001,56,65,75,54.23728813559322,중반,0,0,1,1,0,0,0,0.7,0,0,0,0,0,0,0,0,0,0,1,0,1
vp_36516_case_001,61,70,80,58.47457627118644,중반,0,0,1,1,0,1,0,0.8,0,0,0,0,1,0,0,0,0,0,1,0,2
vp_36516_case_001,66,75,85,62.71186440677966,중반,0,0,1,1,0,1,0,0.8,0,0,0,0,1,0,0,1,0,0,0,0,2
vp_36516_case_001,71,80,90,66.94915254237289,후반,0,0,1,1,0,0,0,0.8,0,0,0,0,0,0,0,1,0,0,0,0,1
vp_36516_case_001,76,85,95,71.1864406779661,후반,0,0,0,0,0,0,0,0.9,0,1,1,0,0,0,0,0,0,0,0,0,0
vp_36516_case_001,81,90,100,75.42372881355932,후반,0,0,1,1,0,0,0,1.0,0,1,1,0,0,0,0,1,0,0,0,0,1
vp_36516_case_001,86,95,105,79.66101694915254,후반,0,0,1,1,1,0,0,0.9,1,0,0,0,0,0,0,1,0,0,0,0,1
vp_36516_case_001,91,100,110,83.89830508474576,후반,0,0,0,0,1,1,0,0.7,1,0,0,0,1,0,0,0,0,0,0,0,1
vp_36516_case_001,96,105,115,88.13559322033898,후반,0,0,1,1,0,1,0,0.8,0,0,0,0,1,0,0,1,0,0,0,0,2
vp_36516_case_001,101,110,119,92.37288135593221,후반,0,0,1,1,0,0,0,1.0,0,0,0,0,0,0,0,1,0,0,0,0,1
vp_36516_case_001,106,115,119,96.61016949152543,후반,0,0,0,0,0,3,0,0.7,0,0,0,0,1,0,0,0,0,0,0,0,1
vp_36516_case_002,1,10,20,7.086614173228346,초반,0,0,1,1,0,1,0,0.9,0,1,1,0,1,0,0,1,0,0,0,0,2
vp_36516_case_002,6,15,25,11.023622047244094,초반,0,0,0,0,1,0,0,0.9,1,0,0,0,0,0,0,0,0,0,0,0,0
vp_36516_case_002,11,20,30,14.960629921259844,초반,0,0,1,1,1,0,0,0.7,1,0,0,0,0,0,0,0,0,0,1,0,1
vp_36516_case_002,16,25,35,18.89763779527559,초반,0,0,2,1,0,0,0,0.7,0,0,0,0,0,0,0,0,0,0,1,0,1
vp_36516_case_002,21,30,40,22.83464566929134,초반,0,0,1,1,0,0,0,0.8,0,0,0,0,0,0,0,0,0,0,1,0,1
vp_36516_case_002,26,35,45,26.77165354330709,초반,0,0,0,0,0,0,0,0.8,0,0,0,0,0,0,0,0,0,0,0,0,0
vp_36516_case_002,31,40,50,30.708661417322837,초반,0,0,0,0,0,0,0,0.8,0,0,0,0,0,0,0,0,0,0,0,0,0
vp_36516_case_002,36,45,55,34.645669291338585,중반,2,2,1,1,0,0,1,0.8,0,0,0,1,0,1,1,0,0,0,0,0,3
vp_36516_case_002,41,50,60,38.582677165354326,중반,2,2,1,1,0,0,1,0.6,0,0,0,1,0,1,1,0,0,0,0,0,3
vp_36516_case_002,46,55,65,42.51968503937008,중반,0,0,2,1,0,0,0,0.6,0,0,0,0,0,0,0,0,0,0,0,0,0
vp_36516_case_002,51,60,70,46.45669291338583,중반,0,0,2,1,0,0,0,0.9,0,0,0,0,0,0,0,0,0,0,0,0,0
vp_36516_case_002,56,65,75,50.39370078740157,중반,0,0,1,1,0,0,0,1.0,0,0,0,0,0,0,0,0,0,0,0,0,0
vp_36516_case_002,61,70,80,54.330708661417326,중반,0,0,3,2,0,0,0,1.0,0,0,0,0,0,0,0,1,0,0,0,0,1
vp_36516_case_002,66,75,85,58.26771653543307,중반,0,0,3,3,0,0,0,0.9,0,0,0,0,0,0,0,1,0,0,0,0,1
vp_36516_case_002,71,80,90,62.20472440944882,중반,0,0,2,2,0,0,0,0.8,0,0,0,0,0,0,0,1,0,0,0,0,1
vp_36516_case_002,76,85,95,66.14173228346458,중반,0,0,2,2,0,1,0,0.7,0,0,0,0,1,0,0,1,0,0,0,0,2
vp_36516_case_002,81,90,100,70.07874015748031,후반,0,0,4,2,0,1,0,0.8,0,0,0,0,1,0,0,1,0,0,0,0,2
vp_36516_case_002,86,95,105,74.01574803149606,후반,0,0,3,1,0,1,0,0.9,0,0,0,0,1,0,0,1,0,0,0,0,2
vp_36516_case_002,91,100,110,77.95275590551181,후반,0,0,2,2,0,1,0,0.8,0,0,0,0,1,0,0,1,0,0,0,1,3
vp_36516_case_002,96,105,115,81.88976377952756,후반,0,0,2,2,0,0,0,0.9,0,0,0,0,0,0,0,1,0,0,0,1,2
vp_36516_case_002,101,110,120,85.8267716535433,후반,0,0,0,0,0,0,0,1.0,0,0,0,0,0,0,0,0,0,0,0,0,0
vp_36516_case_002,106,115,125,89.76377952755905,후반,0,0,1,1,0,0,0,0.9,0,0,0,0,0,0,0,0,0,0,0,1,1
vp_36516_case_002,111,120,128,93.7007874015748,후반,0,0,1,1,0,3,0,0.6,0,0,0,0,1,0,0,0,0,0,0,1,2
vp_36516_case_002,116,125,128,97.63779527559055,후반,1,1,1,1,0,3,0,0.7,0,0,0,1,1,0,0,1,0,0,0,0,3
vp_36516_case_003,1,10,20,23.076923076923077,초반,0,0,0,0,0,1,0,0.6,0,0,0,0,1,0,0,0,0,0,0,0,1
vp_36516_case_003,6,15,25,35.8974358974359,중반,0,0,2,1,0,1,0,0.6,0,0,0,0,1,0,0,1,0,0,0,0,2
vp_36516_case_003,11,20,30,48.717948717948715,중반,0,0,2,1,0,0,0,0.7,0,0,0,0,0,0,0,1,0,0,0,0,1
vp_36516_case_003,16,25,35,61.53846153846154,중반,0,0,1,1,0,0,0,0.7,0,0,0,0,0,0,0,1,0,0,0,0,1
vp_36516_case_003,21,30,40,74.35897435897436,후반,0,0,2,1,0,1,0,0.6,0,0,0,0,1,0,0,1,0,0,0,0,2
vp_36516_case_003,26,35,40,87.17948717948718,후반,0,0,2,1,0,2,0,0.6,0,0,0,0,1,0,0,1,0,0,0,0,2
vp_36516_case_004,1,10,19,50.0,중반,0,0,0,0,0,1,0,0.8,0,0,0,0,1,0,0,0,0,0,0,0,1
vp_36516_case_004,6,15,19,77.77777777777779,후반,0,0,1,1,0,0,0,1.0,0,0,0,0,0,0,0,1,0,0,0,0,1
vp_36517_case_001,1,10,20,13.432835820895523,초반,0,0,2,1,0,0,0,0.6,0,1,1,0,0,0,0,0,0,0,1,0,1
vp_36517_case_001,6,15,25,20.8955223880597,초반,0,0,3,2,1,0,0,0.9,1,0,0,0,0,0,0,1,0,0,1,0,2
vp_36517_case_001,11,20,30,28.35820895522388,초반,0,0,2,2,1,0,0,0.8,1,0,0,0,0,0,0,1,0,0,1,0,2
vp_36517_case_001,16,25,35,35.82089552238806,중반,0,0,0,0,0,0,0,0.6,0,0,0,0,0,0,0,0,0,0,0,0,0
vp_36517_case_001,21,30,40,43.28358208955223,중반,0,0,0,0,0,1,0,0.6,0,0,0,0,1,0,0,0,0,0,0,0,1
vp_36517_case_001,26,35,45,50.74626865671642,중반,1,1,2,2,0,1,0,0.6,0,0,0,1,1,0,1,0,0,0,1,0,4
vp_36517_case_001,31,40,50,58.2089552238806,중반,1,1,2,2,0,0,0,0.6,0,0,0,1,0,0,1,0,0,0,1,0,3
vp_36517_case_001,36,45,55,65.67164179104478,중반,0,0,1,1,0,0,0,0.7,0,0,0,0,0,0,0,0,0,0,1,0,1
vp_36517_case_001,41,50,60,73.13432835820896,후반,1,1,3,2,0,0,0,0.8,0,0,0,1,0,0,1,0,0,0,1,0,3
vp_36517_case_001,46,55,65,80.59701492537313,후반,1,1,2,1,0,0,0,0.6,0,0,0,1,0,0,1,0,0,0,0,0,2
vp_36517_case_001,51,60,68,88.05970149253731,후반,0,0,0,0,0,0,0,0.6,0,0,0,0,0,0,0,0,0,0,0,0,0
vp_36517_case_001,56,65,68,95.52238805970148,후반,0,0,1,1,0,0,0,0.8,0,0,0,0,0,0,0,1,0,0,0,0,1
vp_36517_case_002,1,10,20,26.47058823529412,초반,0,0,4,2,1,1,0,0.8,1,0,0,0,1,0,0,1,0,0,0,0,2
vp_36517_case_002,6,15,25,41.17647058823529,중반,0,0,1,1,1,0,0,0.8,1,0,0,0,0,0,0,1,0,0,0,0,1
vp_36517_case_002,11,20,30,55.88235294117647,중반,0,0,0,0,0,0,0,0.9,0,0,0,0,0,0,0,0,0,0,0,0,0
vp_36517_case_002,16,25,35,70.58823529411765,후반,0,0,0,0,0,0,1,0.9,0,0,0,0,0,1,0,0,0,0,0,0,1
vp_36517_case_002,21,30,35,85.29411764705883,후반,0,0,0,0,0,0,1,0.8,0,0,0,0,0,1,0,0,0,0,0,0,1
vp_36518_case_001,1,10,20,23.076923076923077,초반,1,1,5,3,2,0,0,0.9,2,0,0,1,0,0,1,0,0,0,1,0,3
vp_36518_case_001,6,15,25,35.8974358974359,중반,0,0,4,2,0,1,0,0.6,0,0,0,0,1,0,0,1,0,0,1,0,3
vp_36518_case_001,11,20,30,48.717948717948715,중반,0,0,4,2,0,1,0,0.6,0,0,0,0,1,0,0,1,0,0,1,0,3
vp_36518_case_001,16,25,35,61.53846153846154,중반,0,0,2,2,0,0,0,0.7,0,0,0,0,0,0,0,1,0,0,1,0,2
vp_36518_case_001,21,30,40,74.35897435897436,후반,0,0,1,1,0,0,0,0.6,0,0,0,0,0,0,0,1,0,0,0,0,1
vp_36518_case_001,26,35,40,87.17948717948718,후반,0,0,1,1,0,0,0,0.8,0,0,0,0,0,0,0,0,0,0,0,0,0
vp_36519_case_001,1,13,31,23.684210526315788,초반,2,2,4,3,1,0,0,1.0,1,0,0,1,0,0,1,1,0,0,1,0,4
vp_36519_case_001,8,21,38,36.84210526315789,중반,0,0,5,3,1,0,0,1.0,1,1,1,0,0,0,1,1,0,0,1,0,3
vp_36519_case_001,15,31,44,50.0,중반,0,0,4,2,0,0,0,1.0,0,1,1,0,0,0,1,0,0,0,1,0,2
vp_36519_case_001,22,38,52,63.1578947368421,중반,0,0,2,1,1,0,0,1.0,1,0,0,0,0,0,1,0,0,0,0,0,1
vp_36519_case_001,32,44,56,76.31578947368422,후반,0,0,3,1,1,0,0,1.0,1,0,0,0,0,0,0,1,0,0,0,0,1
vp_36519_case_001,39,52,56,89.47368421052632,후반,2,2,6,3,0,0,0,1.0,0,0,0,1,0,0,1,1,0,0,1,0,4
vp_36519_case_002,1,10,20,42.857142857142854,중반,1,1,2,1,0,0,0,0.9,0,0,0,1,0,0,0,1,0,0,0,0,2
vp_36519_case_002,6,15,22,66.66666666666666,후반,0,0,2,1,0,0,0,1.0,0,0,0,0,0,0,0,1,0,0,0,0,1
vp_36519_case_002,11,20,22,90.47619047619048,후반,0,0,1,1,0,1,0,0.9,0,0,0,0,1,0,0,1,0,0,0,0,2
vp_36520_case_007,1,10,20,27.27272727272727,초반,0,0,1,1,0,1,0,0.6,0,0,0,0,1,0,0,1,0,0,0,0,2
vp_36520_case_007,6,15,25,42.42424242424242,중반,2,2,3,3,1,0,0,0.8,0,0,0,1,0,0,1,1,0,0,0,0,3
vp_36520_case_007,11,20,30,57.57575757575758,중반,2,2,2,2,1,0,0,0.8,0,0,0,1,0,0,1,0,0,0,0,0,2
vp_36520_case_007,16,25,34,72.72727272727273,후반,0,0,0,0,0,0,0,0.4,0,0,0,0,0,0,0,0,0,0,0,0,0
vp_36520_case_007,21,30,34,87.87878787878788,후반,0,0,1,1,0,0,0,0.3,0,0,0,0,0,0,0,1,0,0,0,0,1
vp_36521_case_001,1,10,20,11.25,초반,1,1,4,2,1,0,1,0.9,1,0,0,1,0,1,0,0,0,0,1,0,3
vp_36521_case_001,6,15,25,17.5,초반,3,3,7,4,1,0,0,1.0,1,1,1,1,0,0,1,0,1,0,1,0,4
vp_36521_case_001,11,20,30,23.75,초반,2,2,4,3,0,0,0,1.0,0,1,1,1,0,0,1,0,1,0,1,0,4
vp_36521_case_001,16,25,35,30.0,초반,0,0,4,3,1,0,0,1.0,1,0,0,0,0,0,1,1,0,0,1,0,3
vp_36521_case_001,21,30,40,36.25,중반,0,0,9,3,1,0,0,1.0,1,0,0,0,0,0,1,1,0,0,1,0,3
vp_36521_case_001,26,35,45,42.5,중반,0,0,7,3,0,0,0,1.0,0,0,0,0,0,0,1,1,0,0,1,0,3
vp_36521_case_001,31,40,50,48.75,중반,0,0,1,1,0,0,0,1.0,0,0,0,0,0,0,0,1,0,0,0,0,1
vp_36521_case_001,36,45,55,55.00000000000001,중반,0,0,1,1,0,0,0,0.9,0,0,0,0,0,0,0,1,0,0,0,0,1
vp_36521_case_001,41,50,60,61.25000000000001,중반,0,0,1,1,0,0,0,0.8,0,0,0,0,0,0,0,1,0,0,0,0,1
vp_36521_case_001,46,55,65,67.5,후반,0,0,0,0,0,1,0,0.7,0,0,0,0,1,0,0,0,0,0,0,0,1
vp_36521_case_001,51,60,70,73.75,후반,0,0,1,1,0,2,0,0.5,0,0,0,0,1,0,1,0,0,0,0,0,2
vp_36521_case_001,56,65,75,80.0,후반,0,0,4,2,0,1,0,0.7,0,0,0,0,1,0,1,1,0,0,0,0,3
vp_36521_case_001,61,70,80,86.25,후반,0,0,4,2,0,0,0,0.9,0,0,0,0,0,0,1,1,0,0,0,0,2
vp_36521_case_001,66,75,81,92.5,후반,0,0,2,1,0,0,0,0.7,0,0,0,0,0,0,1,0,0,0,0,0,1
vp_36521_case_001,71,80,81,98.75,후반,0,0,1,1,0,0,0,0.7,0,0,0,0,0,0,1,0,0,0,0,0,1
vp_36522_case_001,1,10,20,3.862660944206009,초반,3,2,5,2,0,0,0,1.0,0,1,1,1,0,0,1,0,0,0,1,0,3
vp_36522_case_001,6,15,25,6.008583690987124,초반,2,2,7,3,1,0,0,1.0,1,0,0,1,0,0,1,0,1,0,1,0,4
vp_36522_case_001,11,20,30,8.15450643776824,초반,1,1,8,5,1,0,0,1.0,1,0,0,1,0,0,1,1,1,0,1,0,5
vp_36522_case_001,16,25,35,10.300429184549357,초반,1,1,9,4,0,0,0,1.0,0,0,0,1,0,0,1,1,0,0,1,0,4
vp_36522_case_001,21,30,40,12.446351931330472,초반,0,0,9,4,0,0,0,1.0,0,0,0,0,0,0,1,1,0,0,1,0,3
vp_36522_case_001,26,35,45,14.592274678111588,초반,0,0,5,3,0,0,0,1.0,0,1,1,0,0,0,1,1,0,0,1,0,3
vp_36522_case_001,31,40,50,16.738197424892704,초반,0,0,3,3,0,0,0,1.0,0,1,1,0,0,0,1,1,0,0,1,0,3
vp_36522_case_001,36,45,55,18.88412017167382,초반,0,0,4,2,1,0,0,1.0,1,0,0,0,0,0,1,1,0,0,0,0,2
vp_36522_case_001,41,50,60,21.030042918454935,초반,0,0,3,3,1,0,0,1.0,1,0,0,0,0,0,1,1,0,1,0,0,3
vp_36522_case_001,46,55,65,23.17596566523605,초반,0,0,2,2,0,1,0,0.7,0,0,0,0,1,0,0,1,0,1,0,0,3
vp_36522_case_001,51,60,70,25.321888412017167,초반,0,0,1,1,0,2,0,0.5,0,0,0,0,1,0,0,1,0,0,0,0,2
vp_36522_case_001,56,65,75,27.467811158798284,초반,0,0,0,0,0,1,0,0.7,0,0,0,0,1,0,0,0,0,0,0,0,1
vp_36522_case_001,61,70,80,29.613733905579398,초반,0,0,1,1,0,0,0,0.9,0,0,0,0,0,0,0,1,0,0,0,0,1
vp_36522_case_001,66,75,85,31.759656652360512,초반,0,0,1,1,0,0,0,0.9,0,0,0,0,0,0,0,1,0,0,0,0,1
vp_36522_case_001,71,80,90,33.90557939914164,중반,0,0,1,1,0,0,0,0.9,0,0,0,0,0,0,0,0,0,0,1,0,1
vp_36522_case_001,76,85,95,36.05150214592275,중반,0,0,1,1,0,0,0,1.0,0,0,0,0,0,0,0,0,0,0,1,0,1
vp_36522_case_001,81,90,100,38.197424892703864,중반,0,0,0,0,0,0,0,1.0,0,0,0,0,0,0,0,0,0,0,0,0,0
vp_36522_case_001,86,95,105,40.343347639484975,중반,0,0,1,1,0,0,0,1.0,0,0,0,0,0,0,1,0,0,0,0,0,1
vp_36522_case_001,91,100,110,42.48927038626609,중반,0,0,2,1,0,0,0,1.0,0,0,0,0,0,0,1,0,0,0,0,0,1
vp_36522_case_001,96,105,115,44.63519313304721,중반,0,0,3,2,0,0,0,1.0,0,0,0,0,0,0,1,0,0,0,1,0,2
vp_36522_case_001,101,110,120,46.78111587982833,중반,0,0,3,2,0,0,0,1.0,0,0,0,0,0,0,1,0,0,0,1,0,2
vp_36522_case_001,106,115,125,48.927038626609445,중반,0,0,1,1,0,0,0,1.0,0,0,0,0,0,0,0,0,0,0,1,0,1
vp_36522_case_001,111,120,130,51.072961373390555,중반,0,0,4,1,0,0,0,1.0,0,0,0,0,0,0,1,0,0,0,0,0,1
vp_36522_case_001,116,125,135,53.21888412017167,중반,0,0,4,1,0,0,0,1.0,0,0,0,0,0,0,1,0,0,0,0,0,1
vp_36522_case_001,121,130,140,55.36480686695279,중반,0,0,3,1,0,0,0,1.0,0,0,0,0,0,0,0,0,0,0,1,0,1
vp_36522_case_001,126,135,145,57.5107296137339,중반,0,0,3,1,0,0,0,1.0,0,0,0,0,0,0,0,0,0,0,1,0,1
vp_36522_case_001,131,140,150,59.65665236051502,중반,0,0,0,0,0,0,0,1.0,0,0,0,0,0,0,0,0,0,0,0,0,0
vp_36522_case_001,136,145,155,61.80257510729614,중반,0,0,3,3,0,0,0,1.0,0,0,0,0,0,0,1,0,0,0,1,0,2
vp_36522_case_001,141,150,160,63.94849785407726,중반,0,0,5,3,0,0,0,1.0,0,0,0,0,0,0,1,0,0,0,1,0,2
vp_36522_case_001,146,155,165,66.09442060085837,중반,0,0,6,2,0,0,0,1.0,0,0,0,0,0,0,1,0,0,0,1,0,2
vp_36522_case_001,151,160,170,68.24034334763948,후반,0,0,5,2,0,0,0,1.0,0,0,0,0,0,0,1,0,0,0,1,0,2
vp_36522_case_001,156,165,175,70.3862660944206,후반,0,0,1,1,0,0,0,1.0,0,0,0,0,0,0,0,0,0,0,1,0,1
vp_36522_case_001,161,170,180,72.53218884120172,후반,0,0,0,0,0,0,0,1.0,0,0,0,0,0,0,0,0,0,0,0,0,0
vp_36522_case_001,166,175,185,74.67811158798283,후반,0,0,0,0,0,0,0,1.0,0,0,0,0,0,0,0,0,0,0,0,0,0
vp_36522_case_001,171,180,190,76.82403433476395,후반,0,0,0,0,0,0,0,1.0,0,0,0,0,0,0,0,0,0,0,0,0,0
vp_36522_case_001,176,185,195,78.96995708154506,후반,0,0,1,1,0,0,0,1.0,0,0,0,0,0,0,0,1,0,0,0,0,1
vp_36522_case_001,181,190,200,81.11587982832617,후반,0,0,2,1,0,0,0,1.0,0,0,0,0,0,0,0,1,0,0,0,0,1
vp_36522_case_001,186,195,205,83.2618025751073,후반,0,0,1,1,0,0,0,0.9,0,0,0,0,0,0,0,1,0,0,0,0,1
vp_36522_case_001,191,200,210,85.40772532188842,후반,0,0,1,1,0,0,0,0.9,0,0,0,0,0,0,1,0,0,0,0,0,1
vp_36522_case_001,196,205,215,87.55364806866953,후반,0,0,1,1,0,0,0,0.9,0,0,0,0,0,0,1,0,0,0,0,0,1
vp_36522_case_001,201,210,220,89.69957081545064,후반,0,0,1,1,0,0,0,0.7,0,0,0,0,0,0,0,1,0,0,0,0,1
vp_36522_case_001,206,215,225,91.84549356223177,후반,0,0,1,1,0,0,0,0.8,0,0,0,0,0,0,0,1,0,0,0,0,1
vp_36522_case_001,211,220,230,93.99141630901288,후반,0,0,0,0,0,0,0,1.0,0,0,0,0,0,0,0,0,0,0,0,0,0
vp_36522_case_001,216,225,234,96.13733905579399,후반,0,0,0,0,0,0,0,0.9,0,0,0,0,0,0,0,0,0,0,0,0,0
vp_36522_case_001,221,230,234,98.28326180257511,후반,0,0,0,0,0,0,0,0.9,0,0,0,0,0,0,0,0,0,0,0,0,0
vp_36524_case_001,1,10,17,56.25,중반,2,1,2,1,0,4,0,0.6,0,1,1,1,1,0,1,0,0,0,0,0,3
vp_36524_case_001,6,15,17,87.5,후반,1,1,5,2,1,3,2,0.5,1,0,0,1,1,1,1,0,0,0,1,0,5
vp_36527_case_001,1,10,20,47.368421052631575,중반,2,2,3,3,1,0,0,1.0,1,0,0,1,0,0,1,1,0,0,1,0,4
vp_36527_case_001,6,15,20,73.68421052631578,후반,0,0,1,1,1,0,0,1.0,1,0,0,0,0,0,0,0,0,0,1,0,1
vp_36536_case_001,1,10,20,40.909090909090914,중반,2,2,1,1,0,0,0,1.0,0,1,1,1,0,0,1,0,0,0,0,0,2
vp_36536_case_001,6,15,23,63.63636363636363,중반,2,2,4,3,1,0,0,0.8,1,0,0,1,0,0,1,1,0,0,1,0,4
vp_36536_case_001,11,20,23,86.36363636363636,후반,0,0,4,3,1,0,0,0.8,1,0,0,0,0,0,1,1,0,0,1,0,3
vp_36539_case_001,1,10,17,56.25,중반,3,3,3,2,0,0,0,0.8,0,1,1,1,0,0,1,1,0,0,0,0,3
vp_36539_case_001,6,15,17,87.5,후반,1,1,2,2,1,0,0,0.8,1,0,0,1,0,0,0,1,0,0,0,1,3
vp_36540_case_001,1,10,11,90.0,후반,1,1,2,1,0,0,0,1.0,0,0,0,1,0,0,0,1,0,0,0,0,2
vp_36552_case_001,1,10,14,69.23076923076923,후반,0,0,0,0,0,0,1,0.8,0,0,0,0,0,1,0,0,0,0,0,0,1
vp_36553_case_001,1,10,20,29.03225806451613,초반,0,0,0,0,0,1,0,0.5,0,0,0,0,1,0,0,0,0,0,0,0,1
vp_36553_case_001,6,15,25,45.16129032258064,중반,0,0,0,0,0,0,0,0.6,0,0,0,0,0,0,0,0,0,0,0,0,0
vp_36553_case_001,11,20,30,61.29032258064516,중반,0,0,0,0,0,1,2,0.5,0,0,0,0,1,1,0,0,0,0,0,0,2
vp_36553_case_001,16,25,32,77.41935483870968,후반,0,0,2,1,0,2,3,0.5,0,0,0,0,1,1,0,0,1,0,0,0,3
vp_36553_case_001,21,30,32,93.54838709677419,후반,0,0,2,1,0,1,2,0.6,0,0,0,0,1,1,0,0,1,0,0,0,3
vp_36554_case_001,1,10,20,3.0,초반,2,2,0,0,0,0,0,0.8,0,0,0,1,0,0,0,0,0,0,0,0,1
vp_36554_case_001,6,15,25,4.666666666666667,초반,3,3,1,1,0,0,0,1.0,0,0,0,1,0,0,1,0,0,0,0,0,2
vp_36554_case_001,11,20,30,6.333333333333334,초반,1,1,3,2,0,0,0,1.0,0,0,0,1,0,0,1,0,0,0,1,0,3
vp_36554_case_001,16,25,35,8.0,초반,0,0,2,1,0,0,1,0.9,0,0,0,0,0,1,0,0,0,0,1,0,2
vp_36554_case_001,21,30,40,9.666666666666666,초반,0,0,0,0,0,0,2,0.8,0,0,0,0,0,1,0,0,0,0,0,0,1
vp_36554_case_001,26,35,45,11.333333333333332,초반,0,0,1,1,0,0,1,0.9,0,0,0,0,0,1,0,0,0,0,1,0,2
vp_36554_case_001,31,40,50,13.0,초반,0,0,4,2,0,1,0,0.9,0,0,0,0,1,0,1,0,0,0,1,0,3
vp_36554_case_001,36,45,55,14.666666666666666,초반,0,0,4,2,0,2,0,0.8,0,0,0,0,1,0,1,0,0,0,1,0,3
vp_36554_case_001,41,50,60,16.333333333333332,초반,0,0,2,2,0,1,1,0.8,0,0,0,0,1,1,0,0,0,0,1,0,3
vp_36554_case_001,46,55,65,18.0,초반,1,1,1,1,0,0,1,0.7,0,0,0,1,0,1,0,0,0,0,0,0,2
vp_36554_case_001,51,60,70,19.666666666666664,초반,1,1,2,2,0,0,0,0.7,0,0,0,1,0,0,1,0,0,0,1,0,3
vp_36554_case_001,56,65,75,21.333333333333336,초반,2,1,2,2,0,0,0,0.9,0,0,0,1,0,0,1,0,0,0,1,0,3
vp_36554_case_001,61,70,80,23.0,초반,2,1,1,1,0,0,0,0.9,0,0,0,1,0,0,1,0,0,0,0,0,2
vp_36554_case_001,66,75,85,24.666666666666668,초반,0,0,2,2,0,0,0,0.9,0,0,0,0,0,0,1,0,0,0,1,0,2
vp_36554_case_001,71,80,90,26.333333333333332,초반,0,0,2,2,0,0,0,0.9,0,0,0,0,0,0,1,0,0,0,1,0,2
vp_36554_case_001,76,85,95,28.000000000000004,초반,0,0,1,1,0,0,0,0.9,0,0,0,0,0,0,1,0,0,0,0,0,1
vp_36554_case_001,81,90,100,29.666666666666668,초반,0,0,0,0,0,0,0,1.0,0,0,0,0,0,0,0,0,0,0,0,0,0
vp_36554_case_001,86,95,105,31.333333333333336,초반,0,0,1,1,0,0,0,1.0,0,0,0,0,0,0,0,0,0,0,0,0,0
vp_36554_case_001,91,100,110,33.0,초반,0,0,1,1,0,1,0,0.7,0,0,0,0,1,0,0,0,0,0,0,0,1
vp_36554_case_001,96,105,115,34.66666666666667,중반,0,0,0,0,0,1,0,0.5,0,0,0,0,1,0,0,0,0,0,0,0,1
vp_36554_case_001,101,110,120,36.333333333333336,중반,0,0,0,0,0,0,0,0.7,0,0,0,0,0,0,0,0,0,0,0,0,0
vp_36554_case_001,106,115,125,38.0,중반,0,0,1,1,0,0,0,0.9,0,0,0,0,0,0,1,0,0,0,0,0,1
vp_36554_case_001,111,120,130,39.666666666666664,중반,0,0,2,1,0,0,0,0.9,0,0,0,0,0,0,1,0,0,0,0,0,1
vp_36554_case_001,116,125,135,41.333333333333336,중반,0,0,2,1,0,0,0,0.9,0,0,0,0,0,0,1,0,0,0,0,0,1
vp_36554_case_001,121,130,140,43.0,중반,0,0,1,1,0,0,0,0.8,0,0,0,0,0,0,1,0,0,0,0,0,1
vp_36554_case_001,126,135,145,44.666666666666664,중반,0,0,0,0,0,1,0,0.4,0,0,0,0,1,0,0,0,0,0,0,0,1
vp_36554_case_001,131,140,150,46.33333333333333,중반,0,0,1,1,0,1,0,0.6,0,0,0,0,1,0,0,1,0,0,0,0,2
vp_36554_case_001,136,145,155,48.0,중반,0,0,1,1,0,0,0,1.0,0,0,0,0,0,0,0,1,0,0,0,0,1
vp_36554_case_001,141,150,160,49.666666666666664,중반,0,0,0,0,0,0,0,0.9,0,0,0,0,0,0,0,0,0,0,0,0,0
vp_36554_case_001,146,155,165,51.33333333333333,중반,0,0,0,0,0,0,0,0.9,0,0,0,0,0,0,0,0,0,0,0,0,0
vp_36554_case_001,151,160,170,53.0,중반,0,0,0,0,0,0,0,1.0,0,0,0,0,0,0,0,0,0,0,0,0,0
vp_36554_case_001,156,165,175,54.666666666666664,중반,0,0,2,2,0,0,0,1.0,0,0,0,0,0,0,0,1,0,0,0,0,1
vp_36554_case_001,161,170,180,56.333333333333336,중반,0,0,3,2,0,0,0,0.9,0,0,0,0,0,0,0,1,0,0,0,0,1
vp_36554_case_001,166,175,185,57.99999999999999,중반,0,0,3,2,0,0,0,0.8,0,0,0,0,0,0,0,1,0,0,0,0,1
vp_36554_case_001,171,180,190,59.66666666666667,중반,0,0,2,2,0,0,0,0.9,0,0,0,0,0,0,0,1,0,0,0,0,1
vp_36554_case_001,176,185,195,61.33333333333333,중반,0,0,1,1,0,0,0,1.0,0,0,0,0,0,0,0,0,0,0,0,0,0
vp_36554_case_001,181,190,200,63.0,중반,0,0,3,2,0,0,0,0.9,0,0,0,0,0,0,0,0,0,0,1,0,1
vp_36554_case_001,186,195,205,64.66666666666666,중반,0,0,4,2,0,0,0,0.9,0,0,0,0,0,0,0,0,0,0,1,0,1
vp_36554_case_001,191,200,210,66.33333333333333,중반,0,0,2,1,0,0,0,0.9,0,0,0,0,0,0,0,0,0,0,0,0,0
vp_36554_case_001,196,205,215,68.0,후반,0,0,1,1,0,0,0,0.9,0,0,0,0,0,0,0,0,0,0,0,0,0
vp_36554_case_001,201,210,220,69.66666666666667,후반,0,0,2,2,0,0,1,0.9,0,0,0,0,0,1,1,0,0,0,0,0,2
vp_36554_case_001,206,215,225,71.33333333333334,후반,0,0,1,1,0,0,1,0.9,0,0,0,0,0,1,1,0,0,0,0,0,2
vp_36554_case_001,211,220,230,73.0,후반,0,0,0,0,0,0,0,1.0,0,0,0,0,0,0,0,0,0,0,0,0,0
vp_36554_case_001,216,225,235,74.66666666666667,후반,0,0,1,1,0,0,0,1.0,0,0,0,0,0,0,0,0,0,0,1,0,1
vp_36554_case_001,221,230,240,76.33333333333333,후반,0,0,2,2,0,0,0,0.9,0,0,0,0,0,0,0,1,0,0,1,0,2
vp_36554_case_001,226,235,245,78.0,후반,0,0,2,1,0,0,0,0.9,0,0,0,0,0,0,0,1,0,0,0,0,1
vp_36554_case_001,231,240,250,79.66666666666666,후반,0,0,1,1,0,0,0,1.0,0,0,0,0,0,0,0,1,0,0,0,0,1
vp_36554_case_001,236,245,255,81.33333333333333,후반,0,0,1,1,0,0,0,0.9,0,0,0,0,0,0,0,0,0,0,0,0,0
vp_36554_case_001,241,250,260,83.0,후반,0,0,2,2,0,0,0,0.8,0,0,0,0,0,0,0,0,0,0,1,0,1
vp_36554_case_001,246,255,265,84.66666666666667,후반,0,0,1,1,0,0,0,0.8,0,0,0,0,0,0,0,0,0,0,1,0,1
vp_36554_case_001,251,260,270,86.33333333333333,후반,0,0,0,0,0,0,0,0.9,0,0,0,0,0,0,0,0,0,0,0,0,0
vp_36554_case_001,256,265,275,88.0,후반,0,0,0,0,0,0,0,0.8,0,0,0,0,0,0,0,0,0,0,0,0,0
vp_36554_case_001,261,270,280,89.66666666666666,후반,0,0,1,1,0,0,1,0.7,0,0,0,0,0,1,0,1,0,0,0,0,2
vp_36554_case_001,266,275,285,91.33333333333333,후반,0,0,2,1,0,0,1,0.9,0,0,0,0,0,1,0,1,0,0,0,0,2
vp_36554_case_001,271,280,290,93.0,후반,0,0,1,1,0,0,0,0.7,0,0,0,0,0,0,0,1,0,0,0,0,1
vp_36554_case_001,276,285,295,94.66666666666667,후반,0,0,0,0,0,0,0,0.5,0,0,0,0,0,0,0,0,0,0,0,0,0
vp_36554_case_001,281,290,300,96.33333333333334,후반,0,0,2,2,0,0,0,0.8,0,0,0,0,0,0,0,1,0,0,0,0,1
vp_36554_case_001,286,295,301,98.0,후반,0,0,2,2,0,0,0,0.9,0,0,0,0,0,0,0,1,0,0,0,0,1
vp_36554_case_001,291,300,301,99.66666666666667,후반,0,0,0,0,0,0,0,0.6,0,0,0,0,0,0,0,0,0,0,0,0,0
vp_36567_case_001,1,10,20,13.23529411764706,초반,1,1,1,1,0,2,0,0.5,0,0,0,1,1,0,0,1,0,0,0,0,3
vp_36567_case_001,6,15,25,20.588235294117645,초반,1,1,1,1,0,2,0,0.6,0,0,0,1,1,0,0,1,0,0,0,0,3
vp_36567_case_001,11,20,30,27.941176470588236,초반,1,1,1,1,0,0,0,0.9,0,0,0,1,0,0,0,1,0,0,0,0,2
vp_36567_case_001,16,25,35,35.294117647058826,중반,0,0,0,0,0,0,0,0.7,0,0,0,0,0,0,0,0,0,0,0,0,0
vp_36567_case_001,21,30,40,42.64705882352941,중반,0,0,0,0,0,1,0,0.7,0,0,0,0,1,0,0,0,0,0,0,0,1
vp_36567_case_001,26,35,45,50.0,중반,0,0,2,2,0,1,0,0.9,0,0,0,0,1,0,0,0,0,0,1,0,2
vp_36567_case_001,31,40,50,57.35294117647059,중반,0,0,5,3,0,0,0,1.0,0,0,0,0,0,0,0,1,0,0,1,0,2
vp_36567_case_001,36,45,55,64.70588235294117,중반,0,0,4,2,0,2,0,0.8,0,0,0,0,1,0,0,1,0,0,1,0,3
vp_36567_case_001,41,50,60,72.05882352941177,후반,0,0,2,1,0,3,0,0.6,0,0,0,0,1,0,0,0,0,0,1,0,2
vp_36567_case_001,46,55,65,79.41176470588235,후반,0,0,1,1,0,2,0,0.6,0,0,0,0,1,0,0,0,0,0,1,0,2
vp_36567_case_001,51,60,69,86.76470588235294,후반,0,0,1,1,0,1,0,0.8,0,0,0,0,1,0,0,0,0,1,0,0,2
vp_36567_case_001,56,65,69,94.11764705882352,후반,0,0,1,1,0,0,0,0.8,0,0,0,0,0,0,0,0,0,1,0,0,1
vp_36578_case_001,1,10,20,24.324324324324326,초반,0,0,3,3,0,0,0,0.6,0,0,0,0,0,0,1,1,0,0,1,0,3
vp_36578_case_001,6,15,25,37.83783783783784,중반,0,0,4,2,0,0,0,0.6,0,0,0,0,0,0,0,1,0,0,1,0,2
vp_36578_case_001,11,20,30,51.35135135135135,중반,0,0,6,3,0,0,0,0.6,0,0,0,0,0,0,0,1,0,0,1,0,2
vp_36578_case_001,16,25,35,64.86486486486487,중반,0,0,8,3,0,0,0,0.7,0,0,0,0,0,0,0,1,0,0,1,0,2
vp_36578_case_001,21,30,38,78.37837837837837,후반,0,0,7,3,0,0,0,0.8,0,1,1,0,0,0,0,1,0,0,1,0,2
vp_36578_case_001,26,35,38,91.8918918918919,후반,0,0,5,3,0,0,0,0.8,0,1,1,0,0,0,0,1,0,0,1,0,2
vp_36578_case_002,1,10,20,23.076923076923077,초반,0,0,3,2,0,0,0,0.8,0,0,0,0,0,0,1,0,0,0,1,0,2
vp_36578_case_002,6,15,25,35.8974358974359,중반,0,0,3,3,0,1,0,0.9,0,0,0,0,1,0,1,0,0,0,1,0,3
vp_36578_case_002,11,20,30,48.717948717948715,중반,0,0,3,2,0,1,0,0.9,0,0,0,0,1,0,1,0,0,0,0,0,2
vp_36578_case_002,16,25,35,61.53846153846154,중반,0,0,5,4,0,0,0,0.9,0,0,0,0,0,0,1,1,0,0,1,0,3
vp_36578_case_002,21,30,40,74.35897435897436,후반,0,0,3,2,0,0,0,0.8,0,0,0,0,0,0,0,1,0,0,1,0,2
vp_36578_case_002,26,35,40,87.17948717948718,후반,1,1,1,1,0,0,0,0.7,0,0,0,1,0,0,0,0,0,0,0,0,1
vp_36579_case_001,1,10,20,2.4,초반,3,3,4,2,0,1,0,0.9,0,1,1,1,1,0,1,1,0,0,0,0,4
vp_36579_case_001,6,15,25,3.733333333333334,초반,3,2,5,3,1,0,0,1.0,1,0,0,1,0,0,1,1,0,0,1,0,4
vp_36579_case_001,11,20,30,5.066666666666666,초반,1,1,5,2,1,0,0,1.0,1,1,1,1,0,0,0,1,0,0,1,0,3
vp_36579_case_001,16,25,35,6.4,초반,0,0,3,2,0,2,0,0.8,0,1,1,0,1,0,0,1,0,0,1,0,3
vp_36579_case_001,21,30,40,7.733333333333333,초반,0,0,4,2,1,3,0,0.6,1,0,0,0,1,0,0,1,0,0,1,0,3
vp_36579_case_001,26,35,45,9.066666666666666,초반,0,0,6,2,1,2,0,0.6,1,0,0,0,1,0,0,1,0,0,1,0,3
vp_36579_case_001,31,40,50,10.4,초반,0,0,5,2,0,1,0,0.8,0,0,0,0,1,0,0,1,0,0,1,0,3
vp_36579_case_001,36,45,55,11.733333333333333,초반,0,0,5,2,0,0,0,1.0,0,0,0,0,0,0,0,1,0,0,1,0,2
vp_36579_case_001,41,50,60,13.066666666666665,초반,0,0,2,1,0,1,0,0.9,0,0,0,0,1,0,0,0,0,0,1,0,2
vp_36579_case_001,46,55,65,14.399999999999999,초반,0,0,0,0,0,1,0,0.7,0,0,0,0,1,0,0,0,0,0,0,0,1
vp_36579_case_001,51,60,70,15.733333333333333,초반,0,0,1,1,0,0,0,0.5,0,0,0,0,0,0,0,1,0,0,0,0,1
vp_36579_case_001,56,65,75,17.066666666666666,초반,2,2,2,2,0,0,1,0.5,0,0,0,1,0,1,1,1,0,0,0,0,4
vp_36579_case_001,61,70,80,18.4,초반,2,2,3,2,0,0,1,0.8,0,0,0,1,0,1,1,1,0,0,0,0,4
vp_36579_case_001,66,75,85,19.733333333333334,초반,0,0,3,1,0,1,0,0.9,0,0,0,0,1,0,0,1,0,0,0,0,2
vp_36579_case_001,71,80,90,21.066666666666666,초반,0,0,3,1,0,1,1,0.8,0,0,0,0,1,1,0,1,0,0,0,0,3
vp_36579_case_001,76,85,95,22.400000000000002,초반,0,0,5,2,0,1,1,0.8,0,0,0,0,1,1,0,1,0,0,1,0,4
vp_36579_case_001,81,90,100,23.733333333333334,초반,0,0,6,2,0,1,0,0.9,0,0,0,0,1,0,0,1,0,0,1,0,3
vp_36579_case_001,86,95,105,25.066666666666666,초반,0,0,4,2,0,1,0,0.7,0,0,0,0,1,0,0,1,0,0,1,0,3
vp_36579_case_001,91,100,110,26.400000000000002,초반,0,0,1,1,0,1,0,0.2,0,0,0,0,1,0,0,0,0,0,1,0,2
vp_36579_case_001,96,105,115,27.73333333333333,초반,0,0,2,1,0,1,1,0.2,0,0,0,0,1,1,0,1,0,0,0,0,3
vp_36579_case_001,101,110,120,29.06666666666667,초반,0,0,2,1,0,2,1,0.2,0,0,0,0,1,1,0,1,0,0,0,0,3
vp_36579_case_001,106,115,125,30.4,초반,0,0,0,0,0,1,3,0.0,0,0,0,0,1,1,0,0,0,0,0,0,2
vp_36579_case_001,111,120,130,31.733333333333334,초반,0,0,1,1,0,0,3,0.4,0,0,0,0,0,1,0,0,0,0,1,0,2
vp_36579_case_001,116,125,135,33.06666666666666,초반,0,0,1,1,0,0,0,0.8,0,0,0,0,0,0,0,0,0,0,1,0,1
vp_36579_case_001,121,130,140,34.4,중반,0,0,2,1,0,2,0,0.6,0,0,0,0,1,0,0,1,0,0,0,0,2
vp_36579_case_001,126,135,145,35.733333333333334,중반,0,0,3,2,0,3,0,0.6,0,0,0,0,1,0,0,1,0,0,1,0,3
vp_36579_case_001,131,140,150,37.06666666666666,중반,0,0,1,1,0,1,0,0.6,0,0,0,0,1,0,0,0,0,0,1,0,2
vp_36579_case_001,136,145,155,38.4,중반,0,0,0,0,0,1,0,0.2,0,0,0,0,1,0,0,0,0,0,0,0,1
vp_36579_case_001,141,150,160,39.733333333333334,중반,0,0,0,0,0,2,0,0.0,0,0,0,0,1,0,0,0,0,0,0,0,1
vp_36579_case_001,146,155,165,41.06666666666667,중반,0,0,0,0,0,1,0,0.4,0,0,0,0,1,0,0,0,0,0,0,0,1
vp_36579_case_001,151,160,170,42.4,중반,0,0,0,0,0,0,0,0.8,0,0,0,0,0,0,0,0,0,0,0,0,0
vp_36579_case_001,156,165,175,43.733333333333334,중반,0,0,0,0,0,0,0,0.6,0,0,0,0,0,0,0,0,0,0,0,0,0
vp_36579_case_001,161,170,180,45.06666666666666,중반,0,0,0,0,0,0,0,0.7,0,0,0,0,0,0,0,0,0,0,0,0,0
vp_36579_case_001,166,175,185,46.400000000000006,중반,0,0,1,1,0,0,0,1.0,0,0,0,0,0,0,0,1,0,0,0,0,1
vp_36579_case_001,171,180,190,47.733333333333334,중반,0,0,1,1,0,0,0,0.9,0,0,0,0,0,0,0,1,0,0,0,0,1
vp_36579_case_001,176,185,195,49.06666666666666,중반,0,0,2,2,0,0,0,0.9,0,0,0,0,0,0,0,1,0,0,1,0,2
vp_36579_case_001,181,190,200,50.4,중반,0,0,4,2,0,0,0,1.0,0,0,0,0,0,0,0,1,0,0,1,0,2
vp_36579_case_001,186,195,205,51.733333333333334,중반,0,0,4,3,0,0,0,1.0,0,0,0,0,0,0,0,1,0,0,1,0,2
vp_36579_case_001,191,200,210,53.06666666666666,중반,0,0,2,2,0,0,0,1.0,0,0,0,0,0,0,0,1,0,0,0,0,1
vp_36579_case_001,196,205,215,54.400000000000006,중반,2,2,1,1,0,0,0,1.0,0,0,0,1,0,0,1,0,0,0,0,0,2
vp_36579_case_001,201,210,220,55.733333333333334,중반,2,2,1,1,0,0,0,0.9,0,0,0,1,0,0,1,0,0,0,0,0,2
vp_36579_case_001,206,215,225,57.06666666666666,중반,0,0,2,2,0,0,0,0.9,0,0,0,0,0,0,0,0,0,0,1,0,1
vp_36579_case_001,211,220,230,58.4,중반,0,0,2,2,0,0,0,1.0,0,0,0,0,0,0,0,0,0,0,1,0,1
vp_36579_case_001,216,225,235,59.73333333333334,중반,0,0,4,3,0,0,0,1.0,0,0,0,0,0,0,0,1,0,0,1,0,2
vp_36579_case_001,221,230,240,61.06666666666667,중반,0,0,5,3,0,0,0,1.0,0,0,0,0,0,0,0,1,0,0,1,0,2
vp_36579_case_001,226,235,245,62.4,중반,0,0,1,1,0,0,0,1.0,0,0,0,0,0,0,0,0,0,0,1,0,1
vp_36579_case_001,231,240,250,63.733333333333334,중반,0,0,0,0,0,0,0,1.0,0,0,0,0,0,0,0,0,0,0,0,0,0
vp_36579_case_001,236,245,255,65.06666666666666,중반,0,0,1,1,0,0,0,0.9,0,0,0,0,0,0,0,1,0,0,0,0,1
vp_36579_case_001,241,250,260,66.4,중반,0,0,1,1,0,0,0,0.5,0,0,0,0,0,0,0,1,0,0,0,0,1
vp_36579_case_001,246,255,265,67.73333333333333,후반,0,0,0,0,0,1,0,0.1,0,0,0,0,1,0,0,0,0,0,0,0,1
vp_36579_case_001,251,260,270,69.06666666666666,후반,0,0,0,0,0,2,0,0.4,0,0,0,0,1,0,0,0,0,0,0,0,1
vp_36579_case_001,256,265,275,70.39999999999999,후반,0,0,1,1,0,1,0,0.6,0,0,0,0,1,0,0,0,0,0,0,0,1
vp_36579_case_001,261,270,280,71.73333333333333,후반,0,0,4,3,0,0,0,0.7,0,0,0,0,0,0,1,1,0,0,0,0,2
vp_36579_case_001,266,275,285,73.06666666666666,후반,0,0,5,4,0,0,0,1.0,0,0,0,0,0,0,1,1,0,0,1,0,3
vp_36579_case_001,271,280,290,74.4,후반,0,0,3,2,0,0,0,1.0,0,0,0,0,0,0,0,1,0,0,1,0,2
vp_36579_case_001,276,285,295,75.73333333333333,후반,0,0,3,2,0,0,0,1.0,0,0,0,0,0,0,0,1,0,0,1,0,2
vp_36579_case_001,281,290,300,77.06666666666668,후반,0,0,3,2,0,1,0,0.8,0,0,0,0,1,0,0,1,0,0,1,0,3
vp_36579_case_001,286,295,305,78.4,후반,0,0,2,1,0,1,0,0.8,0,0,0,0,1,0,0,1,0,0,0,0,2
vp_36579_case_001,291,300,310,79.73333333333333,후반,0,0,2,2,0,0,0,1.0,0,0,0,0,0,0,1,1,0,0,0,0,2
vp_36579_case_001,296,305,315,81.06666666666666,후반,0,0,1,1,0,0,0,1.0,0,0,0,0,0,0,1,0,0,0,0,0,1
vp_36579_case_001,301,310,320,82.39999999999999,후반,0,0,0,0,0,0,0,1.0,0,0,0,0,0,0,0,0,0,0,0,0,0
vp_36579_case_001,306,315,325,83.73333333333333,후반,0,0,1,1,0,0,0,1.0,0,0,0,0,0,0,1,0,0,0,0,0,1
vp_36579_case_001,311,320,330,85.06666666666666,후반,0,0,1,1,0,0,0,1.0,0,0,0,0,0,0,1,0,0,0,0,0,1
vp_36579_case_001,316,325,335,86.4,후반,0,0,1,1,0,0,0,1.0,0,0,0,0,0,0,0,0,0,0,0,0,0
vp_36579_case_001,321,330,340,87.73333333333333,후반,0,0,1,1,0,0,0,1.0,0,0,0,0,0,0,0,0,0,0,0,0,0
vp_36579_case_001,326,335,345,89.06666666666668,후반,0,0,0,0,0,0,0,1.0,0,0,0,0,0,0,0,0,0,0,0,0,0
vp_36579_case_001,331,340,350,90.4,후반,0,0,1,1,0,0,0,0.9,0,0,0,0,0,0,0,0,0,0,0,0,0
vp_36579_case_001,336,345,355,91.73333333333333,후반,0,0,1,1,0,1,0,0.6,0,0,0,0,1,0,0,0,0,0,0,0,1
vp_36579_case_001,341,350,360,93.06666666666666,후반,0,0,0,0,0,2,0,0.5,0,0,0,0,1,0,0,0,0,0,0,0,1
vp_36579_case_001,346,355,365,94.39999999999999,후반,0,0,0,0,0,1,0,0.8,0,0,0,0,1,0,0,0,0,0,0,0,1
vp_36579_case_001,351,360,370,95.73333333333333,후반,0,0,0,0,0,0,0,0.9,0,0,0,0,0,0,0,0,0,0,0,0,0
vp_36579_case_001,356,365,375,97.06666666666666,후반,0,0,0,0,0,0,0,0.9,0,0,0,0,0,0,0,0,0,0,0,0,0
vp_36579_case_001,361,370,376,98.4,후반,0,0,0,0,0,0,0,1.0,0,0,0,0,0,0,0,0,0,0,0,0,0
vp_36579_case_001,366,375,376,99.73333333333333,후반,0,0,0,0,0,0,0,0.9,0,0,0,0,0,0,0,0,0,0,0,0,0
vp_36580_case_001,1,10,20,16.071428571428573,초반,0,0,1,1,0,1,0,0.8,0,0,0,0,1,0,1,0,0,0,0,0,2
vp_36580_case_001,6,15,25,25.0,초반,0,0,0,0,0,0,0,0.6,0,0,0,0,0,0,0,0,0,0,0,0,0
vp_36580_case_001,11,20,30,33.92857142857143,중반,0,0,0,0,0,0,0,0.5,0,0,0,0,0,0,0,0,0,0,0,0,0
vp_36580_case_001,16,25,35,42.857142857142854,중반,0,0,0,0,0,0,0,0.7,0,0,0,0,0,0,0,0,0,0,0,0,0
vp_36580_case_001,21,30,40,51.78571428571429,중반,0,0,0,0,0,0,0,0.7,0,0,0,0,0,0,0,0,0,0,0,0,0
vp_36580_case_001,26,35,45,60.71428571428571,중반,0,0,0,0,0,0,0,0.6,0,0,0,0,0,0,0,0,0,0,0,0,0
vp_36580_case_001,31,40,50,69.64285714285714,후반,0,0,1,1,0,0,1,0.6,0,0,0,0,0,1,0,1,0,0,0,0,2
vp_36580_case_001,36,45,55,78.57142857142857,후반,0,0,1,1,0,0,1,0.6,0,0,0,0,0,1,0,1,0,0,0,0,2
vp_36580_case_001,41,50,57,87.5,후반,0,0,0,0,0,0,0,0.6,0,0,0,0,0,0,0,0,0,0,0,0,0
vp_36580_case_001,46,55,57,96.42857142857143,후반,0,0,1,1,0,0,0,0.6,0,0,0,0,0,0,1,0,0,0,0,0,1
vp_36582_case_001,1,10,20,17.647058823529413,초반,0,0,0,0,0,0,0,0.6,0,0,0,0,0,0,0,0,0,0,0,0,0
vp_36582_case_001,6,15,25,27.450980392156865,초반,0,0,1,1,0,1,0,0.7,0,0,0,0,1,0,0,0,0,0,0,0,1
vp_36582_case_001,11,20,30,37.254901960784316,중반,0,0,5,2,0,1,0,0.7,0,1,1,0,1,0,0,1,0,0,0,0,2
vp_36582_case_001,16,25,35,47.05882352941176,중반,0,0,5,2,0,0,0,0.8,0,1,1,0,0,0,0,1,0,0,1,0,2
vp_36582_case_001,21,30,40,56.86274509803921,중반,0,0,4,1,1,0,0,0.9,1,0,0,0,0,0,0,0,0,0,1,0,1
vp_36582_case_001,26,35,45,66.66666666666666,후반,0,0,4,1,1,0,0,0.8,1,0,0,0,0,0,0,0,0,0,1,0,1
vp_36582_case_001,31,40,50,76.47058823529412,후반,0,0,1,1,0,0,0,0.8,0,0,0,0,0,0,0,0,0,0,1,0,1
vp_36582_case_001,36,45,52,86.27450980392157,후반,0,0,0,0,0,0,0,0.8,0,0,0,0,0,0,0,0,0,0,0,0,0
vp_36582_case_001,41,50,52,96.07843137254902,후반,0,0,0,0,0,0,0,0.4,0,0,0,0,0,0,0,0,0,0,0,0,0
vp_36583_case_001,1,10,20,28.125,초반,0,0,4,1,1,0,0,1.0,1,1,1,0,0,0,0,0,0,0,1,0,1
vp_36583_case_001,6,15,25,43.75,중반,0,0,2,1,1,0,0,1.0,1,0,0,0,0,0,0,0,0,0,1,0,1
vp_36583_case_001,11,20,30,59.375,중반,0,0,4,3,1,0,0,1.0,1,0,0,0,0,0,0,1,1,0,1,0,3
vp_36583_case_001,16,25,33,75.0,후반,0,0,6,3,0,0,0,1.0,0,0,0,0,0,0,0,1,1,0,1,0,3
vp_36583_case_001,21,30,33,90.625,후반,0,0,4,1,0,0,0,1.0,0,0,0,0,0,0,0,0,0,0,1,0,1
vp_36583_case_002,1,10,20,20.454545454545457,초반,0,0,0,0,0,0,0,0.7,0,0,0,0,0,0,0,0,0,0,0,0,0
vp_36583_case_002,6,15,25,31.818181818181817,초반,0,0,0,0,0,1,0,0.8,0,0,0,0,1,0,0,0,0,0,0,0,1
vp_36583_case_002,11,20,30,43.18181818181818,중반,0,0,0,0,0,2,0,0.8,0,2,1,0,1,0,0,0,0,0,0,0,1
vp_36583_case_002,16,25,35,54.54545454545454,중반,0,0,0,0,0,1,0,0.8,0,3,1,0,1,0,0,0,0,0,0,0,1
vp_36583_case_002,21,30,40,65.9090909090909,중반,0,0,0,0,3,0,0,0.9,2,1,1,0,0,0,0,0,0,0,0,0,0
vp_36583_case_002,26,35,45,77.27272727272727,후반,0,0,1,1,4,0,0,0.9,3,0,0,0,0,0,0,0,0,0,1,0,1
vp_36583_case_002,31,40,45,88.63636363636364,후반,0,0,1,1,1,0,0,0.9,1,0,0,0,0,0,0,0,0,0,1,0,1
vp_36584_case_001,1,10,11,90.0,후반,0,0,0,0,0,0,1,0.9,0,0,0,0,0,1,0,0,0,0,0,0,1
vp_36584_case_002,1,10,20,8.181818181818182,초반,0,0,1,1,0,0,0,1.0,0,0,0,0,0,0,0,1,0,0,0,0,1
vp_36584_case_002,6,15,25,12.727272727272727,초반,0,0,3,2,0,0,0,1.0,0,0,0,0,0,0,0,1,0,0,1,0,2
vp_36584_case_002,11,20,30,17.272727272727273,초반,2,2,3,3,0,0,0,1.0,0,0,0,1,0,0,1,1,0,0,1,0,4
vp_36584_case_002,16,25,35,21.818181818181817,초반,2,2,1,1,0,0,0,1.0,0,0,0,1,0,0,1,0,0,0,0,0,2
vp_36584_case_002,21,30,40,26.36363636363636,초반,0,0,0,0,0,0,1,0.9,0,2,1,0,0,1,0,0,0,0,0,0,1
vp_36584_case_002,26,35,45,30.909090909090907,초반,0,0,3,2,0,0,1,0.7,0,2,1,0,0,1,1,0,0,0,1,0,3
vp_36584_case_002,31,40,50,35.45454545454545,중반,1,1,7,4,2,0,1,0.7,2,0,0,1,0,1,1,0,0,1,1,1,6
vp_36584_case_002,36,45,55,40.0,중반,1,1,6,4,2,0,1,0.8,2,0,0,1,0,1,1,0,0,1,1,1,6
vp_36584_case_002,41,50,60,44.54545454545455,중반,0,0,2,1,0,0,0,0.8,0,0,0,0,0,0,0,0,0,0,1,0,1
vp_36584_case_002,46,55,65,49.09090909090909,중반,0,0,2,2,0,0,0,0.8,0,0,0,0,0,0,0,0,1,0,1,0,2
vp_36584_case_002,51,60,70,53.63636363636364,중반,0,0,2,2,0,0,0,0.8,0,0,0,0,0,0,0,0,1,0,1,0,2
vp_36584_case_002,56,65,75,58.18181818181818,중반,1,1,2,1,0,0,0,0.9,0,0,0,1,0,0,1,0,0,0,0,0,2
vp_36584_case_002,61,70,80,62.727272727272734,중반,1,1,2,1,0,0,0,1.0,0,0,0,1,0,0,1,0,0,0,0,0,2
vp_36584_case_002,66,75,85,67.27272727272727,후반,0,0,0,0,0,0,0,0.9,0,0,0,0,0,0,0,0,0,0,0,0,0
vp_36584_case_002,71,80,90,71.81818181818181,후반,0,0,1,1,0,0,0,0.9,0,0,0,0,0,0,0,0,1,0,0,0,1
vp_36584_case_002,76,85,95,76.36363636363637,후반,0,0,1,1,0,0,0,0.9,0,0,0,0,0,0,0,0,1,0,0,0,1
vp_36584_case_002,81,90,100,80.9090909090909,후반,0,0,0,0,0,0,0,0.7,0,0,0,0,0,0,0,0,0,0,0,0,0
vp_36584_case_002,86,95,105,85.45454545454545,후반,0,0,1,1,0,0,0,0.8,0,0,0,0,0,0,0,1,0,0,0,0,1
vp_36584_case_002,91,100,110,90.0,후반,0,0,1,1,1,1,0,0.6,0,0,0,0,1,0,0,1,0,0,0,0,2
vp_36584_case_002,96,105,111,94.54545454545455,후반,0,0,0,0,1,1,0,0.4,0,0,0,0,1,0,0,0,0,0,0,0,1
vp_36584_case_002,101,110,111,99.0909090909091,후반,0,0,0,0,0,0,0,0.5,0,0,0,0,0,0,0,0,0,0,0,0,0
vp_36585_case_001,1,10,20,45.0,중반,0,0,0,0,0,3,0,0.7,0,0,0,0,1,0,0,0,0,0,0,0,1
vp_36585_case_001,6,15,21,70.0,후반,1,1,1,1,0,2,0,0.8,0,0,0,1,1,0,0,0,0,1,0,0,3
vp_36585_case_001,11,20,21,95.0,후반,1,1,2,1,0,0,0,1.0,0,0,0,1,0,0,0,0,0,1,0,0,2
vp_36586_case_001,1,10,20,8.108108108108109,초반,0,0,0,0,0,0,0,0.3,0,0,0,0,0,0,0,0,0,0,0,0,0
vp_36586_case_001,6,15,25,12.612612612612612,초반,0,0,0,0,0,0,0,0.1,0,0,0,0,0,0,0,0,0,0,0,0,0
vp_36586_case_001,11,20,30,17.117117117117118,초반,0,0,1,1,0,1,0,0.3,0,0,0,0,1,0,0,0,0,0,1,0,2
vp_36586_case_001,16,25,35,21.62162162162162,초반,0,0,1,1,0,2,0,0.4,0,0,0,0,1,0,0,0,0,0,1,0,2
vp_36586_case_001,21,30,40,26.126126126126124,초반,0,0,0,0,0,1,0,0.1,0,0,0,0,1,0,0,0,0,0,0,0,1
vp_36586_case_001,26,35,45,30.630630630630627,초반,0,0,0,0,0,0,1,0.0,0,0,0,0,0,1,0,0,0,0,0,0,1
vp_36586_case_001,31,40,50,35.13513513513514,중반,0,0,0,0,0,0,1,0.0,0,0,0,0,0,1,0,0,0,0,0,0,1
vp_36586_case_001,36,45,55,39.63963963963964,중반,0,0,0,0,0,0,0,0.1,0,0,0,0,0,0,0,0,0,0,0,0,0
vp_36586_case_001,41,50,60,44.14414414414414,중반,0,0,0,0,0,0,0,0.4,0,0,0,0,0,0,0,0,0,0,0,0,0
vp_36586_case_001,46,55,65,48.64864864864865,중반,0,0,0,0,0,1,0,0.3,0,0,0,0,1,0,0,0,0,0,0,0,1
vp_36586_case_001,51,60,70,53.153153153153156,중반,0,0,0,0,0,1,0,0.0,0,0,0,0,1,0,0,0,0,0,0,0,1
vp_36586_case_001,56,65,75,57.65765765765766,중반,0,0,0,0,0,0,0,0.0,0,0,0,0,0,0,0,0,0,0,0,0,0
vp_36586_case_001,61,70,80,62.16216216216216,중반,0,0,0,0,0,0,0,0.1,0,0,0,0,0,0,0,0,0,0,0,0,0
vp_36586_case_001,66,75,85,66.66666666666666,후반,0,0,0,0,0,0,0,0.1,0,0,0,0,0,0,0,0,0,0,0,0,0
vp_36586_case_001,71,80,90,71.17117117117117,후반,0,0,1,1,0,0,0,0.2,0,0,0,0,0,0,0,0,0,0,1,0,1
vp_36586_case_001,76,85,95,75.67567567567568,후반,0,0,1,1,0,0,0,0.3,0,0,0,0,0,0,0,0,0,0,1,0,1
vp_36586_case_001,81,90,100,80.18018018018019,후반,0,0,0,0,0,1,0,0.3,0,0,0,0,1,0,0,0,0,0,0,0,1
vp_36586_case_001,86,95,105,84.68468468468468,후반,0,0,0,0,0,1,0,0.3,0,0,0,0,1,0,0,0,0,0,0,0,1
vp_36586_case_001,91,100,110,89.1891891891892,후반,0,0,0,0,0,1,0,0.3,0,0,0,0,1,0,0,0,0,0,0,0,1
vp_36586_case_001,96,105,112,93.69369369369369,후반,0,0,0,0,0,1,0,0.3,0,0,0,0,1,0,0,0,0,0,0,0,1
vp_36586_case_001,101,110,112,98.1981981981982,후반,0,0,0,0,0,0,0,0.3,0,0,0,0,0,0,0,0,0,0,0,0,0
vp_36587_case_001,1,10,20,28.125,초반,2,1,3,2,0,0,0,0.9,0,0,0,1,0,0,1,0,0,0,0,0,2
vp_36587_case_001,6,15,25,43.75,중반,1,1,2,2,0,1,0,0.7,0,0,0,1,1,0,1,0,0,0,0,0,3
vp_36587_case_001,11,20,30,59.375,중반,0,0,0,0,0,1,0,0.8,0,0,0,0,1,0,0,0,0,0,0,0,1
vp_36587_case_001,16,25,33,75.0,후반,0,0,0,0,0,2,0,0.8,0,0,0,0,1,0,0,0,0,0,0,0,1
vp_36587_case_001,21,30,33,90.625,후반,0,0,0,0,0,4,0,0.6,0,0,0,0,1,0,0,0,0,0,0,0,1
vp_36587_case_002,1,10,20,30.0,초반,0,0,1,1,1,0,0,0.7,1,0,0,0,0,0,0,0,0,0,0,1,1
vp_36587_case_002,6,15,25,46.666666666666664,중반,1,1,0,0,0,0,0,0.6,0,0,0,1,0,0,0,0,0,0,0,0,1
vp_36587_case_002,11,20,30,63.33333333333333,중반,1,1,0,0,0,0,0,0.6,0,0,0,1,0,0,0,0,0,0,0,0,1
vp_36587_case_002,16,25,31,80.0,후반,0,0,1,1,0,1,0,0.6,0,0,0,0,1,0,0,0,0,0,1,0,2
vp_36587_case_002,21,30,31,96.66666666666667,후반,0,0,2,2,0,1,0,0.5,0,0,0,0,1,0,0,0,0,0,1,0,2
vp_36587_case_003,1,10,20,10.975609756097562,초반,0,0,4,1,0,0,0,0.8,0,0,0,0,0,0,0,0,0,0,0,0,0
vp_36587_case_003,6,15,25,17.073170731707318,초반,0,0,3,1,0,1,0,0.8,0,0,0,0,1,0,0,0,0,0,0,0,1
vp_36587_case_003,11,20,30,23.170731707317074,초반,0,0,1,1,0,1,0,0.6,0,0,0,0,1,0,0,0,0,0,0,0,1
vp_36587_case_003,16,25,35,29.268292682926827,초반,0,0,0,0,0,2,0,0.5,0,1,1,0,1,0,0,0,0,0,0,0,1
vp_36587_case_003,21,30,40,35.36585365853659,중반,0,0,2,1,0,3,0,0.5,0,1,1,0,1,0,0,0,0,0,0,0,1
vp_36587_case_003,26,35,45,41.46341463414634,중반,2,2,3,2,1,1,0,0.7,1,0,0,1,1,0,1,0,0,0,0,0,3
vp_36587_case_003,31,40,50,47.5609756097561,중반,2,2,1,1,1,1,0,0.5,1,0,0,1,1,0,1,0,0,0,0,0,3
vp_36587_case_003,36,45,55,53.65853658536586,중반,0,0,1,1,0,1,0,0.6,0,0,0,0,1,0,0,1,0,0,0,0,2
vp_36587_case_003,41,50,60,59.756097560975604,중반,0,0,1,1,0,0,0,0.7,0,0,0,0,0,0,0,1,0,0,0,0,1
vp_36587_case_003,46,55,65,65.85365853658537,중반,0,0,1,1,0,1,0,0.5,0,0,0,0,1,0,0,1,0,0,0,0,2
vp_36587_case_003,51,60,70,71.95121951219512,후반,0,0,2,2,0,3,0,0.6,0,0,0,0,1,0,0,1,0,0,1,0,3
vp_36587_case_003,56,65,75,78.04878048780488,후반,0,0,1,1,0,2,0,0.5,0,0,0,0,1,0,0,0,0,0,1,0,2
vp_36587_case_003,61,70,80,84.14634146341463,후반,0,0,2,2,0,0,0,0.5,0,0,0,0,0,0,0,1,0,0,0,0,1
vp_36587_case_003,66,75,83,90.2439024390244,후반,1,1,3,2,0,0,0,0.6,0,0,0,1,0,0,0,1,0,0,0,0,2
vp_36587_case_003,71,80,83,96.34146341463415,후반,1,1,2,1,0,1,0,0.6,0,0,0,1,1,0,0,0,0,0,0,0,2
vp_36588_case_001,1,10,20,18.367346938775512,초반,1,1,1,1,0,0,0,0.5,0,0,0,1,0,0,1,0,0,0,0,0,2
vp_36588_case_001,6,15,25,28.57142857142857,초반,0,0,1,1,0,1,0,0.3,0,0,0,0,1,0,0,0,0,0,1,0,2
vp_36588_case_001,11,20,30,38.775510204081634,중반,0,0,1,1,0,1,0,0.6,0,0,0,0,1,0,0,0,0,0,1,0,2
vp_36588_case_001,16,25,35,48.97959183673469,중반,0,0,0,0,0,0,0,0.9,0,0,0,0,0,0,0,0,0,0,0,0,0
vp_36588_case_001,21,30,40,59.183673469387756,중반,1,1,1,1,0,0,0,1.0,0,0,0,1,0,0,1,0,0,0,0,0,2
vp_36588_case_001,26,35,45,69.38775510204081,후반,1,1,1,1,0,0,0,0.8,0,0,0,1,0,0,1,0,0,0,0,0,2
vp_36588_case_001,31,40,50,79.59183673469387,후반,0,0,1,1,0,0,0,0.8,0,0,0,0,0,0,0,1,0,0,0,0,1
vp_36588_case_001,36,45,50,89.79591836734694,후반,0,0,1,1,0,0,0,1.0,0,0,0,0,0,0,0,1,0,0,0,0,1
vp_36591_case_001,1,10,13,75.0,후반,4,2,4,1,0,0,0,1.0,0,1,1,1,0,0,1,0,0,0,0,0,2
vp_36592_case_001,1,10,20,32.142857142857146,초반,2,2,1,1,0,0,0,0.7,0,1,1,1,0,0,1,0,0,0,0,0,2
vp_36592_case_001,6,15,25,50.0,중반,3,2,3,2,1,0,0,0.8,1,0,0,1,0,0,1,0,0,0,0,1,3
vp_36592_case_001,11,20,29,67.85714285714286,후반,1,1,3,3,1,0,0,0.8,1,0,0,1,0,0,1,1,0,0,0,1,4
vp_36592_case_001,16,25,29,85.71428571428571,후반,0,0,3,2,0,0,0,0.8,0,0,0,0,0,0,0,1,0,1,0,0,2
vp_36593_case_001,1,10,16,60.0,중반,0,0,0,0,0,1,2,0.7,0,1,1,0,1,1,0,0,0,0,0,0,2
vp_36593_case_001,6,15,16,93.33333333333333,후반,0,0,2,1,1,2,1,0.7,1,0,0,0,1,1,0,0,0,0,0,0,2
vp_36593_case_002,1,10,20,14.516129032258066,초반,0,0,2,2,0,0,3,0.7,0,1,1,0,0,1,1,0,0,0,0,0,2
vp_36593_case_002,6,15,25,22.58064516129032,초반,0,0,2,1,1,1,2,0.6,1,0,0,0,1,1,0,0,0,0,0,0,2
vp_36593_case_002,11,20,30,30.64516129032258,초반,0,0,3,1,1,2,1,0.5,1,0,0,0,1,1,0,0,0,0,0,0,2
vp_36593_case_002,16,25,35,38.70967741935484,중반,0,0,3,1,0,1,0,0.6,0,0,0,0,1,0,0,0,0,0,0,0,1
vp_36593_case_002,21,30,40,46.774193548387096,중반,0,0,1,1,0,2,0,0.6,0,0,0,0,1,0,0,0,0,0,0,0,1
vp_36593_case_002,26,35,45,54.83870967741935,중반,0,0,1,1,0,3,0,0.6,0,0,0,0,1,0,0,0,0,0,1,0,2
vp_36593_case_002,31,40,50,62.903225806451616,중반,0,0,2,2,0,1,1,0.6,0,0,0,0,1,1,0,0,0,0,1,0,3
vp_36593_case_002,36,45,55,70.96774193548387,후반,0,0,2,2,0,1,2,0.5,0,1,1,0,1,1,0,1,0,0,0,0,3
vp_36593_case_002,41,50,60,79.03225806451613,후반,0,0,1,1,0,2,1,0.6,0,1,1,0,1,1,0,1,0,0,0,0,3
vp_36593_case_002,46,55,63,87.09677419354838,후반,0,0,1,1,1,2,0,0.8,1,0,0,0,1,0,0,0,0,0,0,1,2
vp_36593_case_002,51,60,63,95.16129032258065,후반,0,0,2,1,1,1,0,0.8,1,0,0,0,1,0,0,0,0,0,0,1,2
vp_36594_case_001,1,15,29,13.432835820895523,초반,0,0,1,1,0,0,0,1.0,0,0,0,0,0,0,0,1,0,0,0,0,1
vp_36594_case_001,9,23,36,20.8955223880597,초반,0,0,0,0,0,0,0,1.0,0,0,0,0,0,0,0,0,0,0,0,0,0
vp_36594_case_001,17,29,44,28.35820895522388,초반,1,1,2,1,0,0,0,1.0,0,0,0,1,0,0,1,0,0,0,0,0,2
vp_36594_case_001,24,36,52,35.82089552238806,중반,2,2,2,1,0,0,0,1.0,0,0,0,1,0,0,1,0,0,0,0,0,2
vp_36594_case_001,31,44,58,43.28358208955223,중반,1,1,0,0,0,0,0,1.0,0,0,0,1,0,0,0,0,0,0,0,0,1
vp_36594_case_001,37,52,66,50.74626865671642,중반,2,2,1,1,0,0,0,1.0,0,0,0,1,0,0,0,0,0,0,1,0,2
vp_36594_case_001,45,58,75,58.2089552238806,중반,2,2,1,1,0,0,0,1.0,0,0,0,1,0,0,0,0,0,0,1,0,2
vp_36594_case_001,54,66,85,65.67164179104478,중반,1,1,1,1,0,0,0,1.0,0,0,0,1,0,0,0,0,0,0,0,0,1
vp_36594_case_001,59,75,91,73.13432835820896,후반,1,1,1,1,0,0,0,1.0,0,0,0,1,0,0,0,0,0,0,0,0,1
vp_36594_case_001,68,85,96,80.59701492537313,후반,0,0,1,1,0,0,0,1.0,0,0,0,0,0,0,0,1,0,0,0,0,1
vp_36594_case_001,76,91,100,88.05970149253731,후반,0,0,1,1,0,0,0,1.0,0,0,0,0,0,0,0,1,0,0,0,0,1
vp_36594_case_001,87,96,100,95.52238805970148,후반,0,0,0,0,0,0,0,1.0,0,0,0,0,0,0,0,0,0,0,0,0,0
vp_36594_case_003,2,13,32,40.909090909090914,중반,0,0,2,2,0,0,0,1.0,0,1,1,0,0,0,0,1,0,0,0,0,1
vp_36594_case_003,9,20,37,63.63636363636363,중반,1,1,1,1,1,0,0,1.0,1,0,0,1,0,0,0,0,0,0,0,0,1
vp_36594_case_003,15,32,37,86.36363636363636,후반,1,1,0,0,1,0,0,1.0,1,0,0,1,0,0,0,0,0,0,0,0,1
vp_36595_case_001,1,10,20,22.5,초반,1,1,5,3,1,0,1,0.6,1,0,0,1,0,1,0,1,0,0,1,1,5
vp_36595_case_001,6,15,25,35.0,중반,0,0,7,4,1,0,1,0.7,1,1,1,0,0,1,0,1,0,0,1,1,4
vp_36595_case_001,11,20,30,47.5,중반,0,0,4,2,0,0,0,0.8,0,1,1,0,0,0,0,1,0,0,0,0,1
vp_36595_case_001,16,25,35,60.0,중반,0,0,2,2,1,0,0,0.8,1,0,0,0,0,0,0,1,0,0,0,1,2
vp_36595_case_001,21,30,40,72.5,후반,0,0,1,1,1,0,0,0.7,1,1,1,0,0,0,0,0,0,0,0,1,1
vp_36595_case_001,26,35,41,85.0,후반,0,0,0,0,0,0,0,0.6,0,1,1,0,0,0,0,0,0,0,0,0,0
vp_36595_case_001,31,40,41,97.5,후반,0,0,2,2,1,0,0,0.6,1,0,0,0,0,0,0,0,0,0,1,1,2
vp_36595_case_002,1,12,27,14.0625,초반,0,0,6,3,1,0,0,1.0,1,2,1,0,0,0,1,1,0,0,0,1,3
vp_36595_case_002,6,18,33,21.875,초반,1,1,9,4,2,0,0,1.0,2,1,1,1,0,0,1,1,0,0,1,1,5
vp_36595_case_002,13,27,41,29.6875,초반,1,1,6,2,2,0,0,1.0,2,0,0,1,0,0,0,1,0,0,1,0,3
vp_36595_case_002,19,33,46,37.5,중반,1,1,5,2,1,0,0,1.0,1,0,0,1,0,0,0,1,0,0,1,0,3
vp_36595_case_002,28,41,51,45.3125,중반,1,1,3,2,0,0,0,1.0,0,0,0,1,0,0,0,1,0,0,1,0,3
vp_36595_case_002,36,46,59,53.125,중반,2,2,4,2,0,0,0,1.0,0,0,0,1,0,0,1,1,0,0,0,0,3
vp_36595_case_002,42,51,65,60.9375,중반,2,2,3,2,0,0,0,1.0,0,0,0,1,0,0,1,1,0,0,0,0,3
vp_36595_case_002,47,59,73,68.75,후반,0,0,1,1,0,0,0,1.0,0,0,0,0,0,0,1,0,0,0,0,0,1
vp_36595_case_002,52,65,82,76.5625,후반,0,0,1,1,0,0,0,1.0,0,0,0,0,0,0,1,0,0,0,0,0,1
vp_36595_case_002,60,73,152,84.375,후반,0,0,1,1,0,0,0,1.0,0,0,0,0,0,0,0,0,0,0,0,1,1
vp_36595_case_002,66,82,152,92.1875,후반,0,0,2,2,0,0,0,1.0,0,0,0,0,0,0,0,1,0,0,0,1,2
vp_36595_case_003,1,15,29,3.3333333333333335,초반,0,0,0,0,0,0,0,1.0,0,0,0,0,0,0,0,0,0,0,0,0,0
vp_36595_case_003,8,21,35,5.185185185185185,초반,0,0,0,0,0,0,0,1.0,0,1,1,0,0,0,0,0,0,0,0,0,0
vp_36595_case_003,17,29,40,7.037037037037037,초반,0,0,0,0,0,0,0,1.0,0,1,1,0,0,0,0,0,0,0,0,0,0
vp_36595_case_003,22,35,49,8.88888888888889,초반,0,0,2,2,1,0,0,1.0,1,0,0,0,0,0,0,0,0,0,1,1,2
vp_36595_case_003,31,40,56,10.74074074074074,초반,0,0,4,2,1,0,0,1.0,1,0,0,0,0,0,0,0,0,0,1,1,2
vp_36595_case_003,36,49,67,12.592592592592592,초반,0,0,2,2,0,0,0,1.0,0,0,0,0,0,0,0,0,0,0,1,1,2
vp_36595_case_003,44,56,78,14.444444444444443,초반,0,0,2,2,0,0,0,1.0,0,0,0,0,0,0,1,1,0,0,0,0,2
vp_36595_case_003,52,67,85,16.296296296296298,초반,0,0,2,2,0,0,0,1.0,0,0,0,0,0,0,1,1,0,0,0,0,2
vp_36595_case_003,57,78,90,18.14814814814815,초반,0,0,0,0,0,0,0,1.0,0,0,0,0,0,0,0,0,0,0,0,0,0
vp_36595_case_003,73,85,97,20.0,초반,0,0,1,1,0,0,0,1.0,0,0,0,0,0,0,0,1,0,0,0,0,1
vp_36595_case_003,79,90,102,21.85185185185185,초반,0,0,3,2,0,0,0,1.0,0,0,0,0,0,0,0,1,0,1,0,0,2
vp_36595_case_003,86,97,111,23.703703703703706,초반,0,0,2,2,0,0,0,1.0,0,0,0,0,0,0,0,1,0,1,0,0,2
vp_36595_case_003,91,102,119,25.555555555555554,초반,5,3,2,1,0,0,0,1.0,0,0,0,1,0,0,1,0,0,0,0,0,2
vp_36595_case_003,98,111,127,27.40740740740741,초반,5,3,2,1,0,0,0,1.0,0,0,0,1,0,0,1,0,0,0,0,0,2
vp_36595_case_003,103,119,132,29.259259259259256,초반,0,0,2,1,0,0,0,1.0,0,0,0,0,0,0,0,1,0,0,0,0,1
vp_36595_case_003,112,127,138,31.11111111111111,초반,0,0,5,2,0,0,0,1.0,0,0,0,0,0,0,0,1,0,0,0,0,1
vp_36595_case_003,120,132,151,32.96296296296296,초반,0,0,3,2,0,0,0,1.0,0,0,0,0,0,0,0,1,0,0,0,0,1
vp_36595_case_003,128,138,157,34.81481481481482,중반,0,0,3,2,0,0,0,1.0,0,0,0,0,0,0,0,1,0,0,1,0,2
vp_36595_case_003,133,151,165,36.666666666666664,중반,0,0,3,2,0,0,0,1.0,0,0,0,0,0,0,0,1,0,0,1,0,2
vp_36595_case_003,147,157,174,38.51851851851852,중반,0,0,2,2,0,0,0,1.0,0,0,0,0,0,0,0,1,0,0,0,0,1
vp_36595_case_003,152,165,181,40.370370370370374,중반,0,0,2,2,0,0,0,1.0,0,0,0,0,0,0,0,1,0,0,0,0,1
vp_36595_case_003,158,174,187,42.22222222222222,중반,0,0,0,0,0,0,0,1.0,0,0,0,0,0,0,0,0,0,0,0,0,0
vp_36595_case_003,166,181,194,44.074074074074076,중반,0,0,0,0,0,0,0,1.0,0,0,0,0,0,0,0,0,0,0,0,0,0
vp_36595_case_003,175,187,200,45.925925925925924,중반,0,0,0,0,0,0,0,1.0,0,0,0,0,0,0,0,0,0,0,0,0,0
vp_36595_case_003,182,194,213,47.77777777777778,중반,0,0,2,1,0,0,0,1.0,0,0,0,0,0,0,0,0,0,0,0,0,0
vp_36595_case_003,188,200,222,49.629629629629626,중반,0,0,2,1,0,0,0,1.0,0,0,0,0,0,0,0,0,0,0,0,0,0
vp_36595_case_003,195,213,228,51.48148148148148,중반,0,0,0,0,0,0,0,1.0,0,0,0,0,0,0,0,0,0,0,0,0,0
vp_36595_case_003,203,222,234,53.333333333333336,중반,0,0,1,1,0,0,0,1.0,0,0,0,0,0,0,0,1,0,0,0,0,1
vp_36595_case_003,215,228,242,55.18518518518518,중반,0,0,2,2,0,0,0,1.0,0,0,0,0,0,0,1,1,0,0,0,0,2
vp_36595_case_003,223,234,247,57.03703703703704,중반,0,0,3,3,0,0,0,1.0,0,0,0,0,0,0,1,1,0,0,1,0,3
vp_36595_case_003,229,242,252,58.88888888888889,중반,0,0,2,2,0,0,0,1.0,0,0,0,0,0,0,0,1,0,0,1,0,2
vp_36595_case_003,235,247,258,60.74074074074074,중반,0,0,2,2,0,0,0,1.0,0,0,0,0,0,0,0,1,0,0,1,0,2
vp_36595_case_003,243,252,264,62.59259259259259,중반,0,0,2,2,0,0,0,1.0,0,0,0,0,0,0,0,1,0,0,1,0,2
vp_36595_case_003,248,258,275,64.44444444444444,중반,0,0,1,1,0,0,0,1.0,0,0,0,0,0,0,0,0,0,1,0,0,1
vp_36595_case_003,253,264,280,66.2962962962963,중반,0,0,1,1,0,0,0,1.0,0,0,0,0,0,0,0,0,0,1,0,0,1
vp_36595_case_003,259,275,295,68.14814814814815,후반,0,0,1,1,0,0,0,1.0,0,0,0,0,0,0,0,0,0,0,1,0,1
vp_36595_case_003,267,280,300,70.0,후반,0,0,1,1,0,0,0,1.0,0,0,0,0,0,0,0,0,0,0,1,0,1
vp_36595_case_003,276,295,305,71.85185185185186,후반,0,0,0,0,0,0,0,1.0,0,0,0,0,0,0,0,0,0,0,0,0,0
vp_36595_case_003,281,300,314,73.70370370370371,후반,0,0,2,2,0,0,0,1.0,0,0,0,0,0,0,1,1,0,0,0,0,2
vp_36595_case_003,296,305,320,75.55555555555556,후반,0,0,2,2,0,0,0,1.0,0,0,0,0,0,0,1,1,0,0,0,0,2
vp_36595_case_003,301,314,330,77.4074074074074,후반,0,0,1,1,0,0,0,1.0,0,1,1,0,0,0,0,1,0,0,0,0,1
vp_36595_case_003,306,320,336,79.25925925925927,후반,0,0,1,1,0,0,0,1.0,0,1,1,0,0,0,0,1,0,0,0,0,1
vp_36595_case_003,315,330,343,81.11111111111111,후반,0,0,1,1,1,0,0,1.0,1,0,0,0,0,0,0,0,0,0,1,0,1
vp_36595_case_003,321,336,349,82.96296296296296,후반,0,0,3,2,1,0,0,1.0,1,0,0,0,0,0,0,1,0,0,1,0,2
vp_36595_case_003,331,343,357,84.81481481481481,후반,0,0,5,3,0,0,0,1.0,0,0,0,0,0,0,1,1,0,0,1,0,3
vp_36595_case_003,338,349,365,86.66666666666667,후반,1,1,4,3,0,0,0,1.0,0,0,0,1,0,0,1,1,0,0,1,0,4
vp_36595_case_003,345,357,374,88.51851851851852,후반,1,1,3,2,0,0,0,1.0,0,0,0,1,0,0,1,0,0,0,1,0,3
vp_36595_case_003,350,365,384,90.37037037037037,후반,0,0,2,2,0,0,0,1.0,0,0,0,0,0,0,1,0,0,0,1,0,2
vp_36595_case_003,358,374,390,92.22222222222223,후반,0,0,2,2,0,0,0,1.0,0,0,0,0,0,0,0,1,0,0,0,0,1
vp_36595_case_003,366,384,400,94.07407407407408,후반,0,0,2,2,0,0,0,1.0,0,0,0,0,0,0,0,1,0,0,0,0,1
vp_36595_case_003,375,390,408,95.92592592592592,후반,0,0,2,1,0,0,0,1.0,0,0,0,0,0,0,0,0,0,0,1,0,1
vp_36595_case_003,385,400,409,97.77777777777777,후반,0,0,4,2,0,0,0,1.0,0,0,0,0,0,0,0,1,0,0,1,0,2
vp_36595_case_003,393,408,409,99.62962962962963,후반,0,0,2,1,0,0,0,1.0,0,0,0,0,0,0,0,1,0,0,0,0,1
vp_36596_case_001,1,10,20,7.142857142857142,초반,1,1,1,1,0,0,0,0.7,0,0,0,1,0,0,0,0,0,0,1,0,2
vp_36596_case_001,6,15,25,11.11111111111111,초반,2,2,2,2,0,0,0,0.8,0,1,1,1,0,0,1,0,0,0,1,0,3
vp_36596_case_001,11,20,30,15.079365079365079,초반,1,1,4,3,0,0,0,1.0,0,1,1,1,0,0,1,1,0,0,1,0,4
vp_36596_case_001,16,25,35,19.047619047619047,초반,0,0,4,3,1,1,0,0.9,1,0,0,0,1,0,1,1,0,0,1,0,4
vp_36596_case_001,21,30,40,23.015873015873016,초반,0,0,3,2,1,1,0,0.9,1,0,0,0,1,0,0,1,0,0,1,0,3
vp_36596_case_001,26,35,45,26.984126984126984,초반,0,0,3,3,0,0,0,0.8,0,0,0,0,0,0,0,1,0,0,1,0,2
vp_36596_case_001,31,40,50,30.952380952380953,초반,0,0,1,1,0,1,0,0.3,0,0,0,0,1,0,0,0,0,0,0,0,1
vp_36596_case_001,36,45,55,34.92063492063492,중반,0,0,3,2,0,2,0,0.4,0,0,0,0,1,0,0,1,0,0,0,0,2
vp_36596_case_001,41,50,60,38.88888888888889,중반,0,0,5,3,0,1,0,0.8,0,0,0,0,1,0,0,1,0,0,1,0,3
vp_36596_case_001,46,55,65,42.857142857142854,중반,0,0,3,3,0,1,0,0.8,0,0,0,0,1,0,0,1,0,0,1,0,3
vp_36596_case_001,51,60,70,46.82539682539682,중반,0,0,1,1,0,1,0,0.4,0,0,0,0,1,0,0,1,0,0,0,0,2
vp_36596_case_001,56,65,75,50.79365079365079,중반,0,0,0,0,0,0,0,0.3,0,0,0,0,0,0,0,0,0,0,0,0,0
vp_36596_case_001,61,70,80,54.761904761904766,중반,0,0,1,1,0,0,0,0.8,0,0,0,0,0,0,0,0,0,0,1,0,1
vp_36596_case_001,66,75,85,58.730158730158735,중반,0,0,1,1,0,0,0,1.0,0,0,0,0,0,0,0,0,0,0,1,0,1
vp_36596_case_001,71,80,90,62.698412698412696,중반,0,0,0,0,0,0,0,1.0,0,0,0,0,0,0,0,0,0,0,0,0,0
vp_36596_case_001,76,85,95,66.66666666666666,후반,0,0,1,1,0,0,0,0.9,0,0,0,0,0,0,0,1,0,0,0,0,1
vp_36596_case_001,81,90,100,70.63492063492063,후반,0,0,5,3,0,0,0,0.9,0,0,0,0,0,0,0,1,0,0,1,0,2
vp_36596_case_001,86,95,105,74.60317460317461,후반,0,0,7,3,0,0,0,1.0,0,0,0,0,0,0,0,1,0,0,1,0,2
vp_36596_case_001,91,100,110,78.57142857142857,후반,0,0,3,2,0,0,0,1.0,0,0,0,0,0,0,0,1,0,0,1,0,2
vp_36596_case_001,96,105,115,82.53968253968253,후반,0,0,0,0,0,0,0,1.0,0,0,0,0,0,0,0,0,0,0,0,0,0
vp_36596_case_001,101,110,120,86.5079365079365,후반,0,0,2,2,0,0,0,1.0,0,0,0,0,0,0,0,1,0,0,0,0,1
vp_36596_case_001,106,115,125,90.47619047619048,후반,0,0,3,2,0,0,0,0.9,0,0,0,0,0,0,0,1,0,0,0,0,1
vp_36596_case_001,111,120,127,94.44444444444444,후반,0,0,1,1,0,0,0,0.9,0,0,0,0,0,0,0,0,0,0,0,0,0
vp_36596_case_001,116,125,127,98.4126984126984,후반,0,0,2,1,0,0,0,0.9,0,0,0,0,0,0,0,0,0,0,1,0,1
vp_36599_case_001,1,10,20,19.148936170212767,초반,1,1,2,2,0,0,2,0.6,0,0,0,1,0,1,1,1,0,0,0,0,4
vp_36599_case_001,6,15,25,29.78723404255319,초반,1,1,2,2,0,0,3,0.6,0,0,0,1,0,1,1,0,0,0,0,0,3
vp_36599_case_001,11,20,30,40.42553191489361,중반,1,1,2,2,0,0,1,0.7,0,0,0,1,0,1,1,0,0,0,0,0,3
vp_36599_case_001,16,25,35,51.06382978723404,중반,1,1,1,1,0,0,2,0.7,0,0,0,1,0,1,1,0,0,0,0,0,3
vp_36599_case_001,21,30,40,61.702127659574465,중반,0,0,0,0,0,0,3,0.6,0,0,0,0,0,1,0,0,0,0,0,0,1
vp_36599_case_001,26,35,45,72.3404255319149,후반,0,0,0,0,0,0,3,0.5,0,0,0,0,0,1,0,0,0,0,0,0,1
vp_36599_case_001,31,40,48,82.97872340425532,후반,0,0,0,0,0,0,3,0.4,0,0,0,0,0,1,0,0,0,0,0,0,1
vp_36599_case_001,36,45,48,93.61702127659575,후반,0,0,0,0,0,2,1,0.5,0,0,0,0,1,1,0,0,0,0,0,0,2
vp_36600_case_001,1,10,20,36.0,중반,1,1,7,3,1,0,0,1.0,1,0,0,1,0,0,1,1,0,0,1,0,4
vp_36600_case_001,6,15,25,56.00000000000001,중반,0,0,6,1,1,0,0,1.0,1,0,0,0,0,0,0,1,0,0,0,0,1
vp_36600_case_001,11,20,26,76.0,후반,0,0,7,2,0,0,0,1.0,0,0,0,0,0,0,0,1,0,0,1,0,2
vp_36600_case_001,16,25,26,96.0,후반,0,0,6,3,0,0,0,1.0,0,0,0,0,0,0,0,1,0,1,1,0,3
vp_36602_case_001,1,10,20,11.538461538461538,초반,0,0,1,1,0,1,0,0.7,0,0,0,0,1,0,0,0,0,0,0,0,1
vp_36602_case_001,6,15,25,17.94871794871795,초반,0,0,1,1,0,1,0,0.7,0,0,0,0,1,0,0,1,0,0,0,0,2
vp_36602_case_001,11,20,30,24.358974358974358,초반,0,0,2,2,0,0,0,0.8,0,0,0,0,0,0,0,1,0,1,0,0,2
vp_36602_case_001,16,25,35,30.76923076923077,초반,0,0,1,1,0,0,0,0.7,0,0,0,0,0,0,0,0,0,1,0,0,1
vp_36602_case_001,21,30,40,37.17948717948718,중반,0,0,0,0,0,0,0,0.6,0,1,1,0,0,0,0,0,0,0,0,0,0
vp_36602_case_001,26,35,45,43.58974358974359,중반,1,1,1,1,0,0,0,0.7,0,1,1,1,0,0,1,0,0,0,0,0,2
vp_36602_case_001,31,40,50,50.0,중반,1,1,2,2,1,0,0,0.8,1,0,0,1,0,0,1,0,0,0,1,0,3
vp_36602_case_001,36,45,55,56.41025641025641,중반,0,0,2,2,1,0,0,0.6,1,0,0,0,0,0,0,0,0,1,1,0,2
vp_36602_case_001,41,50,60,62.82051282051282,중반,0,0,1,1,0,0,0,0.7,0,0,0,0,0,0,0,0,0,1,0,0,1
vp_36602_case_001,46,55,65,69.23076923076923,후반,1,1,1,1,0,0,0,0.9,0,0,0,1,0,0,1,0,0,0,0,0,2
vp_36602_case_001,51,60,70,75.64102564102564,후반,1,1,2,1,0,0,0,0.9,0,1,1,1,0,0,1,0,0,0,0,0,2
vp_36602_case_001,56,65,75,82.05128205128204,후반,0,0,1,1,0,0,0,0.9,0,1,1,0,0,0,1,0,0,0,0,0,1
vp_36602_case_001,61,70,79,88.46153846153845,후반,0,0,1,1,1,0,0,0.9,1,0,0,0,0,0,0,0,0,0,0,1,1
vp_36602_case_001,66,75,79,94.87179487179486,후반,0,0,2,2,1,0,0,0.9,1,0,0,0,0,0,0,0,0,0,0,1,1
vp_36602_case_002,1,10,20,13.23529411764706,초반,1,1,4,2,0,0,0,0.6,0,0,0,1,0,0,1,1,0,0,0,0,3
vp_36602_case_002,6,15,25,20.588235294117645,초반,1,1,4,2,0,0,1,0.9,0,0,0,1,0,1,1,1,0,0,0,0,4
vp_36602_case_002,11,20,30,27.941176470588236,초반,0,0,1,1,0,0,1,0.7,0,0,0,0,0,1,0,1,0,0,0,0,2
vp_36602_case_002,16,25,35,35.294117647058826,중반,0,0,2,2,0,1,0,0.4,0,0,0,0,1,0,1,1,0,0,0,0,3
vp_36602_case_002,21,30,40,42.64705882352941,중반,0,0,3,2,0,1,0,0.6,0,0,0,0,1,0,1,1,0,0,0,0,3
vp_36602_case_002,26,35,45,50.0,중반,0,0,2,1,0,0,0,0.8,0,0,0,0,0,0,0,1,0,0,0,0,1
vp_36602_case_002,31,40,50,57.35294117647059,중반,0,0,0,0,0,1,0,0.6,0,0,0,0,1,0,0,0,0,0,0,0,1
vp_36602_case_002,36,45,55,64.70588235294117,중반,0,0,0,0,0,1,0,0.7,0,0,0,0,1,0,0,0,0,0,0,0,1
vp_36602_case_002,41,50,60,72.05882352941177,후반,0,0,0,0,0,0,0,0.5,0,0,0,0,0,0,0,0,0,0,0,0,0
vp_36602_case_002,46,55,65,79.41176470588235,후반,0,0,0,0,0,0,0,0.4,0,2,1,0,0,0,0,0,0,0,0,0,0
vp_36602_case_002,51,60,69,86.76470588235294,후반,0,0,0,0,0,0,0,0.5,0,2,1,0,0,0,0,0,0,0,0,0,0
vp_36602_case_002,56,65,69,94.11764705882352,후반,0,0,3,2,3,0,0,0.7,2,0,0,0,0,0,0,0,0,0,0,1,1
vp_36602_case_004,1,10,20,10.975609756097562,초반,0,0,0,0,0,1,2,0.7,0,0,0,0,1,1,0,0,0,0,0,0,2
vp_36602_case_004,6,15,25,17.073170731707318,초반,0,0,0,0,0,0,1,0.9,0,0,0,0,0,1,0,0,0,0,0,0,1
vp_36602_case_004,11,20,30,23.170731707317074,초반,0,0,0,0,0,0,0,0.8,0,0,0,0,0,0,0,0,0,0,0,0,0
vp_36602_case_004,16,25,35,29.268292682926827,초반,0,0,0,0,0,0,0,0.7,0,0,0,0,0,0,0,0,0,0,0,0,0
vp_36602_case_004,21,30,40,35.36585365853659,중반,1,1,1,1,0,0,0,0.8,0,1,1,1,0,0,1,0,0,0,0,0,2
vp_36602_case_004,26,35,45,41.46341463414634,중반,1,1,1,1,0,0,0,0.9,0,1,1,1,0,0,1,0,0,0,0,0,2
vp_36602_case_004,31,40,50,47.5609756097561,중반,0,0,0,0,1,0,0,1.0,1,0,0,0,0,0,0,0,0,0,0,0,0
vp_36602_case_004,36,45,55,53.65853658536586,중반,0,0,0,0,1,0,0,0.9,1,0,0,0,0,0,0,0,0,0,0,0,0
vp_36602_case_004,41,50,60,59.756097560975604,중반,0,0,0,0,0,0,0,0.6,0,0,0,0,0,0,0,0,0,0,0,0,0
vp_36602_case_004,46,55,65,65.85365853658537,중반,0,0,0,0,0,0,1,0.3,0,0,0,0,0,1,0,0,0,0,0,0,1
vp_36602_case_004,51,60,70,71.95121951219512,후반,0,0,0,0,0,0,1,0.5,0,0,0,0,0,1,0,0,0,0,0,0,1
vp_36602_case_004,56,65,75,78.04878048780488,후반,0,0,1,1,0,0,0,0.9,0,0,0,0,0,0,0,0,0,0,0,0,0
vp_36602_case_004,61,70,80,84.14634146341463,후반,0,0,1,1,0,0,0,0.8,0,0,0,0,0,0,0,0,0,0,0,0,0
vp_36602_case_004,66,75,83,90.2439024390244,후반,0,0,0,0,0,0,0,0.6,0,0,0,0,0,0,0,0,0,0,0,0,0
vp_36602_case_004,71,80,83,96.34146341463415,후반,0,0,0,0,0,0,0,0.6,0,0,0,0,0,0,0,0,0,0,0,0,0
vp_36603_case_001,1,10,20,7.758620689655173,초반,1,1,1,1,0,3,0,0.7,0,0,0,1,1,0,0,0,0,0,1,0,3
vp_36603_case_001,6,15,25,12.068965517241379,초반,0,0,2,1,0,4,0,0.6,0,0,0,0,1,0,0,0,0,0,1,0,2
vp_36603_case_001,11,20,30,16.379310344827587,초반,0,0,1,1,0,3,0,0.6,0,0,0,0,1,0,0,0,0,0,1,0,2
vp_36603_case_001,16,25,35,20.689655172413794,초반,0,0,1,1,0,1,0,0.8,0,0,0,0,1,0,0,1,0,0,0,0,2
vp_36603_case_001,21,30,40,25.0,초반,0,0,1,1,0,1,0,0.7,0,0,0,0,1,0,0,1,0,0,0,0,2
vp_36603_case_001,26,35,45,29.310344827586203,초반,1,1,2,2,0,2,0,0.6,0,0,0,1,1,0,0,1,0,0,1,0,4
vp_36603_case_001,31,40,50,33.62068965517241,중반,1,1,3,2,0,1,0,0.9,0,1,1,1,1,0,0,1,0,0,1,0,4
vp_36603_case_001,36,45,55,37.93103448275862,중반,0,0,1,1,0,0,0,1.0,0,1,1,0,0,0,0,1,0,0,0,0,1
vp_36603_case_001,41,50,60,42.241379310344826,중반,0,0,1,1,1,0,0,0.8,1,1,1,0,0,0,0,0,0,0,0,1,1
vp_36603_case_001,46,55,65,46.55172413793103,중반,0,0,1,1,1,0,0,0.6,1,1,1,0,0,0,0,0,0,0,0,1,1
vp_36603_case_001,51,60,70,50.86206896551724,중반,0,0,1,1,1,0,0,0.6,1,0,0,0,0,0,0,0,0,0,1,0,1
vp_36603_case_001,56,65,75,55.172413793103445,중반,0,0,1,1,1,1,0,0.5,1,1,1,0,1,0,0,0,0,0,1,0,2
vp_36603_case_001,61,70,80,59.48275862068966,중반,0,0,1,1,0,1,0,0.6,0,1,1,0,1,0,0,0,0,0,1,0,2
vp_36603_case_001,66,75,85,63.793103448275865,중반,1,1,3,2,2,1,0,0.6,1,0,0,1,1,0,1,0,0,0,1,0,4
vp_36603_case_001,71,80,90,68.10344827586206,후반,1,1,3,3,2,1,0,0.4,1,0,0,1,1,0,1,1,0,0,1,0,5
vp_36603_case_001,76,85,95,72.41379310344827,후반,0,0,1,1,0,0,0,0.5,0,0,0,0,0,0,0,1,0,0,0,0,1
vp_36603_case_001,81,90,100,76.72413793103449,후반,0,0,0,0,0,0,1,0.7,0,0,0,0,0,1,0,0,0,0,0,0,1
vp_36603_case_001,86,95,105,81.03448275862068,후반,0,0,0,0,0,0,1,0.7,0,0,0,0,0,1,0,0,0,0,0,0,1
vp_36603_case_001,91,100,110,85.34482758620689,후반,0,0,0,0,0,0,0,0.8,0,0,0,0,0,0,0,0,0,0,0,0,0
vp_36603_case_001,96,105,115,89.65517241379311,후반,0,0,0,0,0,0,0,1.0,0,0,0,0,0,0,0,0,0,0,0,0,0
vp_36603_case_001,101,110,117,93.96551724137932,후반,0,0,0,0,0,0,0,0.7,0,0,0,0,0,0,0,0,0,0,0,0,0
vp_36603_case_001,106,115,117,98.27586206896551,후반,0,0,0,0,0,0,0,0.4,0,0,0,0,0,0,0,0,0,0,0,0,0
vp_36604_case_001,1,10,20,18.75,초반,0,0,6,2,0,0,0,0.7,0,0,0,0,0,0,0,1,0,0,1,0,2
vp_36604_case_001,6,15,25,29.166666666666668,초반,0,0,5,2,0,0,0,0.6,0,0,0,0,0,0,0,1,0,0,1,0,2
vp_36604_case_001,11,20,30,39.58333333333333,중반,0,0,4,2,0,0,0,0.7,0,0,0,0,0,0,0,1,0,0,0,0,1
vp_36604_case_001,16,25,35,50.0,중반,0,0,4,2,0,0,0,0.8,0,0,0,0,0,0,0,1,0,0,0,0,1
vp_36604_case_001,21,30,40,60.416666666666664,중반,0,0,5,2,0,0,0,0.6,0,0,0,0,0,0,0,1,0,0,1,0,2
vp_36604_case_001,26,35,45,70.83333333333334,후반,0,0,6,2,0,0,0,0.8,0,0,0,0,0,0,0,1,0,0,1,0,2
vp_36604_case_001,31,40,49,81.25,후반,0,0,2,1,0,0,0,1.0,0,0,0,0,0,0,0,1,0,0,0,0,1
vp_36604_case_001,36,45,49,91.66666666666666,후반,0,0,1,1,0,0,0,0.9,0,0,0,0,0,0,0,1,0,0,0,0,1
vp_36604_case_002,1,10,20,32.142857142857146,초반,0,0,8,2,0,0,0,1.0,0,0,0,0,0,0,0,1,0,0,1,0,2
vp_36604_case_002,6,15,25,50.0,중반,0,0,9,2,0,0,0,1.0,0,0,0,0,0,0,0,1,0,0,1,0,2
vp_36604_case_002,11,20,29,67.85714285714286,후반,0,0,5,2,0,0,0,1.0,0,0,0,0,0,0,0,1,0,0,1,0,2
vp_36604_case_002,16,25,29,85.71428571428571,후반,0,0,1,1,0,1,0,0.8,0,0,0,0,1,0,0,1,0,0,0,0,2
vp_36604_case_004,1,10,20,20.930232558139537,초반,0,0,3,1,0,0,0,0.9,0,0,0,0,0,0,0,1,0,0,0,0,1
vp_36604_case_004,6,15,25,32.55813953488372,초반,0,0,2,1,0,0,0,1.0,0,0,0,0,0,0,0,1,0,0,0,0,1
vp_36604_case_004,11,20,30,44.18604651162791,중반,0,0,0,0,0,0,0,0.7,0,0,0,0,0,0,0,0,0,0,0,0,0
vp_36604_case_004,16,25,35,55.81395348837209,중반,0,0,0,0,0,0,0,0.5,0,0,0,0,0,0,0,0,0,0,0,0,0
vp_36604_case_004,21,30,40,67.44186046511628,후반,0,0,0,0,0,0,0,0.8,0,0,0,0,0,0,0,0,0,0,0,0,0
vp_36604_case_004,26,35,44,79.06976744186046,후반,0,0,0,0,0,0,0,0.9,0,0,0,0,0,0,0,0,0,0,0,0,0
vp_36604_case_004,31,40,44,90.69767441860465,후반,0,0,0,0,0,0,0,0.8,0,0,0,0,0,0,0,0,0,0,0,0,0
vp_36605_case_001,1,10,20,25.71428571428571,초반,1,1,8,5,3,2,0,0.8,3,2,1,1,1,0,1,1,0,1,1,1,7
vp_36605_case_001,6,15,25,40.0,중반,0,0,12,4,1,0,0,1.0,1,2,1,0,0,0,0,1,0,1,1,1,4
vp_36605_case_001,11,20,30,54.285714285714285,중반,0,0,8,2,2,0,0,0.9,2,0,0,0,0,0,0,0,0,0,1,1,2
vp_36605_case_001,16,25,35,68.57142857142857,후반,0,0,4,3,2,0,0,0.9,2,0,0,0,0,0,1,0,0,0,1,1,3
vp_36605_case_001,21,30,36,82.85714285714286,후반,0,0,3,3,0,0,0,1.0,0,0,0,0,0,0,1,1,0,1,0,0,3
vp_36605_case_001,26,35,36,97.14285714285714,후반,1,1,5,4,0,0,0,1.0,0,0,0,1,0,0,1,1,1,1,0,0,5
vp_36606_case_001,3,21,33,6.976744186046512,초반,1,1,5,3,0,0,0,1.0,0,0,0,1,0,0,0,1,0,0,1,0,3
vp_36606_case_001,11,26,39,10.852713178294573,초반,3,3,4,4,0,0,0,1.0,0,0,0,1,0,0,1,1,0,0,1,0,4
vp_36606_case_001,22,33,48,14.728682170542637,초반,2,2,5,3,0,0,0,1.0,0,0,0,1,0,0,1,1,0,0,1,0,4
vp_36606_case_001,27,39,55,18.6046511627907,초반,0,0,5,2,0,0,0,1.0,0,0,0,0,0,0,1,1,0,0,0,0,2
vp_36606_case_001,35,48,62,22.48062015503876,초반,2,1,5,2,0,0,0,1.0,0,0,0,1,0,0,1,1,0,0,0,0,3
vp_36606_case_001,41,55,68,26.356589147286826,초반,2,1,5,2,0,0,0,1.0,0,0,0,1,0,0,0,1,0,0,1,0,3
vp_36606_case_001,50,62,75,30.23255813953488,초반,0,0,5,2,0,0,0,1.0,0,0,0,0,0,0,0,1,0,0,1,0,2
vp_36606_case_001,56,68,80,34.10852713178294,중반,0,0,2,2,0,0,0,1.0,0,0,0,0,0,0,0,1,0,0,1,0,2
vp_36606_case_001,63,75,85,37.98449612403101,중반,1,1,3,3,0,0,0,1.0,0,0,0,1,0,0,1,1,0,0,1,0,4
vp_36606_case_001,69,80,91,41.86046511627907,중반,1,1,3,3,0,0,0,1.0,0,0,0,1,0,0,1,1,0,0,1,0,4
vp_36606_case_001,76,85,96,45.73643410852713,중반,0,0,2,1,0,0,0,1.0,0,0,0,0,0,0,1,0,0,0,0,0,1
vp_36606_case_001,81,91,101,49.6124031007752,중반,0,0,4,2,0,0,0,1.0,0,0,0,0,0,0,1,1,0,0,0,0,2
vp_36606_case_001,86,96,106,53.48837209302325,중반,0,0,6,2,0,0,0,1.0,0,0,0,0,0,0,1,1,0,0,0,0,2
vp_36606_case_001,92,101,112,57.36434108527132,중반,0,0,5,1,0,0,0,1.0,0,0,0,0,0,0,1,0,0,0,0,0,1
vp_36606_case_001,97,106,119,61.240310077519375,중반,1,1,2,2,0,0,0,1.0,0,0,0,1,0,0,1,0,0,0,1,0,3
vp_36606_case_001,102,112,124,65.11627906976744,중반,1,1,1,1,0,0,0,1.0,0,0,0,1,0,0,0,0,0,0,1,0,2
vp_36606_case_001,108,119,129,68.9922480620155,후반,0,0,2,2,0,0,0,1.0,0,0,0,0,0,0,0,1,0,0,1,0,2
vp_36606_case_001,113,124,138,72.86821705426357,후반,0,0,2,2,0,0,0,1.0,0,0,0,0,0,0,0,1,0,0,1,0,2
vp_36606_case_001,120,129,144,76.74418604651163,후반,0,0,1,1,0,0,0,1.0,0,0,0,0,0,0,0,1,0,0,0,0,1
vp_36606_case_001,125,138,153,80.62015503875969,후반,0,0,3,1,0,0,0,1.0,0,0,0,0,0,0,0,1,0,0,0,0,1
vp_36606_case_001,130,144,159,84.49612403100775,후반,0,0,4,3,0,0,0,1.0,0,0,0,0,0,0,0,1,0,0,1,0,2
vp_36606_case_001,139,153,167,88.37209302325581,후반,0,0,6,2,0,0,0,1.0,0,0,0,0,0,0,0,0,0,0,1,0,1
vp_36606_case_001,146,159,173,92.24806201550388,후반,0,0,4,2,0,0,0,1.0,0,0,0,0,0,0,0,0,0,0,1,0,1
vp_36606_case_001,154,167,173,96.12403100775194,후반,0,0,1,1,0,0,0,1.0,0,0,0,0,0,0,0,1,0,0,0,0,1
vp_36607_case_001,1,10,20,10.975609756097562,초반,1,1,0,0,0,0,0,0.6,0,0,0,1,0,0,0,0,0,0,0,0,1
vp_36607_case_001,6,15,25,17.073170731707318,초반,1,1,1,1,0,0,0,0.7,0,0,0,1,0,0,0,1,0,0,0,0,2
vp_36607_case_001,11,20,30,23.170731707317074,초반,0,0,1,1,0,0,0,0.6,0,0,0,0,0,0,0,1,0,0,0,0,1
vp_36607_case_001,16,25,35,29.268292682926827,초반,0,0,3,2,0,0,0,0.6,0,0,0,0,0,0,1,0,0,0,1,0,2
vp_36607_case_001,21,30,40,35.36585365853659,중반,0,0,3,2,0,0,0,0.5,0,0,0,0,0,0,1,0,0,0,1,0,2
vp_36607_case_001,26,35,45,41.46341463414634,중반,0,0,2,2,0,0,0,0.5,0,0,0,0,0,0,0,1,0,0,1,0,2
vp_36607_case_001,31,40,50,47.5609756097561,중반,0,0,4,2,0,0,0,0.6,0,0,0,0,0,0,0,1,0,0,1,0,2
vp_36607_case_001,36,45,55,53.65853658536586,중반,0,0,4,3,0,0,0,0.6,0,0,0,0,0,0,0,1,0,1,1,0,3
vp_36607_case_001,41,50,60,59.756097560975604,중반,0,0,4,3,0,0,0,0.7,0,0,0,0,0,0,0,1,0,1,1,0,3
vp_36607_case_001,46,55,65,65.85365853658537,중반,0,0,2,2,0,0,0,0.4,0,0,0,0,0,0,0,1,0,0,1,0,2
vp_36607_case_001,51,60,70,71.95121951219512,후반,0,0,2,1,0,0,0,0.3,0,0,0,0,0,0,0,0,0,0,1,0,1
vp_36607_case_001,56,65,75,78.04878048780488,후반,0,0,2,1,0,0,0,0.4,0,0,0,0,0,0,0,0,0,0,1,0,1
vp_36607_case_001,61,70,80,84.14634146341463,후반,0,0,2,2,0,0,0,0.6,0,0,0,0,0,0,0,1,0,0,1,0,2
vp_36607_case_001,66,75,83,90.2439024390244,후반,0,0,2,2,0,1,1,0.7,0,0,0,0,1,1,0,1,0,0,1,0,4
vp_36607_case_001,71,80,83,96.34146341463415,후반,0,0,1,1,0,1,1,0.7,0,0,0,0,1,1,0,1,0,0,0,0,3
vp_36607_case_002,1,10,20,22.5,초반,0,0,3,1,0,0,0,0.8,0,0,0,0,0,0,0,0,0,0,1,0,1
vp_36607_case_002,6,15,25,35.0,중반,1,1,5,1,0,0,0,1.0,0,0,0,1,0,0,0,0,0,0,1,0,2
vp_36607_case_002,11,20,30,47.5,중반,1,1,3,1,0,0,1,0.8,0,0,0,1,0,1,0,0,0,0,1,0,3
vp_36607_case_002,16,25,35,60.0,중반,0,0,2,1,0,0,1,0.7,0,0,0,0,0,1,0,0,0,0,1,0,2
vp_36607_case_002,21,30,40,72.5,후반,0,0,1,1,0,1,0,0.5,0,0,0,0,1,0,0,0,0,0,1,0,2
vp_36607_case_002,26,35,41,85.0,후반,0,0,1,1,0,1,0,0.4,0,0,0,0,1,0,0,0,1,0,0,0,2
vp_36607_case_002,31,40,41,97.5,후반,0,0,1,1,0,0,0,0.5,0,0,0,0,0,0,0,0,1,0,0,0,1
vp_36607_case_003,1,10,20,3.169014084507042,초반,0,0,3,3,0,0,0,1.0,0,0,0,0,0,0,0,1,1,0,0,0,2
vp_36607_case_003,6,15,25,4.929577464788732,초반,0,0,4,3,0,0,0,1.0,0,0,0,0,0,0,0,1,1,0,0,0,2
vp_36607_case_003,11,20,30,6.690140845070422,초반,0,0,2,2,0,0,0,1.0,0,0,0,0,0,0,0,0,0,0,0,0,0
vp_36607_case_003,16,25,35,8.450704225352112,초반,0,0,3,3,0,0,0,0.9,0,0,0,0,0,0,0,1,0,0,1,0,2
vp_36607_case_003,21,30,40,10.211267605633804,초반,0,0,2,2,0,0,0,0.7,0,0,0,0,0,0,0,1,0,0,1,0,2
vp_36607_case_003,26,35,45,11.971830985915492,초반,2,2,1,1,0,0,0,0.6,0,0,0,1,0,0,1,0,0,0,0,0,2
vp_36607_case_003,31,40,50,13.732394366197184,초반,2,2,2,1,0,0,0,0.8,0,0,0,1,0,0,1,0,0,0,0,0,2
vp_36607_case_003,36,45,55,15.492957746478872,초반,0,0,1,1,0,0,0,1.0,0,0,0,0,0,0,1,0,0,0,0,0,1
vp_36607_case_003,41,50,60,17.253521126760564,초반,0,0,0,0,0,0,0,0.6,0,0,0,0,0,0,0,0,0,0,0,0,0
vp_36607_case_003,46,55,65,19.014084507042252,초반,0,0,0,0,0,0,0,0.2,0,0,0,0,0,0,0,0,0,0,0,0,0
vp_36607_case_003,51,60,70,20.774647887323944,초반,0,0,0,0,0,0,0,0.4,0,0,0,0,0,0,0,0,0,0,0,0,0
vp_36607_case_003,56,65,75,22.535211267605636,초반,0,0,2,2,0,0,0,0.8,0,0,0,0,0,0,0,1,0,0,0,0,1
vp_36607_case_003,61,70,80,24.295774647887324,초반,0,0,2,2,0,0,0,1.0,0,0,0,0,0,0,0,1,0,0,0,0,1
vp_36607_case_003,66,75,85,26.056338028169012,초반,0,0,1,1,0,0,1,0.7,0,0,0,0,0,1,0,0,0,0,1,0,2
vp_36607_case_003,71,80,90,27.816901408450708,초반,0,0,1,1,0,0,1,0.7,0,0,0,0,0,1,0,0,0,0,1,0,2
vp_36607_case_003,76,85,95,29.577464788732392,초반,0,0,1,1,0,0,0,1.0,0,0,0,0,0,0,0,0,0,0,0,0,0
vp_36607_case_003,81,90,100,31.338028169014088,초반,0,0,2,2,0,1,0,0.9,0,0,0,0,1,0,0,1,0,0,0,0,2
vp_36607_case_003,86,95,105,33.098591549295776,초반,0,0,1,1,0,1,0,0.9,0,0,0,0,1,0,0,1,0,0,0,0,2
vp_36607_case_003,91,100,110,34.859154929577464,중반,0,0,1,1,0,0,0,1.0,0,0,0,0,0,0,0,1,0,0,0,0,1
vp_36607_case_003,96,105,115,36.61971830985916,중반,0,0,1,1,0,0,0,0.7,0,0,0,0,0,0,0,1,0,0,0,0,1
vp_36607_case_003,101,110,120,38.38028169014084,중반,0,0,0,0,0,0,0,0.4,0,0,0,0,0,0,0,0,0,0,0,0,0
vp_36607_case_003,106,115,125,40.140845070422536,중반,1,1,0,0,0,0,0,0.7,0,0,0,1,0,0,0,0,0,0,0,0,1
vp_36607_case_003,111,120,130,41.901408450704224,중반,1,1,0,0,0,1,0,0.6,0,0,0,1,1,0,0,0,0,0,0,0,2
vp_36607_case_003,116,125,135,43.66197183098591,중반,0,0,1,1,0,1,0,0.3,0,0,0,0,1,0,0,1,0,0,0,0,2
vp_36607_case_003,121,130,140,45.42253521126761,중반,0,0,1,1,0,0,0,0.3,0,0,0,0,0,0,0,1,0,0,0,0,1
vp_36607_case_003,126,135,145,47.183098591549296,중반,0,0,0,0,0,0,0,0.3,0,0,0,0,0,0,0,0,0,0,0,0,0
vp_36607_case_003,131,140,150,48.943661971830984,중반,0,0,0,0,0,0,0,0.3,0,0,0,0,0,0,0,0,0,0,0,0,0
vp_36607_case_003,136,145,155,50.70422535211267,중반,0,0,0,0,0,2,0,0.4,0,0,0,0,1,0,0,0,0,0,0,0,1
vp_36607_case_003,141,150,160,52.46478873239436,중반,0,0,0,0,0,2,0,0.7,0,0,0,0,1,0,0,0,0,0,0,0,1
vp_36607_case_003,146,155,165,54.22535211267606,중반,0,0,0,0,0,0,0,0.7,0,0,0,0,0,0,0,0,0,0,0,0,0
vp_36607_case_003,151,160,170,55.98591549295775,중반,0,0,0,0,0,0,0,0.6,0,0,0,0,0,0,0,0,0,0,0,0,0
vp_36607_case_003,156,165,175,57.74647887323944,중반,0,0,1,1,0,1,0,0.7,0,0,0,0,1,0,0,0,0,0,1,0,2
vp_36607_case_003,161,170,180,59.50704225352113,중반,0,0,3,2,0,1,0,0.9,0,0,0,0,1,0,0,1,0,0,1,0,3
vp_36607_case_003,166,175,185,61.267605633802816,중반,0,0,4,2,0,0,0,1.0,0,0,0,0,0,0,0,1,0,0,1,0,2
vp_36607_case_003,171,180,190,63.02816901408451,중반,0,0,3,1,0,0,0,1.0,0,0,0,0,0,0,0,0,0,0,1,0,1
vp_36607_case_003,176,185,195,64.7887323943662,중반,0,0,2,1,0,0,0,1.0,0,0,0,0,0,0,0,0,0,0,1,0,1
vp_36607_case_003,181,190,200,66.54929577464789,중반,0,0,1,1,0,0,0,1.0,0,0,0,0,0,0,0,0,0,0,1,0,1
vp_36607_case_003,186,195,205,68.30985915492957,후반,0,0,0,0,0,0,0,0.9,0,0,0,0,0,0,0,0,0,0,0,0,0
vp_36607_case_003,191,200,210,70.07042253521126,후반,0,0,0,0,0,0,0,0.4,0,0,0,0,0,0,0,0,0,0,0,0,0
vp_36607_case_003,196,205,215,71.83098591549296,후반,0,0,0,0,0,0,0,0.1,0,0,0,0,0,0,0,0,0,0,0,0,0
vp_36607_case_003,201,210,220,73.59154929577466,후반,0,0,1,1,0,0,0,0.6,0,0,0,0,0,0,0,1,0,0,0,0,1
vp_36607_case_003,206,215,225,75.35211267605634,후반,0,0,1,1,0,0,0,0.8,0,0,0,0,0,0,0,1,0,0,0,0,1
vp_36607_case_003,211,220,230,77.11267605633803,후반,0,0,0,0,0,0,0,0.7,0,0,0,0,0,0,0,0,0,0,0,0,0
vp_36607_case_003,216,225,235,78.87323943661971,후반,0,0,0,0,0,0,0,0.4,0,0,0,0,0,0,0,0,0,0,0,0,0
vp_36607_case_003,221,230,240,80.63380281690141,후반,0,0,0,0,0,0,0,0.3,0,0,0,0,0,0,0,0,0,0,0,0,0
vp_36607_case_003,226,235,245,82.3943661971831,후반,0,0,0,0,0,0,0,0.3,0,0,0,0,0,0,0,0,0,0,0,0,0
vp_36607_case_003,231,240,250,84.15492957746478,후반,0,0,0,0,0,0,0,0.2,0,0,0,0,0,0,0,0,0,0,0,0,0
vp_36607_case_003,236,245,255,85.91549295774648,후반,0,0,0,0,0,0,0,0.6,0,0,0,0,0,0,0,0,0,0,0,0,0
vp_36607_case_003,241,250,260,87.67605633802818,후반,0,0,1,1,0,0,0,0.5,0,0,0,0,0,0,0,1,0,0,0,0,1
vp_36607_case_003,246,255,265,89.43661971830986,후반,0,0,2,1,0,0,0,0.3,0,0,0,0,0,0,0,1,0,0,0,0,1
vp_36607_case_003,251,260,270,91.19718309859155,후반,0,0,2,2,0,0,0,0.5,0,0,0,0,0,0,0,1,0,0,1,0,2
vp_36607_case_003,256,265,275,92.95774647887323,후반,0,0,5,1,0,0,0,0.8,0,0,0,0,0,0,0,0,0,0,1,0,1
vp_36607_case_003,261,270,280,94.71830985915493,후반,0,0,4,1,0,0,0,0.7,0,0,0,0,0,0,0,0,0,0,1,0,1
vp_36607_case_003,266,275,285,96.47887323943662,후반,0,0,0,0,0,1,0,0.2,0,0,0,0,1,0,0,0,0,0,0,0,1
vp_36607_case_003,271,280,285,98.23943661971832,후반,0,0,1,1,0,1,0,0.4,0,0,0,0,1,0,0,1,0,0,0,0,2
vp_36607_case_004,1,10,20,7.142857142857142,초반,0,0,1,1,0,0,0,0.3,0,0,0,0,0,0,0,1,0,0,0,0,1
vp_36607_case_004,6,15,25,11.11111111111111,초반,0,0,0,0,0,0,0,0.5,0,0,0,0,0,0,0,0,0,0,0,0,0
vp_36607_case_004,11,20,30,15.079365079365079,초반,0,0,0,0,0,0,0,0.7,0,0,0,0,0,0,0,0,0,0,0,0,0
vp_36607_case_004,16,25,35,19.047619047619047,초반,0,0,0,0,0,0,0,0.2,0,0,0,0,0,0,0,0,0,0,0,0,0
vp_36607_case_004,21,30,40,23.015873015873016,초반,0,0,0,0,0,0,0,0.3,0,0,0,0,0,0,0,0,0,0,0,0,0
vp_36607_case_004,26,35,45,26.984126984126984,초반,0,0,0,0,0,0,0,0.7,0,0,0,0,0,0,0,0,0,0,0,0,0
vp_36607_case_004,31,40,50,30.952380952380953,초반,0,0,0,0,0,0,0,0.6,0,0,0,0,0,0,0,0,0,0,0,0,0
vp_36607_case_004,36,45,55,34.92063492063492,중반,0,0,0,0,0,0,0,0.7,0,0,0,0,0,0,0,0,0,0,0,0,0
vp_36607_case_004,41,50,60,38.88888888888889,중반,0,0,0,0,0,0,0,1.0,0,0,0,0,0,0,0,0,0,0,0,0,0
vp_36607_case_004,46,55,65,42.857142857142854,중반,0,0,0,0,0,0,0,1.0,0,0,0,0,0,0,0,0,0,0,0,0,0
vp_36607_case_004,51,60,70,46.82539682539682,중반,0,0,0,0,0,0,0,0.5,0,0,0,0,0,0,0,0,0,0,0,0,0
vp_36607_case_004,56,65,75,50.79365079365079,중반,0,0,0,0,0,0,0,0.4,0,0,0,0,0,0,0,0,0,0,0,0,0
vp_36607_case_004,61,70,80,54.761904761904766,중반,0,0,1,1,0,0,0,0.7,0,0,0,0,0,0,0,0,0,0,1,0,1
vp_36607_case_004,66,75,85,58.730158730158735,중반,0,0,2,2,0,0,0,0.7,0,0,0,0,0,0,0,1,0,0,1,0,2
vp_36607_case_004,71,80,90,62.698412698412696,중반,0,0,3,2,0,0,0,0.9,0,0,0,0,0,0,0,1,0,0,1,0,2
vp_36607_case_004,76,85,95,66.66666666666666,후반,0,0,3,2,0,1,0,0.8,0,0,0,0,1,0,0,1,0,0,1,0,3
vp_36607_case_004,81,90,100,70.63492063492063,후반,0,0,1,1,0,1,0,0.7,0,0,0,0,1,0,0,1,0,0,0,0,2
vp_36607_case_004,86,95,105,74.60317460317461,후반,0,0,0,0,0,0,0,0.6,0,0,0,0,0,0,0,0,0,0,0,0,0
vp_36607_case_004,91,100,110,78.57142857142857,후반,0,0,0,0,0,0,0,0.7,0,0,0,0,0,0,0,0,0,0,0,0,0
vp_36607_case_004,96,105,115,82.53968253968253,후반,0,0,1,1,0,0,0,1.0,0,0,0,0,0,0,0,0,0,0,1,0,1
vp_36607_case_004,101,110,120,86.5079365079365,후반,0,0,1,1,0,0,0,1.0,0,0,0,0,0,0,0,0,0,0,1,0,1
vp_36607_case_004,106,115,125,90.47619047619048,후반,0,0,0,0,0,0,0,1.0,0,0,0,0,0,0,0,0,0,0,0,0,0
vp_36607_case_004,111,120,127,94.44444444444444,후반,0,0,0,0,0,0,0,0.5,0,0,0,0,0,0,0,0,0,0,0,0,0
vp_36607_case_004,116,125,127,98.4126984126984,후반,0,0,0,0,0,1,0,0.1,0,0,0,0,1,0,0,0,0,0,0,0,1
vp_36607_case_005,1,10,20,6.569343065693431,초반,0,0,2,2,0,0,0,0.6,0,0,0,0,0,0,0,1,0,0,1,0,2
vp_36607_case_005,6,15,25,10.218978102189782,초반,0,0,0,0,0,0,0,0.7,0,0,0,0,0,0,0,0,0,0,0,0,0
vp_36607_case_005,11,20,30,13.86861313868613,초반,0,0,0,0,0,0,0,1.0,0,0,0,0,0,0,0,0,0,0,0,0,0
vp_36607_case_005,16,25,35,17.51824817518248,초반,0,0,0,0,0,0,0,0.7,0,0,0,0,0,0,0,0,0,0,0,0,0
vp_36607_case_005,21,30,40,21.16788321167883,초반,0,0,0,0,0,0,0,0.2,0,0,0,0,0,0,0,0,0,0,0,0,0
vp_36607_case_005,26,35,45,24.817518248175183,초반,0,0,0,0,0,0,0,0.4,0,0,0,0,0,0,0,0,0,0,0,0,0
vp_36607_case_005,31,40,50,28.467153284671532,초반,0,0,1,1,0,0,0,0.8,0,0,0,0,0,0,0,0,0,0,1,0,1
vp_36607_case_005,36,45,55,32.11678832116788,초반,0,0,1,1,0,1,0,0.7,0,0,0,0,1,0,0,0,0,0,1,0,2
vp_36607_case_005,41,50,60,35.76642335766424,중반,1,1,1,1,0,1,0,0.7,0,0,0,1,1,0,0,0,0,0,1,0,3
vp_36607_case_005,46,55,65,39.416058394160586,중반,3,3,3,3,0,0,0,0.9,0,0,0,1,0,0,1,1,0,0,1,0,4
vp_36607_case_005,51,60,70,43.06569343065693,중반,2,2,3,3,0,0,0,1.0,0,0,0,1,0,0,1,1,0,0,1,0,4
vp_36607_case_005,56,65,75,46.715328467153284,중반,1,1,1,1,0,0,0,1.0,0,0,0,1,0,0,0,0,0,0,1,0,2
vp_36607_case_005,61,70,80,50.36496350364964,중반,1,1,2,2,0,0,0,1.0,0,0,0,1,0,0,1,0,0,0,1,0,3
vp_36607_case_005,66,75,85,54.01459854014598,중반,1,1,3,3,0,0,0,1.0,0,0,0,1,0,0,1,1,0,0,1,0,4
vp_36607_case_005,71,80,90,57.66423357664233,중반,1,1,1,1,0,0,0,1.0,0,0,0,1,0,0,0,1,0,0,0,0,2
vp_36607_case_005,76,85,95,61.31386861313869,중반,0,0,1,1,0,0,0,1.0,0,0,0,0,0,0,0,0,0,0,1,0,1
vp_36607_case_005,81,90,100,64.96350364963503,중반,0,0,1,1,0,0,0,0.5,0,0,0,0,0,0,0,0,0,0,1,0,1
vp_36607_case_005,86,95,105,68.61313868613139,후반,0,0,1,1,0,0,0,0.5,0,0,0,0,0,0,0,0,0,0,1,0,1
vp_36607_case_005,91,100,110,72.26277372262774,후반,0,0,1,1,0,0,0,1.0,0,0,0,0,0,0,0,0,0,0,1,0,1
vp_36607_case_005,96,105,115,75.91240875912408,후반,0,0,2,1,0,0,0,0.9,0,0,0,0,0,0,0,0,0,0,1,0,1
vp_36607_case_005,101,110,120,79.56204379562044,후반,0,0,2,1,0,0,0,0.9,0,0,0,0,0,0,0,0,0,0,1,0,1
vp_36607_case_005,106,115,125,83.21167883211679,후반,0,0,2,2,0,0,0,1.0,0,0,0,0,0,0,1,0,0,0,1,0,2
vp_36607_case_005,111,120,130,86.86131386861314,후반,0,0,2,2,0,0,0,0.9,0,0,0,0,0,0,1,0,0,0,1,0,2
vp_36607_case_005,116,125,135,90.51094890510949,후반,0,0,2,1,0,0,0,0.9,0,0,0,0,0,0,0,0,0,0,0,0,0
vp_36607_case_005,121,130,138,94.16058394160584,후반,0,0,2,1,0,0,0,1.0,0,0,0,0,0,0,0,0,0,0,0,0,0
vp_36607_case_005,126,135,138,97.8102189781022,후반,0,0,0,0,0,0,0,1.0,0,0,0,0,0,0,0,0,0,0,0,0,0
vp_36607_case_006,1,10,20,5.357142857142857,초반,0,0,0,0,0,0,0,0.8,0,0,0,0,0,0,0,0,0,0,0,0,0
vp_36607_case_006,6,15,25,8.333333333333332,초반,0,0,0,0,0,0,0,0.8,0,0,0,0,0,0,0,0,0,0,0,0,0
vp_36607_case_006,11,20,30,11.30952380952381,초반,0,0,0,0,0,0,0,0.7,0,0,0,0,0,0,0,0,0,0,0,0,0
vp_36607_case_006,16,25,35,14.285714285714285,초반,0,0,0,0,0,0,0,0.3,0,0,0,0,0,0,0,0,0,0,0,0,0
vp_36607_case_006,21,30,40,17.261904761904763,초반,0,0,0,0,0,0,0,0.1,0,0,0,0,0,0,0,0,0,0,0,0,0
vp_36607_case_006,26,35,45,20.238095238095237,초반,0,0,0,0,0,0,0,0.3,0,0,0,0,0,0,0,0,0,0,0,0,0
vp_36607_case_006,31,40,50,23.214285714285715,초반,0,0,0,0,0,0,0,0.6,0,0,0,0,0,0,0,0,0,0,0,0,0
vp_36607_case_006,36,45,55,26.190476190476193,초반,0,0,0,0,0,0,0,0.7,0,0,0,0,0,0,0,0,0,0,0,0,0
vp_36607_case_006,41,50,60,29.166666666666668,초반,0,0,1,1,0,0,0,0.7,0,0,0,0,0,0,0,1,0,0,0,0,1
vp_36607_case_006,46,55,65,32.142857142857146,초반,0,0,1,1,0,0,0,0.8,0,0,0,0,0,0,0,1,0,0,0,0,1
vp_36607_case_006,51,60,70,35.11904761904761,중반,0,0,0,0,0,0,0,0.8,0,0,0,0,0,0,0,0,0,0,0,0,0
vp_36607_case_006,56,65,75,38.095238095238095,중반,0,0,0,0,0,0,0,0.6,0,0,0,0,0,0,0,0,0,0,0,0,0
vp_36607_case_006,61,70,80,41.07142857142857,중반,0,0,0,0,0,0,0,0.2,0,0,0,0,0,0,0,0,0,0,0,0,0
vp_36607_case_006,66,75,85,44.047619047619044,중반,0,0,0,0,0,0,0,0.1,0,0,0,0,0,0,0,0,0,0,0,0,0
vp_36607_case_006,71,80,90,47.023809523809526,중반,0,0,1,1,0,0,0,0.5,0,0,0,0,0,0,0,0,0,0,1,0,1
vp_36607_case_006,76,85,95,50.0,중반,3,3,2,2,0,0,0,0.8,0,0,0,1,0,0,1,0,0,0,1,0,3
vp_36607_case_006,81,90,100,52.976190476190474,중반,4,4,1,1,0,0,0,0.9,0,0,0,1,0,0,1,0,0,0,0,0,2
vp_36607_case_006,86,95,105,55.952380952380956,중반,1,1,0,0,0,0,0,1.0,0,0,0,1,0,0,0,0,0,0,0,0,1
vp_36607_case_006,91,100,110,58.92857142857143,중반,0,0,1,1,0,0,0,0.8,0,0,0,0,0,0,0,0,0,0,1,0,1
vp_36607_case_006,96,105,115,61.904761904761905,중반,0,0,2,2,0,0,0,0.7,0,0,0,0,0,0,0,1,0,0,1,0,2
vp_36607_case_006,101,110,120,64.88095238095238,중반,0,0,1,1,0,0,1,0.6,0,0,0,0,0,1,0,1,0,0,0,0,2
vp_36607_case_006,106,115,125,67.85714285714286,후반,0,0,0,0,0,0,1,0.7,0,0,0,0,0,1,0,0,0,0,0,0,1
vp_36607_case_006,111,120,130,70.83333333333334,후반,0,0,0,0,0,0,0,1.0,0,0,0,0,0,0,0,0,0,0,0,0,0
vp_36607_case_006,116,125,135,73.80952380952381,후반,0,0,1,1,0,0,0,1.0,0,0,0,0,0,0,0,0,0,0,0,0,0
vp_36607_case_006,121,130,140,76.78571428571429,후반,0,0,1,1,0,0,0,0.8,0,0,0,0,0,0,0,0,0,0,0,0,0
vp_36607_case_006,126,135,145,79.76190476190477,후반,0,0,0,0,0,0,0,0.4,0,0,0,0,0,0,0,0,0,0,0,0,0
vp_36607_case_006,131,140,150,82.73809523809523,후반,0,0,0,0,0,0,0,0.5,0,0,0,0,0,0,0,0,0,0,0,0,0
vp_36607_case_006,136,145,155,85.71428571428571,후반,0,0,0,0,0,0,0,0.7,0,0,0,0,0,0,0,0,0,0,0,0,0
vp_36607_case_006,141,150,160,88.69047619047619,후반,0,0,0,0,0,0,0,0.8,0,0,0,0,0,0,0,0,0,0,0,0,0
vp_36607_case_006,146,155,165,91.66666666666666,후반,0,0,1,1,0,0,0,1.0,0,0,0,0,0,0,0,1,0,0,0,0,1
vp_36607_case_006,151,160,169,94.64285714285714,후반,0,0,1,1,0,0,0,0.8,0,0,0,0,0,0,0,1,0,0,0,0,1
vp_36607_case_006,156,165,169,97.61904761904762,후반,0,0,1,1,0,0,0,0.5,0,0,0,0,0,0,0,1,0,0,0,0,1
vp_36607_case_007,1,10,20,25.71428571428571,초반,0,0,0,0,0,0,0,0.9,0,0,0,0,0,0,0,0,0,0,0,0,0
vp_36607_case_007,6,15,25,40.0,중반,0,0,0,0,0,0,0,0.8,0,0,0,0,0,0,0,0,0,0,0,0,0
vp_36607_case_007,11,20,30,54.285714285714285,중반,0,0,0,0,0,0,0,0.9,0,0,0,0,0,0,0,0,0,0,0,0,0
vp_36607_case_007,16,25,35,68.57142857142857,후반,0,0,2,2,0,0,0,0.9,0,0,0,0,0,0,0,1,0,0,1,0,2
vp_36607_case_007,21,30,36,82.85714285714286,후반,3,3,5,3,0,0,0,0.9,0,0,0,1,0,0,1,1,0,0,1,0,4
vp_36607_case_007,26,35,36,97.14285714285714,후반,3,3,4,2,0,0,0,0.8,0,0,0,1,0,0,1,0,0,0,1,0,3
vp_36608_case_001,1,10,20,20.454545454545457,초반,0,0,4,2,1,3,0,0.7,1,0,0,0,1,0,0,0,0,0,1,0,2
vp_36608_case_001,6,15,25,31.818181818181817,초반,0,0,5,3,0,3,0,0.7,0,0,0,0,1,0,0,0,0,1,1,0,3
vp_36608_case_001,11,20,30,43.18181818181818,중반,0,0,7,3,0,2,0,0.8,0,0,0,0,1,0,0,1,0,1,1,0,4
vp_36608_case_001,16,25,35,54.54545454545454,중반,4,4,9,4,0,0,0,1.0,0,0,0,1,0,0,1,1,0,1,1,0,5
vp_36608_case_001,21,30,40,65.9090909090909,중반,4,4,7,4,0,1,0,0.9,0,0,0,1,1,0,1,0,0,1,1,0,5
vp_36608_case_001,26,35,45,77.27272727272727,후반,1,1,6,4,0,1,0,0.8,0,0,0,1,1,0,1,0,0,1,1,0,5
vp_36608_case_001,31,40,45,88.63636363636364,후반,1,1,3,2,0,2,1,0.6,0,0,0,1,1,1,1,0,0,0,1,0,5
vp_36609_case_001,1,10,20,22.5,초반,0,0,5,2,3,1,0,0.8,3,0,0,0,1,0,0,1,0,0,0,1,3
vp_36609_case_001,6,15,25,35.0,중반,1,1,3,2,2,1,0,0.7,2,0,0,1,1,0,1,0,0,0,0,1,4
vp_36609_case_001,11,20,30,47.5,중반,1,1,3,2,0,0,0,0.8,0,0,0,1,0,0,1,0,0,0,1,0,3
vp_36609_case_001,16,25,35,60.0,중반,0,0,1,1,0,2,0,0.7,0,0,0,0,1,0,0,0,0,0,1,0,2
vp_36609_case_001,21,30,40,72.5,후반,0,0,0,0,0,2,0,0.7,0,0,0,0,1,0,0,0,0,0,0,0,1
vp_36609_case_001,26,35,41,85.0,후반,0,0,1,1,0,0,0,0.8,0,0,0,0,0,0,0,0,0,0,1,0,1
vp_36609_case_001,31,40,41,97.5,후반,0,0,1,1,0,0,0,0.9,0,0,0,0,0,0,0,0,0,0,1,0,1
vp_36609_case_002,1,10,20,42.857142857142854,중반,0,0,4,3,1,0,0,1.0,1,0,0,0,0,0,0,1,0,0,1,0,2
vp_36609_case_002,6,15,22,66.66666666666666,후반,0,0,4,3,1,2,0,0.7,1,0,0,0,1,0,0,1,0,0,1,0,3
vp_36609_case_002,11,20,22,90.47619047619048,후반,2,2,4,3,0,2,0,0.4,0,0,0,1,1,0,1,0,0,0,1,0,4
vp_36610_case_002,1,14,26,29.03225806451613,초반,0,0,5,2,2,0,0,1.0,2,0,0,0,0,0,0,1,0,0,1,0,2
vp_36610_case_002,8,19,33,45.16129032258064,중반,0,0,0,0,0,0,0,1.0,0,0,0,0,0,0,0,0,0,0,0,0,0
vp_36610_case_002,15,26,40,61.29032258064516,중반,1,1,1,1,0,0,0,1.0,0,0,0,1,0,0,1,0,0,0,0,0,2
vp_36610_case_002,20,33,42,77.41935483870968,후반,1,1,2,2,0,0,0,1.0,0,1,1,1,0,0,1,0,0,0,1,0,3
vp_36610_case_002,27,40,42,93.54838709677419,후반,2,1,2,2,0,0,0,1.0,0,1,1,1,0,0,0,0,0,1,1,0,3
vp_36610_case_003,1,10,12,81.81818181818183,후반,2,2,8,3,1,0,0,1.0,1,0,0,1,0,0,0,1,0,1,1,0,4
vp_36610_case_004,1,12,25,29.03225806451613,초반,0,0,1,1,1,0,0,1.0,1,2,1,0,0,0,0,0,0,0,1,0,1
vp_36610_case_004,6,20,32,45.16129032258064,중반,1,1,2,2,2,0,0,1.0,2,1,1,1,0,0,0,1,0,0,1,0,3
vp_36610_case_004,13,25,39,61.29032258064516,중반,1,1,1,1,2,0,0,1.0,2,0,0,1,0,0,0,1,0,0,0,0,2
vp_36610_case_004,21,32,43,77.41935483870968,후반,0,0,4,2,1,0,0,1.0,1,0,0,0,0,0,0,1,0,0,0,0,1
vp_36610_case_004,27,39,43,93.54838709677419,후반,0,0,5,2,0,0,0,1.0,0,0,0,0,0,0,0,1,0,0,0,0,1
vp_36611_case_001,1,10,20,17.647058823529413,초반,1,1,3,2,0,2,1,0.6,0,0,0,1,1,1,1,1,0,0,0,0,5
vp_36611_case_001,6,15,25,27.450980392156865,초반,0,0,2,2,0,3,1,0.5,0,0,0,0,1,1,1,1,0,0,0,0,4
vp_36611_case_001,11,20,30,37.254901960784316,중반,0,0,1,1,0,3,1,0.6,0,0,0,0,1,1,0,0,0,0,0,0,2
vp_36611_case_001,16,25,35,47.05882352941176,중반,0,0,3,1,0,1,1,0.7,0,0,0,0,1,1,0,0,0,0,0,0,2
vp_36611_case_001,21,30,40,56.86274509803921,중반,0,0,4,2,0,0,1,0.6,0,0,0,0,0,1,0,0,0,0,1,0,2
vp_36611_case_001,26,35,45,66.66666666666666,후반,0,0,2,1,0,1,2,0.5,0,0,0,0,1,1,0,0,0,0,1,0,3
vp_36611_case_001,31,40,50,76.47058823529412,후반,0,0,0,0,0,1,2,0.5,0,0,0,0,1,1,0,0,0,0,0,0,2
vp_36611_case_001,36,45,52,86.27450980392157,후반,0,0,0,0,0,0,0,0.7,0,0,0,0,0,0,0,0,0,0,0,0,0
vp_36611_case_001,41,50,52,96.07843137254902,후반,0,0,0,0,0,1,0,0.7,0,0,0,0,1,0,0,0,0,0,0,0,1
vp_36613_case_001,1,10,20,8.108108108108109,초반,0,0,4,2,0,0,3,0.6,0,0,0,0,0,1,0,1,0,1,0,0,3
vp_36613_case_001,6,15,25,12.612612612612612,초반,0,0,1,1,0,0,3,0.5,0,0,0,0,0,1,0,1,0,0,0,0,2
vp_36613_case_001,11,20,30,17.117117117117118,초반,0,0,2,1,0,1,0,0.6,0,0,0,0,1,0,0,1,0,0,0,0,2
vp_36613_case_001,16,25,35,21.62162162162162,초반,0,0,4,1,0,1,0,0.8,0,0,0,0,1,0,0,1,0,0,0,0,2
vp_36613_case_001,21,30,40,26.126126126126124,초반,0,0,5,1,0,0,0,1.0,0,0,0,0,0,0,0,1,0,0,0,0,1
vp_36613_case_001,26,35,45,30.630630630630627,초반,0,0,2,1,0,0,0,0.9,0,0,0,0,0,0,0,1,0,0,0,0,1
vp_36613_case_001,31,40,50,35.13513513513514,중반,0,0,0,0,0,0,0,0.8,0,0,0,0,0,0,0,0,0,0,0,0,0
vp_36613_case_001,36,45,55,39.63963963963964,중반,0,0,2,1,0,0,0,0.9,0,0,0,0,0,0,0,1,0,0,0,0,1
vp_36613_case_001,41,50,60,44.14414414414414,중반,2,2,3,2,0,0,0,1.0,0,0,0,1,0,0,1,1,0,0,0,0,3
vp_36613_case_001,46,55,65,48.64864864864865,중반,2,2,3,3,0,0,0,1.0,0,0,0,1,0,0,1,1,0,0,1,0,4
vp_36613_case_001,51,60,70,53.153153153153156,중반,0,0,2,2,0,0,0,1.0,0,0,0,0,0,0,0,1,0,0,1,0,2
vp_36613_case_001,56,65,75,57.65765765765766,중반,0,0,0,0,0,0,0,1.0,0,0,0,0,0,0,0,0,0,0,0,0,0
vp_36613_case_001,61,70,80,62.16216216216216,중반,0,0,0,0,0,1,0,0.7,0,0,0,0,1,0,0,0,0,0,0,0,1
vp_36613_case_001,66,75,85,66.66666666666666,후반,0,0,0,0,0,1,0,0.4,0,0,0,0,1,0,0,0,0,0,0,0,1
vp_36613_case_001,71,80,90,71.17117117117117,후반,0,0,0,0,0,0,0,0.5,0,0,0,0,0,0,0,0,0,0,0,0,0
vp_36613_case_001,76,85,95,75.67567567567568,후반,0,0,0,0,0,0,0,0.5,0,0,0,0,0,0,0,0,0,0,0,0,0
vp_36613_case_001,81,90,100,80.18018018018019,후반,0,0,0,0,0,0,0,0.5,0,0,0,0,0,0,0,0,0,0,0,0,0
vp_36613_case_001,86,95,105,84.68468468468468,후반,0,0,0,0,0,0,0,0.8,0,0,0,0,0,0,0,0,0,0,0,0,0
vp_36613_case_001,91,100,110,89.1891891891892,후반,0,0,0,0,0,0,0,1.0,0,0,0,0,0,0,0,0,0,0,0,0,0
vp_36613_case_001,96,105,112,93.69369369369369,후반,0,0,1,1,0,0,0,1.0,0,0,0,0,0,0,0,1,0,0,0,0,1
vp_36613_case_001,101,110,112,98.1981981981982,후반,0,0,1,1,0,0,0,0.9,0,0,0,0,0,0,0,1,0,0,0,0,1
vp_36613_case_002,1,10,20,8.737864077669903,초반,0,0,0,0,0,1,0,0.7,0,0,0,0,1,0,0,0,0,0,0,0,1
vp_36613_case_002,6,15,25,13.592233009708737,초반,0,0,1,1,0,1,0,0.4,0,0,0,0,1,0,0,1,0,0,0,0,2
vp_36613_case_002,11,20,30,18.446601941747574,초반,0,0,1,1,0,2,0,0.3,0,0,0,0,1,0,0,1,0,0,0,0,2
vp_36613_case_002,16,25,35,23.300970873786408,초반,0,0,0,0,0,1,0,0.4,0,0,0,0,1,0,0,0,0,0,0,0,1
vp_36613_case_002,21,30,40,28.155339805825243,초반,0,0,0,0,0,0,0,0.6,0,0,0,0,0,0,0,0,0,0,0,0,0
vp_36613_case_002,26,35,45,33.00970873786408,초반,0,0,1,1,0,0,0,0.7,0,0,0,0,0,0,0,1,0,0,0,0,1
vp_36613_case_002,31,40,50,37.86407766990291,중반,0,0,1,1,0,0,0,0.8,0,0,0,0,0,0,0,1,0,0,0,0,1
vp_36613_case_002,36,45,55,42.71844660194174,중반,0,0,0,0,0,0,0,1.0,0,0,0,0,0,0,0,0,0,0,0,0,0
vp_36613_case_002,41,50,60,47.57281553398058,중반,0,0,0,0,0,0,0,1.0,0,0,0,0,0,0,0,0,0,0,0,0,0
vp_36613_case_002,46,55,65,52.42718446601942,중반,1,1,1,1,0,0,0,0.9,0,0,0,1,0,0,0,1,0,0,0,0,2
vp_36613_case_002,51,60,70,57.28155339805825,중반,3,3,3,3,0,0,0,0.9,0,1,1,1,0,0,1,1,0,0,1,0,4
vp_36613_case_002,56,65,75,62.13592233009708,중반,3,3,4,3,0,0,0,1.0,0,1,1,1,0,0,1,1,0,0,1,0,4
vp_36613_case_002,61,70,80,66.99029126213593,후반,1,1,2,2,1,0,0,1.0,1,0,0,1,0,0,0,1,0,0,1,0,3
vp_36613_case_002,66,75,85,71.84466019417476,후반,0,0,0,0,1,0,0,1.0,1,0,0,0,0,0,0,0,0,0,0,0,0
vp_36613_case_002,71,80,90,76.69902912621359,후반,0,0,0,0,0,0,0,1.0,0,1,1,0,0,0,0,0,0,0,0,0,0
vp_36613_case_002,76,85,95,81.55339805825243,후반,0,0,1,1,0,0,0,1.0,0,1,1,0,0,0,0,1,0,0,0,0,1
vp_36613_case_002,81,90,100,86.40776699029125,후반,1,1,3,1,1,0,0,0.9,1,0,0,1,0,0,0,1,0,0,0,0,2
vp_36613_case_002,86,95,104,91.2621359223301,후반,1,1,2,1,1,0,0,0.8,1,0,0,1,0,0,0,1,0,0,0,0,2
vp_36613_case_002,91,100,104,96.11650485436894,후반,0,0,2,1,1,0,0,0.9,0,0,0,0,0,0,0,0,0,0,0,0,0
vp_36621_case_001,1,10,14,69.23076923076923,후반,0,0,2,1,1,0,0,1.0,1,0,0,0,0,0,0,0,0,0,0,0,0
vp_36626_case_001,1,10,20,40.909090909090914,중반,1,1,9,3,0,2,0,0.6,0,1,1,1,1,0,1,0,0,0,1,0,4
vp_36626_case_001,6,15,23,63.63636363636363,중반,1,1,5,3,1,2,0,0.6,1,0,0,1,1,0,1,0,0,0,1,0,4
vp_36626_case_001,11,20,23,86.36363636363636,후반,0,0,3,2,1,1,0,0.7,1,0,0,0,1,0,0,0,0,0,1,0,2
vp_36627_case_001,1,10,15,64.28571428571429,중반,2,1,6,3,2,0,0,0.9,2,0,0,1,0,0,1,1,0,0,1,0,4
vp_36628_case_001,1,10,20,45.0,중반,0,0,0,0,0,0,1,0.7,0,0,0,0,0,1,0,0,0,0,0,0,1
vp_36628_case_001,6,15,21,70.0,후반,1,1,1,1,0,1,1,0.6,0,0,0,1,1,1,0,1,0,0,0,0,4
vp_36628_case_001,11,20,21,95.0,후반,1,1,1,1,0,1,1,0.6,0,0,0,1,1,1,0,1,0,0,0,0,4
vp_36628_case_002,1,10,20,17.647058823529413,초반,0,0,1,1,0,2,0,0.6,0,0,0,0,1,0,0,1,0,0,0,0,2
vp_36628_case_002,6,15,25,27.450980392156865,초반,0,0,0,0,0,2,0,0.7,0,0,0,0,1,0,0,0,0,0,0,0,1
vp_36628_case_002,11,20,30,37.254901960784316,중반,1,1,1,1,0,0,0,0.8,0,0,0,1,0,0,0,1,0,0,0,0,2
vp_36628_case_002,16,25,35,47.05882352941176,중반,1,1,1,1,0,0,0,0.6,0,0,0,1,0,0,0,1,0,0,0,0,2
vp_36628_case_002,21,30,40,56.86274509803921,중반,0,0,0,0,0,0,0,0.5,0,0,0,0,0,0,0,0,0,0,0,0,0
vp_36628_case_002,26,35,45,66.66666666666666,후반,2,1,0,0,0,1,0,0.6,0,0,0,1,1,0,0,0,0,0,0,0,2
vp_36628_case_002,31,40,50,76.47058823529412,후반,2,1,0,0,0,1,0,0.7,0,0,0,1,1,0,0,0,0,0,0,0,2
vp_36628_case_002,36,45,52,86.27450980392157,후반,0,0,1,1,0,2,0,0.7,0,0,0,0,1,0,0,0,0,0,0,0,1
vp_36628_case_002,41,50,52,96.07843137254902,후반,0,0,2,2,0,2,0,0.8,0,0,0,0,1,0,0,1,0,0,0,0,2
vp_36629_case_001,1,10,12,81.81818181818183,후반,1,1,3,2,0,0,0,1.0,0,0,0,1,0,0,1,0,0,0,0,0,2
vp_36630_case_001,1,10,20,20.454545454545457,초반,1,1,1,1,0,1,0,0.7,0,1,1,1,1,0,0,1,0,0,0,0,3
vp_36630_case_001,6,15,25,31.818181818181817,초반,1,1,6,2,1,1,0,0.8,1,0,0,1,1,0,0,1,0,0,1,0,4
vp_36630_case_001,11,20,30,43.18181818181818,중반,2,1,6,2,1,1,0,0.8,1,0,0,1,1,0,0,1,0,0,1,0,4
vp_36630_case_001,16,25,35,54.54545454545454,중반,1,1,1,1,0,1,1,0.7,0,0,0,1,1,1,0,1,0,0,0,0,4
vp_36630_case_001,21,30,40,65.9090909090909,중반,0,0,1,1,0,1,2,0.6,0,0,0,0,1,1,0,1,0,0,0,0,3
vp_36630_case_001,26,35,45,77.27272727272727,후반,0,0,0,0,0,1,3,0.2,0,0,0,0,1,1,0,0,0,0,0,0,2
vp_36630_case_001,31,40,45,88.63636363636364,후반,0,0,1,1,0,1,2,0.3,0,0,0,0,1,1,0,1,0,0,0,0,3
vp_36633_case_001,1,10,20,12.32876712328767,초반,1,1,1,1,0,0,0,0.7,0,0,0,1,0,0,1,0,0,0,0,0,2
vp_36633_case_001,6,15,25,19.17808219178082,초반,1,1,1,1,0,0,0,0.9,0,0,0,1,0,0,1,0,0,0,0,0,2
vp_36633_case_001,11,20,30,26.027397260273972,초반,0,0,0,0,0,0,0,1.0,0,0,0,0,0,0,0,0,0,0,0,0,0
vp_36633_case_001,16,25,35,32.87671232876712,초반,0,0,3,2,0,0,0,1.0,0,0,0,0,0,0,0,1,0,0,1,0,2
vp_36633_case_001,21,30,40,39.726027397260275,중반,0,0,3,2,0,0,0,1.0,0,0,0,0,0,0,0,1,0,0,1,0,2
vp_36633_case_001,26,35,45,46.57534246575342,중반,0,0,0,0,0,0,0,1.0,0,0,0,0,0,0,0,0,0,0,0,0,0
vp_36633_case_001,31,40,50,53.42465753424658,중반,0,0,2,2,0,0,0,1.0,0,0,0,0,0,0,1,1,0,0,0,0,2
vp_36633_case_001,36,45,55,60.273972602739725,중반,0,0,2,2,0,0,0,1.0,0,0,0,0,0,0,1,1,0,0,0,0,2
vp_36633_case_001,41,50,60,67.12328767123287,후반,0,0,1,1,0,0,0,1.0,0,1,1,0,0,0,0,1,0,0,0,0,1
vp_36633_case_001,46,55,65,73.97260273972603,후반,0,0,2,1,0,0,0,0.9,0,1,1,0,0,0,0,1,0,0,0,0,1
vp_36633_case_001,51,60,70,80.82191780821918,후반,0,0,3,2,1,0,0,0.9,1,0,0,0,0,0,0,1,0,0,1,0,2
vp_36633_case_001,56,65,74,87.67123287671232,후반,0,0,2,2,1,0,0,0.8,1,1,1,0,0,0,0,1,0,0,1,0,2
vp_36633_case_001,61,70,74,94.52054794520548,후반,0,0,1,1,0,0,0,0.7,0,1,1,0,0,0,0,1,0,0,0,0,1
vp_36635_case_001,1,10,20,23.684210526315788,초반,1,1,3,3,0,1,0,0.8,0,0,0,1,1,0,0,1,0,1,1,0,5
vp_36635_case_001,6,15,25,36.84210526315789,중반,0,0,3,2,0,0,0,0.9,0,0,0,0,0,0,0,1,0,0,1,0,2
vp_36635_case_001,11,20,30,50.0,중반,1,1,5,3,0,0,0,0.8,0,0,0,1,0,0,1,1,0,0,1,0,4
vp_36635_case_001,16,25,35,63.1578947368421,중반,2,2,6,4,0,0,0,0.9,0,0,0,1,0,0,1,1,0,0,1,0,4
vp_36635_case_001,21,30,39,76.31578947368422,후반,1,1,3,2,0,1,0,0.7,0,0,0,1,1,0,0,1,0,0,0,0,3
vp_36635_case_001,26,35,39,89.47368421052632,후반,0,0,1,1,0,2,0,0.5,0,0,0,0,1,0,0,1,0,0,0,0,2
vp_36636_case_001,1,10,20,11.842105263157894,초반,4,3,8,3,0,0,0,0.9,0,0,0,1,0,0,1,1,0,0,1,0,4
vp_36636_case_001,6,15,25,18.421052631578945,초반,0,0,6,2,0,0,0,0.9,0,0,0,0,0,0,0,1,0,0,1,0,2
vp_36636_case_001,11,20,30,25.0,초반,0,0,6,2,0,0,0,1.0,0,0,0,0,0,0,1,0,0,0,1,0,2
vp_36636_case_001,16,25,35,31.57894736842105,초반,0,0,5,3,0,0,0,1.0,0,0,0,0,0,0,1,0,0,0,1,0,2
vp_36636_case_001,21,30,40,38.15789473684211,중반,0,0,2,2,0,0,0,0.9,0,0,0,0,0,0,1,0,0,0,0,0,1
vp_36636_case_001,26,35,45,44.73684210526316,중반,0,0,3,3,0,0,0,0.9,0,0,0,0,0,0,1,0,0,0,1,0,2
vp_36636_case_001,31,40,50,51.31578947368421,중반,0,0,3,2,0,0,0,1.0,0,0,0,0,0,0,0,0,0,0,1,0,1
vp_36636_case_001,36,45,55,57.89473684210527,중반,0,0,2,1,0,0,0,1.0,0,0,0,0,0,0,0,0,0,0,1,0,1
vp_36636_case_001,41,50,60,64.47368421052632,중반,0,0,3,2,0,0,1,0.8,0,0,0,0,0,1,0,0,0,0,1,0,2
vp_36636_case_001,46,55,65,71.05263157894737,후반,0,0,3,2,0,1,1,0.7,0,0,0,0,1,1,0,0,0,0,1,0,3
vp_36636_case_001,51,60,70,77.63157894736842,후반,0,0,2,2,0,1,0,0.9,0,0,0,0,1,0,0,0,0,0,1,0,2
vp_36636_case_001,56,65,75,84.21052631578947,후반,0,0,2,2,0,0,1,0.6,0,0,0,0,0,1,1,0,0,0,0,0,2
vp_36636_case_001,61,70,77,90.78947368421053,후반,0,0,1,1,0,0,1,0.3,0,0,0,0,0,1,1,0,0,0,0,0,2
vp_36636_case_001,66,75,77,97.36842105263158,후반,0,0,0,0,0,0,0,0.7,0,0,0,0,0,0,0,0,0,0,0,0,0
vp_36637_case_001,1,10,11,90.0,후반,4,3,4,3,0,0,2,0.7,0,0,0,1,0,1,1,1,0,0,0,0,4
vp_36638_case_001,1,10,20,9.090909090909092,초반,0,0,0,0,0,0,1,0.7,0,0,0,0,0,1,0,0,0,0,0,0,1
vp_36638_case_001,6,15,25,14.14141414141414,초반,0,0,0,0,0,0,1,0.7,0,0,0,0,0,1,0,0,0,0,0,0,1
vp_36638_case_001,11,20,30,19.19191919191919,초반,0,0,0,0,0,0,1,0.7,0,0,0,0,0,1,0,0,0,0,0,0,1
vp_36638_case_001,16,25,35,24.242424242424242,초반,0,0,0,0,0,0,0,0.7,0,1,1,0,0,0,0,0,0,0,0,0,0
vp_36638_case_001,21,30,40,29.292929292929294,초반,0,0,0,0,0,0,0,0.7,0,1,1,0,0,0,0,0,0,0,0,0,0
vp_36638_case_001,26,35,45,34.34343434343434,중반,0,0,1,1,1,0,0,0.9,1,2,1,0,0,0,0,0,0,0,1,0,1
vp_36638_case_001,31,40,50,39.39393939393939,중반,0,0,1,1,1,1,0,0.9,1,3,1,0,1,0,0,0,0,0,1,0,2
vp_36638_case_001,36,45,55,44.44444444444444,중반,0,0,2,1,2,1,0,0.9,2,1,1,0,1,0,0,0,0,0,1,0,2
vp_36638_case_001,41,50,60,49.494949494949495,중반,1,1,3,1,3,0,0,1.0,3,0,0,1,0,0,0,0,0,0,1,0,2
vp_36638_case_001,46,55,65,54.54545454545454,중반,2,2,2,2,1,0,0,1.0,1,0,0,1,0,0,1,0,0,0,1,0,3
vp_36638_case_001,51,60,70,59.59595959595959,중반,1,1,2,2,0,1,0,0.9,0,0,0,1,1,0,1,0,0,0,1,0,4
vp_36638_case_001,56,65,75,64.64646464646465,중반,0,0,3,2,0,1,0,0.9,0,0,0,0,1,0,0,1,0,0,1,0,3
vp_36638_case_001,61,70,80,69.6969696969697,후반,0,0,2,2,0,0,0,0.9,0,0,0,0,0,0,0,1,0,0,1,0,2
vp_36638_case_001,66,75,85,74.74747474747475,후반,0,0,0,0,0,1,0,0.7,0,0,0,0,1,0,0,0,0,0,0,0,1
vp_36638_case_001,71,80,90,79.7979797979798,후반,0,0,4,2,1,1,0,0.8,0,0,0,0,1,0,1,0,0,0,0,0,2
vp_36638_case_001,76,85,95,84.84848484848484,후반,0,0,4,2,1,2,0,0.8,0,0,0,0,1,0,1,0,0,0,0,0,2
vp_36638_case_001,81,90,100,89.8989898989899,후반,0,0,2,2,0,3,0,0.7,0,0,0,0,1,0,0,1,0,0,1,0,3
vp_36638_case_001,86,95,100,94.94949494949495,후반,0,0,2,2,0,2,0,0.8,0,0,0,0,1,0,0,1,0,0,1,0,3
vp_36638_case_002,1,10,20,4.568527918781726,초반,0,0,4,3,2,0,0,1.0,2,0,0,0,0,0,0,1,0,0,1,0,2
vp_36638_case_002,6,15,25,7.1065989847715745,초반,0,0,6,2,1,0,0,0.9,1,0,0,0,0,0,0,1,0,0,1,0,2
vp_36638_case_002,11,20,30,9.644670050761421,초반,0,0,3,2,0,2,0,0.7,0,0,0,0,1,0,0,1,0,0,1,0,3
vp_36638_case_002,16,25,35,12.18274111675127,초반,0,0,2,1,0,4,0,0.6,0,1,1,0,1,0,0,1,0,0,0,0,2
vp_36638_case_002,21,30,40,14.720812182741117,초반,0,0,4,1,0,2,0,0.8,0,1,1,0,1,0,0,1,0,0,0,0,2
vp_36638_case_002,26,35,45,17.258883248730964,초반,0,0,4,3,1,0,0,1.0,1,0,0,0,0,0,0,1,0,0,1,1,3
vp_36638_case_002,31,40,50,19.796954314720814,초반,0,0,3,2,1,0,0,0.8,1,1,1,0,0,0,0,0,0,0,1,1,2
vp_36638_case_002,36,45,55,22.33502538071066,초반,1,1,2,2,0,1,0,0.7,0,1,1,1,1,0,1,0,0,0,1,0,4
vp_36638_case_002,41,50,60,24.873096446700508,초반,1,1,2,2,1,1,0,0.9,1,0,0,1,1,0,1,0,0,0,1,0,4
vp_36638_case_002,46,55,65,27.411167512690355,초반,0,0,1,1,1,2,0,0.7,1,0,0,0,1,0,0,0,0,0,1,0,2
vp_36638_case_002,51,60,70,29.949238578680205,초반,0,0,1,1,0,3,0,0.5,0,0,0,0,1,0,0,0,0,0,1,0,2
vp_36638_case_002,56,65,75,32.48730964467005,초반,0,0,2,1,0,3,0,0.6,0,0,0,0,1,0,0,0,0,0,1,0,2
vp_36638_case_002,61,70,80,35.025380710659896,중반,0,0,1,1,0,2,0,0.7,0,0,0,0,1,0,0,0,0,0,1,0,2
vp_36638_case_002,66,75,85,37.56345177664975,중반,0,0,2,1,0,0,0,0.9,0,1,1,0,0,0,0,0,0,0,1,0,1
vp_36638_case_002,71,80,90,40.10152284263959,중반,1,1,2,1,0,0,0,0.9,0,1,1,1,0,0,0,0,0,0,1,0,2
vp_36638_case_002,76,85,95,42.63959390862944,중반,1,1,2,1,1,0,0,0.9,1,0,0,1,0,0,0,1,0,0,0,0,2
vp_36638_case_002,81,90,100,45.17766497461929,중반,0,0,3,2,1,0,0,0.9,1,0,0,0,0,0,0,1,0,0,1,0,2
vp_36638_case_002,86,95,105,47.71573604060914,중반,0,0,1,1,0,0,0,0.9,0,0,0,0,0,0,0,0,0,0,1,0,1
vp_36638_case_002,91,100,110,50.25380710659898,중반,0,0,0,0,0,1,0,0.9,0,0,0,0,1,0,0,0,0,0,0,0,1
vp_36638_case_002,96,105,115,52.79187817258884,중반,0,0,1,1,0,2,0,0.8,0,0,0,0,1,0,0,1,0,0,0,0,2
vp_36638_case_002,101,110,120,55.32994923857868,중반,0,0,1,1,0,2,0,0.8,0,0,0,0,1,0,0,1,0,0,0,0,2
vp_36638_case_002,106,115,125,57.868020304568525,중반,0,0,0,0,0,1,0,0.6,0,0,0,0,1,0,0,0,0,0,0,0,1
vp_36638_case_002,111,120,130,60.40609137055838,중반,0,0,0,0,0,1,0,0.4,0,0,0,0,1,0,0,0,0,0,0,0,1
vp_36638_case_002,116,125,135,62.944162436548226,중반,0,0,0,0,0,2,0,0.4,0,0,0,0,1,0,0,0,0,0,0,0,1
vp_36638_case_002,121,130,140,65.48223350253807,중반,0,0,0,0,0,2,0,0.2,0,0,0,0,1,0,0,0,0,0,0,0,1
vp_36638_case_002,126,135,145,68.02030456852792,후반,1,1,1,1,0,1,0,0.3,0,0,0,1,1,0,1,0,0,0,0,0,3
vp_36638_case_002,131,140,150,70.55837563451777,후반,1,1,4,2,0,1,0,0.7,0,0,0,1,1,0,1,0,0,0,0,0,3
vp_36638_case_002,136,145,155,73.09644670050761,후반,0,0,3,2,0,1,0,0.9,0,0,0,0,1,0,1,0,0,0,0,0,2
vp_36638_case_002,141,150,160,75.63451776649747,후반,0,0,0,0,0,1,0,0.7,0,0,0,0,1,0,0,0,0,0,0,0,1
vp_36638_case_002,146,155,165,78.1725888324873,후반,0,0,0,0,0,2,0,0.4,0,0,0,0,1,0,0,0,0,0,0,0,1
vp_36638_case_002,151,160,170,80.71065989847716,후반,0,0,5,2,0,2,0,0.6,0,0,0,0,1,0,0,0,0,0,1,0,2
vp_36638_case_002,156,165,175,83.24873096446701,후반,0,0,7,2,0,1,0,0.9,0,0,0,0,1,0,0,0,0,0,1,0,2
vp_36638_case_002,161,170,180,85.78680203045685,후반,0,0,3,2,0,0,0,0.8,0,0,0,0,0,0,0,0,0,0,1,0,1
vp_36638_case_002,166,175,185,88.3248730964467,후반,0,0,2,2,0,0,0,0.8,0,1,1,0,0,0,0,1,0,0,0,0,1
vp_36638_case_002,171,180,190,90.86294416243655,후반,0,0,1,1,0,0,0,0.9,0,1,1,0,0,0,0,1,0,0,0,0,1
vp_36638_case_002,176,185,195,93.4010152284264,후반,0,0,4,4,2,0,0,0.9,1,0,0,0,0,0,1,0,0,0,0,1,2
vp_36638_case_002,181,190,198,95.93908629441624,후반,0,0,5,5,2,0,0,1.0,1,0,0,0,0,0,1,0,0,0,1,1,3
vp_36638_case_002,186,195,198,98.47715736040608,후반,0,0,2,2,0,0,0,0.9,0,0,0,0,0,0,0,1,0,0,1,0,2
vp_36639_case_002,1,10,13,75.0,후반,2,2,8,3,2,0,0,1.0,2,0,0,1,0,0,0,1,0,0,1,0,3
vp_36640_case_002,1,10,19,50.0,중반,1,1,3,2,0,2,0,0.4,0,0,0,1,1,0,0,1,0,0,0,0,3
vp_36640_case_002,6,15,19,77.77777777777779,후반,1,1,3,2,0,2,0,0.7,0,0,0,1,1,0,0,1,0,0,0,0,3
vp_36640_case_003,1,10,18,52.94117647058824,중반,1,1,0,0,0,0,1,0.4,0,0,0,1,0,1,0,0,0,0,0,0,2
vp_36640_case_003,6,15,18,82.35294117647058,후반,1,1,0,0,0,0,1,0.5,0,0,0,1,0,1,0,0,0,0,0,0,2
vp_36641_case_001,1,10,20,4.017857142857143,초반,0,0,2,2,1,0,0,1.0,0,0,0,0,0,0,1,1,0,0,0,0,2
vp_36641_case_001,6,15,25,6.25,초반,0,0,3,2,0,0,0,1.0,0,0,0,0,0,0,1,1,0,0,0,0,2
vp_36641_case_001,11,20,30,8.482142857142858,초반,0,0,2,1,0,0,0,0.6,0,0,0,0,0,0,0,1,0,0,0,0,1
vp_36641_case_001,16,25,35,10.714285714285714,초반,0,0,3,3,0,0,0,0.5,0,0,0,0,0,0,0,1,0,1,1,0,3
vp_36641_case_001,21,30,40,12.946428571428573,초반,0,0,3,3,0,0,1,0.5,0,0,0,0,0,1,0,1,0,1,1,0,4
vp_36641_case_001,26,35,45,15.178571428571427,초반,0,0,2,1,0,0,1,0.6,0,0,0,0,0,1,0,1,0,0,0,0,2
vp_36641_case_001,31,40,50,17.410714285714285,초반,0,0,3,2,0,0,0,0.9,0,0,0,0,0,0,0,1,0,0,0,0,1
vp_36641_case_001,36,45,55,19.642857142857142,초반,0,0,1,1,0,0,0,0.4,0,0,0,0,0,0,0,0,0,0,0,0,0
vp_36641_case_001,41,50,60,21.875,초반,0,0,0,0,0,0,0,0.1,0,0,0,0,0,0,0,0,0,0,0,0,0
vp_36641_case_001,46,55,65,24.107142857142858,초반,0,0,0,0,0,0,0,0.5,0,0,0,0,0,0,0,0,0,0,0,0,0
vp_36641_case_001,51,60,70,26.339285714285715,초반,0,0,0,0,0,0,0,0.9,0,0,0,0,0,0,0,0,0,0,0,0,0
vp_36641_case_001,56,65,75,28.57142857142857,초반,0,0,0,0,0,0,0,1.0,0,0,0,0,0,0,0,0,0,0,0,0,0
vp_36641_case_001,61,70,80,30.80357142857143,초반,0,0,0,0,0,0,0,1.0,0,0,0,0,0,0,0,0,0,0,0,0,0
vp_36641_case_001,66,75,85,33.035714285714285,초반,0,0,0,0,0,0,0,1.0,0,0,0,0,0,0,0,0,0,0,0,0,0
vp_36641_case_001,71,80,90,35.267857142857146,중반,0,0,1,1,0,0,0,1.0,0,0,0,0,0,0,0,1,0,0,0,0,1
vp_36641_case_001,76,85,95,37.5,중반,0,0,1,1,0,0,0,1.0,0,0,0,0,0,0,0,1,0,0,0,0,1
vp_36641_case_001,81,90,100,39.732142857142854,중반,0,0,2,1,0,0,0,0.9,0,0,0,0,0,0,0,0,0,0,1,0,1
vp_36641_case_001,86,95,105,41.964285714285715,중반,0,0,2,1,0,0,0,0.9,0,1,1,0,0,0,0,0,0,0,1,0,1
vp_36641_case_001,91,100,110,44.19642857142857,중반,0,0,0,0,0,0,0,1.0,0,1,1,0,0,0,0,0,0,0,0,0,0
vp_36641_case_001,96,105,115,46.42857142857143,중반,0,0,3,2,1,0,0,0.9,1,0,0,0,0,0,1,0,0,0,1,0,2
vp_36641_case_001,101,110,120,48.660714285714285,중반,0,0,4,2,1,0,0,0.9,1,0,0,0,0,0,1,0,0,0,1,0,2
vp_36641_case_001,106,115,125,50.89285714285714,중반,0,0,3,2,0,0,0,1.0,0,0,0,0,0,0,0,1,0,0,1,0,2
vp_36641_case_001,111,120,130,53.125,중반,0,0,2,1,0,0,0,0.7,0,0,0,0,0,0,0,1,0,0,0,0,1
vp_36641_case_001,116,125,135,55.35714285714286,중반,0,0,0,0,0,0,0,0.2,0,0,0,0,0,0,0,0,0,0,0,0,0
vp_36641_case_001,121,130,140,57.58928571428571,중반,0,0,1,1,0,0,0,0.5,0,0,0,0,0,0,0,1,0,0,0,0,1
vp_36641_case_001,126,135,145,59.82142857142857,중반,0,0,2,2,0,0,0,1.0,0,0,0,0,0,0,1,1,0,0,0,0,2
vp_36641_case_001,131,140,150,62.05357142857143,중반,0,0,2,2,0,0,0,0.9,0,0,0,0,0,0,1,1,0,0,0,0,2
vp_36641_case_001,136,145,155,64.28571428571429,중반,0,0,1,1,0,0,0,0.8,0,0,0,0,0,0,0,1,0,0,0,0,1
vp_36641_case_001,141,150,160,66.51785714285714,중반,0,0,0,0,0,0,0,0.9,0,0,0,0,0,0,0,0,0,0,0,0,0
vp_36641_case_001,146,155,165,68.75,후반,0,0,0,0,0,0,0,1.0,0,0,0,0,0,0,0,0,0,0,0,0,0
vp_36641_case_001,151,160,170,70.98214285714286,후반,0,0,0,0,0,0,0,1.0,0,0,0,0,0,0,0,0,0,0,0,0,0
vp_36641_case_001,156,165,175,73.21428571428571,후반,0,0,0,0,0,0,0,0.5,0,0,0,0,0,0,0,0,0,0,0,0,0
vp_36641_case_001,161,170,180,75.44642857142857,후반,0,0,0,0,0,1,0,0.2,0,0,0,0,1,0,0,0,0,0,0,0,1
vp_36641_case_001,166,175,185,77.67857142857143,후반,0,0,0,0,0,1,0,0.6,0,0,0,0,1,0,0,0,0,0,0,0,1
vp_36641_case_001,171,180,190,79.91071428571429,후반,0,0,2,1,0,0,0,0.9,0,0,0,0,0,0,0,0,0,0,0,0,0
vp_36641_case_001,176,185,195,82.14285714285714,후반,0,0,2,1,0,0,0,0.6,0,0,0,0,0,0,0,0,0,0,0,0,0
vp_36641_case_001,181,190,200,84.375,후반,0,0,2,1,0,0,0,0.6,0,0,0,0,0,0,0,1,0,0,0,0,1
vp_36641_case_001,186,195,205,86.60714285714286,후반,0,0,3,2,0,0,0,1.0,0,0,0,0,0,0,0,1,0,0,1,0,2
vp_36641_case_001,191,200,210,88.83928571428571,후반,0,0,1,1,0,0,0,0.9,0,0,0,0,0,0,0,0,0,0,1,0,1
vp_36641_case_001,196,205,215,91.07142857142857,후반,0,0,0,0,0,0,0,0.9,0,0,0,0,0,0,0,0,0,0,0,0,0
vp_36641_case_001,201,210,220,93.30357142857143,후반,0,0,0,0,0,0,0,1.0,0,0,0,0,0,0,0,0,0,0,0,0,0
vp_36641_case_001,206,215,225,95.53571428571429,후반,0,0,0,0,0,0,0,1.0,0,0,0,0,0,0,0,0,0,0,0,0,0
vp_36641_case_001,211,220,225,97.76785714285714,후반,0,0,0,0,0,0,0,0.9,0,0,0,0,0,0,0,0,0,0,0,0,0
vp_36644_case_001,1,10,20,5.056179775280898,초반,2,1,2,1,0,1,0,0.6,0,0,0,1,1,0,1,0,0,0,0,0,3
vp_36644_case_001,6,15,25,7.865168539325842,초반,1,1,1,1,0,1,0,0.5,0,0,0,1,1,0,1,0,0,0,0,0,3
vp_36644_case_001,11,20,30,10.674157303370785,초반,0,0,0,0,0,1,0,0.3,0,0,0,0,1,0,0,0,0,0,0,0,1
vp_36644_case_001,16,25,35,13.48314606741573,초반,0,0,1,1,0,1,0,0.3,0,0,0,0,1,0,0,1,0,0,0,0,2
vp_36644_case_001,21,30,40,16.292134831460675,초반,0,0,1,1,0,0,0,0.4,0,0,0,0,0,0,0,1,0,0,0,0,1
vp_36644_case_001,26,35,45,19.101123595505616,초반,0,0,0,0,0,1,0,0.2,0,0,0,0,1,0,0,0,0,0,0,0,1
vp_36644_case_001,31,40,50,21.910112359550563,초반,0,0,0,0,0,1,0,0.3,0,0,0,0,1,0,0,0,0,0,0,0,1
vp_36644_case_001,36,45,55,24.719101123595504,초반,0,0,0,0,0,0,0,0.7,0,0,0,0,0,0,0,0,0,0,0,0,0
vp_36644_case_001,41,50,60,27.52808988764045,초반,0,0,0,0,0,0,0,0.5,0,0,0,0,0,0,0,0,0,0,0,0,0
vp_36644_case_001,46,55,65,30.337078651685395,초반,0,0,0,0,0,0,0,0.1,0,0,0,0,0,0,0,0,0,0,0,0,0
vp_36644_case_001,51,60,70,33.146067415730336,초반,0,0,0,0,0,2,0,0.4,0,0,0,0,1,0,0,0,0,0,0,0,1
vp_36644_case_001,56,65,75,35.95505617977528,중반,0,0,0,0,0,2,0,0.6,0,0,0,0,1,0,0,0,0,0,0,0,1
vp_36644_case_001,61,70,80,38.764044943820224,중반,0,0,0,0,0,0,0,0.7,0,0,0,0,0,0,0,0,0,0,0,0,0
vp_36644_case_001,66,75,85,41.57303370786517,중반,0,0,0,0,0,1,0,0.5,0,0,0,0,1,0,0,0,0,0,0,0,1
vp_36644_case_001,71,80,90,44.38202247191011,중반,0,0,0,0,0,1,0,0.6,0,0,0,0,1,0,0,0,0,0,0,0,1
vp_36644_case_001,76,85,95,47.19101123595505,중반,0,0,1,1,0,0,0,0.9,0,0,0,0,0,0,0,0,0,0,1,0,1
vp_36644_case_001,81,90,100,50.0,중반,1,1,2,1,0,0,0,0.7,0,0,0,1,0,0,0,0,0,0,1,0,2
vp_36644_case_001,86,95,105,52.80898876404494,중반,1,1,2,2,0,1,0,0.6,0,0,0,1,1,0,0,1,0,0,1,0,4
vp_36644_case_001,91,100,110,55.61797752808989,중반,0,0,2,1,0,1,0,0.7,0,0,0,0,1,0,0,1,0,0,0,0,2
vp_36644_case_001,96,105,115,58.42696629213483,중반,0,0,2,2,0,0,0,0.7,0,0,0,0,0,0,0,1,0,0,1,0,2
vp_36644_case_001,101,110,120,61.23595505617978,중반,1,1,1,1,0,1,0,0.6,0,0,0,1,1,0,0,0,0,0,1,0,3
vp_36644_case_001,106,115,125,64.04494382022472,중반,1,1,1,1,0,1,0,0.8,0,0,0,1,1,0,0,1,0,0,0,0,3
vp_36644_case_001,111,120,130,66.85393258426966,후반,0,0,1,1,0,0,0,0.8,0,0,0,0,0,0,0,1,0,0,0,0,1
vp_36644_case_001,116,125,135,69.66292134831461,후반,1,1,0,0,0,0,0,0.8,0,0,0,1,0,0,0,0,0,0,0,0,1
vp_36644_case_001,121,130,140,72.47191011235955,후반,1,1,3,2,0,0,0,1.0,0,0,0,1,0,0,0,1,0,0,0,0,2
vp_36644_case_001,126,135,145,75.28089887640449,후반,0,0,3,2,0,0,0,0.6,0,0,0,0,0,0,0,1,0,0,0,0,1
vp_36644_case_001,131,140,150,78.08988764044943,후반,0,0,0,0,0,0,0,0.3,0,1,1,0,0,0,0,0,0,0,0,0,0
vp_36644_case_001,136,145,155,80.89887640449437,후반,0,0,0,0,0,0,0,0.5,0,1,1,0,0,0,0,0,0,0,0,0,0
vp_36644_case_001,141,150,160,83.70786516853933,후반,0,0,1,1,1,0,0,0.7,1,0,0,0,0,0,0,0,0,0,0,1,1
vp_36644_case_001,146,155,165,86.51685393258427,후반,0,0,1,1,1,0,0,0.7,1,0,0,0,0,0,0,0,0,0,0,1,1
vp_36644_case_001,151,160,170,89.32584269662921,후반,0,0,0,0,0,0,0,0.7,0,0,0,0,0,0,0,0,0,0,0,0,0
vp_36644_case_001,156,165,175,92.13483146067416,후반,0,0,0,0,0,0,0,0.7,0,0,0,0,0,0,0,0,0,0,0,0,0
vp_36644_case_001,161,170,179,94.9438202247191,후반,0,0,0,0,0,0,0,0.4,0,0,0,0,0,0,0,0,0,0,0,0,0
vp_36644_case_001,166,175,179,97.75280898876404,후반,0,0,0,0,0,0,0,0.5,0,0,0,0,0,0,0,0,0,0,0,0,0
vp_36645_case_001,1,10,20,11.688311688311687,초반,1,1,6,4,0,2,0,0.8,0,1,1,1,1,0,1,1,0,0,1,0,5
vp_36645_case_001,6,15,25,18.181818181818183,초반,0,0,2,1,1,2,0,0.7,1,0,0,0,1,0,0,0,0,0,1,0,2
vp_36645_case_001,11,20,30,24.675324675324674,초반,0,0,1,1,1,1,1,0.7,1,0,0,0,1,1,0,0,0,0,1,0,3
vp_36645_case_001,16,25,35,31.16883116883117,초반,0,0,2,2,0,1,1,0.7,0,0,0,0,1,1,0,1,0,0,1,0,4
vp_36645_case_001,21,30,40,37.66233766233766,중반,0,0,2,2,0,0,0,0.8,0,0,0,0,0,0,0,1,0,0,1,0,2
vp_36645_case_001,26,35,45,44.15584415584416,중반,0,0,0,0,0,0,0,0.9,0,0,0,0,0,0,0,0,0,0,0,0,0
vp_36645_case_001,31,40,50,50.649350649350644,중반,0,0,0,0,0,2,0,0.8,0,0,0,0,1,0,0,0,0,0,0,0,1
vp_36645_case_001,36,45,55,57.14285714285714,중반,0,0,2,2,0,2,0,0.7,0,0,0,0,1,0,0,1,0,0,1,0,3
vp_36645_case_001,41,50,60,63.63636363636363,중반,0,0,2,2,0,0,0,0.6,0,0,0,0,0,0,0,1,0,0,1,0,2
vp_36645_case_001,46,55,65,70.12987012987013,후반,0,0,0,0,0,0,0,0.4,0,0,0,0,0,0,0,0,0,0,0,0,0
vp_36645_case_001,51,60,70,76.62337662337663,후반,1,1,1,1,0,0,0,0.7,0,0,0,1,0,0,1,0,0,0,0,0,2
vp_36645_case_001,56,65,75,83.11688311688312,후반,1,1,1,1,0,0,0,1.0,0,0,0,1,0,0,1,0,0,0,0,0,2
vp_36645_case_001,61,70,78,89.6103896103896,후반,0,0,0,0,0,0,0,1.0,0,0,0,0,0,0,0,0,0,0,0,0,0
vp_36645_case_001,66,75,78,96.1038961038961,후반,0,0,0,0,0,0,0,1.0,0,0,0,0,0,0,0,0,0,0,0,0,0
vp_36646_case_001,1,10,11,90.0,후반,0,0,5,3,1,0,0,0.8,1,0,0,0,0,0,1,1,0,0,1,0,3
vp_36647_case_001,1,10,20,12.5,초반,0,0,2,1,0,0,0,0.8,0,1,1,0,0,0,0,1,0,0,0,0,1
vp_36647_case_001,6,15,25,19.444444444444446,초반,1,1,4,2,1,0,0,0.9,1,0,0,1,0,0,0,1,0,0,1,0,3
vp_36647_case_001,11,20,30,26.38888888888889,초반,1,1,4,2,1,2,0,0.7,1,0,0,1,1,0,0,1,0,0,1,0,4
vp_36647_case_001,16,25,35,33.33333333333333,중반,0,0,1,1,0,2,0,0.6,0,0,0,0,1,0,0,0,0,0,1,0,2
vp_36647_case_001,21,30,40,40.27777777777778,중반,0,0,0,0,0,0,0,0.6,0,0,0,0,0,0,0,0,0,0,0,0,0
vp_36647_case_001,26,35,45,47.22222222222222,중반,0,0,0,0,0,0,0,0.6,0,0,0,0,0,0,0,0,0,0,0,0,0
vp_36647_case_001,31,40,50,54.166666666666664,중반,0,0,0,0,0,0,0,0.5,0,0,0,0,0,0,0,0,0,0,0,0,0
vp_36647_case_001,36,45,55,61.111111111111114,중반,0,0,0,0,0,0,0,0.3,0,0,0,0,0,0,0,0,0,0,0,0,0
vp_36647_case_001,41,50,60,68.05555555555556,후반,0,0,0,0,0,0,0,0.6,0,0,0,0,0,0,0,0,0,0,0,0,0
vp_36647_case_001,46,55,65,75.0,후반,0,0,1,1,0,0,0,0.7,0,0,0,0,0,0,0,0,0,1,0,0,1
vp_36647_case_001,51,60,70,81.94444444444444,후반,0,0,2,1,0,1,0,0.6,0,0,0,0,1,0,0,0,0,1,0,0,2
vp_36647_case_001,56,65,73,88.88888888888889,후반,0,0,2,2,0,1,0,0.7,0,0,0,0,1,0,0,1,0,1,0,0,3
vp_36647_case_001,61,70,73,95.83333333333334,후반,0,0,1,1,0,0,0,0.8,0,0,0,0,0,0,0,1,0,0,0,0,1
vp_36648_case_001,1,10,20,8.91089108910891,초반,1,1,1,1,0,0,0,0.8,0,1,1,1,0,0,0,1,0,0,0,0,2
vp_36648_case_001,6,15,25,13.861386138613863,초반,1,1,2,2,1,0,0,0.8,1,1,1,1,0,0,0,1,0,0,0,1,3
vp_36648_case_001,11,20,30,18.81188118811881,초반,0,0,2,2,1,0,0,0.9,1,2,1,0,0,0,0,1,0,0,0,1,2
vp_36648_case_001,16,25,35,23.762376237623762,초반,0,0,2,2,1,0,0,0.9,1,1,1,0,0,0,0,1,0,0,0,1,2
vp_36648_case_001,21,30,40,28.71287128712871,초반,1,1,3,3,2,0,0,0.8,2,0,0,1,0,0,1,0,0,0,1,1,4
vp_36648_case_001,26,35,45,33.663366336633665,중반,1,1,5,4,1,0,0,0.9,1,0,0,1,0,0,1,1,0,0,1,0,4
vp_36648_case_001,31,40,50,38.613861386138616,중반,0,0,4,3,0,0,0,0.9,0,0,0,0,0,0,0,1,0,0,1,0,2
vp_36648_case_001,36,45,55,43.56435643564357,중반,0,0,1,1,0,0,0,0.9,0,0,0,0,0,0,0,0,0,0,1,0,1
vp_36648_case_001,41,50,60,48.51485148514851,중반,0,0,6,2,0,0,0,1.0,0,0,0,0,0,0,0,1,0,0,1,0,2
vp_36648_case_001,46,55,65,53.46534653465347,중반,0,0,8,2,0,0,0,1.0,0,0,0,0,0,0,0,1,0,0,1,0,2
vp_36648_case_001,51,60,70,58.415841584158414,중반,0,0,4,3,0,2,0,0.8,0,0,0,0,1,0,1,1,0,0,1,0,4
vp_36648_case_001,56,65,75,63.366336633663366,중반,0,0,2,2,0,2,0,0.8,0,0,0,0,1,0,1,1,0,0,0,0,3
vp_36648_case_001,61,70,80,68.31683168316832,후반,0,0,5,3,0,0,0,0.9,0,0,0,0,0,0,1,1,0,1,0,0,3
vp_36648_case_001,66,75,85,73.26732673267327,후반,0,0,5,3,0,1,0,0.6,0,0,0,0,1,0,1,1,0,1,0,0,4
vp_36648_case_001,71,80,90,78.21782178217822,후반,0,0,3,2,0,1,0,0.5,0,0,0,0,1,0,0,1,0,0,1,0,3
vp_36648_case_001,76,85,95,83.16831683168317,후반,0,0,4,3,0,0,0,0.6,0,0,0,0,0,0,1,1,0,0,1,0,3
vp_36648_case_001,81,90,100,88.11881188118812,후반,0,0,1,1,0,0,0,0.6,0,0,0,0,0,0,1,0,0,0,0,0,1
vp_36648_case_001,86,95,102,93.06930693069307,후반,0,0,1,1,0,0,0,0.6,0,0,0,0,0,0,1,0,0,0,0,0,1
vp_36648_case_001,91,100,102,98.01980198019803,후반,0,0,3,2,0,0,0,0.6,0,0,0,0,0,0,1,1,0,0,0,0,2
vp_36649_case_001,1,10,20,7.82608695652174,초반,1,1,1,1,0,0,0,0.8,0,0,0,1,0,0,1,0,0,0,0,0,2
vp_36649_case_001,6,15,25,12.173913043478262,초반,0,0,0,0,0,0,0,0.8,0,0,0,0,0,0,0,0,0,0,0,0,0
vp_36649_case_001,11,20,30,16.52173913043478,초반,0,0,0,0,0,1,0,0.7,0,0,0,0,1,0,0,0,0,0,0,0,1
vp_36649_case_001,16,25,35,20.869565217391305,초반,0,0,0,0,0,1,0,0.8,0,0,0,0,1,0,0,0,0,0,0,0,1
vp_36649_case_001,21,30,40,25.217391304347824,초반,0,0,1,1,0,0,0,1.0,0,0,0,0,0,0,1,0,0,0,0,0,1
vp_36649_case_001,26,35,45,29.565217391304348,초반,0,0,2,1,0,0,0,1.0,0,0,0,0,0,0,1,0,0,0,0,0,1
vp_36649_case_001,31,40,50,33.91304347826087,중반,0,0,2,2,0,0,0,1.0,0,0,0,0,0,0,1,1,0,0,0,0,2
vp_36649_case_001,36,45,55,38.26086956521739,중반,1,1,2,2,0,0,0,1.0,0,1,1,1,0,0,1,1,0,0,0,0,3
vp_36649_case_001,41,50,60,42.608695652173914,중반,1,1,1,1,0,0,0,1.0,0,1,1,1,0,0,1,0,0,0,0,0,2
vp_36649_case_001,46,55,65,46.95652173913044,중반,1,1,6,2,1,0,0,1.0,1,0,0,1,0,0,0,1,0,0,1,0,3
vp_36649_case_001,51,60,70,51.30434782608696,중반,1,1,11,3,1,0,0,1.0,1,0,0,1,0,0,1,1,0,0,1,0,4
vp_36649_case_001,56,65,75,55.65217391304348,중반,0,0,9,3,0,0,0,1.0,0,0,0,0,0,0,1,1,0,0,1,0,3
vp_36649_case_001,61,70,80,60.0,중반,0,0,7,3,0,0,0,0.9,0,0,0,0,0,0,1,1,0,0,1,0,3
vp_36649_case_001,66,75,85,64.34782608695652,중반,0,0,5,3,0,0,0,0.9,0,0,0,0,0,0,1,1,0,0,1,0,3
vp_36649_case_001,71,80,90,68.69565217391305,후반,0,0,3,3,0,0,0,1.0,0,0,0,0,0,0,1,1,0,0,1,0,3
vp_36649_case_001,76,85,95,73.04347826086956,후반,0,0,3,2,0,0,0,1.0,0,0,0,0,0,0,1,0,0,0,1,0,2
vp_36649_case_001,81,90,100,77.39130434782608,후반,0,0,4,2,0,1,0,0.9,0,0,0,0,1,0,1,0,0,0,1,0,3
vp_36649_case_001,86,95,105,81.73913043478261,후반,0,0,5,3,0,1,0,0.8,0,0,0,0,1,0,1,1,0,0,1,0,4
vp_36649_case_001,91,100,110,86.08695652173914,후반,0,0,4,3,0,0,0,0.8,0,0,0,0,0,0,1,1,1,0,0,0,3
vp_36649_case_001,96,105,115,90.43478260869566,후반,0,0,2,2,0,0,0,0.9,0,0,0,0,0,0,1,0,1,0,0,0,2
vp_36649_case_001,101,110,116,94.78260869565217,후반,0,0,2,2,0,0,0,0.9,0,0,0,0,0,0,1,1,0,0,0,0,2
vp_36649_case_001,106,115,116,99.1304347826087,후반,0,0,2,1,0,1,0,0.7,0,0,0,0,1,0,0,1,0,0,0,0,2
vp_36651_case_002,1,10,20,13.846153846153847,초반,0,0,2,2,0,0,0,0.6,0,0,0,0,0,0,0,1,0,0,0,0,1
vp_36651_case_002,6,15,25,21.53846153846154,초반,0,0,2,2,0,0,0,0.6,0,0,0,0,0,0,0,1,0,0,0,0,1
vp_36651_case_002,11,20,30,29.230769230769234,초반,0,0,0,0,0,0,0,0.7,0,0,0,0,0,0,0,0,0,0,0,0,0
vp_36651_case_002,16,25,35,36.92307692307693,중반,3,2,2,1,0,0,0,0.8,0,0,0,1,0,0,1,0,0,0,0,0,2
vp_36651_case_002,21,30,40,44.61538461538462,중반,4,2,2,1,0,0,0,0.7,0,0,0,1,0,0,1,0,0,0,0,0,2
vp_36651_case_002,26,35,45,52.307692307692314,중반,1,1,1,1,0,0,0,0.5,0,0,0,1,0,0,1,0,0,0,0,0,2
vp_36651_case_002,31,40,50,60.0,중반,1,1,2,1,0,0,0,0.6,0,0,0,1,0,0,1,0,0,0,0,0,2
vp_36651_case_002,36,45,55,67.6923076923077,후반,1,1,2,2,0,0,0,0.6,0,0,0,1,0,0,1,1,0,0,0,0,3
vp_36651_case_002,41,50,60,75.38461538461539,후반,0,0,1,1,0,0,0,0.6,0,0,0,0,0,0,0,1,0,0,0,0,1
vp_36651_case_002,46,55,65,83.07692307692308,후반,0,0,1,1,0,0,0,0.6,0,1,1,0,0,0,0,0,0,0,0,0,0
vp_36651_case_002,51,60,66,90.76923076923077,후반,0,0,1,1,0,0,0,0.6,0,1,1,0,0,0,0,0,0,0,0,0,0
vp_36651_case_002,56,65,66,98.46153846153847,후반,0,0,1,1,1,0,0,0.9,1,0,0,0,0,0,0,0,0,0,0,1,1
vp_36651_case_003,1,10,20,20.0,초반,0,0,1,1,0,0,0,0.8,0,0,0,0,0,0,0,1,0,0,0,0,1
vp_36651_case_003,6,15,25,31.11111111111111,초반,0,0,2,2,0,0,0,0.7,0,0,0,0,0,0,0,1,0,0,0,0,1
vp_36651_case_003,11,20,30,42.22222222222222,중반,0,0,3,1,0,0,0,0.8,0,0,0,0,0,0,0,0,0,0,0,0,0
vp_36651_case_003,16,25,35,53.333333333333336,중반,0,0,3,2,0,0,0,0.7,0,0,0,0,0,0,0,1,0,0,0,0,1
vp_36651_case_003,21,30,40,64.44444444444444,중반,1,1,4,3,0,0,0,0.7,0,0,0,1,0,0,1,1,0,0,1,0,4
vp_36651_case_003,26,35,45,75.55555555555556,후반,1,1,3,2,0,1,0,0.7,0,0,0,1,1,0,1,0,0,0,1,0,4
vp_36651_case_003,31,40,46,86.66666666666667,후반,0,0,0,0,0,3,0,0.5,0,0,0,0,1,0,0,0,0,0,0,0,1
vp_36651_case_003,36,45,46,97.77777777777777,후반,0,0,1,1,0,2,0,0.6,0,0,0,0,1,0,0,1,0,0,0,0,2
vp_36652_case_003,1,10,20,12.162162162162163,초반,0,0,1,1,0,0,1,0.6,0,1,1,0,0,1,0,0,0,0,1,0,2
vp_36652_case_003,6,15,25,18.91891891891892,초반,0,0,4,2,1,0,0,0.8,1,0,0,0,0,0,0,0,0,0,1,1,2
vp_36652_case_003,11,20,30,25.675675675675674,초반,0,0,4,2,1,0,0,0.7,1,0,0,0,0,0,0,0,0,0,1,1,2
vp_36652_case_003,16,25,35,32.432432432432435,초반,0,0,4,3,0,0,1,0.6,0,1,1,0,0,1,1,1,0,0,1,0,4
vp_36652_case_003,21,30,40,39.189189189189186,중반,0,0,4,3,0,0,1,0.9,0,1,1,0,0,1,1,1,0,0,1,0,4
vp_36652_case_003,26,35,45,45.94594594594595,중반,0,0,4,1,1,0,0,1.0,1,0,0,0,0,0,0,0,0,0,1,0,1
vp_36652_case_003,31,40,50,52.702702702702695,중반,0,0,3,1,1,0,1,0.8,1,0,0,0,0,1,0,0,0,0,1,0,2
vp_36652_case_003,36,45,55,59.45945945945946,중반,0,0,0,0,0,0,1,0.6,0,0,0,0,0,1,0,0,0,0,0,0,1
vp_36652_case_003,41,50,60,66.21621621621621,중반,0,0,1,1,0,0,0,0.6,0,0,0,0,0,0,0,0,0,0,1,0,1
vp_36652_case_003,46,55,65,72.97297297297297,후반,1,1,2,2,0,0,0,0.8,0,0,0,1,0,0,1,0,0,0,1,0,3
vp_36652_case_003,51,60,70,79.72972972972973,후반,1,1,1,1,0,0,0,0.8,0,0,0,1,0,0,1,0,0,0,0,0,2
vp_36652_case_003,56,65,75,86.48648648648648,후반,0,0,1,1,0,0,0,0.7,0,0,0,0,0,0,1,0,0,0,0,0,1
vp_36652_case_003,61,70,75,93.24324324324324,후반,0,0,2,2,0,1,0,0.8,0,0,0,0,1,0,1,1,0,0,0,0,3
vp_36653_case_001,1,10,20,17.647058823529413,초반,0,0,4,2,0,0,2,0.7,0,0,0,0,0,1,0,1,0,0,1,0,3
vp_36653_case_001,6,15,25,27.450980392156865,초반,1,1,4,2,0,0,0,0.7,0,0,0,1,0,0,0,1,0,0,1,0,3
vp_36653_case_001,11,20,30,37.254901960784316,중반,2,2,4,3,0,0,0,0.5,0,0,0,1,0,0,1,1,0,0,1,0,4
vp_36653_case_001,16,25,35,47.05882352941176,중반,2,2,6,4,1,1,0,0.6,0,0,0,1,1,0,1,1,0,0,1,0,5
vp_36653_case_001,21,30,40,56.86274509803921,중반,1,1,7,4,1,1,1,0.7,0,0,0,1,1,1,1,1,0,0,1,0,6
vp_36653_case_001,26,35,45,66.66666666666666,후반,0,0,5,3,0,0,1,0.5,0,0,0,0,0,1,1,1,0,0,0,0,3
vp_36653_case_001,31,40,50,76.47058823529412,후반,0,0,3,3,0,0,1,0.5,0,0,0,0,0,1,1,1,0,0,0,0,3
vp_36653_case_001,36,45,52,86.27450980392157,후반,0,0,0,0,0,0,1,0.5,0,0,0,0,0,1,0,0,0,0,0,0,1
vp_36653_case_001,41,50,52,96.07843137254902,후반,0,0,1,1,0,0,1,0.5,0,0,0,0,0,1,0,0,0,0,1,0,2
vp_36654_case_001,1,10,13,75.0,후반,1,1,4,2,0,0,0,0.6,0,0,0,1,0,0,1,1,0,0,0,0,3
vp_36655_case_001,1,10,20,29.03225806451613,초반,1,1,1,1,0,0,1,0.8,0,0,0,1,0,1,1,0,0,0,0,0,3
vp_36655_case_001,6,15,25,45.16129032258064,중반,0,0,1,1,0,0,1,0.6,0,0,0,0,0,1,1,0,0,0,0,0,2
vp_36655_case_001,11,20,30,61.29032258064516,중반,0,0,1,1,0,0,1,0.7,0,0,0,0,0,1,1,0,0,0,0,0,2
vp_36655_case_001,16,25,32,77.41935483870968,후반,0,0,1,1,0,0,1,0.7,0,0,0,0,0,1,1,0,0,0,0,0,2
vp_36655_case_001,21,30,32,93.54838709677419,후반,0,0,2,1,0,0,0,0.6,0,0,0,0,0,0,1,0,0,0,0,0,1
vp_36656_case_001,1,10,20,25.71428571428571,초반,0,0,0,0,0,4,0,0.6,0,0,0,0,1,0,0,0,0,0,0,0,1
vp_36656_case_001,6,15,25,40.0,중반,0,0,0,0,0,4,1,0.4,0,0,0,0,1,1,0,0,0,0,0,0,2
vp_36656_case_001,11,20,30,54.285714285714285,중반,0,0,0,0,0,1,2,0.6,0,0,0,0,1,1,0,0,0,0,0,0,2
vp_36656_case_001,16,25,35,68.57142857142857,후반,0,0,0,0,0,0,2,0.6,0,0,0,0,0,1,0,0,0,0,0,0,1
vp_36656_case_001,21,30,36,82.85714285714286,후반,0,0,0,0,0,1,3,0.3,0,0,0,0,1,1,0,0,0,0,0,0,2
vp_36656_case_001,26,35,36,97.14285714285714,후반,0,0,0,0,0,1,3,0.3,0,0,0,0,1,1,0,0,0,0,0,0,2
vp_36657_case_001,1,10,13,75.0,후반,1,1,0,0,0,1,2,0.4,0,0,0,1,1,1,0,0,0,0,0,0,3
vp_36658_case_001,1,10,20,39.130434782608695,중반,1,1,1,1,0,2,0,0.5,0,0,0,1,1,0,0,0,0,0,1,0,3
vp_36658_case_001,6,15,24,60.86956521739131,중반,0,0,0,0,0,2,0,0.5,0,0,0,0,1,0,0,0,0,0,0,0,1
vp_36658_case_001,11,20,24,82.6086956521739,후반,0,0,4,2,0,1,1,0.6,0,0,0,0,1,1,1,1,0,0,0,0,4
vp_36658_case_002,1,10,20,21.428571428571427,초반,0,0,2,1,0,1,0,0.6,0,0,0,0,1,0,0,1,0,0,0,0,2
vp_36658_case_002,6,15,25,33.33333333333333,중반,0,0,3,1,0,1,0,0.6,0,0,0,0,1,0,0,1,0,0,0,0,2
vp_36658_case_002,11,20,30,45.23809523809524,중반,0,0,2,1,0,0,0,0.5,0,0,0,0,0,0,0,1,0,0,0,0,1
vp_36658_case_002,16,25,35,57.14285714285714,중반,0,0,1,1,0,0,0,0.6,0,0,0,0,0,0,0,1,0,0,0,0,1
vp_36658_case_002,21,30,40,69.04761904761905,후반,0,0,3,1,0,0,0,0.9,0,0,0,0,0,0,0,1,0,0,0,0,1
vp_36658_case_002,26,35,43,80.95238095238095,후반,0,0,2,1,0,1,0,0.7,0,0,0,0,1,0,0,1,0,0,0,0,2
vp_36658_case_002,31,40,43,92.85714285714286,후반,0,0,2,2,0,1,0,0.7,0,0,0,0,1,0,0,1,0,0,0,0,2
vp_36658_case_003,1,10,20,25.71428571428571,초반,0,0,0,0,0,2,1,0.7,0,0,0,0,1,1,0,0,0,0,0,0,2
vp_36658_case_003,6,15,25,40.0,중반,0,0,2,2,0,0,1,0.8,0,0,0,0,0,1,0,1,0,0,0,0,2
vp_36658_case_003,11,20,30,54.285714285714285,중반,0,0,3,3,0,0,1,0.7,0,0,0,0,0,1,1,1,0,0,0,0,3
vp_36658_case_003,16,25,35,68.57142857142857,후반,0,0,1,1,0,1,1,0.7,0,0,0,0,1,1,1,0,0,0,0,0,3
vp_36658_case_003,21,30,36,82.85714285714286,후반,0,0,0,0,0,1,0,0.8,0,0,0,0,1,0,0,0,0,0,0,0,1
vp_36658_case_003,26,35,36,97.14285714285714,후반,0,0,0,0,0,0,0,0.8,0,0,0,0,0,0,0,0,0,0,0,0,0
vp_36658_case_005,1,10,20,18.0,초반,0,0,0,0,0,0,0,0.5,0,0,0,0,0,0,0,0,0,0,0,0,0
vp_36658_case_005,6,15,25,28.000000000000004,초반,0,0,1,1,0,0,0,0.4,0,0,0,0,0,0,0,1,0,0,0,0,1
vp_36658_case_005,11,20,30,38.0,중반,0,0,1,1,0,1,0,0.5,0,0,0,0,1,0,0,1,0,0,0,0,2
vp_36658_case_005,16,25,35,48.0,중반,0,0,0,0,0,1,1,0.6,0,0,0,0,1,1,0,0,0,0,0,0,2
vp_36658_case_005,21,30,40,57.99999999999999,중반,0,0,1,1,0,1,1,0.5,0,0,0,0,1,1,0,1,0,0,0,0,3
vp_36658_case_005,26,35,45,68.0,후반,1,1,1,1,0,1,0,0.6,0,0,0,1,1,0,0,1,0,0,0,0,3
vp_36658_case_005,31,40,50,78.0,후반,1,1,1,1,0,0,0,0.8,0,0,0,1,0,0,0,1,0,0,0,0,2
vp_36658_case_005,36,45,51,88.0,후반,0,0,1,1,0,0,0,0.7,0,0,0,0,0,0,0,1,0,0,0,0,1
vp_36658_case_005,41,50,51,98.0,후반,0,0,0,0,0,0,0,0.7,0,0,0,0,0,0,0,0,0,0,0,0,0
vp_36659_case_002,1,10,16,60.0,중반,1,1,3,2,0,1,0,0.6,0,0,0,1,1,0,1,1,0,0,0,0,4
vp_36659_case_002,6,15,16,93.33333333333333,후반,1,1,1,1,0,0,0,0.5,0,0,0,1,0,0,1,0,0,0,0,0,2
vp_36659_case_003,1,10,20,9.278350515463918,초반,0,0,0,0,0,1,0,0.8,0,0,0,0,1,0,0,0,0,0,0,0,1
vp_36659_case_003,6,15,25,14.432989690721648,초반,0,0,2,1,0,2,0,0.6,0,0,0,0,1,0,0,1,0,0,0,0,2
vp_36659_case_003,11,20,30,19.587628865979383,초반,0,0,2,1,0,1,0,0.8,0,0,0,0,1,0,0,1,0,0,0,0,2
vp_36659_case_003,16,25,35,24.742268041237114,초반,0,0,1,1,0,1,0,0.9,0,0,0,0,1,0,0,0,0,0,0,0,1
vp_36659_case_003,21,30,40,29.896907216494846,초반,0,0,1,1,0,2,0,0.7,0,0,0,0,1,0,0,0,0,0,0,0,1
vp_36659_case_003,26,35,45,35.051546391752574,중반,0,0,0,0,0,1,0,0.6,0,0,0,0,1,0,0,0,0,0,0,0,1
vp_36659_case_003,31,40,50,40.20618556701031,중반,0,0,0,0,0,0,0,0.7,0,0,0,0,0,0,0,0,0,0,0,0,0
vp_36659_case_003,36,45,55,45.36082474226804,중반,0,0,0,0,0,0,0,0.9,0,0,0,0,0,0,0,0,0,0,0,0,0
vp_36659_case_003,41,50,60,50.51546391752577,중반,0,0,3,3,0,0,0,1.0,0,0,0,0,0,0,1,1,0,0,0,0,2
vp_36659_case_003,46,55,65,55.670103092783506,중반,0,0,5,4,0,0,0,0.9,0,0,0,0,0,0,1,1,0,0,1,0,3
vp_36659_case_003,51,60,70,60.824742268041234,중반,0,0,2,2,0,1,0,0.7,0,0,0,0,1,0,0,0,0,0,1,0,2
vp_36659_case_003,56,65,75,65.97938144329896,중반,0,0,1,1,0,1,0,0.5,0,0,0,0,1,0,0,0,0,0,1,0,2
vp_36659_case_003,61,70,80,71.1340206185567,후반,1,1,2,2,0,1,0,0.6,0,0,0,1,1,0,1,0,0,0,1,0,4
vp_36659_case_003,66,75,85,76.28865979381443,후반,1,1,2,2,0,1,0,0.9,0,0,0,1,1,0,1,0,0,0,1,0,4
vp_36659_case_003,71,80,90,81.44329896907216,후반,0,0,2,2,0,0,0,0.9,0,0,0,0,0,0,1,0,0,0,1,0,2
vp_36659_case_003,76,85,95,86.5979381443299,후반,0,0,1,1,0,1,0,0.6,0,0,0,0,1,0,1,0,0,0,0,0,2
vp_36659_case_003,81,90,98,91.75257731958763,후반,0,0,0,0,0,3,0,0.5,0,0,0,0,1,0,0,0,0,0,0,0,1
vp_36659_case_003,86,95,98,96.90721649484536,후반,1,1,3,2,0,2,0,0.8,0,0,0,1,1,0,0,0,0,0,1,0,3
vp_36659_case_004,1,10,20,32.142857142857146,초반,1,1,7,4,0,0,0,0.9,0,0,0,1,0,0,1,1,0,0,1,0,4
vp_36659_case_004,6,15,25,50.0,중반,0,0,4,4,0,0,0,0.9,0,0,0,0,0,0,1,1,0,0,1,0,3
vp_36659_case_004,11,20,29,67.85714285714286,후반,2,1,2,1,0,0,0,0.7,0,0,0,1,0,0,1,0,0,0,0,0,2
vp_36659_case_004,16,25,29,85.71428571428571,후반,2,1,2,1,0,0,0,0.6,0,0,0,1,0,0,1,0,0,0,0,0,2
vp_36659_case_005,1,10,20,7.894736842105263,초반,1,1,0,0,0,0,0,0.8,0,0,0,1,0,0,0,0,0,0,0,0,1
vp_36659_case_005,6,15,25,12.280701754385964,초반,0,0,0,0,0,0,0,0.9,0,0,0,0,0,0,0,0,0,0,0,0,0
vp_36659_case_005,11,20,30,16.666666666666664,초반,0,0,0,0,0,0,0,0.8,0,0,0,0,0,0,0,0,0,0,0,0,0
vp_36659_case_005,16,25,35,21.052631578947366,초반,0,0,0,0,0,0,0,0.5,0,0,0,0,0,0,0,0,0,0,0,0,0
vp_36659_case_005,21,30,40,25.438596491228072,초반,0,0,0,0,0,0,0,0.7,0,0,0,0,0,0,0,0,0,0,0,0,0
vp_36659_case_005,26,35,45,29.82456140350877,초반,0,0,0,0,0,0,0,1.0,0,0,0,0,0,0,0,0,0,0,0,0,0
vp_36659_case_005,31,40,50,34.21052631578947,중반,0,0,0,0,0,0,0,1.0,0,0,0,0,0,0,0,0,0,0,0,0,0
vp_36659_case_005,36,45,55,38.59649122807017,중반,0,0,2,1,0,0,0,1.0,0,0,0,0,0,0,0,0,0,0,1,0,1
vp_36659_case_005,41,50,60,42.98245614035088,중반,0,0,2,1,0,0,0,1.0,0,0,0,0,0,0,0,0,0,0,1,0,1
vp_36659_case_005,46,55,65,47.368421052631575,중반,1,1,3,3,0,0,0,1.0,0,0,0,1,0,0,1,1,0,0,1,0,4
vp_36659_case_005,51,60,70,51.75438596491229,중반,3,2,4,3,0,0,0,0.8,0,2,1,1,0,0,1,1,0,0,1,0,4
vp_36659_case_005,56,65,75,56.14035087719298,중반,2,2,2,2,0,0,0,0.6,0,2,1,1,0,0,1,1,0,0,0,0,3
vp_36659_case_005,61,70,80,60.526315789473685,중반,1,1,7,4,3,0,0,0.7,2,0,0,1,0,0,1,1,0,0,1,0,4
vp_36659_case_005,66,75,85,64.91228070175438,중반,1,1,6,3,3,0,0,0.7,2,0,0,1,0,0,1,0,0,0,1,0,3
vp_36659_case_005,71,80,90,69.2982456140351,후반,0,0,0,0,0,1,0,0.5,0,1,1,0,1,0,0,0,0,0,0,0,1
vp_36659_case_005,76,85,95,73.68421052631578,후반,0,0,0,0,0,1,0,0.6,0,1,1,0,1,0,0,0,0,0,0,0,1
vp_36659_case_005,81,90,100,78.0701754385965,후반,0,0,4,4,2,0,0,0.9,1,1,1,0,0,0,0,0,0,0,1,1,2
vp_36659_case_005,86,95,105,82.45614035087719,후반,0,0,4,4,2,0,0,1.0,1,1,1,0,0,0,0,0,0,0,1,1,2
vp_36659_case_005,91,100,110,86.8421052631579,후반,0,0,4,2,1,0,0,1.0,1,0,0,0,0,0,0,0,0,0,0,1,1
vp_36659_case_005,96,105,115,91.22807017543859,후반,0,0,4,2,1,0,0,0.9,1,0,0,0,0,0,0,0,0,0,0,1,1
vp_36659_case_005,101,110,115,95.6140350877193,후반,0,0,1,1,0,0,0,0.8,0,0,0,0,0,0,0,1,0,0,0,0,1
vp_36660_case_001,1,10,20,28.125,초반,0,0,4,3,0,0,0,0.8,0,0,0,0,0,0,1,1,0,0,0,0,2
vp_36660_case_001,6,15,25,43.75,중반,0,0,4,2,0,0,0,0.9,0,0,0,0,0,0,0,1,0,0,0,0,1
vp_36660_case_001,11,20,30,59.375,중반,0,0,1,1,0,0,0,0.9,0,2,1,0,0,0,0,1,0,0,0,0,1
vp_36660_case_001,16,25,33,75.0,후반,0,0,4,1,0,0,0,1.0,0,2,1,0,0,0,0,0,0,0,1,0,1
vp_36660_case_001,21,30,33,90.625,후반,0,0,6,1,2,0,0,1.0,2,0,0,0,0,0,0,0,0,0,1,0,1
vp_36661_case_001,1,10,20,16.9811320754717,초반,0,0,2,2,0,0,0,0.5,0,0,0,0,0,0,0,1,0,0,0,0,1
vp_36661_case_001,6,15,25,26.41509433962264,초반,0,0,3,3,0,0,0,0.6,0,0,0,0,0,0,0,1,0,0,1,0,2
vp_36661_case_001,11,20,30,35.84905660377358,중반,0,0,1,1,0,0,0,0.5,0,0,0,0,0,0,0,0,0,0,1,0,1
vp_36661_case_001,16,25,35,45.28301886792453,중반,0,0,0,0,0,0,0,0.6,0,0,0,0,0,0,0,0,0,0,0,0,0
vp_36661_case_001,21,30,40,54.71698113207547,중반,1,1,1,1,0,0,0,0.6,0,2,1,1,0,0,1,0,0,0,0,0,2
vp_36661_case_001,26,35,45,64.15094339622641,중반,2,1,4,2,0,1,0,0.5,0,2,1,1,1,0,1,1,0,0,0,0,4
vp_36661_case_001,31,40,50,73.58490566037736,후반,2,2,3,2,2,1,0,0.7,2,0,0,1,1,0,1,1,0,0,0,0,4
vp_36661_case_001,36,45,54,83.01886792452831,후반,1,1,0,0,2,0,0,0.9,2,0,0,1,0,0,0,0,0,0,0,0,1
vp_36661_case_001,41,50,54,92.45283018867924,후반,0,0,0,0,0,0,0,0.8,0,0,0,0,0,0,0,0,0,0,0,0,0
vp_36664_case_001,1,10,15,64.28571428571429,중반,0,0,0,0,0,0,2,0.4,0,0,0,0,0,1,0,0,0,0,0,0,1
vp_36671_case_001,1,10,12,81.81818181818183,후반,1,1,2,2,0,0,0,1.0,0,0,0,1,0,0,1,1,0,0,0,0,3
vp_36673_case_001,1,10,20,25.71428571428571,초반,0,0,2,2,0,1,0,0.9,0,0,0,0,1,0,0,1,0,0,1,0,3
vp_36673_case_001,6,15,25,40.0,중반,0,0,1,1,0,0,0,0.9,0,0,0,0,0,0,0,0,0,0,1,0,1
vp_36673_case_001,11,20,30,54.285714285714285,중반,0,0,1,1,0,0,0,0.9,0,0,0,0,0,0,0,1,0,0,0,0,1
vp_36673_case_001,16,25,35,68.57142857142857,후반,0,0,1,1,0,2,0,0.6,0,0,0,0,1,0,0,1,0,0,0,0,2
vp_36673_case_001,21,30,36,82.85714285714286,후반,0,0,0,0,0,2,0,0.4,0,0,0,0,1,0,0,0,0,0,0,0,1
vp_36673_case_001,26,35,36,97.14285714285714,후반,0,0,0,0,0,0,0,0.7,0,0,0,0,0,0,0,0,0,0,0,0,0
vp_36674_case_001,1,10,20,9.89010989010989,초반,0,0,4,3,0,1,0,0.8,0,0,0,0,1,0,0,1,0,0,1,0,3
vp_36674_case_001,6,15,25,15.384615384615385,초반,0,0,2,2,0,0,0,0.9,0,0,0,0,0,0,0,1,0,0,1,0,2
vp_36674_case_001,11,20,30,20.87912087912088,초반,0,0,1,1,0,1,0,0.9,0,0,0,0,1,0,0,0,0,0,0,0,1
vp_36674_case_001,16,25,35,26.373626373626376,초반,1,1,2,2,0,1,0,0.8,0,0,0,1,1,0,1,0,0,0,0,0,3
vp_36674_case_001,21,30,40,31.868131868131865,초반,1,1,2,2,0,0,0,0.7,0,0,0,1,0,0,1,1,0,0,0,0,3
vp_36674_case_001,26,35,45,37.362637362637365,중반,0,0,1,1,0,0,0,0.6,0,0,0,0,0,0,0,1,0,0,0,0,1
vp_36674_case_001,31,40,50,42.857142857142854,중반,0,0,1,1,0,0,0,0.6,0,0,0,0,0,0,0,1,0,0,0,0,1
vp_36674_case_001,36,45,55,48.35164835164835,중반,0,0,1,1,0,1,0,0.6,0,1,1,0,1,0,0,1,0,0,0,0,2
vp_36674_case_001,41,50,60,53.84615384615385,중반,0,0,2,2,0,1,0,0.8,0,2,1,0,1,0,1,0,0,0,0,0,2
vp_36674_case_001,46,55,65,59.34065934065934,중반,0,0,4,3,1,0,0,1.0,1,1,1,0,0,0,1,0,0,0,1,0,2
vp_36674_case_001,51,60,70,64.83516483516483,중반,0,0,4,3,2,0,0,1.0,2,0,0,0,0,0,1,0,0,0,1,0,2
vp_36674_case_001,56,65,75,70.32967032967034,후반,0,0,2,2,1,0,0,1.0,1,0,0,0,0,0,0,0,0,0,1,0,1
vp_36674_case_001,61,70,80,75.82417582417582,후반,0,0,1,1,0,0,1,0.8,0,0,0,0,0,1,0,1,0,0,0,0,2
vp_36674_case_001,66,75,85,81.31868131868131,후반,2,1,3,2,0,0,1,0.8,0,0,0,1,0,1,1,1,0,0,0,0,4
vp_36674_case_001,71,80,90,86.81318681318682,후반,2,1,3,2,0,2,0,0.7,0,0,0,1,1,0,1,1,0,0,0,0,4
vp_36674_case_001,76,85,92,92.3076923076923,후반,1,1,3,2,0,2,0,0.5,0,0,0,1,1,0,1,1,0,0,0,0,4
vp_36674_case_001,81,90,92,97.8021978021978,후반,1,1,3,1,0,0,0,0.6,0,0,0,1,0,0,1,0,0,0,0,0,2
vp_36675_case_001,1,10,20,7.894736842105263,초반,1,1,3,2,1,0,0,0.7,1,0,0,1,0,0,1,0,0,0,1,0,3
vp_36675_case_001,6,15,25,12.280701754385964,초반,0,0,4,2,0,0,0,0.7,0,0,0,0,0,0,0,0,0,0,1,0,1
vp_36675_case_001,11,20,30,16.666666666666664,초반,0,0,3,2,0,0,0,0.8,0,0,0,0,0,0,0,0,0,0,1,0,1
vp_36675_case_001,16,25,35,21.052631578947366,초반,0,0,0,0,0,0,0,0.6,0,0,0,0,0,0,0,0,0,0,0,0,0
vp_36675_case_001,21,30,40,25.438596491228072,초반,0,0,5,3,0,0,0,0.7,0,0,0,0,0,0,1,1,0,0,1,0,3
vp_36675_case_001,26,35,45,29.82456140350877,초반,0,0,7,4,0,0,0,0.8,0,0,0,0,0,0,1,1,0,0,1,0,3
vp_36675_case_001,31,40,50,34.21052631578947,중반,0,0,2,2,0,0,0,0.7,0,0,0,0,0,0,0,1,0,0,0,0,1
vp_36675_case_001,36,45,55,38.59649122807017,중반,0,0,1,1,0,0,0,0.9,0,0,0,0,0,0,0,0,1,0,0,0,1
vp_36675_case_001,41,50,60,42.98245614035088,중반,0,0,3,3,0,0,0,0.8,0,0,0,0,0,0,0,1,1,0,1,0,3
vp_36675_case_001,46,55,65,47.368421052631575,중반,0,0,2,2,0,0,0,0.6,0,0,0,0,0,0,0,1,0,0,1,0,2
vp_36675_case_001,51,60,70,51.75438596491229,중반,0,0,1,1,0,0,0,0.7,0,0,0,0,0,0,0,0,1,0,0,0,1
vp_36675_case_001,56,65,75,56.14035087719298,중반,0,0,1,1,0,0,0,0.7,0,0,0,0,0,0,0,0,1,0,0,0,1
vp_36675_case_001,61,70,80,60.526315789473685,중반,0,0,1,1,0,0,0,0.6,0,0,0,0,0,0,0,0,0,0,1,0,1
vp_36675_case_001,66,75,85,64.91228070175438,중반,0,0,1,1,0,0,0,0.6,0,1,1,0,0,0,0,0,0,0,1,0,1
vp_36675_case_001,71,80,90,69.2982456140351,후반,0,0,1,1,0,0,0,0.5,0,1,1,0,0,0,0,0,0,0,1,0,1
vp_36675_case_001,76,85,95,73.68421052631578,후반,0,0,2,1,1,0,0,0.7,1,0,0,0,0,0,0,0,0,0,1,0,1
vp_36675_case_001,81,90,100,78.0701754385965,후반,0,0,1,1,1,0,0,0.5,1,0,0,0,0,0,0,0,0,0,1,0,1
vp_36675_case_001,86,95,105,82.45614035087719,후반,0,0,0,0,0,0,0,0.4,0,0,0,0,0,0,0,0,0,0,0,0,0
vp_36675_case_001,91,100,110,86.8421052631579,후반,0,0,2,1,0,0,0,0.8,0,0,0,0,0,0,0,1,0,0,0,0,1
vp_36675_case_001,96,105,115,91.22807017543859,후반,0,0,2,1,0,0,0,0.9,0,0,0,0,0,0,0,1,0,0,0,0,1
vp_36675_case_001,101,110,115,95.6140350877193,후반,0,0,0,0,0,1,0,0.9,0,0,0,0,1,0,0,0,0,0,0,0,1
vp_36676_case_001,1,10,20,7.43801652892562,초반,0,0,5,2,0,0,0,0.8,0,0,0,0,0,0,0,1,0,0,0,0,1
vp_36676_case_001,6,15,25,11.570247933884298,초반,0,0,2,2,0,0,0,0.8,0,0,0,0,0,0,0,1,0,0,0,0,1
vp_36676_case_001,11,20,30,15.702479338842975,초반,0,0,1,1,0,0,0,0.8,0,0,0,0,0,0,0,1,0,0,0,0,1
vp_36676_case_001,16,25,35,19.834710743801654,초반,1,1,3,2,0,0,0,0.9,0,0,0,1,0,0,1,1,0,0,0,0,3
vp_36676_case_001,21,30,40,23.96694214876033,초반,1,1,2,2,0,0,0,0.5,0,0,0,1,0,0,1,1,0,0,0,0,3
vp_36676_case_001,26,35,45,28.09917355371901,초반,0,0,2,1,0,0,0,0.4,0,0,0,0,0,0,0,1,0,0,0,0,1
vp_36676_case_001,31,40,50,32.231404958677686,초반,0,0,3,2,0,0,1,0.7,0,1,1,0,0,1,0,1,0,0,1,0,3
vp_36676_case_001,36,45,55,36.36363636363637,중반,0,0,2,2,0,0,1,0.5,0,1,1,0,0,1,0,1,0,0,1,0,3
vp_36676_case_001,41,50,60,40.49586776859504,중반,0,0,3,3,1,0,0,0.5,1,0,0,0,0,0,1,1,0,0,0,1,3
vp_36676_case_001,46,55,65,44.62809917355372,중반,0,0,4,3,1,1,0,0.6,1,0,0,0,1,0,1,1,0,0,0,1,4
vp_36676_case_001,51,60,70,48.760330578512395,중반,0,0,2,2,0,1,0,0.5,0,1,1,0,1,0,0,1,0,0,0,1,3
vp_36676_case_001,56,65,75,52.892561983471076,중반,0,0,2,2,0,0,0,0.3,0,3,1,0,0,0,0,1,0,0,0,1,2
vp_36676_case_001,61,70,80,57.02479338842975,중반,0,0,3,3,1,1,0,0.4,1,2,1,0,1,0,0,1,0,0,1,1,4
vp_36676_case_001,66,75,85,61.15702479338842,중반,0,0,2,1,3,1,0,0.6,3,0,0,0,1,0,0,0,0,0,1,0,2
vp_36676_case_001,71,80,90,65.28925619834712,중반,0,0,2,2,2,1,0,0.6,2,0,0,0,1,0,0,1,0,0,1,0,3
vp_36676_case_001,76,85,95,69.42148760330579,후반,0,0,1,1,0,1,0,0.6,0,0,0,0,1,0,0,1,0,0,0,0,2
vp_36676_case_001,81,90,100,73.55371900826447,후반,0,0,0,0,0,1,0,0.5,0,0,0,0,1,0,0,0,0,0,0,0,1
vp_36676_case_001,86,95,105,77.68595041322314,후반,0,0,0,0,0,1,0,0.5,0,0,0,0,1,0,0,0,0,0,0,0,1
vp_36676_case_001,91,100,110,81.81818181818183,후반,0,0,0,0,0,0,0,0.8,0,0,0,0,0,0,0,0,0,0,0,0,0
vp_36676_case_001,96,105,115,85.9504132231405,후반,0,0,0,0,0,0,0,0.9,0,0,0,0,0,0,0,0,0,0,0,0,0
vp_36676_case_001,101,110,120,90.08264462809917,후반,0,0,1,1,0,0,0,0.9,0,0,0,0,0,0,0,1,0,0,0,0,1
vp_36676_case_001,106,115,122,94.21487603305785,후반,0,0,2,2,0,1,0,0.7,0,0,0,0,1,0,0,1,0,0,0,1,3
vp_36676_case_001,111,120,122,98.34710743801654,후반,0,0,1,1,0,1,0,0.4,0,0,0,0,1,0,0,0,0,0,0,1,2
vp_36676_case_002,1,10,20,36.0,중반,0,0,2,1,0,1,0,0.6,0,0,0,0,1,0,0,1,0,0,0,0,2
vp_36676_case_002,6,15,25,56.00000000000001,중반,0,0,2,1,0,0,0,0.8,0,0,0,0,0,0,0,1,0,0,0,0,1
vp_36676_case_002,11,20,26,76.0,후반,0,0,1,1,0,0,0,0.9,0,0,0,0,0,0,0,1,0,0,0,0,1
vp_36676_case_002,16,25,26,96.0,후반,0,0,0,0,0,0,0,0.7,0,0,0,0,0,0,0,0,0,0,0,0,0
vp_36677_case_001,1,10,20,26.47058823529412,초반,0,0,2,1,0,2,0,0.5,0,0,0,0,1,0,0,1,0,0,0,0,2
vp_36677_case_001,6,15,25,41.17647058823529,중반,1,1,5,2,0,2,0,0.6,0,0,0,1,1,0,0,1,0,0,0,0,3
vp_36677_case_001,11,20,30,55.88235294117647,중반,1,1,4,2,0,0,0,0.7,0,0,0,1,0,0,0,1,0,0,0,0,2
vp_36677_case_001,16,25,35,70.58823529411765,후반,0,0,3,1,0,0,0,0.6,0,0,0,0,0,0,0,1,0,0,0,0,1
vp_36677_case_001,21,30,35,85.29411764705883,후반,0,0,4,1,0,0,0,0.8,0,0,0,0,0,0,0,1,0,0,0,0,1
vp_36678_case_001,1,10,20,12.857142857142856,초반,1,1,0,0,0,3,0,0.6,0,0,0,1,1,0,0,0,0,0,0,0,2
vp_36678_case_001,6,15,25,20.0,초반,0,0,1,1,0,4,0,0.5,0,0,0,0,1,0,0,0,0,0,0,0,1
vp_36678_case_001,11,20,30,27.142857142857142,초반,0,0,1,1,0,2,0,0.6,0,0,0,0,1,0,0,0,0,0,0,0,1
vp_36678_case_001,16,25,35,34.285714285714285,중반,0,0,1,1,0,0,0,0.8,0,0,0,0,0,0,0,0,0,0,0,0,0
vp_36678_case_001,21,30,40,41.42857142857143,중반,0,0,1,1,0,1,0,0.9,0,0,0,0,1,0,0,0,0,0,0,0,1
vp_36678_case_001,26,35,45,48.57142857142857,중반,0,0,0,0,0,1,0,0.8,0,0,0,0,1,0,0,0,0,0,0,0,1
vp_36678_case_001,31,40,50,55.714285714285715,중반,0,0,0,0,0,0,0,0.9,0,0,0,0,0,0,0,0,0,0,0,0,0
vp_36678_case_001,36,45,55,62.857142857142854,중반,0,0,0,0,0,0,1,0.8,0,0,0,0,0,1,0,0,0,0,0,0,1
vp_36678_case_001,41,50,60,70.0,후반,0,0,0,0,0,1,1,0.6,0,0,0,0,1,1,0,0,0,0,0,0,2
vp_36678_case_001,46,55,65,77.14285714285715,후반,0,0,0,0,0,3,0,0.6,0,0,0,0,1,0,0,0,0,0,0,0,1
vp_36678_case_001,51,60,70,84.28571428571429,후반,0,0,1,1,0,2,0,0.6,0,0,0,0,1,0,0,0,0,0,1,0,2
vp_36678_case_001,56,65,71,91.42857142857143,후반,0,0,1,1,0,1,0,0.6,0,0,0,0,1,0,0,0,0,0,1,0,2
vp_36678_case_001,61,70,71,98.57142857142858,후반,0,0,0,0,0,1,0,0.8,0,0,0,0,1,0,0,0,0,0,0,0,1
vp_36679_case_001,1,12,28,45.0,중반,0,0,2,1,0,0,0,1.0,0,0,0,0,0,0,0,1,0,0,0,0,1
vp_36679_case_001,7,19,29,70.0,후반,0,0,0,0,0,0,0,1.0,0,0,0,0,0,0,0,0,0,0,0,0,0
vp_36679_case_001,13,28,29,95.0,후반,0,0,0,0,0,0,0,1.0,0,0,0,0,0,0,0,0,0,0,0,0,0
vp_36680_case_001,3,16,27,12.676056338028168,초반,3,2,2,1,0,0,0,1.0,0,0,0,1,0,0,0,0,0,0,0,0,1
vp_36680_case_001,11,21,32,19.718309859154928,초반,0,0,2,1,0,0,0,1.0,0,0,0,0,0,0,0,0,0,0,0,0,0
vp_36680_case_001,17,27,38,26.76056338028169,초반,0,0,0,0,0,0,0,1.0,0,0,0,0,0,0,0,0,0,0,0,0,0
vp_36680_case_001,22,32,44,33.80281690140845,중반,0,0,0,0,0,0,0,1.0,0,0,0,0,0,0,0,0,0,0,0,0,0
vp_36680_case_001,28,38,49,40.845070422535215,중반,0,0,0,0,0,0,0,1.0,0,0,0,0,0,0,0,0,0,0,0,0,0
vp_36680_case_001,33,44,54,47.88732394366197,중반,0,0,0,0,0,0,0,1.0,0,0,0,0,0,0,0,0,0,0,0,0,0
vp_36680_case_001,39,49,59,54.929577464788736,중반,0,0,1,1,0,0,0,1.0,0,0,0,0,0,0,0,0,0,0,0,0,0
vp_36680_case_001,45,54,66,61.97183098591549,중반,1,1,2,2,0,0,0,1.0,0,0,0,1,0,0,1,0,0,0,0,0,2
vp_36680_case_001,50,59,71,69.01408450704226,후반,1,1,2,1,0,0,0,1.0,0,0,0,1,0,0,1,0,0,0,0,0,2
vp_36680_case_001,55,66,76,76.05633802816901,후반,2,2,3,1,0,0,0,1.0,0,0,0,1,0,0,1,0,0,0,0,0,2
vp_36680_case_001,60,71,81,83.09859154929578,후반,2,2,4,1,0,0,0,1.0,0,0,0,1,0,0,1,0,0,0,0,0,2
vp_36680_case_001,67,76,83,90.14084507042254,후반,1,1,2,1,0,0,0,1.0,0,0,0,1,0,0,1,0,0,0,0,0,2
vp_36680_case_001,72,81,83,97.1830985915493,후반,1,1,0,0,0,0,0,1.0,0,0,0,1,0,0,0,0,0,0,0,0,1
vp_36681_case_001,1,10,20,20.0,초반,0,0,5,1,1,0,0,1.0,1,2,1,0,0,0,0,1,0,0,0,0,1
vp_36681_case_001,6,15,25,31.11111111111111,초반,1,1,2,1,0,0,0,1.0,0,2,1,1,0,0,0,1,0,0,0,0,2
vp_36681_case_001,11,20,30,42.22222222222222,중반,1,1,4,2,2,0,0,1.0,2,0,0,1,0,0,0,1,0,0,1,0,3
vp_36681_case_001,16,25,35,53.333333333333336,중반,0,0,4,2,2,0,0,1.0,2,0,0,0,0,0,0,1,0,0,1,0,2
vp_36681_case_001,21,30,40,64.44444444444444,중반,1,1,2,2,0,0,0,0.9,0,0,0,1,0,0,0,1,0,0,1,0,3
vp_36681_case_001,26,35,45,75.55555555555556,후반,2,2,5,3,0,0,0,0.9,0,1,1,1,0,0,1,1,0,0,1,0,4
vp_36681_case_001,31,40,46,86.66666666666667,후반,1,1,8,3,0,1,0,0.8,0,1,1,1,1,0,1,1,0,0,1,0,5
vp_36681_case_001,36,45,46,97.77777777777777,후반,1,1,9,3,1,1,0,0.8,1,0,0,1,1,0,1,1,0,0,1,0,5
vp_36682_case_001,1,10,20,16.071428571428573,초반,0,0,3,1,0,2,0,0.8,0,2,1,0,1,0,0,0,0,0,0,0,1
vp_36682_case_001,6,15,25,25.0,초반,0,0,6,2,1,2,0,0.7,1,1,1,0,1,0,0,1,0,0,0,0,2
vp_36682_case_001,11,20,30,33.92857142857143,중반,0,0,5,3,2,2,0,0.7,2,0,0,0,1,0,0,1,0,0,1,0,3
vp_36682_case_001,16,25,35,42.857142857142854,중반,0,0,2,2,1,1,0,0.9,1,0,0,0,1,0,0,1,0,0,1,0,3
vp_36682_case_001,21,30,40,51.78571428571429,중반,0,0,0,0,0,1,0,0.8,0,0,0,0,1,0,0,0,0,0,0,0,1
vp_36682_case_001,26,35,45,60.71428571428571,중반,0,0,0,0,0,1,1,0.5,0,0,0,0,1,1,0,0,0,0,0,0,2
vp_36682_case_001,31,40,50,69.64285714285714,후반,0,0,0,0,0,0,1,0.3,0,0,0,0,0,1,0,0,0,0,0,0,1
vp_36682_case_001,36,45,55,78.57142857142857,후반,0,0,0,0,0,0,0,0.6,0,0,0,0,0,0,0,0,0,0,0,0,0
vp_36682_case_001,41,50,57,87.5,후반,0,0,1,1,0,1,0,0.8,0,0,0,0,1,0,0,1,0,0,0,0,2
vp_36682_case_001,46,55,57,96.42857142857143,후반,0,0,2,1,0,2,0,0.6,0,0,0,0,1,0,0,1,0,0,0,0,2
vp_36683_case_001,1,10,20,21.951219512195124,초반,3,3,4,3,0,0,3,0.3,0,0,0,1,0,1,1,1,0,0,1,0,5
vp_36683_case_001,6,15,25,34.146341463414636,중반,3,3,2,2,0,1,1,0.5,0,0,0,1,1,1,1,1,0,0,0,0,5
vp_36683_case_001,11,20,30,46.34146341463415,중반,0,0,0,0,0,1,1,0.5,0,0,0,0,1,1,0,0,0,0,0,0,2
vp_36683_case_001,16,25,35,58.536585365853654,중반,0,0,1,1,0,0,2,0.4,0,0,0,0,0,1,0,1,0,0,0,0,2
vp_36683_case_001,21,30,40,70.73170731707317,후반,0,0,1,1,0,0,3,0.5,0,0,0,0,0,1,0,1,0,0,0,0,2
vp_36683_case_001,26,35,42,82.92682926829268,후반,0,0,0,0,0,0,3,0.6,0,0,0,0,0,1,0,0,0,0,0,0,1
vp_36683_case_001,31,40,42,95.1219512195122,후반,0,0,1,1,0,0,1,0.8,0,0,0,0,0,1,0,1,0,0,0,0,2
vp_36684_case_001,1,11,22,28.125,초반,2,2,2,2,0,0,0,1.0,0,0,0,1,0,0,1,1,0,0,0,0,3
vp_36684_case_001,6,16,27,43.75,중반,2,2,2,1,0,0,0,1.0,0,0,0,1,0,0,1,0,0,0,0,0,2
vp_36684_case_001,12,22,34,59.375,중반,2,2,7,3,0,0,0,1.0,0,0,0,1,0,0,1,1,0,1,0,0,4
vp_36684_case_001,18,27,37,75.0,후반,0,0,5,3,0,0,0,1.0,0,1,1,0,0,0,1,1,0,1,0,0,3
vp_36684_case_001,23,34,37,90.625,후반,0,0,1,1,0,0,0,1.0,0,1,1,0,0,0,0,1,0,0,0,0,1
vp_36684_case_002,1,10,23,11.688311688311687,초반,1,1,3,2,0,0,0,1.0,0,0,0,1,0,0,1,0,0,0,1,0,3
vp_36684_case_002,6,18,31,18.181818181818183,초반,0,0,4,4,0,0,0,1.0,0,0,0,0,0,0,1,1,0,0,1,0,3
vp_36684_case_002,11,23,36,24.675324675324674,초반,0,0,5,2,0,0,0,1.0,0,0,0,0,0,0,0,1,0,0,0,0,1
vp_36684_case_002,19,31,41,31.16883116883117,초반,0,0,3,1,0,0,0,1.0,0,0,0,0,0,0,0,1,0,0,0,0,1
vp_36684_case_002,24,36,46,37.66233766233766,중반,0,0,1,1,0,0,0,1.0,0,0,0,0,0,0,0,1,0,0,0,0,1
vp_36684_case_002,32,41,51,44.15584415584416,중반,2,2,3,2,0,0,0,1.0,0,0,0,1,0,0,1,1,0,0,0,0,3
vp_36684_case_002,37,46,57,50.649350649350644,중반,2,2,6,2,0,0,0,1.0,0,0,0,1,0,0,1,0,0,0,1,0,3
vp_36684_case_002,42,51,62,57.14285714285714,중반,0,0,4,2,0,0,0,1.0,0,0,0,0,0,0,1,0,0,0,1,0,2
vp_36684_case_002,47,57,71,63.63636363636363,중반,1,1,1,1,0,0,0,1.0,0,0,0,1,0,0,1,0,0,0,0,0,2
vp_36684_case_002,52,62,76,70.12987012987013,후반,1,1,2,2,0,0,0,1.0,0,0,0,1,0,0,1,1,0,0,0,0,3
vp_36684_case_002,58,71,81,76.62337662337663,후반,0,0,1,1,0,0,0,1.0,0,0,0,0,0,0,0,1,0,0,0,0,1
vp_36684_case_002,63,76,90,83.11688311688312,후반,1,1,1,1,0,0,0,1.0,0,0,0,1,0,0,1,0,0,0,0,0,2
vp_36684_case_002,72,81,95,89.6103896103896,후반,1,1,2,2,0,0,0,1.0,0,0,0,1,0,0,1,0,0,0,0,0,2
vp_36684_case_002,77,90,95,96.1038961038961,후반,0,0,2,2,0,0,0,1.0,0,0,0,0,0,0,1,0,0,0,0,0,1
vp_36685_case_001,1,10,20,45.0,중반,0,0,10,4,1,0,0,0.9,1,0,0,0,0,0,1,1,0,0,1,0,3
vp_36685_case_001,6,15,21,70.0,후반,1,1,4,3,0,0,0,0.9,0,0,0,1,0,0,1,1,0,0,1,0,4
vp_36685_case_001,11,20,21,95.0,후반,1,1,3,2,0,0,0,0.9,0,0,0,1,0,0,1,1,0,0,0,0,3
vp_36686_case_001,1,10,20,10.0,초반,0,0,2,2,0,2,0,0.5,0,0,0,0,1,0,1,1,0,0,0,0,3
vp_36686_case_001,6,15,25,15.555555555555555,초반,0,0,1,1,0,3,1,0.5,0,0,0,0,1,1,0,1,0,0,0,0,3
vp_36686_case_001,11,20,30,21.11111111111111,초반,0,0,3,2,0,3,1,0.6,0,0,0,0,1,1,0,1,0,1,0,0,4
vp_36686_case_001,16,25,35,26.666666666666668,초반,0,0,3,2,0,2,0,0.4,0,0,0,0,1,0,0,1,0,1,0,0,3
vp_36686_case_001,21,30,40,32.22222222222222,초반,0,0,2,1,0,1,0,0.5,0,0,0,0,1,0,0,1,0,0,0,0,2
vp_36686_case_001,26,35,45,37.77777777777778,중반,0,0,1,1,0,1,0,0.9,0,0,0,0,1,0,0,1,0,0,0,0,2
vp_36686_case_001,31,40,50,43.333333333333336,중반,1,1,0,0,0,2,0,0.8,0,0,0,1,1,0,0,0,0,0,0,0,2
vp_36686_case_001,36,45,55,48.888888888888886,중반,1,1,0,0,0,3,1,0.5,0,0,0,1,1,1,0,0,0,0,0,0,3
vp_36686_case_001,41,50,60,54.44444444444444,중반,0,0,0,0,0,2,1,0.5,0,0,0,0,1,1,0,0,0,0,0,0,2
vp_36686_case_001,46,55,65,60.0,중반,0,0,0,0,0,1,0,0.4,0,0,0,0,1,0,0,0,0,0,0,0,1
vp_36686_case_001,51,60,70,65.55555555555556,중반,0,0,0,0,0,1,0,0.4,0,0,0,0,1,0,0,0,0,0,0,0,1
vp_36686_case_001,56,65,75,71.11111111111111,후반,0,0,0,0,0,1,0,0.7,0,0,0,0,1,0,0,0,0,0,0,0,1
vp_36686_case_001,61,70,80,76.66666666666667,후반,0,0,0,0,0,1,0,0.6,0,0,0,0,1,0,0,0,0,0,0,0,1
vp_36686_case_001,66,75,85,82.22222222222221,후반,0,0,0,0,0,2,0,0.5,0,0,0,0,1,0,0,0,0,0,0,0,1
vp_36686_case_001,71,80,90,87.77777777777777,후반,0,0,0,0,0,2,0,0.6,0,0,0,0,1,0,0,0,0,0,0,0,1
vp_36686_case_001,76,85,91,93.33333333333333,후반,0,0,3,2,0,1,0,0.6,0,0,0,0,1,0,0,1,0,1,0,0,3
vp_36686_case_001,81,90,91,98.88888888888889,후반,0,0,3,2,0,0,0,0.5,0,0,0,0,0,0,0,1,0,1,0,0,2
vp_36687_case_002,1,10,20,25.71428571428571,초반,1,1,2,1,1,0,0,0.8,1,0,0,1,0,0,0,0,0,0,1,0,2
vp_36687_case_002,6,15,25,40.0,중반,1,1,2,2,0,0,1,0.9,0,0,0,1,0,1,0,1,0,0,1,0,4
vp_36687_case_002,11,20,30,54.285714285714285,중반,0,0,2,1,0,0,1,0.7,0,0,0,0,0,1,0,1,0,0,0,0,2
vp_36687_case_002,16,25,35,68.57142857142857,후반,0,0,1,1,0,0,0,0.4,0,0,0,0,0,0,0,1,0,0,0,0,1
vp_36687_case_002,21,30,36,82.85714285714286,후반,1,1,0,0,0,0,1,0.4,0,0,0,1,0,1,0,0,0,0,0,0,2
vp_36687_case_002,26,35,36,97.14285714285714,후반,1,1,0,0,0,0,1,0.6,0,0,0,1,0,1,0,0,0,0,0,0,2
vp_36688_case_001,1,10,20,3.214285714285714,초반,0,0,5,3,0,0,0,1.0,0,0,0,0,0,0,0,1,0,1,1,0,3
vp_36688_case_001,6,15,25,5.0,초반,0,0,5,4,0,0,1,0.9,0,0,0,0,0,1,0,1,0,1,1,0,4
vp_36688_case_001,11,20,30,6.785714285714286,초반,1,1,4,3,0,0,3,0.7,0,0,0,1,0,1,1,1,0,0,0,0,4
vp_36688_case_001,16,25,35,8.571428571428571,초반,1,1,2,2,0,0,3,0.6,0,0,0,1,0,1,1,1,0,0,0,0,4
vp_36688_case_001,21,30,40,10.357142857142858,초반,1,1,1,1,0,0,1,0.7,0,0,0,1,0,1,1,0,0,0,0,0,3
vp_36688_case_001,26,35,45,12.142857142857142,초반,1,1,4,3,0,0,0,0.8,0,0,0,1,0,0,1,1,0,0,1,0,4
vp_36688_case_001,31,40,50,13.928571428571429,초반,0,0,6,2,0,0,0,0.8,0,0,0,0,0,0,0,1,0,0,1,0,2
vp_36688_case_001,36,45,55,15.714285714285714,초반,0,0,6,2,0,0,0,0.9,0,0,0,0,0,0,0,1,0,0,1,0,2
vp_36688_case_001,41,50,60,17.5,초반,0,0,4,3,0,0,0,1.0,0,0,0,0,0,0,0,1,0,0,1,0,2
vp_36688_case_001,46,55,65,19.28571428571429,초반,0,0,2,1,0,0,0,1.0,0,0,0,0,0,0,0,0,0,0,0,0,0
vp_36688_case_001,51,60,70,21.071428571428573,초반,0,0,2,1,0,0,0,1.0,0,0,0,0,0,0,0,0,0,0,0,0,0
vp_36688_case_001,56,65,75,22.857142857142858,초반,3,2,4,2,0,0,0,1.0,0,0,0,1,0,0,1,0,0,0,0,0,2
vp_36688_case_001,61,70,80,24.642857142857146,초반,3,2,4,1,0,0,0,0.8,0,0,0,1,0,0,1,0,0,0,0,0,2
vp_36688_case_001,66,75,85,26.42857142857143,초반,1,1,4,1,0,0,0,0.7,0,0,0,1,0,0,1,0,0,0,0,0,2
vp_36688_case_001,71,80,90,28.214285714285715,초반,1,1,4,1,0,0,0,0.9,0,0,0,1,0,0,1,0,0,0,0,0,2
vp_36688_case_001,76,85,95,30.0,초반,0,0,2,2,0,0,0,0.9,0,0,0,0,0,0,1,1,0,0,0,0,2
vp_36688_case_001,81,90,100,31.785714285714285,초반,0,0,3,2,0,0,0,0.9,0,0,0,0,0,0,1,1,0,0,0,0,2
vp_36688_case_001,86,95,105,33.57142857142857,중반,0,0,3,2,0,0,1,0.7,0,0,0,0,0,1,1,1,0,0,0,0,3
vp_36688_case_001,91,100,110,35.35714285714286,중반,0,0,2,2,0,0,1,0.7,0,0,0,0,0,1,1,1,0,0,0,0,3
vp_36688_case_001,96,105,115,37.142857142857146,중반,1,1,5,3,0,1,0,0.9,0,0,0,1,1,0,1,1,0,0,1,0,5
vp_36688_case_001,101,110,120,38.92857142857143,중반,1,1,5,3,0,1,0,0.9,0,0,0,1,1,0,1,1,0,0,1,0,5
vp_36688_case_001,106,115,125,40.714285714285715,중반,0,0,1,1,0,2,0,0.8,0,0,0,0,1,0,1,0,0,0,0,0,2
vp_36688_case_001,111,120,130,42.5,중반,0,0,0,0,0,2,0,0.8,0,0,0,0,1,0,0,0,0,0,0,0,1
vp_36688_case_001,116,125,135,44.285714285714285,중반,0,0,0,0,0,0,0,0.8,0,0,0,0,0,0,0,0,0,0,0,0,0
vp_36688_case_001,121,130,140,46.07142857142857,중반,0,0,2,1,0,0,0,0.8,0,0,0,0,0,0,0,1,0,0,0,0,1
vp_36688_case_001,126,135,145,47.85714285714286,중반,0,0,5,2,0,0,0,1.0,0,0,0,0,0,0,0,1,0,0,1,0,2
vp_36688_case_001,131,140,150,49.642857142857146,중반,0,0,5,2,0,0,0,1.0,0,0,0,0,0,0,1,0,0,0,1,0,2
vp_36688_case_001,136,145,155,51.42857142857142,중반,0,0,4,2,0,0,0,1.0,0,0,0,0,0,0,1,0,0,0,1,0,2
vp_36688_case_001,141,150,160,53.214285714285715,중반,0,0,3,3,0,0,0,1.0,0,0,0,0,0,0,1,0,1,0,1,0,3
vp_36688_case_001,146,155,165,55.00000000000001,중반,0,0,2,2,0,0,0,1.0,0,0,0,0,0,0,0,0,1,1,0,0,2
vp_36688_case_001,151,160,170,56.785714285714285,중반,0,0,1,1,0,0,0,1.0,0,0,0,0,0,0,0,0,0,1,0,0,1
vp_36688_case_001,156,165,175,58.57142857142858,중반,0,0,0,0,0,0,0,1.0,0,0,0,0,0,0,0,0,0,0,0,0,0
vp_36688_case_001,161,170,180,60.357142857142854,중반,0,0,0,0,0,0,0,1.0,0,0,0,0,0,0,0,0,0,0,0,0,0
vp_36688_case_001,166,175,185,62.142857142857146,중반,0,0,2,1,0,1,0,0.9,0,0,0,0,1,0,0,1,0,0,0,0,2
vp_36688_case_001,171,180,190,63.92857142857142,중반,0,0,4,1,0,3,0,0.6,0,1,1,0,1,0,0,1,0,0,0,0,2
vp_36688_case_001,176,185,195,65.71428571428571,중반,0,0,2,1,0,2,1,0.4,0,1,1,0,1,1,0,1,0,0,0,0,3
vp_36688_case_001,181,190,200,67.5,후반,0,0,4,2,1,0,1,0.6,1,0,0,0,0,1,0,1,0,0,1,0,3
vp_36688_case_001,186,195,205,69.28571428571428,후반,0,0,7,2,1,0,0,0.8,1,0,0,0,0,0,0,1,0,0,1,0,2
vp_36688_case_001,191,200,210,71.07142857142857,후반,0,0,4,2,0,0,0,0.8,0,0,0,0,0,0,0,1,0,0,1,0,2
vp_36688_case_001,196,205,215,72.85714285714285,후반,0,0,2,1,0,0,0,0.9,0,0,0,0,0,0,0,1,0,0,0,0,1
vp_36688_case_001,201,210,220,74.64285714285714,후반,0,0,1,1,0,0,0,0.9,0,0,0,0,0,0,0,1,0,0,0,0,1
vp_36688_case_001,206,215,225,76.42857142857142,후반,0,0,0,0,0,0,0,0.8,0,0,0,0,0,0,0,0,0,0,0,0,0
vp_36688_case_001,211,220,230,78.21428571428571,후반,0,0,0,0,0,0,0,0.5,0,0,0,0,0,0,0,0,0,0,0,0,0
vp_36688_case_001,216,225,235,80.0,후반,0,0,0,0,0,0,0,0.4,0,0,0,0,0,0,0,0,0,0,0,0,0
vp_36688_case_001,221,230,240,81.78571428571428,후반,0,0,2,1,0,0,0,0.7,0,0,0,0,0,0,0,1,0,0,0,0,1
vp_36688_case_001,226,235,245,83.57142857142857,후반,0,0,3,1,0,0,0,0.7,0,0,0,0,0,0,0,1,0,0,0,0,1
vp_36688_case_001,231,240,250,85.35714285714285,후반,0,0,2,2,0,0,0,0.8,0,0,0,0,0,0,0,1,0,0,1,0,2
vp_36688_case_001,236,245,255,87.14285714285714,후반,0,0,1,1,0,1,0,0.8,0,0,0,0,1,0,0,0,0,0,1,0,2
vp_36688_case_001,241,250,260,88.92857142857142,후반,0,0,2,2,0,1,0,0.7,0,0,0,0,1,0,1,1,0,0,0,0,3
vp_36688_case_001,246,255,265,90.71428571428571,후반,0,0,4,2,0,0,0,0.8,0,0,0,0,0,0,1,1,0,0,0,0,2
vp_36688_case_001,251,260,270,92.5,후반,0,0,3,2,0,0,0,0.7,0,0,0,0,0,0,1,1,0,0,0,0,2
vp_36688_case_001,256,265,275,94.28571428571428,후반,0,0,1,1,0,0,0,0.3,0,0,0,0,0,0,1,0,0,0,0,0,1
vp_36688_case_001,261,270,280,96.07142857142857,후반,0,0,0,0,0,0,0,0.5,0,0,0,0,0,0,0,0,0,0,0,0,0
vp_36688_case_001,266,275,281,97.85714285714285,후반,0,0,2,2,0,0,0,1.0,0,0,0,0,0,0,1,1,0,0,0,0,2
vp_36688_case_001,271,280,281,99.64285714285714,후반,0,0,2,2,0,0,0,0.8,0,0,0,0,0,0,1,1,0,0,0,0,2
vp_36688_case_002,1,10,20,10.0,초반,0,0,0,0,0,0,0,1.0,0,0,0,0,0,0,0,0,0,0,0,0,0
vp_36688_case_002,6,15,25,15.555555555555555,초반,1,1,2,2,0,0,0,1.0,0,0,0,1,0,0,1,0,0,0,1,0,3
vp_36688_case_002,11,20,30,21.11111111111111,초반,2,2,3,2,0,0,0,1.0,0,0,0,1,0,0,1,0,0,0,1,0,3
vp_36688_case_002,16,25,35,26.666666666666668,초반,1,1,1,1,0,0,0,0.9,0,0,0,1,0,0,1,0,0,0,0,0,2
vp_36688_case_002,21,30,40,32.22222222222222,초반,0,0,0,0,0,0,0,0.5,0,0,0,0,0,0,0,0,0,0,0,0,0
vp_36688_case_002,26,35,45,37.77777777777778,중반,0,0,0,0,0,0,0,0.2,0,0,0,0,0,0,0,0,0,0,0,0,0
vp_36688_case_002,31,40,50,43.333333333333336,중반,0,0,0,0,0,1,0,0.1,0,0,0,0,1,0,0,0,0,0,0,0,1
vp_36688_case_002,36,45,55,48.888888888888886,중반,0,0,0,0,0,1,0,0.0,0,0,0,0,1,0,0,0,0,0,0,0,1
vp_36688_case_002,41,50,60,54.44444444444444,중반,0,0,0,0,0,0,0,0.0,0,0,0,0,0,0,0,0,0,0,0,0,0
vp_36688_case_002,46,55,65,60.0,중반,0,0,0,0,0,0,0,0.1,0,0,0,0,0,0,0,0,0,0,0,0,0
vp_36688_case_002,51,60,70,65.55555555555556,중반,0,0,0,0,0,0,0,0.4,0,0,0,0,0,0,0,0,0,0,0,0,0
vp_36688_case_002,56,65,75,71.11111111111111,후반,0,0,0,0,0,1,1,0.3,0,0,0,0,1,1,0,0,0,0,0,0,2
vp_36688_case_002,61,70,80,76.66666666666667,후반,0,0,0,0,0,1,1,0.0,0,0,0,0,1,1,0,0,0,0,0,0,2
vp_36688_case_002,66,75,85,82.22222222222221,후반,0,0,0,0,0,1,0,0.0,0,0,0,0,1,0,0,0,0,0,0,0,1
vp_36688_case_002,71,80,90,87.77777777777777,후반,0,0,1,1,0,1,0,0.4,0,0,0,0,1,0,1,0,0,0,0,0,2
vp_36688_case_002,76,85,91,93.33333333333333,후반,0,0,2,1,0,0,0,0.9,0,0,0,0,0,0,1,0,0,0,0,0,1
vp_36688_case_002,81,90,91,98.88888888888889,후반,0,0,1,1,0,0,0,0.9,0,0,0,0,0,0,1,0,0,0,0,0,1
vp_36689_case_001,1,10,20,12.0,초반,1,1,2,1,0,0,1,0.4,0,0,0,1,0,1,1,0,0,0,0,0,3
vp_36689_case_001,6,15,25,18.666666666666668,초반,2,2,4,1,0,0,0,0.7,0,0,0,1,0,0,1,0,0,0,0,0,2
vp_36689_case_001,11,20,30,25.333333333333336,초반,1,1,2,1,0,0,0,0.7,0,0,0,1,0,0,1,0,0,0,0,0,2
vp_36689_case_001,16,25,35,32.0,초반,0,0,0,0,0,0,0,0.4,0,0,0,0,0,0,0,0,0,0,0,0,0
vp_36689_case_001,21,30,40,38.666666666666664,중반,0,0,1,1,0,0,0,0.4,0,0,0,0,0,0,1,0,0,0,0,0,1
vp_36689_case_001,26,35,45,45.33333333333333,중반,0,0,3,1,0,1,2,0.4,0,0,0,0,1,1,1,0,0,0,0,0,3
vp_36689_case_001,31,40,50,52.0,중반,0,0,4,1,0,1,4,0.5,0,0,0,0,1,1,1,0,0,0,0,0,3
vp_36689_case_001,36,45,55,58.666666666666664,중반,0,0,5,3,0,0,2,0.7,0,0,0,0,0,1,1,1,1,0,0,0,4
vp_36689_case_001,41,50,60,65.33333333333333,중반,0,0,7,5,0,0,0,0.9,0,0,0,0,0,0,1,1,1,1,1,0,5
vp_36689_case_001,46,55,65,72.0,후반,0,0,4,4,0,0,0,0.7,0,0,0,0,0,0,1,1,0,1,1,0,4
vp_36689_case_001,51,60,70,78.66666666666666,후반,0,0,1,1,0,0,0,0.6,0,0,0,0,0,0,1,0,0,0,0,0,1
vp_36689_case_001,56,65,75,85.33333333333334,후반,1,1,3,1,0,0,0,0.8,0,0,0,1,0,0,1,0,0,0,0,0,2
vp_36689_case_001,61,70,76,92.0,후반,1,1,3,2,0,0,1,0.6,0,0,0,1,0,1,1,1,0,0,0,0,4
vp_36689_case_001,66,75,76,98.66666666666667,후반,0,0,2,1,0,0,1,0.7,0,0,0,0,0,1,0,1,0,0,0,0,2
vp_36690_case_001,1,10,22,14.754098360655737,초반,1,1,7,4,3,0,0,1.0,2,1,1,1,0,0,1,1,0,0,0,1,4
vp_36690_case_001,6,15,28,22.950819672131146,초반,1,1,7,4,4,0,0,1.0,3,1,1,1,0,0,1,1,0,0,0,1,4
vp_36690_case_001,11,22,33,31.147540983606557,초반,2,2,3,3,1,0,0,1.0,1,1,1,1,0,0,0,1,0,0,1,1,4
vp_36690_case_001,16,28,38,39.34426229508197,중반,2,2,3,3,1,0,0,1.0,1,0,0,1,0,0,1,1,0,0,1,0,4
vp_36690_case_001,23,33,43,47.540983606557376,중반,1,1,2,2,1,0,0,1.0,1,0,0,1,0,0,1,1,0,0,0,0,3
vp_36690_case_001,29,38,48,55.73770491803278,중반,1,1,1,1,0,0,0,1.0,0,0,0,1,0,0,0,0,0,0,0,0,1
vp_36690_case_001,34,43,54,63.934426229508205,중반,0,0,2,1,0,0,0,1.0,0,0,0,0,0,0,0,0,0,0,0,0,0
vp_36690_case_001,39,48,61,72.1311475409836,후반,0,0,3,3,0,0,0,1.0,0,0,0,0,0,0,1,1,0,0,0,0,2
vp_36690_case_001,44,54,66,80.32786885245902,후반,0,0,3,2,0,0,0,1.0,0,0,0,0,0,0,1,1,0,0,0,0,2
vp_36690_case_001,49,61,69,88.52459016393442,후반,0,0,1,1,0,0,0,1.0,0,0,0,0,0,0,0,1,0,0,0,0,1
vp_36690_case_001,57,66,69,96.72131147540983,후반,0,0,0,0,0,0,0,1.0,0,0,0,0,0,0,0,0,0,0,0,0,0
vp_36692_case_001,1,10,20,14.285714285714285,초반,0,0,3,1,0,0,0,1.0,0,0,0,0,0,0,0,0,0,0,0,0,0
vp_36692_case_001,6,15,25,22.22222222222222,초반,0,0,2,1,0,0,0,0.8,0,0,0,0,0,0,0,1,0,0,0,0,1
vp_36692_case_001,11,20,30,30.158730158730158,초반,0,0,2,1,0,0,0,0.7,0,1,1,0,0,0,0,1,0,0,0,0,1
vp_36692_case_001,16,25,35,38.095238095238095,중반,0,0,3,2,0,0,0,0.9,0,1,1,0,0,0,0,1,0,0,0,0,1
vp_36692_case_001,21,30,40,46.03174603174603,중반,0,0,5,2,1,0,0,1.0,1,0,0,0,0,0,0,1,0,0,0,0,1
vp_36692_case_001,26,35,45,53.96825396825397,중반,0,0,4,2,1,0,0,0.9,1,0,0,0,0,0,0,1,0,0,1,0,2
vp_36692_case_001,31,40,50,61.904761904761905,중반,0,0,3,1,0,1,0,0.8,0,0,0,0,1,0,0,0,0,0,1,0,2
vp_36692_case_001,36,45,55,69.84126984126983,후반,0,0,3,2,0,1,0,0.7,0,0,0,0,1,0,0,1,0,0,1,0,3
vp_36692_case_001,41,50,60,77.77777777777779,후반,0,0,5,2,0,0,0,0.7,0,0,0,0,0,0,0,1,0,0,1,0,2
vp_36692_case_001,46,55,64,85.71428571428571,후반,0,0,3,1,0,0,0,0.7,0,0,0,0,0,0,0,0,0,0,1,0,1
vp_36692_case_001,51,60,64,93.65079365079364,후반,0,0,0,0,0,0,0,0.8,0,0,0,0,0,0,0,0,0,0,0,0,0
vp_36694_case_001,1,10,20,12.676056338028168,초반,1,1,3,3,0,0,0,1.0,0,1,1,1,0,0,1,1,0,0,1,0,4
vp_36694_case_001,6,15,25,19.718309859154928,초반,3,3,7,2,1,0,0,1.0,1,0,0,1,0,0,1,0,0,0,1,0,3
vp_36694_case_001,11,20,30,26.76056338028169,초반,2,2,8,3,1,0,0,1.0,1,0,0,1,0,0,1,1,0,0,1,0,4
vp_36694_case_001,16,25,35,33.80281690140845,중반,0,0,7,3,0,0,0,1.0,0,0,0,0,0,0,1,1,0,0,1,0,3
vp_36694_case_001,21,30,40,40.845070422535215,중반,0,0,9,3,0,0,0,1.0,0,0,0,0,0,0,1,1,0,0,1,0,3
vp_36694_case_001,26,35,45,47.88732394366197,중반,0,0,6,2,0,0,0,1.0,0,0,0,0,0,0,1,0,0,0,1,0,2
vp_36694_case_001,31,40,50,54.929577464788736,중반,0,0,2,2,0,0,0,1.0,0,0,0,0,0,0,1,1,0,0,0,0,2
vp_36694_case_001,36,45,55,61.97183098591549,중반,0,0,2,2,0,0,0,1.0,0,0,0,0,0,0,0,1,0,0,1,0,2
vp_36694_case_001,41,50,60,69.01408450704226,후반,0,0,1,1,0,0,0,1.0,0,0,0,0,0,0,0,0,0,0,1,0,1
vp_36694_case_001,46,55,65,76.05633802816901,후반,0,0,0,0,0,0,0,1.0,0,0,0,0,0,0,0,0,0,0,0,0,0
vp_36694_case_001,51,60,70,83.09859154929578,후반,0,0,0,0,0,0,0,1.0,0,0,0,0,0,0,0,0,0,0,0,0,0
vp_36694_case_001,56,65,72,90.14084507042254,후반,0,0,1,1,0,0,0,1.0,0,0,0,0,0,0,0,0,0,0,1,0,1
vp_36694_case_001,61,70,72,97.1830985915493,후반,0,0,1,1,0,0,0,1.0,0,0,0,0,0,0,0,0,0,0,1,0,1
vp_36695_case_001,1,10,20,20.0,초반,1,1,1,1,1,0,0,0.6,1,0,0,1,0,0,0,0,0,0,0,1,2
vp_36695_case_001,6,15,25,31.11111111111111,초반,0,0,4,3,1,0,0,0.8,1,1,1,0,0,0,0,1,0,1,0,1,3
vp_36695_case_001,11,20,30,42.22222222222222,중반,0,0,5,4,0,0,0,0.7,0,1,1,0,0,0,0,1,0,1,1,0,3
vp_36695_case_001,16,25,35,53.333333333333336,중반,0,0,4,3,1,0,0,0.5,1,0,0,0,0,0,0,1,0,0,1,0,2
vp_36695_case_001,21,30,40,64.44444444444444,중반,0,0,3,2,1,0,0,0.5,1,0,0,0,0,0,0,1,0,0,1,0,2
vp_36695_case_001,26,35,45,75.55555555555556,후반,0,0,2,1,0,0,0,0.6,0,0,0,0,0,0,0,1,0,0,0,0,1
vp_36695_case_001,31,40,46,86.66666666666667,후반,0,0,3,3,0,0,0,0.7,0,0,0,0,0,0,0,1,0,1,1,0,3
vp_36695_case_001,36,45,46,97.77777777777777,후반,0,0,5,3,0,1,0,0.8,0,0,0,0,1,0,0,1,0,1,1,0,4
vp_36695_case_002,1,10,20,13.043478260869565,초반,0,0,3,2,0,1,0,0.7,0,0,0,0,1,0,0,1,0,0,1,0,3
vp_36695_case_002,6,15,25,20.28985507246377,초반,0,0,3,3,0,1,0,0.7,0,0,0,0,1,0,1,1,0,0,1,0,4
vp_36695_case_002,11,20,30,27.536231884057973,초반,1,1,5,3,0,0,0,0.8,0,0,0,1,0,0,1,1,0,0,1,0,4
vp_36695_case_002,16,25,35,34.78260869565217,중반,2,1,5,2,0,0,0,0.9,0,0,0,1,0,0,1,1,0,0,0,0,3
vp_36695_case_002,21,30,40,42.028985507246375,중반,1,1,4,2,0,0,0,1.0,0,0,0,1,0,0,1,1,0,0,0,0,3
vp_36695_case_002,26,35,45,49.275362318840585,중반,0,0,3,2,0,0,0,1.0,0,0,0,0,0,0,1,1,0,0,0,0,2
vp_36695_case_002,31,40,50,56.52173913043478,중반,0,0,3,1,0,0,0,0.8,0,0,0,0,0,0,0,1,0,0,0,0,1
vp_36695_case_002,36,45,55,63.76811594202898,중반,0,0,2,1,0,0,0,0.8,0,0,0,0,0,0,0,1,0,0,0,0,1
vp_36695_case_002,41,50,60,71.01449275362319,후반,0,0,1,1,0,1,0,0.9,0,0,0,0,1,0,0,1,0,0,0,0,2
vp_36695_case_002,46,55,65,78.26086956521739,후반,0,0,1,1,0,1,0,0.9,0,0,0,0,1,0,1,0,0,0,0,0,2
vp_36695_case_002,51,60,70,85.5072463768116,후반,0,0,3,2,0,0,0,0.9,0,0,0,0,0,0,1,1,0,0,0,0,2
vp_36695_case_002,56,65,70,92.7536231884058,후반,0,0,3,2,0,0,0,0.8,0,0,0,0,0,0,1,1,0,0,0,0,2
vp_36696_case_001,1,10,20,14.0625,초반,1,1,8,2,1,0,0,1.0,1,0,0,1,0,0,0,1,0,0,1,0,3
vp_36696_case_001,6,15,25,21.875,초반,1,1,5,1,0,1,0,0.8,0,0,0,1,1,0,0,1,0,0,0,0,3
vp_36696_case_001,11,20,30,29.6875,초반,1,1,5,2,0,1,0,0.8,0,0,0,1,1,0,0,1,0,0,1,0,4
vp_36696_case_001,16,25,35,37.5,중반,1,1,4,2,0,0,0,0.9,0,0,0,1,0,0,0,1,0,0,1,0,3
vp_36696_case_001,21,30,40,45.3125,중반,0,0,3,2,0,0,0,0.9,0,0,0,0,0,0,0,1,0,1,0,0,2
vp_36696_case_001,26,35,45,53.125,중반,0,0,4,3,0,1,0,0.9,0,0,0,0,1,0,0,1,0,1,0,0,3
vp_36696_case_001,31,40,50,60.9375,중반,0,0,3,2,0,3,0,0.7,0,0,0,0,1,0,0,1,0,0,0,0,2
vp_36696_case_001,36,45,55,68.75,후반,0,0,3,2,0,2,0,0.8,0,0,0,0,1,0,0,1,0,1,0,0,3
vp_36696_case_001,41,50,60,76.5625,후반,0,0,5,2,0,1,0,0.9,0,0,0,0,1,0,0,0,0,1,1,0,3
vp_36696_case_001,46,55,65,84.375,후반,0,0,3,2,0,1,0,0.8,0,0,0,0,1,0,0,0,0,1,1,0,3
vp_36696_case_001,51,60,65,92.1875,후반,0,0,2,1,0,0,0,0.8,0,0,0,0,0,0,0,0,0,1,0,0,1
vp_36697_case_001,1,10,20,8.411214953271028,초반,0,0,0,0,0,0,0,1.0,0,0,0,0,0,0,0,0,0,0,0,0,0
vp_36697_case_001,6,15,25,13.084112149532709,초반,0,0,0,0,0,0,0,1.0,0,0,0,0,0,0,0,0,0,0,0,0,0
vp_36697_case_001,11,20,30,17.75700934579439,초반,0,0,0,0,0,0,0,0.8,0,0,0,0,0,0,0,0,0,0,0,0,0
vp_36697_case_001,16,25,35,22.429906542056074,초반,0,0,0,0,0,0,0,0.7,0,0,0,0,0,0,0,0,0,0,0,0,0
vp_36697_case_001,21,30,40,27.102803738317753,초반,1,1,1,1,0,0,0,0.9,0,0,0,1,0,0,0,0,0,0,1,0,2
vp_36697_case_001,26,35,45,31.775700934579437,초반,1,1,1,1,0,0,0,1.0,0,0,0,1,0,0,0,0,0,0,1,0,2
vp_36697_case_001,31,40,50,36.44859813084112,중반,0,0,0,0,0,0,0,1.0,0,0,0,0,0,0,0,0,0,0,0,0,0
vp_36697_case_001,36,45,55,41.1214953271028,중반,0,0,1,1,0,0,0,1.0,0,0,0,0,0,0,0,0,0,0,1,0,1
vp_36697_case_001,41,50,60,45.794392523364486,중반,0,0,2,2,0,0,0,1.0,0,0,0,0,0,0,0,1,0,0,1,0,2
vp_36697_case_001,46,55,65,50.467289719626166,중반,0,0,3,2,0,0,0,1.0,0,0,0,0,0,0,1,1,0,0,0,0,2
vp_36697_case_001,51,60,70,55.140186915887845,중반,0,0,3,2,0,0,0,1.0,0,0,0,0,0,0,1,1,0,0,0,0,2
vp_36697_case_001,56,65,75,59.813084112149525,중반,0,0,2,1,0,0,0,0.7,0,0,0,0,0,0,0,1,0,0,0,0,1
vp_36697_case_001,61,70,80,64.48598130841121,중반,0,0,1,1,0,0,0,0.4,0,0,0,0,0,0,0,1,0,0,0,0,1
vp_36697_case_001,66,75,85,69.1588785046729,후반,0,0,0,0,0,0,0,0.7,0,0,0,0,0,0,0,0,0,0,0,0,0
vp_36697_case_001,71,80,90,73.83177570093457,후반,0,0,2,1,0,0,0,1.0,0,0,0,0,0,0,0,0,0,0,1,0,1
vp_36697_case_001,76,85,95,78.50467289719626,후반,0,0,2,1,0,0,0,1.0,0,0,0,0,0,0,0,0,0,0,1,0,1
vp_36697_case_001,81,90,100,83.17757009345794,후반,0,0,0,0,0,0,0,1.0,0,0,0,0,0,0,0,0,0,0,0,0,0
vp_36697_case_001,86,95,105,87.85046728971963,후반,0,0,0,0,0,0,0,1.0,0,0,0,0,0,0,0,0,0,0,0,0,0
vp_36697_case_001,91,100,108,92.5233644859813,후반,0,0,0,0,0,0,0,0.6,0,0,0,0,0,0,0,0,0,0,0,0,0
vp_36697_case_001,96,105,108,97.19626168224299,후반,0,0,0,0,0,0,0,0.6,0,0,0,0,0,0,0,0,0,0,0,0,0
vp_36698_case_001,1,10,20,42.857142857142854,중반,3,1,8,3,0,0,0,0.9,0,0,0,1,0,0,1,1,0,0,1,0,4
vp_36698_case_001,6,15,22,66.66666666666666,후반,0,0,3,1,0,0,0,0.8,0,0,0,0,0,0,1,0,0,0,0,0,1
vp_36698_case_001,11,20,22,90.47619047619048,후반,0,0,4,2,0,0,0,0.7,0,0,0,0,0,0,1,1,0,0,0,0,2
vp_36699_case_001,1,10,20,47.368421052631575,중반,0,0,7,2,1,0,0,1.0,1,2,1,0,0,0,0,1,0,0,1,0,2
vp_36699_case_001,6,15,20,73.68421052631578,후반,1,1,5,3,2,0,0,1.0,2,0,0,1,0,0,1,0,1,0,1,0,4
vp_36700_case_001,1,10,20,23.076923076923077,초반,1,1,3,1,0,0,0,0.8,0,0,0,1,0,0,1,0,0,0,0,0,2
vp_36700_case_001,6,15,25,35.8974358974359,중반,0,0,4,1,1,0,0,0.9,0,0,0,0,0,0,1,0,0,0,0,0,1
vp_36700_case_001,11,20,30,48.717948717948715,중반,0,0,4,2,1,0,0,1.0,0,0,0,0,0,0,1,1,0,0,0,0,2
vp_36700_case_001,16,25,35,61.53846153846154,중반,1,1,4,2,0,0,0,1.0,0,0,0,1,0,0,1,1,0,0,0,0,3
vp_36700_case_001,21,30,40,74.35897435897436,후반,1,1,3,1,0,0,0,0.7,0,0,0,1,0,0,1,0,0,0,0,0,2
vp_36700_case_001,26,35,40,87.17948717948718,후반,0,0,2,2,0,0,0,0.4,0,0,0,0,0,0,1,0,0,0,1,0,2
vp_36701_case_001,1,10,20,22.5,초반,1,1,1,1,0,0,0,0.5,0,0,0,1,0,0,1,0,0,0,0,0,2
vp_36701_case_001,6,15,25,35.0,중반,2,1,4,2,0,0,0,0.6,0,0,0,1,0,0,1,0,0,0,1,0,3
vp_36701_case_001,11,20,30,47.5,중반,2,1,5,2,0,0,0,0.6,0,1,1,1,0,0,1,0,0,0,1,0,3
vp_36701_case_001,16,25,35,60.0,중반,0,0,2,2,0,0,0,0.7,0,1,1,0,0,0,1,0,0,0,1,0,2
vp_36701_case_001,21,30,40,72.5,후반,0,0,2,1,1,0,0,0.7,1,0,0,0,0,0,0,0,0,0,1,0,1
vp_36701_case_001,26,35,41,85.0,후반,1,1,2,2,1,0,0,0.5,1,0,0,1,0,0,1,0,0,0,1,0,3
vp_36701_case_001,31,40,41,97.5,후반,2,1,2,1,0,0,0,0.6,0,0,0,1,0,0,1,0,0,0,0,0,2
vp_36702_case_001,1,10,20,47.368421052631575,중반,1,1,5,2,0,0,0,1.0,0,0,0,1,0,0,1,0,0,0,0,0,2
vp_36702_case_001,6,15,20,73.68421052631578,후반,0,0,3,2,0,0,0,1.0,0,0,0,0,0,0,1,0,0,0,0,0,1
vp_36704_case_001,1,10,20,10.227272727272728,초반,1,1,2,2,0,0,0,1.0,0,0,0,1,0,0,0,1,0,1,0,0,3
vp_36704_case_001,6,15,25,15.909090909090908,초반,0,0,0,0,0,0,0,1.0,0,1,1,0,0,0,0,0,0,0,0,0,0
vp_36704_case_001,11,20,30,21.59090909090909,초반,1,1,2,2,0,0,0,1.0,0,2,1,1,0,0,1,0,0,0,0,0,2
vp_36704_case_001,16,25,35,27.27272727272727,초반,2,2,5,4,1,0,0,1.0,1,1,1,1,0,0,1,1,0,0,1,0,4
vp_36704_case_001,21,30,40,32.95454545454545,초반,1,1,5,2,2,0,0,1.0,2,0,0,1,0,0,0,1,0,0,1,0,3
vp_36704_case_001,26,35,45,38.63636363636363,중반,2,1,4,4,1,0,0,1.0,1,0,0,1,0,0,1,1,0,1,1,0,5
vp_36704_case_001,31,40,50,44.31818181818182,중반,3,2,6,3,0,0,0,1.0,0,0,0,1,0,0,1,1,0,1,0,0,4
vp_36704_case_001,36,45,55,50.0,중반,1,1,6,2,0,0,0,1.0,0,0,0,1,0,0,1,1,0,0,0,0,3
vp_36704_case_001,41,50,60,55.68181818181818,중반,0,0,3,2,0,0,0,1.0,0,0,0,0,0,0,1,1,0,0,0,0,2
vp_36704_case_001,46,55,65,61.36363636363637,중반,0,0,1,1,0,0,0,1.0,0,0,0,0,0,0,0,1,0,0,0,0,1
vp_36704_case_001,51,60,70,67.04545454545455,후반,0,0,2,2,0,0,0,1.0,0,0,0,0,0,0,1,0,0,0,0,0,1
vp_36704_case_001,56,65,75,72.72727272727273,후반,0,0,4,3,0,0,0,1.0,0,0,0,0,0,0,1,1,0,0,0,0,2
vp_36704_case_001,61,70,80,78.4090909090909,후반,0,0,3,2,0,0,0,1.0,0,0,0,0,0,0,0,1,0,0,0,0,1
vp_36704_case_001,66,75,85,84.0909090909091,후반,1,1,3,2,0,0,0,1.0,0,0,0,1,0,0,0,1,0,0,0,0,2
vp_36704_case_001,71,80,89,89.77272727272727,후반,1,1,3,2,0,0,0,1.0,0,0,0,1,0,0,0,1,0,0,0,0,2
vp_36704_case_001,76,85,89,95.45454545454545,후반,0,0,1,1,0,0,0,1.0,0,0,0,0,0,0,0,0,0,0,0,0,0
vp_36705_case_001,1,10,20,42.857142857142854,중반,1,1,1,1,0,2,0,0.2,0,1,1,1,1,0,1,0,0,0,0,0,3
vp_36705_case_001,6,15,22,66.66666666666666,후반,1,1,2,2,1,2,0,0.4,1,0,0,1,1,0,1,0,0,0,0,1,4
vp_36705_case_001,11,20,22,90.47619047619048,후반,0,0,1,1,1,0,0,0.6,1,0,0,0,0,0,0,0,0,0,0,1,1
vp_36707_case_001,1,10,20,14.754098360655737,초반,1,1,0,0,0,1,0,0.6,0,0,0,1,1,0,0,0,0,0,0,0,2
vp_36707_case_001,6,15,25,22.950819672131146,초반,2,1,0,0,0,1,0,0.6,0,0,0,1,1,0,0,0,0,0,0,0,2
vp_36707_case_001,11,20,30,31.147540983606557,초반,2,2,1,1,0,1,0,0.7,0,0,0,1,1,0,1,0,0,0,0,0,3
vp_36707_case_001,16,25,35,39.34426229508197,중반,1,1,1,1,0,0,0,0.8,0,0,0,1,0,0,1,0,0,0,0,0,2
vp_36707_case_001,21,30,40,47.540983606557376,중반,0,0,1,1,0,0,0,0.8,0,0,0,0,0,0,0,1,0,0,0,0,1
vp_36707_case_001,26,35,45,55.73770491803278,중반,0,0,1,1,0,0,0,0.8,0,0,0,0,0,0,0,1,0,0,0,0,1
vp_36707_case_001,31,40,50,63.934426229508205,중반,0,0,0,0,0,0,0,0.8,0,0,0,0,0,0,0,0,0,0,0,0,0
vp_36707_case_001,36,45,55,72.1311475409836,후반,0,0,0,0,0,0,0,0.6,0,0,0,0,0,0,0,0,0,0,0,0,0
vp_36707_case_001,41,50,60,80.32786885245902,후반,0,0,2,1,0,1,0,0.6,0,1,1,0,1,0,0,0,0,0,0,0,1
vp_36707_case_001,46,55,62,88.52459016393442,후반,0,0,2,1,0,1,0,0.6,0,1,1,0,1,0,0,0,0,0,0,0,1
vp_36707_case_001,51,60,62,96.72131147540983,후반,0,0,1,1,2,0,0,0.5,1,0,0,0,0,0,0,0,0,0,0,0,0
vp_36708_case_001,1,10,20,9.278350515463918,초반,0,0,4,3,2,0,0,0.6,2,0,0,0,0,0,0,1,0,0,1,0,2
vp_36708_case_001,6,15,25,14.432989690721648,초반,0,0,2,2,1,0,0,0.8,1,0,0,0,0,0,0,1,0,0,1,0,2
vp_36708_case_001,11,20,30,19.587628865979383,초반,0,0,0,0,0,0,0,0.8,0,0,0,0,0,0,0,0,0,0,0,0,0
vp_36708_case_001,16,25,35,24.742268041237114,초반,0,0,1,1,0,0,0,0.6,0,0,0,0,0,0,0,0,0,0,1,0,1
vp_36708_case_001,21,30,40,29.896907216494846,초반,0,0,1,1,0,1,0,0.5,0,0,0,0,1,0,0,0,0,0,1,0,2
vp_36708_case_001,26,35,45,35.051546391752574,중반,0,0,0,0,0,2,0,0.4,0,0,0,0,1,0,0,0,0,0,0,0,1
vp_36708_case_001,31,40,50,40.20618556701031,중반,0,0,1,1,0,1,0,0.7,0,0,0,0,1,0,0,1,0,0,0,0,2
vp_36708_case_001,36,45,55,45.36082474226804,중반,0,0,1,1,0,0,0,0.7,0,0,0,0,0,0,0,1,0,0,0,0,1
vp_36708_case_001,41,50,60,50.51546391752577,중반,0,0,0,0,0,0,0,0.6,0,0,0,0,0,0,0,0,0,0,0,0,0
vp_36708_case_001,46,55,65,55.670103092783506,중반,0,0,0,0,0,1,0,0.7,0,0,0,0,1,0,0,0,0,0,0,0,1
vp_36708_case_001,51,60,70,60.824742268041234,중반,0,0,1,1,0,1,0,0.6,0,0,0,0,1,0,0,1,0,0,0,0,2
vp_36708_case_001,56,65,75,65.97938144329896,중반,0,0,1,1,0,0,0,0.7,0,0,0,0,0,0,0,1,0,0,0,0,1
vp_36708_case_001,61,70,80,71.1340206185567,후반,1,1,2,2,1,0,0,0.7,0,0,0,1,0,0,1,0,0,0,0,0,2
vp_36708_case_001,66,75,85,76.28865979381443,후반,3,2,5,3,1,0,0,0.7,0,0,0,1,0,0,1,0,0,0,1,0,3
vp_36708_case_001,71,80,90,81.44329896907216,후반,2,2,5,2,0,0,0,0.9,0,0,0,1,0,0,1,0,0,0,1,0,3
vp_36708_case_001,76,85,95,86.5979381443299,후반,0,0,2,1,0,0,0,0.9,0,0,0,0,0,0,1,0,0,0,0,0,1
vp_36708_case_001,81,90,98,91.75257731958763,후반,0,0,0,0,0,0,0,0.7,0,0,0,0,0,0,0,0,0,0,0,0,0
vp_36708_case_001,86,95,98,96.90721649484536,후반,0,0,0,0,0,0,0,0.7,0,0,0,0,0,0,0,0,0,0,0,0,0
vp_36709_case_001,1,10,22,9.0,초반,1,1,8,2,0,0,0,1.0,0,0,0,1,0,0,1,1,0,0,0,0,3
vp_36709_case_001,6,16,29,14.000000000000002,초반,0,0,7,2,0,0,0,1.0,0,0,0,0,0,0,1,1,0,0,0,0,2
vp_36709_case_001,11,22,36,19.0,초반,1,1,5,2,0,0,0,1.0,0,0,0,1,0,0,1,1,0,0,0,0,3
vp_36709_case_001,18,29,49,24.0,초반,1,1,5,2,0,0,0,1.0,0,0,0,1,0,0,1,1,0,0,0,0,3
vp_36709_case_001,23,36,59,28.999999999999996,초반,0,0,4,2,0,0,0,1.0,0,0,0,0,0,0,1,1,0,0,0,0,2
vp_36709_case_001,31,49,64,34.0,중반,0,0,3,1,0,0,0,1.0,0,0,0,0,0,0,1,0,0,0,0,0,1
vp_36709_case_001,38,59,69,39.0,중반,0,0,1,1,0,0,0,1.0,0,0,0,0,0,0,1,0,0,0,0,0,1
vp_36709_case_001,50,64,76,44.0,중반,0,0,2,1,0,0,0,1.0,0,0,0,0,0,0,1,0,0,0,0,0,1
vp_36709_case_001,60,69,81,49.0,중반,0,0,3,2,0,0,0,1.0,0,1,1,0,0,0,1,1,0,0,0,0,2
vp_36709_case_001,65,76,87,54.0,중반,0,0,2,1,0,0,0,1.0,0,1,1,0,0,0,0,1,0,0,0,0,1
vp_36709_case_001,70,81,94,59.0,중반,0,0,2,2,1,0,0,1.0,1,1,1,0,0,0,0,1,0,0,0,1,2
vp_36709_case_001,77,87,100,64.0,중반,0,0,2,2,1,0,0,1.0,1,1,1,0,0,0,0,0,0,0,1,1,2
vp_36709_case_001,82,94,105,69.0,후반,0,0,1,1,1,0,0,1.0,1,0,0,0,0,0,0,0,0,0,1,0,1
vp_36709_case_001,88,100,116,74.0,후반,0,0,1,1,1,0,0,1.0,1,0,0,0,0,0,1,0,0,0,0,0,1
vp_36709_case_001,95,105,139,79.0,후반,0,0,2,2,0,0,0,1.0,0,0,0,0,0,0,1,0,0,0,1,0,2
vp_36709_case_001,101,116,145,84.0,후반,0,0,2,1,0,0,0,1.0,0,1,1,0,0,0,0,0,0,0,1,0,1
vp_36709_case_001,107,139,152,89.0,후반,0,0,1,1,0,0,0,1.0,0,1,1,0,0,0,0,0,0,0,1,0,1
vp_36709_case_001,117,145,153,94.0,후반,0,0,1,1,1,0,0,1.0,1,0,0,0,0,0,0,0,0,0,0,1,1
vp_36709_case_001,140,152,153,99.0,후반,0,0,1,1,1,0,0,1.0,1,0,0,0,0,0,0,0,0,0,0,1,1
vp_36709_case_002,2,11,27,14.754098360655737,초반,0,0,1,1,0,0,0,1.0,0,0,0,0,0,0,0,0,0,0,1,0,1
vp_36709_case_002,7,19,35,22.950819672131146,초반,1,1,2,1,0,0,0,1.0,0,0,0,1,0,0,1,0,0,0,0,0,2
vp_36709_case_002,12,27,43,31.147540983606557,초반,1,1,2,1,0,0,0,1.0,0,1,1,1,0,0,1,0,0,0,0,0,2
vp_36709_case_002,20,35,54,39.34426229508197,중반,0,0,0,0,0,0,0,1.0,0,1,1,0,0,0,0,0,0,0,0,0,0
vp_36709_case_002,28,43,59,47.540983606557376,중반,0,0,0,0,1,0,0,1.0,1,0,0,0,0,0,0,0,0,0,0,0,0
vp_36709_case_002,39,54,69,55.73770491803278,중반,0,0,0,0,1,0,0,1.0,1,0,0,0,0,0,0,0,0,0,0,0,0
vp_36709_case_002,44,59,74,63.934426229508205,중반,0,0,0,0,0,0,0,1.0,0,1,1,0,0,0,0,0,0,0,0,0,0
vp_36709_case_002,55,69,81,72.1311475409836,후반,0,0,1,1,0,0,0,1.0,0,1,1,0,0,0,1,0,0,0,0,0,1
vp_36709_case_002,60,74,97,80.32786885245902,후반,0,0,2,2,1,0,0,1.0,1,0,0,0,0,0,1,0,0,0,0,1,2
vp_36709_case_002,70,81,102,88.52459016393442,후반,0,0,4,3,2,0,0,1.0,1,0,0,0,0,0,1,1,0,0,0,1,3
vp_36709_case_002,76,97,102,96.72131147540983,후반,1,1,3,2,1,0,0,1.0,0,0,0,1,0,0,1,1,0,0,0,0,3
vp_36709_case_003,3,12,32,28.125,초반,1,1,2,1,0,0,0,1.0,0,1,1,1,0,0,1,0,0,0,0,0,2
vp_36709_case_003,8,20,41,43.75,중반,0,0,1,1,0,0,0,1.0,0,1,1,0,0,0,0,0,0,0,1,0,1
vp_36709_case_003,13,32,47,59.375,중반,0,0,2,2,1,0,0,1.0,1,0,0,0,0,0,0,0,0,0,1,1,2
vp_36709_case_003,25,41,54,75.0,후반,0,0,1,1,1,0,0,1.0,1,0,0,0,0,0,0,0,0,0,0,1,1
vp_36709_case_003,33,47,54,90.625,후반,0,0,0,0,0,0,0,1.0,0,0,0,0,0,0,0,0,0,0,0,0,0
vp_36710_case_001,1,10,20,14.754098360655737,초반,1,1,5,3,0,0,0,0.6,0,0,0,1,0,0,1,1,0,0,1,0,4
vp_36710_case_001,6,15,25,22.950819672131146,초반,0,0,3,2,0,1,0,0.5,0,0,0,0,1,0,0,1,0,0,1,0,3
vp_36710_case_001,11,20,30,31.147540983606557,초반,0,0,1,1,0,2,0,0.5,0,0,0,0,1,0,0,1,0,0,0,0,2
vp_36710_case_001,16,25,35,39.34426229508197,중반,0,0,1,1,0,1,0,0.7,0,1,1,0,1,0,0,1,0,0,0,0,2
vp_36710_case_001,21,30,40,47.540983606557376,중반,1,1,3,2,0,1,0,0.8,0,1,1,1,1,0,1,1,0,0,0,0,4
vp_36710_case_001,26,35,45,55.73770491803278,중반,1,1,4,3,1,1,0,0.8,1,0,0,1,1,0,1,1,0,0,1,0,5
vp_36710_case_001,31,40,50,63.934426229508205,중반,0,0,2,1,1,0,0,0.7,1,0,0,0,0,0,0,0,0,0,1,0,1
vp_36710_case_001,36,45,55,72.1311475409836,후반,0,0,1,1,0,0,0,0.6,0,0,0,0,0,0,0,1,0,0,0,0,1
vp_36710_case_001,41,50,60,80.32786885245902,후반,0,0,3,2,0,0,0,0.8,0,0,0,0,0,0,1,1,0,0,0,0,2
vp_36710_case_001,46,55,62,88.52459016393442,후반,0,0,2,1,0,0,1,0.8,0,0,0,0,0,1,1,0,0,0,0,0,2
vp_36710_case_001,51,60,62,96.72131147540983,후반,0,0,2,1,0,1,2,0.6,0,0,0,0,1,1,0,1,0,0,0,0,3
vp_36712_case_001,1,10,20,18.0,초반,0,0,1,1,0,0,1,0.6,0,0,0,0,0,1,0,1,0,0,0,0,2
vp_36712_case_001,6,15,25,28.000000000000004,초반,0,0,0,0,0,0,1,0.7,0,0,0,0,0,1,0,0,0,0,0,0,1
vp_36712_case_001,11,20,30,38.0,중반,0,0,0,0,0,1,0,0.8,0,0,0,0,1,0,0,0,0,0,0,0,1
vp_36712_case_001,16,25,35,48.0,중반,0,0,0,0,0,1,1,0.6,0,0,0,0,1,1,0,0,0,0,0,0,2
vp_36712_case_001,21,30,40,57.99999999999999,중반,1,1,1,1,0,0,1,0.5,0,0,0,1,0,1,0,0,1,0,0,0,3
vp_36712_case_001,26,35,45,68.0,후반,1,1,1,1,0,1,0,0.4,0,0,0,1,1,0,0,0,1,0,0,0,3
vp_36712_case_001,31,40,50,78.0,후반,0,0,0,0,0,2,0,0.4,0,0,0,0,1,0,0,0,0,0,0,0,1
vp_36712_case_001,36,45,51,88.0,후반,0,0,0,0,0,2,1,0.5,0,0,0,0,1,1,0,0,0,0,0,0,2
vp_36712_case_001,41,50,51,98.0,후반,1,1,0,0,0,1,3,0.3,0,0,0,1,1,1,0,0,0,0,0,0,3
vp_36713_case_001,1,10,20,31.03448275862069,초반,0,0,2,2,0,2,0,0.6,0,0,0,0,1,0,0,0,0,1,1,0,3
vp_36713_case_001,6,15,25,48.275862068965516,중반,2,2,1,1,0,2,0,0.5,0,0,0,1,1,0,1,0,0,0,0,0,3
vp_36713_case_001,11,20,30,65.51724137931035,중반,4,2,4,2,0,1,0,0.5,0,0,0,1,1,0,1,1,0,0,0,0,4
vp_36713_case_001,16,25,30,82.75862068965517,후반,2,2,4,2,0,0,0,0.5,0,0,0,1,0,0,1,1,0,0,0,0,3
vp_36715_case_001,1,10,20,21.951219512195124,초반,0,0,0,0,0,1,0,0.4,0,1,1,0,1,0,0,0,0,0,0,0,1
vp_36715_case_001,6,15,25,34.146341463414636,중반,2,2,3,3,1,0,0,0.6,1,0,0,1,0,0,1,1,0,0,1,0,4
vp_36715_case_001,11,20,30,46.34146341463415,중반,2,2,5,3,1,1,0,0.8,1,0,0,1,1,0,1,1,0,0,1,0,5
vp_36715_case_001,16,25,35,58.536585365853654,중반,0,0,2,2,0,2,0,0.6,0,0,0,0,1,0,1,0,0,0,1,0,3
vp_36715_case_001,21,30,40,70.73170731707317,후반,0,0,0,0,0,3,0,0.5,0,0,0,0,1,0,0,0,0,0,0,0,1
vp_36715_case_001,26,35,42,82.92682926829268,후반,0,0,0,0,0,3,0,0.6,0,0,0,0,1,0,0,0,0,0,0,0,1
vp_36715_case_001,31,40,42,95.1219512195122,후반,0,0,0,0,0,1,0,0.3,0,0,0,0,1,0,0,0,0,0,0,0,1
vp_36716_case_001,1,10,20,23.684210526315788,초반,0,0,2,2,1,1,0,0.9,0,0,0,0,1,0,1,0,0,0,0,0,2
vp_36716_case_001,6,15,25,36.84210526315789,중반,0,0,1,1,0,1,0,0.6,0,0,0,0,1,0,0,0,0,0,0,0,1
vp_36716_case_001,11,20,30,50.0,중반,0,0,0,0,0,1,0,0.5,0,0,0,0,1,0,0,0,0,0,0,0,1
vp_36716_case_001,16,25,35,63.1578947368421,중반,0,0,1,1,0,0,0,0.8,0,0,0,0,0,0,0,0,0,1,0,0,1
vp_36716_case_001,21,30,39,76.31578947368422,후반,0,0,2,2,0,0,0,0.9,0,0,0,0,0,0,0,1,0,1,0,0,2
vp_36716_case_001,26,35,39,89.47368421052632,후반,0,0,1,1,0,0,0,0.7,0,0,0,0,0,0,0,1,0,0,0,0,1
vp_36716_case_002,1,10,20,12.162162162162163,초반,0,0,2,2,0,0,0,0.6,0,1,1,0,0,0,0,1,0,0,0,0,1
vp_36716_case_002,6,15,25,18.91891891891892,초반,0,0,2,2,0,0,0,0.8,0,1,1,0,0,0,0,1,0,0,0,0,1
vp_36716_case_002,11,20,30,25.675675675675674,초반,0,0,3,2,1,0,1,0.7,1,0,0,0,0,1,0,0,0,0,1,0,2
vp_36716_case_002,16,25,35,32.432432432432435,초반,0,0,3,2,1,1,1,0.6,1,0,0,0,1,1,0,0,0,0,1,0,3
vp_36716_case_002,21,30,40,39.189189189189186,중반,0,0,1,1,0,2,1,0.6,0,0,0,0,1,1,0,0,0,0,1,0,3
vp_36716_case_002,26,35,45,45.94594594594595,중반,1,1,1,1,0,1,1,0.7,0,0,0,1,1,1,0,0,0,0,1,0,4
vp_36716_case_002,31,40,50,52.702702702702695,중반,1,1,1,1,0,1,0,0.7,0,0,0,1,1,0,0,0,0,0,1,0,3
vp_36716_case_002,36,45,55,59.45945945945946,중반,0,0,0,0,0,1,0,0.8,0,0,0,0,1,0,0,0,0,0,0,0,1
vp_36716_case_002,41,50,60,66.21621621621621,중반,0,0,2,2,0,0,0,0.8,0,0,0,0,0,0,0,1,0,0,1,0,2
vp_36716_case_002,46,55,65,72.97297297297297,후반,0,0,2,2,0,0,0,0.6,0,0,0,0,0,0,0,1,0,0,1,0,2
vp_36716_case_002,51,60,70,79.72972972972973,후반,0,0,0,0,0,0,0,0.5,0,0,0,0,0,0,0,0,0,0,0,0,0
vp_36716_case_002,56,65,75,86.48648648648648,후반,0,0,0,0,0,0,0,0.4,0,0,0,0,0,0,0,0,0,0,0,0,0
vp_36716_case_002,61,70,75,93.24324324324324,후반,0,0,0,0,0,0,0,0.7,0,0,0,0,0,0,0,0,0,0,0,0,0
vp_36717_case_001,1,10,15,64.28571428571429,중반,0,0,1,1,0,0,0,0.9,0,0,0,0,0,0,0,1,0,0,0,0,1
vp_36717_case_002,1,16,33,23.684210526315788,초반,0,0,2,2,0,0,0,1.0,0,0,0,0,0,0,0,0,0,0,1,0,1
vp_36717_case_002,10,23,40,36.84210526315789,중반,0,0,4,3,1,0,0,1.0,0,0,0,0,0,0,0,1,0,0,1,0,2
vp_36717_case_002,18,33,46,50.0,중반,0,0,4,2,1,0,0,1.0,0,0,0,0,0,0,0,1,0,0,1,0,2
vp_36717_case_002,25,40,52,63.1578947368421,중반,0,0,4,2,0,0,0,1.0,0,0,0,0,0,0,0,1,0,0,1,0,2
vp_36717_case_002,34,46,59,76.31578947368422,후반,0,0,2,2,0,0,0,1.0,0,0,0,0,0,0,0,1,0,0,1,0,2
vp_36717_case_002,42,52,59,89.47368421052632,후반,0,0,0,0,0,0,0,1.0,0,0,0,0,0,0,0,0,0,0,0,0,0
vp_36719_case_001,1,10,20,17.647058823529413,초반,0,0,1,1,0,3,0,0.5,0,0,0,0,1,0,0,1,0,0,0,0,2
vp_36719_case_001,6,15,25,27.450980392156865,초반,1,1,2,2,0,3,1,0.5,0,0,0,1,1,1,1,1,0,0,0,0,5
vp_36719_case_001,11,20,30,37.254901960784316,중반,1,1,2,2,0,4,1,0.5,0,0,0,1,1,1,1,1,0,0,0,0,5
vp_36719_case_001,16,25,35,47.05882352941176,중반,0,0,1,1,0,4,0,0.4,0,0,0,0,1,0,0,1,0,0,0,0,2
vp_36719_case_001,21,30,40,56.86274509803921,중반,0,0,1,1,0,2,0,0.3,0,1,1,0,1,0,0,1,0,0,0,0,2
vp_36719_case_001,26,35,45,66.66666666666666,후반,0,0,2,2,0,2,0,0.4,0,1,1,0,1,0,0,0,0,0,1,0,2
vp_36719_case_001,31,40,50,76.47058823529412,후반,0,0,2,2,1,2,0,0.7,1,0,0,0,1,0,0,0,0,0,1,0,2
vp_36719_case_001,36,45,52,86.27450980392157,후반,0,0,0,0,1,4,0,0.6,1,0,0,0,1,0,0,0,0,0,0,0,1
vp_36719_case_001,41,50,52,96.07843137254902,후반,1,1,1,1,0,4,0,0.5,0,0,0,1,1,0,1,0,0,0,0,0,3
vp_36719_case_002,1,10,20,42.857142857142854,중반,1,1,1,1,0,1,1,0.5,0,0,0,1,1,1,1,0,0,0,0,0,4
vp_36719_case_002,6,15,22,66.66666666666666,후반,1,1,2,2,0,3,0,0.5,0,0,0,1,1,0,1,1,0,0,0,0,4
vp_36719_case_002,11,20,22,90.47619047619048,후반,1,1,3,3,0,3,1,0.5,0,0,0,1,1,1,1,1,0,1,0,0,6
vp_36727_case_001,1,10,20,13.23529411764706,초반,1,1,5,3,0,0,0,0.8,0,0,0,1,0,0,0,1,0,0,1,0,3
vp_36727_case_001,6,15,25,20.588235294117645,초반,0,0,7,3,0,0,0,0.7,0,0,0,0,0,0,0,1,0,0,1,0,2
vp_36727_case_001,11,20,30,27.941176470588236,초반,0,0,4,3,0,0,0,0.7,0,0,0,0,0,0,0,1,0,0,1,0,2
vp_36727_case_001,16,25,35,35.294117647058826,중반,0,0,1,1,0,0,0,0.7,0,0,0,0,0,0,0,1,0,0,0,0,1
vp_36727_case_001,21,30,40,42.64705882352941,중반,0,0,0,0,0,0,0,0.6,0,0,0,0,0,0,0,0,0,0,0,0,0
vp_36727_case_001,26,35,45,50.0,중반,0,0,0,0,0,1,0,0.5,0,0,0,0,1,0,0,0,0,0,0,0,1
vp_36727_case_001,31,40,50,57.35294117647059,중반,1,1,0,0,0,1,0,0.5,0,0,0,1,1,0,0,0,0,0,0,0,2
vp_36727_case_001,36,45,55,64.70588235294117,중반,1,1,0,0,0,0,0,0.5,0,0,0,1,0,0,0,0,0,0,0,0,1
vp_36727_case_001,41,50,60,72.05882352941177,후반,0,0,0,0,0,0,0,0.4,0,0,0,0,0,0,0,0,0,0,0,0,0
vp_36727_case_001,46,55,65,79.41176470588235,후반,0,0,0,0,0,1,0,0.6,0,0,0,0,1,0,0,0,0,0,0,0,1
vp_36727_case_001,51,60,69,86.76470588235294,후반,0,0,1,1,0,1,0,0.8,0,0,0,0,1,0,0,0,0,0,0,0,1
vp_36727_case_001,56,65,69,94.11764705882352,후반,0,0,1,1,0,0,0,0.6,0,0,0,0,0,0,0,0,0,0,0,0,0
vp_36728_case_001,1,10,20,11.11111111111111,초반,1,1,6,3,1,0,0,1.0,1,0,0,1,0,0,1,1,0,0,1,0,4
vp_36728_case_001,6,15,25,17.28395061728395,초반,0,0,7,2,1,0,0,1.0,1,0,0,0,0,0,0,1,0,0,1,0,2
vp_36728_case_001,11,20,30,23.456790123456788,초반,0,0,3,2,0,0,0,1.0,0,0,0,0,0,0,0,1,0,0,1,0,2
vp_36728_case_001,16,25,35,29.629629629629626,초반,0,0,3,2,0,1,0,0.9,0,0,0,0,1,0,0,1,0,0,1,0,3
vp_36728_case_001,21,30,40,35.80246913580247,중반,0,0,3,2,0,1,2,0.7,0,0,0,0,1,1,0,1,0,0,1,0,4
vp_36728_case_001,26,35,45,41.9753086419753,중반,0,0,0,0,0,0,4,0.5,0,0,0,0,0,1,0,0,0,0,0,0,1
vp_36728_case_001,31,40,50,48.148148148148145,중반,0,0,0,0,0,1,3,0.5,0,0,0,0,1,1,0,0,0,0,0,0,2
vp_36728_case_001,36,45,55,54.32098765432099,중반,0,0,0,0,0,2,2,0.6,0,0,0,0,1,1,0,0,0,0,0,0,2
vp_36728_case_001,41,50,60,60.49382716049383,중반,0,0,0,0,0,2,2,0.6,0,0,0,0,1,1,0,0,0,0,0,0,2
vp_36728_case_001,46,55,65,66.66666666666666,후반,0,0,1,1,0,1,2,0.6,0,0,0,0,1,1,0,1,0,0,0,0,3
vp_36728_case_001,51,60,70,72.8395061728395,후반,0,0,2,1,0,0,3,0.5,0,0,0,0,0,1,0,1,0,0,0,0,2
vp_36728_case_001,56,65,75,79.01234567901234,후반,1,1,1,1,0,1,2,0.4,0,0,0,1,1,1,0,1,0,0,0,0,4
vp_36728_case_001,61,70,80,85.18518518518519,후반,1,1,1,1,0,1,1,0.5,0,0,0,1,1,1,0,1,0,0,0,0,4
vp_36728_case_001,66,75,82,91.35802469135803,후반,0,0,1,1,0,0,1,0.7,0,0,0,0,0,1,0,1,0,0,0,0,2
vp_36728_case_001,71,80,82,97.53086419753086,후반,0,0,0,0,0,0,0,0.9,0,0,0,0,0,0,0,0,0,0,0,0,0
vp_36730_case_001,1,10,20,10.714285714285714,초반,2,2,3,3,0,0,0,0.9,0,0,0,1,0,0,1,1,0,0,0,0,3
vp_36730_case_001,6,15,25,16.666666666666664,초반,0,0,3,2,0,0,1,0.8,0,0,0,0,0,1,0,1,0,0,0,0,2
vp_36730_case_001,11,20,30,22.61904761904762,초반,0,0,1,1,0,0,1,0.7,0,0,0,0,0,1,0,0,0,0,0,0,1
vp_36730_case_001,16,25,35,28.57142857142857,초반,0,0,0,0,0,0,0,0.7,0,0,0,0,0,0,0,0,0,0,0,0,0
vp_36730_case_001,21,30,40,34.523809523809526,중반,0,0,0,0,0,1,0,0.6,0,0,0,0,1,0,0,0,0,0,0,0,1
vp_36730_case_001,26,35,45,40.476190476190474,중반,0,0,1,1,0,2,0,0.6,0,0,0,0,1,0,0,0,0,0,1,0,2
vp_36730_case_001,31,40,50,46.42857142857143,중반,0,0,1,1,0,1,0,0.6,0,1,1,0,1,0,0,0,0,0,1,0,2
vp_36730_case_001,36,45,55,52.38095238095239,중반,1,1,1,1,0,0,0,0.8,0,1,1,1,0,0,1,0,0,0,0,0,2
vp_36730_case_001,41,50,60,58.333333333333336,중반,3,2,2,1,1,0,0,0.8,1,0,0,1,0,0,1,0,0,0,0,0,2
vp_36730_case_001,46,55,65,64.28571428571429,중반,2,2,2,2,1,0,0,0.6,1,0,0,1,0,0,1,0,0,0,1,0,3
vp_36730_case_001,51,60,70,70.23809523809523,후반,0,0,3,3,0,0,0,0.7,0,0,0,0,0,0,1,0,0,0,1,0,2
vp_36730_case_001,56,65,75,76.19047619047619,후반,2,2,5,3,0,0,0,0.7,0,1,1,1,0,0,1,0,0,0,1,0,3
vp_36730_case_001,61,70,80,82.14285714285714,후반,2,2,3,2,0,0,0,0.6,0,1,1,1,0,0,1,0,0,0,1,0,3
vp_36730_case_001,66,75,85,88.09523809523809,후반,0,0,3,2,1,0,0,0.7,1,0,0,0,0,0,1,0,0,0,0,1,2
vp_36730_case_001,71,80,85,94.04761904761905,후반,0,0,5,3,1,0,0,0.8,1,0,0,0,0,0,1,0,0,0,0,1,2
vp_36731_case_001,1,10,20,9.89010989010989,초반,0,0,0,0,0,1,0,0.7,0,1,1,0,1,0,0,0,0,0,0,0,1
vp_36731_case_001,6,15,25,15.384615384615385,초반,0,0,1,1,1,1,0,0.4,1,0,0,0,1,0,0,0,0,0,1,0,2
vp_36731_case_001,11,20,30,20.87912087912088,초반,0,0,1,1,1,0,0,0.6,1,0,0,0,0,0,0,0,0,0,1,0,1
vp_36731_case_001,16,25,35,26.373626373626376,초반,0,0,1,1,0,1,0,0.8,0,0,0,0,1,0,0,1,0,0,0,0,2
vp_36731_case_001,21,30,40,31.868131868131865,초반,1,1,1,1,0,1,0,0.7,0,0,0,1,1,0,0,1,0,0,0,0,3
vp_36731_case_001,26,35,45,37.362637362637365,중반,1,1,0,0,0,0,0,0.8,0,0,0,1,0,0,0,0,0,0,0,0,1
vp_36731_case_001,31,40,50,42.857142857142854,중반,0,0,0,0,0,1,0,0.6,0,0,0,0,1,0,0,0,0,0,0,0,1
vp_36731_case_001,36,45,55,48.35164835164835,중반,0,0,0,0,0,1,0,0.5,0,0,0,0,1,0,0,0,0,0,0,0,1
vp_36731_case_001,41,50,60,53.84615384615385,중반,0,0,0,0,0,0,0,0.6,0,0,0,0,0,0,0,0,0,0,0,0,0
vp_36731_case_001,46,55,65,59.34065934065934,중반,0,0,0,0,0,0,0,0.7,0,0,0,0,0,0,0,0,0,0,0,0,0
vp_36731_case_001,51,60,70,64.83516483516483,중반,0,0,0,0,0,0,0,0.6,0,0,0,0,0,0,0,0,0,0,0,0,0
vp_36731_case_001,56,65,75,70.32967032967034,후반,0,0,0,0,0,0,0,0.5,0,0,0,0,0,0,0,0,0,0,0,0,0
vp_36731_case_001,61,70,80,75.82417582417582,후반,1,1,1,1,0,0,0,0.7,0,0,0,1,0,0,0,1,0,0,0,0,2
vp_36731_case_001,66,75,85,81.31868131868131,후반,1,1,1,1,0,0,0,0.7,0,0,0,1,0,0,0,1,0,0,0,0,2
vp_36731_case_001,71,80,90,86.81318681318682,후반,0,0,1,1,0,0,0,0.6,0,0,0,0,0,0,0,1,0,0,0,0,1
vp_36731_case_001,76,85,92,92.3076923076923,후반,0,0,1,1,0,0,0,0.6,0,0,0,0,0,0,0,1,0,0,0,0,1
vp_36731_case_001,81,90,92,97.8021978021978,후반,0,0,0,0,0,0,0,0.5,0,0,0,0,0,0,0,0,0,0,0,0,0
vp_36731_case_002,1,10,20,20.930232558139537,초반,0,0,2,2,0,0,0,0.6,0,0,0,0,0,0,0,0,0,0,1,0,1
vp_36731_case_002,6,15,25,32.55813953488372,초반,0,0,3,3,0,1,0,0.6,0,0,0,0,1,0,0,1,0,0,1,0,3
vp_36731_case_002,11,20,30,44.18604651162791,중반,0,0,2,2,0,3,0,0.6,0,1,1,0,1,0,0,1,0,0,1,0,3
vp_36731_case_002,16,25,35,55.81395348837209,중반,0,0,1,1,0,3,0,0.5,0,1,1,0,1,0,0,0,0,0,1,0,2
vp_36731_case_002,21,30,40,67.44186046511628,후반,0,0,0,0,1,1,0,0.7,1,0,0,0,1,0,0,0,0,0,0,0,1
vp_36731_case_002,26,35,44,79.06976744186046,후반,0,0,3,2,1,0,0,0.8,1,0,0,0,0,0,0,1,0,0,1,0,2
vp_36731_case_002,31,40,44,90.69767441860465,후반,0,0,7,3,0,0,0,0.8,0,0,0,0,0,0,0,1,0,1,1,0,3
vp_36731_case_003,1,10,12,81.81818181818183,후반,0,0,3,3,2,0,0,0.8,2,0,0,0,0,0,0,0,0,1,1,0,2
vp_36732_case_001,1,10,19,50.0,중반,1,1,1,1,0,0,1,0.7,0,0,0,1,0,1,0,1,0,0,0,0,3
vp_36732_case_001,6,15,19,77.77777777777779,후반,1,1,3,2,0,0,0,0.7,0,0,0,1,0,0,0,1,0,0,0,0,2
vp_36733_case_001,1,10,20,40.909090909090914,중반,0,0,0,0,0,0,1,0.6,0,0,0,0,0,1,0,0,0,0,0,0,1
vp_36733_case_001,6,15,23,63.63636363636363,중반,0,0,0,0,0,1,1,0.5,0,0,0,0,1,1,0,0,0,0,0,0,2
vp_36733_case_001,11,20,23,86.36363636363636,후반,0,0,0,0,0,2,0,0.6,0,0,0,0,1,0,0,0,0,0,0,0,1
vp_36735_case_001,1,10,20,14.516129032258066,초반,0,0,5,3,0,1,0,0.7,0,0,0,0,1,0,0,1,0,0,1,0,3
vp_36735_case_001,6,15,25,22.58064516129032,초반,0,0,3,1,0,1,0,0.6,0,0,0,0,1,0,0,0,0,0,1,0,2
vp_36735_case_001,11,20,30,30.64516129032258,초반,0,0,1,1,0,0,0,0.7,0,0,0,0,0,0,0,0,0,0,1,0,1
vp_36735_case_001,16,25,35,38.70967741935484,중반,0,0,1,1,0,0,0,0.8,0,0,0,0,0,0,0,0,0,0,1,0,1
vp_36735_case_001,21,30,40,46.774193548387096,중반,2,1,3,2,0,1,0,0.8,0,0,0,1,1,0,1,1,0,0,0,0,4
vp_36735_case_001,26,35,45,54.83870967741935,중반,2,1,3,2,0,2,0,0.6,0,1,1,1,1,0,1,1,0,0,0,0,4
vp_36735_case_001,31,40,50,62.903225806451616,중반,0,0,1,1,0,1,0,0.6,0,1,1,0,1,0,0,0,0,1,0,0,2
vp_36735_case_001,36,45,55,70.96774193548387,후반,0,0,2,2,1,2,0,0.7,1,0,0,0,1,0,0,0,0,1,1,0,3
vp_36735_case_001,41,50,60,79.03225806451613,후반,0,0,2,1,1,4,0,0.5,1,0,0,0,1,0,0,0,0,0,1,0,2
vp_36735_case_001,46,55,63,87.09677419354838,후반,0,0,3,3,0,3,0,0.5,0,0,0,0,1,0,1,1,0,0,1,0,4
vp_36735_case_001,51,60,63,95.16129032258065,후반,2,2,3,2,0,1,1,0.5,0,0,0,1,1,1,1,1,0,0,0,0,5
vp_36735_case_003,1,10,20,29.03225806451613,초반,0,0,1,1,0,1,0,0.4,0,0,0,0,1,0,0,1,0,0,0,0,2
vp_36735_case_003,6,15,25,45.16129032258064,중반,0,0,0,0,0,4,0,0.3,0,0,0,0,1,0,0,0,0,0,0,0,1
vp_36735_case_003,11,20,30,61.29032258064516,중반,0,0,3,2,0,4,0,0.6,0,0,0,0,1,0,0,1,0,0,0,1,3
vp_36735_case_003,16,25,32,77.41935483870968,후반,0,0,3,2,0,2,0,0.6,0,0,0,0,1,0,0,1,0,0,0,1,3
vp_36735_case_003,21,30,32,93.54838709677419,후반,0,0,2,1,0,2,0,0.5,0,0,0,0,1,0,0,1,0,0,0,0,2
vp_36735_case_005,1,10,20,9.782608695652174,초반,0,0,3,1,0,0,0,0.7,0,0,0,0,0,0,0,1,0,0,0,0,1
vp_36735_case_005,6,15,25,15.217391304347828,초반,1,1,4,1,0,0,0,0.8,0,0,0,1,0,0,0,1,0,0,0,0,2
vp_36735_case_005,11,20,30,20.652173913043477,초반,1,1,4,2,0,0,0,0.7,0,0,0,1,0,0,0,1,0,0,1,0,3
vp_36735_case_005,16,25,35,26.08695652173913,초반,0,0,5,2,0,0,0,0.6,0,0,0,0,0,0,0,1,0,0,1,0,2
vp_36735_case_005,21,30,40,31.521739130434785,초반,0,0,3,2,0,0,0,0.5,0,0,0,0,0,0,0,1,0,0,1,0,2
vp_36735_case_005,26,35,45,36.95652173913043,중반,0,0,1,1,0,0,0,0.4,0,1,1,0,0,0,0,0,0,0,1,0,1
vp_36735_case_005,31,40,50,42.391304347826086,중반,0,0,0,0,0,1,0,0.3,0,1,1,0,1,0,0,0,0,0,0,0,1
vp_36735_case_005,36,45,55,47.82608695652174,중반,0,0,3,3,1,1,0,0.5,1,0,0,0,1,0,1,1,0,0,0,1,4
vp_36735_case_005,41,50,60,53.2608695652174,중반,0,0,3,3,1,1,1,0.7,1,0,0,0,1,1,1,1,0,0,0,1,5
vp_36735_case_005,46,55,65,58.69565217391305,중반,0,0,0,0,0,2,1,0.5,0,0,0,0,1,1,0,0,0,0,0,0,2
vp_36735_case_005,51,60,70,64.13043478260869,중반,0,0,0,0,0,1,0,0.4,0,0,0,0,1,0,0,0,0,0,0,0,1
vp_36735_case_005,56,65,75,69.56521739130434,후반,0,0,0,0,0,1,0,0.5,0,0,0,0,1,0,0,0,0,0,0,0,1
vp_36735_case_005,61,70,80,75.0,후반,0,0,1,1,0,2,1,0.4,0,0,0,0,1,1,0,1,0,0,0,0,3
vp_36735_case_005,66,75,85,80.43478260869566,후반,0,0,2,1,0,1,1,0.4,0,0,0,0,1,1,0,1,0,0,0,0,3
vp_36735_case_005,71,80,90,85.86956521739131,후반,0,0,1,1,0,0,0,0.6,0,0,0,0,0,0,0,1,0,0,0,0,1
vp_36735_case_005,76,85,93,91.30434782608695,후반,0,0,0,0,0,0,0,0.4,0,0,0,0,0,0,0,0,0,0,0,0,0
vp_36735_case_005,81,90,93,96.73913043478261,후반,0,0,0,0,0,0,1,0.3,0,0,0,0,0,1,0,0,0,0,0,0,1
vp_36738_case_001,1,11,21,11.842105263157894,초반,0,0,2,1,0,0,0,1.0,0,0,0,0,0,0,0,1,0,0,0,0,1
vp_36738_case_001,7,16,26,18.421052631578945,초반,1,1,3,1,0,0,0,1.0,0,0,0,1,0,0,0,1,0,0,0,0,2
vp_36738_case_001,12,21,31,25.0,초반,1,1,2,1,0,0,0,1.0,0,0,0,1,0,0,0,1,0,0,0,0,2
vp_36738_case_001,17,26,36,31.57894736842105,초반,0,0,2,1,0,0,0,1.0,0,0,0,0,0,0,0,1,0,0,0,0,1
vp_36738_case_001,22,31,41,38.15789473684211,중반,0,0,4,3,0,0,0,1.0,0,1,1,0,0,0,0,1,0,0,0,0,1
vp_36738_case_001,27,36,46,44.73684210526316,중반,0,0,3,2,0,0,0,1.0,0,1,1,0,0,0,0,0,0,0,0,0,0
vp_36738_case_001,32,41,51,51.31578947368421,중반,0,0,2,2,1,0,0,1.0,1,0,0,0,0,0,0,0,0,0,1,0,1
vp_36738_case_001,37,46,56,57.89473684210527,중반,2,2,3,3,1,0,0,1.0,1,0,0,1,0,0,1,0,0,0,1,0,3
vp_36738_case_001,42,51,80,64.47368421052632,중반,3,3,2,2,0,0,0,1.0,0,0,0,1,0,0,1,0,0,0,0,0,2
vp_36738_case_001,47,56,85,71.05263157894737,후반,1,1,3,2,0,0,0,1.0,0,0,0,1,0,0,0,1,0,0,0,0,2
vp_36738_case_001,52,80,91,77.63157894736842,후반,0,0,2,1,0,0,0,1.0,0,0,0,0,0,0,0,1,0,0,0,0,1
vp_36738_case_001,57,85,96,84.21052631578947,후반,0,0,0,0,0,0,0,1.0,0,0,0,0,0,0,0,0,0,0,0,0,0
vp_36738_case_001,81,91,98,90.78947368421053,후반,0,0,0,0,0,0,0,1.0,0,0,0,0,0,0,0,0,0,0,0,0,0
vp_36738_case_001,86,96,98,97.36842105263158,후반,0,0,0,0,0,0,0,1.0,0,0,0,0,0,0,0,0,0,0,0,0,0
vp_36741_case_001,1,10,20,37.5,중반,1,1,1,1,0,0,2,0.6,0,0,0,1,0,1,1,0,0,0,0,0,3
vp_36741_case_001,6,15,25,58.333333333333336,중반,1,1,1,1,0,0,1,0.4,0,0,0,1,0,1,1,0,0,0,0,0,3
vp_36741_case_001,11,20,25,79.16666666666666,후반,1,1,1,1,0,1,0,0.4,0,0,0,1,1,0,0,0,0,1,0,0,3
vp_36742_case_001,1,10,17,56.25,중반,4,4,5,3,1,0,0,1.0,1,0,0,1,0,0,1,1,0,0,1,0,4
vp_36742_case_001,6,15,17,87.5,후반,1,1,1,1,0,0,0,1.0,0,0,0,1,0,0,0,0,0,0,1,0,2
vp_36743_case_001,1,10,20,37.5,중반,1,1,1,1,0,2,0,0.6,0,0,0,1,1,0,1,0,0,0,0,0,3
vp_36743_case_001,6,15,25,58.333333333333336,중반,1,1,1,1,0,1,0,0.4,0,0,0,1,1,0,1,0,0,0,0,0,3
vp_36743_case_001,11,20,25,79.16666666666666,후반,1,1,1,1,0,1,0,0.4,0,0,0,1,1,0,0,0,0,1,0,0,3
vp_36744_case_001,1,10,20,45.0,중반,4,4,4,3,1,0,0,1.0,1,0,0,1,0,0,1,1,0,0,1,0,4
vp_36744_case_001,6,15,21,70.0,후반,1,1,2,2,0,0,0,1.0,0,0,0,1,0,0,0,1,0,0,1,0,3
vp_36744_case_001,11,20,21,95.0,후반,0,0,1,1,0,0,0,1.0,0,0,0,0,0,0,0,0,0,0,1,0,1
